{"content":[{"id":"67a5e76d","settings":{"structure":"20","background_background":"classic","background_color":"#04092D","padding":{"unit":"px","top":"120","right":"0","bottom":"80","left":"0","isLinked":false},"ekit_all_conditions_list":[{"_id":"84f3395"}],"ekit_section_parallax_multi_items":[],"margin":{"unit":"px","top":"","right":0,"bottom":"","left":0,"isLinked":true}},"elements":[{"id":"1dbfc3b7","settings":{"_column_size":50,"_inline_size":null,"space_between_widgets":0,"padding":{"unit":"px","top":"0","right":"15","bottom":"0","left":"15","isLinked":false},"ekit_all_conditions_list":[{"_id":"30da82b"}]},"elements":[{"id":"73500160","settings":{"shopengine_breadcrumbs_text_color":"#FFFFFF","shopengine_breadcrumbs_link_color":"#FFFFFF","shopengine_breadcrumbs_link_hover_color":"#FE317D","shopengine_breadcrumbs_text_typography_font_family":"Roboto","shopengine_breadcrumbs_text_typography_font_weight":"400","shopengine_breadcrumbs_text_typography_text_transform":"capitalize","shopengine_breadcrumbs_text_typography_line_height":{"unit":"px","size":19,"sizes":[]},"shopengine_breadcrumbs_icon":{"value":"fas fa-chevron-right","library":"fa-solid"},"shopengine_breadcrumbs_icon_size":{"unit":"px","size":12,"sizes":[]},"_margin":{"unit":"px","top":"0","right":"0","bottom":"25","left":"0","isLinked":false},"ekit_all_conditions_list":[{"_id":"e69fc7a"}],"ekit_adv_tooltip_content":"Tooltip Content."},"elements":[],"isInner":false,"widgetType":"shopengine-breadcrumbs","elType":"widget"},{"id":"155cb581","settings":{"ekit_all_conditions_list":[{"_id":"ce26843"}],"ekit_adv_tooltip_content":"Tooltip Content.","shopengine_lightbox_icon_color":"#04092D","shopengine_lightbox_icon_border_color":"#04092D","shopengine_flash_sale_background":"#FE317D","shopengine_onsale_primary_line_height":{"unit":"px","size":16,"sizes":[]},"shopengine_thumbs_margin_tablet":{"unit":"px","size":5,"sizes":[]},"shopengine_thumbs_margin_mobile":{"unit":"px","size":5,"sizes":[]}},"elements":[],"isInner":false,"widgetType":"shopengine-single-product-images","elType":"widget"}],"isInner":false,"elType":"column"},{"id":"403e35d4","settings":{"_column_size":50,"_inline_size":null,"space_between_widgets":0,"padding":{"unit":"px","top":"45","right":"15","bottom":"0","left":"15","isLinked":false},"ekit_all_conditions_list":[{"_id":"328c5b7"}]},"elements":[{"id":"49925075","settings":{"shopengine_pstock_typography_font_family":"Roboto","shopengine_pstock_typography_font_weight":"400","shopengine_pstock_typography_text_transform":"capitalize","shopengine_pstock_typography_line_height":{"unit":"px","size":19,"sizes":[]},"shopengine_pstock_in_stock_icon":{"value":"","library":""},"shopengine_pstock_in_stock_color":"#FE317D","_margin":{"unit":"px","top":"0","right":"0","bottom":"13","left":"0","isLinked":false},"_padding":{"unit":"px","top":"4","right":"18","bottom":"2","left":"18","isLinked":false},"ekit_all_conditions_list":[{"_id":"f545178"}],"ekit_adv_tooltip_content":"Tooltip Content.","_border_border":"solid","_border_width":{"unit":"px","top":"2","right":"2","bottom":"2","left":"2","isLinked":true},"_border_color":"#FFFFFF33","_border_radius":{"unit":"px","top":"25","right":"25","bottom":"25","left":"25","isLinked":true},"_element_width":"auto"},"elements":[],"isInner":false,"widgetType":"shopengine-product-stock","elType":"widget"},{"id":"4eaa3c12","settings":{"shopengine_product_title_header_size":"h2","shopengine_product_title_product_title_color":"#FFFFFF","shopengine_product_title_typography_font_family":"Roboto","shopengine_product_title_typography_font_size":{"unit":"px","size":30,"sizes":[]},"shopengine_product_title_typography_text_transform":"","shopengine_product_title_typography_line_height":{"unit":"px","size":39,"sizes":[]},"shopengine_product_title_typography_letter_spacing":{"unit":"px","size":"","sizes":[]},"_margin":{"unit":"px","top":"0","right":"0","bottom":"5","left":"0","isLinked":false},"ekit_all_conditions_list":[{"_id":"aa16cee"}],"ekit_adv_tooltip_content":"Tooltip Content."},"elements":[],"isInner":false,"widgetType":"shopengine-product-title","elType":"widget"},{"id":"31d57055","settings":{"title":"Author:","header_size":"span","title_color":"#FFFFFF","typography_typography":"custom","typography_font_family":"Roboto","typography_font_size":{"unit":"px","size":14,"sizes":[]},"typography_font_weight":"400","typography_line_height":{"unit":"px","size":19,"sizes":[]},"_margin":{"unit":"px","top":"0","right":"0","bottom":"15","left":"0","isLinked":false},"_element_width":"auto","ekit_all_conditions_list":[{"_id":"a88c2ce"}],"ekit_adv_tooltip_content":"Tooltip Content."},"elements":[],"isInner":false,"widgetType":"heading","elType":"widget"},{"id":"1f842087","settings":{"title":"Druid Wensleydale","header_size":"span","title_color":"#FFFFFF99","typography_typography":"custom","typography_font_family":"Roboto","typography_font_size":{"unit":"px","size":14,"sizes":[]},"typography_font_weight":"400","typography_line_height":{"unit":"px","size":19,"sizes":[]},"_margin":{"unit":"px","top":"0","right":"0","bottom":"15","left":"3","isLinked":false},"_element_width":"auto","ekit_all_conditions_list":[{"_id":"a88c2ce"}],"ekit_adv_tooltip_content":"Tooltip Content."},"elements":[],"isInner":false,"widgetType":"heading","elType":"widget"},{"id":"1534b388","settings":{"shopengine_rating_star_size":{"unit":"px","size":11,"sizes":[]},"shopengine_rating_link_color":"#FFFFFF","shopengine_rating_link_hover_color":"#FE317D","_margin":{"unit":"px","top":"0","right":"0","bottom":"30","left":"0","isLinked":false},"_padding":{"unit":"px","top":"0","right":"0","bottom":"30","left":"0","isLinked":false},"ekit_all_conditions_list":[{"_id":"cfbf96b"}],"ekit_adv_tooltip_content":"Tooltip Content.","_border_border":"solid","_border_width":{"unit":"px","top":"0","right":"0","bottom":"1","left":"0","isLinked":false},"_border_color":"#FFFFFF7D","shopengine_rating_empty_star_color":"#FFFFFF"},"elements":[],"isInner":false,"widgetType":"shopengine-product-rating","elType":"widget"},{"id":"2aff4303","settings":{"shopengine_product_price_typography_font_family":"Roboto","shopengine_product_price_typography_font_size":{"unit":"px","size":30,"sizes":[]},"shopengine_product_price_typography_font_weight":"700","shopengine_product_price_typography_line_height":{"unit":"px","size":39,"sizes":[]},"shopengine_product_price_price_color":"#FFFFFF","shopengine_product_price_sale_price_color":"#FFFFFF99","shopengine_product_price_discount_badge_typography_font_family":"Roboto","shopengine_product_price_discount_badge_typography_font_size":{"unit":"px","size":14,"sizes":[]},"shopengine_product_price_discount_badge_typography_line_height":{"unit":"px","size":19,"sizes":[]},"shopengine_product_price_discount_badge_color":"#FE317D","shopengine_product_price_discount_badge_bg_color":"","_margin":{"unit":"px","top":"0","right":"0","bottom":"20","left":"0","isLinked":false},"ekit_all_conditions_list":[{"_id":"03d6d64"}],"ekit_adv_tooltip_content":"Tooltip Content."},"elements":[],"isInner":false,"widgetType":"shopengine-product-price","elType":"widget"},{"id":"58f4bc31","settings":{"shopengine_quantity_btn_position":"both","shopengine_add_to_cart_show_stock":"","shopengine_add_cart_button_typography_font_family":"Roboto","shopengine_add_cart_button_typography_font_size":{"unit":"px","size":14,"sizes":[]},"shopengine_add_cart_button_typography_font_weight":"500","shopengine_add_cart_button_typography_text_transform":"capitalize","shopengine_add_cart_button_typography_line_height":{"unit":"px","size":19,"sizes":[]},"shopengine_add_cart_button_bg_color_normal":"#FFFFFF","shopengine_add_cart_button_bg_color_hover":"#FE317D","shopengine_add_cart_button_border_color_hover":"#FE317D","shopengine_add_cart_button_border_width":{"unit":"px","top":"2","right":"2","bottom":"2","left":"2","isLinked":true},"shopengine_add_cart_button_border_color":"#FFFFFF","shopengine_add_cart_button_border_radius":{"unit":"px","top":"45","right":"45","bottom":"45","left":"45","isLinked":true},"shopengine_add_cart_button_padding":{"unit":"px","top":"11","right":"30","bottom":"11","left":"30","isLinked":false},"shopengine_quick_checkout_button_typography_font_family":"Roboto","shopengine_quick_checkout_button_typography_font_size":{"unit":"px","size":14,"sizes":[]},"shopengine_quick_checkout_button_typography_font_weight":"500","shopengine_quick_checkout_button_typography_text_transform":"capitalize","shopengine_quick_checkout_button_typography_line_height":{"unit":"px","size":19,"sizes":[]},"shopengine_quick_checkout_button_bg_color_normal":"","shopengine_quick_checkout_button_bg_color_hover":"#FE317D","shopengine_quick_checkout_button_border_color_hover":"#FE317D","shopengine_quick_checkout_button_border_width":{"unit":"px","top":"2","right":"2","bottom":"2","left":"2","isLinked":true},"shopengine_quick_checkout_button_border_color":"#FFFFFF33","shopengine_quick_checkout_button_border_radius":{"unit":"px","top":"45","right":"45","bottom":"45","left":"45","isLinked":true},"shopengine_quick_checkout_button_padding":{"unit":"px","top":"11","right":"30","bottom":"11","left":"30","isLinked":false},"shopengine_quantity_btn_tabs_hover_bg_clr":"#FE317D","shopengine_add_cart_quantity_border_color":"#FFFFFF33","shopengine_add_cart_wishlist_button_color":"#FFFFFF","shopengine_add_cart_wishlist_button_bg_color":"","shopengine_add_cart_wishlist_button_bg_hover_color":"#FE317D","shopengine_add_cart_wishlist_button_border_color_hover":"#FE317D","shopengine_add_cart_wishlist_border_radius":{"unit":"px","top":"45","right":"45","bottom":"45","left":"45","isLinked":true},"shopengine_add_cart_wishlist_padding":{"unit":"px","top":"15","right":"15","bottom":"15","left":"15","isLinked":true},"shopengine_add_cart_compare_button_bg_color":"#00000000","shopengine_add_cart_compare_button_bg_hover_color":"#FE317D","shopengine_add_cart_compare_button_border_color_hover":"#FE317D","shopengine_add_cart_compare_border_radius":{"unit":"px","top":"45","right":"45","bottom":"45","left":"45","isLinked":true},"shopengine_add_cart_compare_padding":{"unit":"px","top":"15","right":"15","bottom":"15","left":"15","isLinked":true},"ekit_all_conditions_list":[{"_id":"69596d5"}],"ekit_adv_tooltip_content":"Tooltip Content.","_border_border":"solid","_border_width":{"unit":"px","top":"0","right":"0","bottom":"1","left":"0","isLinked":false},"_border_color":"#04092D14","shopengine_quantity_button_padding":{"unit":"px","top":"4","right":"22","bottom":"4","left":"22","isLinked":false},"shopengine_add_cart_quantity_border_radius":{"unit":"px","top":"45","right":"45","bottom":"45","left":"45","isLinked":true},"shopengine_add_to_cart_variation_label_typography_font_family":"Roboto","shopengine_add_to_cart_variation_price_typography_font_family":"Roboto","shopengine_add_to_cart_variation_price_typography_font_size":{"unit":"px","size":24,"sizes":[]},"shopengine_add_to_cart_variation_price_typography_line_height":{"unit":"px","size":24,"sizes":[]},"shopengine_add_to_cart_variation_price_color":"#04092D","shopengine_add_to_cart_variation_sale_price_color":"","shopengine_add_to_cart_variation_price_margin":{"unit":"px","top":"0","right":"0","bottom":"25","left":"0","isLinked":false},"shopengine_add_to_cart_variation_dropdown_border_color":"#F8F8F8","shopengine_add_to_cart_variation_swatch_label_width":{"unit":"px","size":100,"sizes":[]},"shopengine_add_to_cart_variation_swatch_label_height":{"unit":"px","size":"","sizes":[]},"shopengine_add_to_cart_variation_swatch_label_border_radius":{"unit":"px","size":0,"sizes":[]},"shopengine_add_to_cart_variation_label_border_color":"#F8F8F8","shopengine_add_to_cart_variation_label_border_selected_color":"#FE317D","shopengine_add_cart_wishlist_margin":{"unit":"px","top":"0","right":"5","bottom":"0","left":"0","isLinked":false},"shopengine_add_cart_compare_margin":{"unit":"px","top":"0","right":"0","bottom":"0","left":"0","isLinked":true},"shopengine_add_cart_button_text_color_normal":"#04092D","shopengine_add_cart_quantity_color":"#FFFFFF","shopengine_add_cart_quantity_bg_color":"#00000000","shopengine_quantity_btn_tabs_normal_clr":"#FFFFFF","shopengine_quantity_btn_tabs_normal_bg_clr":"","shopengine_add_to_cart_variation_label_color":"#FFFFFF","shopengine_add_to_cart_variation_dropdown_color":"#FFFFFF","shopengine_add_cart_wishlist_border_color":"#FFFFFF33","shopengine_add_cart_compare_button_color":"#FFFFFF","shopengine_add_cart_compare_border_color":"#FFFFFF33","shopengine_add_to_cart_data_ordering_list":[{"list_title":"Quantitly","list_key":"quantity","_id":"5de2021"},{"list_title":"Add to Cart","list_key":"add_to_cart","_id":"3cf23d0"},{"list_title":"Buy Now\/Quick Checkout","list_key":"quick_checkout","_id":"7b88083"},{"list_title":"Wishlist","list_key":"wishlist","_id":"f58d256"},{"list_title":"Comparison","list_key":"comparison","_id":"233be15"},{"list_title":"Partial Payment","list_key":"partial_payment","_id":"9217708"}]},"elements":[],"isInner":false,"widgetType":"shopengine-add-to-cart","elType":"widget"},{"id":"22f60774","settings":{"shopengine_excerpt_color":"#FFFFFF","shopengine_excerpt_typography_font_size":{"unit":"px","size":15,"sizes":[]},"_margin":{"unit":"px","top":"35","right":"0","bottom":"35","left":"0","isLinked":false},"_padding":{"unit":"px","top":"0","right":"0","bottom":"35","left":"0","isLinked":false},"ekit_all_conditions_list":[{"_id":"92ae497"}],"ekit_adv_tooltip_content":"Tooltip Content.","_border_border":"solid","_border_width":{"unit":"px","top":"0","right":"0","bottom":"1","left":"0","isLinked":false},"_border_color":"#FFFFFF7D"},"elements":[],"isInner":false,"widgetType":"shopengine-product-excerpt","elType":"widget"},{"id":"78da5e3","settings":{"shopengine_meta_label_color":"#FFFFFF","shopengine_meta_value_color":"#FFFFFF99","shopengine_meta_value_link_hover_color":"#FE317D","shopengine_product_meta_typography_font_family":"Roboto","shopengine_product_meta_typography_line_height":{"unit":"px","size":20,"sizes":[]},"ekit_all_conditions_list":[{"_id":"6b47c3d"}],"ekit_adv_tooltip_content":"Tooltip Content.","shopengine_meta_sku_hide":"","shopengine_meta_tag_hide":""},"elements":[],"isInner":false,"widgetType":"shopengine-product-meta","elType":"widget"},{"id":"70e9e41c","settings":{"_element_width":"auto","ekit_all_conditions_list":[{"_id":"e9a4255"}],"ekit_adv_tooltip_content":"Tooltip Content."},"elements":[],"isInner":false,"widgetType":"shopengine-product-share","elType":"widget"}],"isInner":false,"elType":"column"}],"isInner":false,"elType":"section"},{"id":"6c1c25fa","settings":{"ekit_all_conditions_list":[{"_id":"b005686"}],"ekit_section_parallax_multi_items":[],"padding":{"unit":"px","top":"80","right":"0","bottom":"120","left":"0","isLinked":false},"padding_tablet":{"unit":"px","top":"30","right":"0","bottom":"0","left":"0","isLinked":false},"margin_mobile":{"unit":"px","top":"","right":0,"bottom":"","left":0,"isLinked":true},"overflow":"hidden","border_width":{"unit":"px","top":"0","right":"0","bottom":"1","left":"0","isLinked":false},"border_color":"#04092D14","margin":{"unit":"px","top":"","right":0,"bottom":"","left":0,"isLinked":true}},"elements":[{"id":"6acd41d5","settings":{"_column_size":100,"_inline_size":null,"ekit_all_conditions_list":[{"_id":"bf4d3c0"}],"margin_mobile":{"unit":"px","top":"0","right":"15","bottom":"0","left":"15","isLinked":false},"padding":{"unit":"px","top":"0","right":"150","bottom":"0","left":"15","isLinked":false},"padding_mobile":{"unit":"px","top":"0","right":"0","bottom":"0","left":"0","isLinked":false},"space_between_widgets":0,"padding_tablet":{"unit":"px","top":"0","right":"15","bottom":"0","left":"15","isLinked":false}},"elements":[{"id":"6223d807","settings":{"shopengine_product_nav_indicator_border":{"unit":"px","top":"0","right":0,"bottom":"3","left":0,"isLinked":false},"shopengine_tab_nav_box_shadow_box_shadow":{"horizontal":0,"vertical":7,"blur":30,"spread":0,"color":"rgba(0, 0, 0, 0.05)"},"shopengine_nav_line_width":{"unit":"px","top":"0","right":0,"bottom":"1","left":0,"isLinked":false},"shopengine_product_tab_content_title_hide":"yes","shopengine_product_tab_content_wrap_padding":{"unit":"px","top":"60","right":"0","bottom":"0","left":"0","isLinked":false},"shopengine_download_button_box_shadow_box_shadow_type":"yes","ekit_all_conditions_list":[{"_id":"d7d5b08"}],"ekit_adv_tooltip_content":"Tooltip Content.","shopengine_nav_menu_spacing":{"unit":"px","size":40,"sizes":[]},"custom_css":"selector .single-product .shopengine-product-tabs p {rn    font-size: 18px;rn    line-height: 25px;rn    color: #101010;rn    font-family: 'Rubik', sans-serif;rn}rnrn\/* rnproduct details additional info - rakibul css - start rn*\/rnselector .shopengine-product-tabs .woocommerce-Tabs-panel--additional_information table th,rnselector .shopengine-product-tabs .woocommerce-Tabs-panel--additional_information table td {rntbackground-color: transparent;rntborder: none !important;rntpadding: 0px !important;rntpadding-bottom: 12px !important;rntposition: relative;rntline-height: 1;rn}rnselector .woocommerce-Tabs-panel--additional_information table td {rntline-height: 1;rntbackground-color: transparent;rntpadding-right: 30px !important;rntpadding-left: 30px !important;rn}rnselector .shopengine-widget .shopengine-product-tabs .woocommerce-Tabs-panel--additional_information table tr:not(:last-child) {rntborder: none;rn}rnselector .woocommerce-Tabs-panel--additional_information table th:before {rntposition: absolute;rnttop: 0;rntright: 0px;rntcolor: #101010;rntcontent: ':';rn}rnrnselector .single-product .woocommerce-Reviews .comment-reply-title {rnttext-transform: uppercase;rn}rnselector #review_form #respond p {rntmargin: 0 0 25px;rn}rnselector .comment-form .comment-notes {rntcolor: #444444;rn}rnselector .shopengine-widget .shopengine-product-tabs #review_form_wrapper .comment-form input:not(#wp-comment-cookies-consent) {rntmin-height: 44px;rntpadding: 0px 20px;rn}rnselector .woocommerce-Reviews .comment-form p textarea {rntmin-height: 140px;rn}rnselector .shopengine-product-tabs .form-submit .submit {rntwidth: 100%;rntdisplay: block;rn}rnselector .shopengine-product-tabs .woocommerce-Tabs-panel--additional_information table th, selector .shopengine-product-tabs .woocommerce-Tabs-panel--additional_information table td {rn    line-height: 26px !important;rn}rnselector .shopengine-product-tabs .woocommerce-Tabs-panel--additional_information table td {rn    padding-left: 30px !important;rn}rnselector .shopengine .commentlist .review .comment-text p {rn    margin-bottom: 15px !important;rn}rnselector .shopengine-product-tabs .description p {rn    color: #444 !important;rn}rnselector .woocommerce-Reviews .commentlist {rn    background-color: transparent;rn     border-bottom: #EFEFEF;rn     border-radius: 0px;rn}rnselector .single-product .shopengine .commentlist .review {rn    padding: 55px 0 40px!important;rn}rn.single-product .shopengine .commentlist .review:last-child {rn        border-bottom-width:  0 !important;rn}rn","shopengine_product_tab_label_clr":"#101010","shopengine_review_form_label_input_typography_line_height":{"unit":"px","size":19,"sizes":[]},"shopengine_download_button_padding":{"unit":"px","top":"13","right":"20","bottom":"13","left":"20","isLinked":false},"shopengine_download_button_padding_radius":{"unit":"px","top":"0","right":"0","bottom":"0","left":"0","isLinked":true},"shopengine_download_button_padding_typography_font_family":"Barlow","shopengine_download_button_padding_typography_font_size":{"unit":"px","size":16,"sizes":[]},"shopengine_download_button_padding_typography_font_weight":"600","shopengine_nav_line_color":"#04092D14","shopengine_product_nav_typography_font_size_mobile":{"unit":"px","size":20,"sizes":[]},"shopengine_product_tabs_font_family":"Roboto","shopengine_nav_menu_spacing_tablet":{"unit":"px","size":20,"sizes":[]},"shopengine_product_tab_ainfo_typography_font_size":{"unit":"px","size":16,"sizes":[]},"shopengine_product_nav_typography_line_height":{"unit":"px","size":22,"sizes":[]},"shopengine_product_tab_submit_button_border_radius":{"unit":"px","top":"0","right":"0","bottom":"0","left":"0","isLinked":true},"shopengine_product_tab_ainfo_typography_font_style":"normal","shopengine_product_tab_ainfo_typography_font_weight":"500","shopengine_product_tab_ainfo_label_color":"#101010","shopengine_product_tab_label_typography_font_weight":"500","shopengine_product_tab_input_clr":"#101010","shopengine_review_label_input_typography_font_weight":"400","shopengine_product_tab_content_title_show":"","shopengine_product_nav_active_color":"#FE317D","shopengine_product_nav_indicator_color":"#FE317D","shopengine_nav_menu_spacing_mobile":{"unit":"px","size":10,"sizes":[]},"shopengine_product_tab_content_wrap_padding_mobile":{"unit":"px","top":"30","right":"0","bottom":"0","left":"0","isLinked":false},"shopengine_product_tab_ainfo_tcell_divider_color":"#F2F2F2","shopengine_product_nav_color":"#04092D"},"elements":[],"isInner":false,"widgetType":"shopengine-product-tabs","elType":"widget"}],"isInner":false,"elType":"column"}],"isInner":false,"elType":"section"}],"page_settings":[],"version":"0.4","title":"single 8","type":"page"}