{"content":[{"id":"36f8d6eb","settings":{"ekit_all_conditions_list":[{"_id":"ca87791"}],"ekit_section_parallax_multi_items":[],"margin":{"unit":"px","top":"0","right":0,"bottom":"0","left":0,"isLinked":false},"margin_tablet":{"unit":"px","top":"","right":0,"bottom":"","left":0,"isLinked":true},"padding":{"unit":"px","top":"73","right":"0","bottom":"85","left":"0","isLinked":false},"background_background":"classic","background_color":"#00197A","shopengine_multistep_next_button_text":"Next","shopengine_multistep_previous_button_text":"Previous","content_width":{"unit":"px","size":1230,"sizes":[]},"background_image":{"url":"","id":"","alt":"","source":"library"},"background_position":"initial","background_ypos":{"unit":"px","size":-70,"sizes":[]},"background_repeat":"no-repeat","background_size":"cover","background_overlay_background":"classic","background_overlay_image":{"url":"https:\/\/wpmet.com\/plugin\/shopengine\/demos\/wp-content\/uploads\/sites\/2\/2021\/10\/checkout_bg_05.jpg","id":5605,"alt":"","source":"library"},"background_overlay_position":"initial","background_overlay_ypos":{"unit":"px","size":-75,"sizes":[]},"background_overlay_repeat":"no-repeat","background_overlay_size":"cover","background_overlay_opacity":{"unit":"px","size":0.299999999999999988897769753748434595763683319091796875,"sizes":[]},"overlay_blend_mode":"luminosity"},"elements":[{"id":"589cbf93","settings":{"_column_size":100,"_inline_size":null,"ekit_all_conditions_list":[{"_id":"b3af7a1"}],"space_between_widgets":0,"padding":{"unit":"px","top":"0","right":"15","bottom":"0","left":"15","isLinked":false}},"elements":[{"id":"7ac62a60","settings":{"title":"Checkout","align":"center","title_color":"#FFFFFF","typography_typography":"custom","typography_font_family":"Inter","typography_font_size":{"unit":"px","size":60,"sizes":[]},"typography_font_weight":"700","typography_line_height":{"unit":"px","size":73,"sizes":[]},"ekit_all_conditions_list":[{"_id":"f7b94a0"}],"ekit_adv_tooltip_content":"Tooltip Content."},"elements":[],"isInner":false,"widgetType":"heading","elType":"widget"},{"id":"e2fa1db","settings":{"view":"inline","icon_list":[{"text":"Home","selected_icon":{"value":"","library":""},"_id":"62f6f27","link":{"url":"https:\/\/wpmet.com\/plugin\/shopengine\/","is_external":"","nofollow":"","custom_attributes":""}},{"_id":"db998f8","text":"Shopping","selected_icon":{"value":"fas fa-circle","library":"fa-solid"},"link":{"url":"#","is_external":"","nofollow":"","custom_attributes":""}},{"text":"Checkout","selected_icon":{"value":"fas fa-circle","library":"fa-solid"},"_id":"73eacaa"}],"space_between":{"unit":"px","size":10,"sizes":[]},"icon_align":"center","icon_color":"#FFFFFF","icon_size":{"unit":"px","size":4,"sizes":[]},"icon_self_align":"center","text_color":"#FFFFFF","text_indent":{"unit":"px","size":10,"sizes":[]},"icon_typography_typography":"custom","icon_typography_font_family":"Inter","icon_typography_font_size":{"unit":"px","size":14,"sizes":[]},"icon_typography_font_weight":"500","icon_typography_line_height":{"unit":"px","size":17,"sizes":[]},"_margin":{"unit":"px","top":"2","right":"0","bottom":"0","left":"0","isLinked":false},"ekit_all_conditions_list":[{"_id":"0ad817e"}],"ekit_adv_tooltip_content":"Tooltip Content."},"elements":[],"isInner":false,"widgetType":"icon-list","elType":"widget"}],"isInner":false,"elType":"column"}],"isInner":false,"elType":"section"},{"id":"2295d340","settings":{"shopengine_multistep_next_button_text":"Next","shopengine_multistep_previous_button_text":"Previous","ekit_all_conditions_list":[{"_id":"7961c26"}],"ekit_section_parallax_multi_items":[],"content_width":{"unit":"px","size":1230,"sizes":[]}},"elements":[{"id":"195facf7","settings":{"_column_size":100,"_inline_size":null,"ekit_all_conditions_list":[{"_id":"4129aad"}],"space_between_widgets":0,"padding":{"unit":"px","top":"0","right":"15","bottom":"0","left":"15","isLinked":false}},"elements":[{"id":"1c70d19b","settings":{"ekit_all_conditions_list":[{"_id":"25206a1"}],"ekit_adv_tooltip_content":"Tooltip Content."},"elements":[],"isInner":false,"widgetType":"shopengine-notice","elType":"widget"}],"isInner":false,"elType":"column"}],"isInner":false,"elType":"section"},{"id":"73e8f4dc","settings":{"background_background":"classic","background_image":{"url":"https:\/\/wpmet.com\/plugin\/shopengine\/demos\/wp-content\/uploads\/sites\/2\/2021\/10\/checkout_style_06.png","id":1703,"alt":"","source":"library"},"background_position":"center center","background_size":"cover","margin":{"unit":"px","top":"0","right":0,"bottom":"0","left":0,"isLinked":true},"padding":{"unit":"px","top":"110","right":"0","bottom":"110","left":"0","isLinked":false},"ekit_all_conditions_list":[{"_id":"caecfdb"}],"ekit_section_parallax_multi_items":[],"shopengine_multistep_next_button_text":"Next","shopengine_multistep_previous_button_text":"Previous"},"elements":[{"id":"77f4326a","settings":{"_column_size":100,"_inline_size":null,"ekit_all_conditions_list":[{"_id":"493aa6b"}]},"elements":[{"id":"7ab4550f","settings":{"structure":"20","ekit_all_conditions_list":[{"_id":"f2e0568"}],"ekit_section_parallax_multi_items":[],"shopengine_multistep_next_button_text":"Next","shopengine_multistep_previous_button_text":"Previous"},"elements":[{"id":"372a1dce","settings":{"_column_size":50,"_inline_size":39.91599999999999681676854379475116729736328125,"background_background":"classic","background_color":"#FFFFFF","border_radius":{"unit":"px","top":"6","right":"6","bottom":"6","left":"6","isLinked":true},"box_shadow_box_shadow_type":"yes","box_shadow_box_shadow":{"horizontal":0,"vertical":1,"blur":3,"spread":0,"color":"rgba(22, 28.000000000000004, 45, 0.14)"},"margin":{"unit":"px","top":"0","right":"012","bottom":"0","left":"0","isLinked":false},"padding":{"unit":"px","top":"50","right":"40","bottom":"50","left":"040","isLinked":false},"ekit_all_conditions_list":[{"_id":"0907d3a"}]},"elements":[{"id":"6d43d809","settings":{"title":"Blocks","title_color":"#2851F3","typography_typography":"custom","typography_font_family":"Inter","typography_font_size":{"unit":"px","size":22,"sizes":[]},"typography_font_weight":"400","ekit_all_conditions_list":[{"_id":"dd56fda"}],"ekit_adv_tooltip_content":"Tooltip Content."},"elements":[],"isInner":false,"widgetType":"heading","elType":"widget"},{"id":"7a592ac8","settings":{"title":"Apple 2 iphone<br>\n12 Pro max","title_color":"#161C2D","typography_typography":"custom","typography_font_family":"Inter","typography_font_size":{"unit":"px","size":26,"sizes":[]},"typography_font_weight":"600","typography_line_height":{"unit":"px","size":30,"sizes":[]},"_margin":{"unit":"px","top":"-10","right":"0","bottom":"0","left":"0","isLinked":false},"ekit_all_conditions_list":[{"_id":"dd56fda"}],"ekit_adv_tooltip_content":"Tooltip Content."},"elements":[],"isInner":false,"widgetType":"heading","elType":"widget"},{"id":"5387e266","settings":{"text":"Show Now","selected_icon":{"value":"fas fa-chevron-circle-right","library":"fa-solid"},"icon_align":"right","icon_indent":{"unit":"px","size":6,"sizes":[]},"typography_typography":"custom","typography_font_family":"Inter","typography_font_size":{"unit":"px","size":18,"sizes":[]},"typography_font_weight":"600","typography_text_transform":"capitalize","button_text_color":"#161C2D","background_color":"#161C2D00","border_radius":{"unit":"px","top":"0","right":"0","bottom":"0","left":"0","isLinked":false},"text_padding":{"unit":"px","top":"0","right":"0","bottom":"0","left":"0","isLinked":false},"_margin":{"unit":"px","top":"-3","right":"0","bottom":"0","left":"0","isLinked":false},"ekit_all_conditions_list":[{"_id":"40c14f8"}],"ekit_adv_tooltip_content":"Tooltip Content."},"elements":[],"isInner":false,"widgetType":"button","elType":"widget"},{"id":"13438c71","settings":{"image":{"url":"https:\/\/wpmet.com\/plugin\/shopengine\/demos\/wp-content\/uploads\/sites\/2\/2021\/10\/img_01.png","id":1705,"alt":"","source":"library"},"ekit_all_conditions_list":[{"_id":"f643d7b"}],"ekit_adv_tooltip_content":"Tooltip Content.","_element_width":"auto","_position":"absolute","_offset_x":{"size":289,"unit":"px"},"_offset_y":{"size":54,"unit":"px"}},"elements":[],"isInner":false,"widgetType":"image","elType":"widget"}],"isInner":true,"elType":"column"},{"id":"789a37fe","settings":{"_column_size":50,"_inline_size":60.08400000000000318323145620524883270263671875,"content_position":"center","background_background":"classic","background_color":"#FFFFFF","border_radius":{"unit":"px","top":"6","right":"6","bottom":"6","left":"6","isLinked":true},"box_shadow_box_shadow_type":"yes","box_shadow_box_shadow":{"horizontal":0,"vertical":1,"blur":3,"spread":0,"color":"rgba(22, 28.000000000000004, 45, 0.14)"},"margin":{"unit":"px","top":"0","right":"0","bottom":"0","left":"012","isLinked":false},"padding":{"unit":"px","top":"50","right":"40","bottom":"50","left":"040","isLinked":false},"ekit_all_conditions_list":[{"_id":"0907d3a"}]},"elements":[{"id":"72fbe2c1","settings":{"selected_icon":{"value":{"id":1707,"url":"https:\/\/wpmet.com\/plugin\/shopengine\/demos\/wp-content\/uploads\/sites\/2\/2021\/10\/logo-1.svg"},"library":"svg"},"title_text":"14 Days Refund Policy.<br>100% Money Back. No-Risk.","description_text":"We are here to provide you the whole package, that will make<br>your site lighter, faster, better.","position":"left","icon_space":{"unit":"px","size":20,"sizes":[]},"icon_space_tablet":{"unit":"px","size":5,"sizes":[]},"icon_size":{"unit":"px","size":100,"sizes":[]},"icon_size_tablet":{"unit":"px","size":33,"sizes":[]},"content_vertical_alignment":"middle","title_bottom_space":{"unit":"px","size":14,"sizes":[]},"title_bottom_space_tablet":{"unit":"px","size":0,"sizes":[]},"title_color":"#161C2D","title_typography_typography":"custom","title_typography_font_family":"Inter","title_typography_font_size":{"unit":"px","size":24,"sizes":[]},"title_typography_font_size_tablet":{"unit":"px","size":13,"sizes":[]},"title_typography_font_weight":"600","title_typography_line_height":{"unit":"px","size":30,"sizes":[]},"_padding":{"unit":"px","top":"0","right":"0","bottom":"0","left":"0","isLinked":false},"ekit_all_conditions_list":[{"_id":"57d5263"}],"ekit_adv_tooltip_content":"Tooltip Content.","_background_background":"classic","_background_color":"#FFFFFF","_box_shadow_box_shadow":{"horizontal":0,"vertical":1,"blur":3,"spread":0,"color":"rgba(22, 28.000000000000004, 45, 0.14)"},"description_color":"#586377","description_typography_typography":"custom","description_typography_font_family":"Inter","description_typography_font_size":{"unit":"px","size":16,"sizes":[]},"description_typography_font_weight":"400","description_typography_line_height":{"unit":"px","size":22,"sizes":[]},"primary_color":"#6EC1E4"},"elements":[],"isInner":false,"widgetType":"icon-box","elType":"widget"}],"isInner":true,"elType":"column"}],"isInner":true,"elType":"section"},{"id":"62ee1ef6","settings":{"gap":"wide","structure":"20","background_background":"classic","background_color":"#FFFFFF","box_shadow_box_shadow_type":"yes","box_shadow_box_shadow":{"horizontal":0,"vertical":30,"blur":50,"spread":0,"color":"rgba(22, 28.000000000000004, 45, 0.1)"},"margin":{"unit":"px","top":"50","right":0,"bottom":"0","left":0,"isLinked":false},"ekit_all_conditions_list":[{"_id":"f2e0568"}],"ekit_section_parallax_multi_items":[],"shopengine_multistep_next_button_text":"Next","shopengine_multistep_previous_button_text":"Previous"},"elements":[{"id":"7ab9d6ab","settings":{"_column_size":50,"_inline_size":53.63499999999999801048033987171947956085205078125,"padding":{"unit":"px","top":"50","right":"028","bottom":"50","left":"50","isLinked":false},"ekit_all_conditions_list":[{"_id":"0714b72"}]},"elements":[{"id":"3ef1aa5e","settings":{"shopengine_title_color":"#161C2D","shopengine_title_font_size":{"unit":"px","size":26,"sizes":[]},"shopengine_title_margin":{"unit":"px","top":"0","right":"0","bottom":"0","left":"0","isLinked":false},"shopengine_continer_alignment":"left","shopengine_form_container_padding":{"unit":"px","top":"25","right":"0","bottom":"0","left":"0","isLinked":false},"shopengine_input_label_color":"#161C2D","shopengine_input_required_indicator_color":"#CA0436","shopengine_label_font_size":{"unit":"px","size":14,"sizes":[]},"shopengine_input_color":"#7E8084","shopengine_input_font_size":{"unit":"px","size":14,"sizes":[]},"shopengine_input_border_width":{"unit":"px","top":"2","right":"2","bottom":"2","left":"2","isLinked":true},"shopengine_input_border_color":"#00000000","shopengine_input_padding":{"unit":"px","top":"14","right":"16","bottom":"13","left":"16","isLinked":false},"shopengine_typography_primary_font_family":"Inter","shopengine_typography_primary_font_weight":"600","ekit_all_conditions_list":[{"_id":"010fd79"}],"ekit_adv_tooltip_content":"Tooltip Content.","shopengine_form_container_background":"#FFFFFF","shopengine_input_background":"#F5F5F5","shopengine_input_border_focus_border":"solid","shopengine_input_border_focus_width":{"unit":"px","top":"2","right":"2","bottom":"2","left":"2","isLinked":true},"shopengine_input_border_focus_color":"#EAEAEA","shopengine_typography_seconday_font_family":"Inter","shopengine_checkout_form_billing_input_border_radius":{"unit":"px","top":"6","right":"6","bottom":"6","left":"6","isLinked":true}},"elements":[],"isInner":false,"widgetType":"shopengine-checkout-form-billing","elType":"widget"},{"id":"6b38644","settings":{"shopengine_checkout_form_additional_heading":"","shopengine_checkout_form_additional_label_color":"#161C2D","shopengine_orders_body_text_typography_font_size":{"unit":"px","size":14,"sizes":[]},"shopengine_orders_body_text_typography_font_weight":"600","shopengine_checkout_form_additional_textarea_color":"#7E8084","shopengine_checkout_form_additional_textarea_placeholder_color":"#7E8084","shopengine_checkout_form_additional_textarea_height":{"unit":"px","size":125,"sizes":[]},"shopengine_checkout_form_additional_border_radius":{"unit":"px","top":"6","right":"6","bottom":"6","left":"6","isLinked":true},"shopengine_checkout_form_additional_font_family":"Inter","_margin":{"unit":"px","top":"-10","right":"0","bottom":"0","left":"0","isLinked":false},"_padding":{"unit":"px","top":"0","right":"0","bottom":"0","left":"0","isLinked":false},"ekit_all_conditions_list":[{"_id":"b8795a3"}],"ekit_adv_tooltip_content":"Tooltip Content."},"elements":[],"isInner":false,"widgetType":"shopengine-checkout-form-additional","elType":"widget"}],"isInner":true,"elType":"column"},{"id":"7e455b3c","settings":{"_column_size":50,"_inline_size":46.2409999999999996589394868351519107818603515625,"padding":{"unit":"px","top":"50","right":"50","bottom":"50","left":"28","isLinked":false},"ekit_all_conditions_list":[{"_id":"e096bc9"}]},"elements":[{"id":"eba209e","settings":{"title":"Your order","title_color":"#161C2D","typography_typography":"custom","typography_font_family":"Inter","typography_font_size":{"unit":"px","size":26,"sizes":[]},"typography_font_weight":"700","typography_text_transform":"capitalize","_margin":{"unit":"px","top":"0","right":"0","bottom":"20","left":"0","isLinked":false},"ekit_all_conditions_list":[{"_id":"52499d7"}],"ekit_adv_tooltip_content":"Tooltip Content."},"elements":[],"isInner":false,"widgetType":"heading","elType":"widget"},{"id":"539a31fb","settings":{"shopengine_orders_header_color":"#161C2D","shopengine_table_header_padding":{"unit":"px","top":"0","right":"15","bottom":"17","left":"0","isLinked":false},"shopengine_table_body_text_color":"#575C65","shopengine_orders_body_background":"#FFFFFF","shopengine_table_body_price_color":"#161C2D","shopengine_orders_body_price_typography_font_weight":"400","shopengine_orders_body_text_typography_font_size":{"unit":"px","size":15,"sizes":[]},"shopengine_orders_body_text_typography_line_height":{"unit":"px","size":"","sizes":[]},"shopengine_table_body_spacing":{"unit":"px","size":-3,"sizes":[]},"shopengine_footer_text_color":"#161C2D","shopengine_footer_price_color":"#2851F3","shopengine_orders_footer_border_color":"#F3F3F3","shopengine_footer_color_typography_font_size":{"unit":"px","size":15,"sizes":[]},"shopengine_footer_color_typography_font_weight":"600","shopengine_table_footer_data_padding":{"unit":"px","top":"15","right":"15","bottom":"15","left":"0","isLinked":false},"shopengine_checkout_review_order_font_family":"Inter","ekit_all_conditions_list":[{"_id":"9a45b02"}],"ekit_adv_tooltip_content":"Tooltip Content.","shopengine_table_header_spacing":{"unit":"px","size":12,"sizes":[]}},"elements":[],"isInner":false,"widgetType":"shopengine-checkout-review-order","elType":"widget"},{"id":"2bf7475f","settings":{"shopengine_checkout_coupon_form_info_bg_color":"#FFFFFF","shopengine_checkout_coupon_form_info_typography_font_size":{"unit":"px","size":15,"sizes":[]},"shopengine_checkout_coupon_form_info_typography_font_weight":"600","shopengine_checkout_coupon_form_info_padding":{"unit":"px","top":"14","right":"0","bottom":"14","left":"0","isLinked":false},"shopengine_checkout_coupon_form_description_typography_font_size":{"unit":"px","size":14,"sizes":[]},"shopengine_checkout_coupon_form_description_typography_line_height":{"unit":"px","size":"","sizes":[]},"shopengine_checkout_coupon_form_label_color":"#7E8084","shopengine_checkout_coupon_form_label_border_color":"#7E8084","shopengine_checkout_coupon_form_label_radius":{"unit":"px","top":"6","right":"6","bottom":"6","left":"6","isLinked":true},"shopengine_checkout_coupon_form_label_padding":{"unit":"px","top":"5","right":"20","bottom":"5","left":"020","isLinked":false},"shopengine_section_checkout_coupon_form_button_typography_font_weight":"600","shopengine_section_checkout_coupon_form_button_typography_line_height":{"unit":"px","size":"","sizes":[]},"shopengine_coupon_form_button_background_color":"#2851F3","shopengine_coupon_form_border_width":{"unit":"px","top":"0","right":"0","bottom":"0","left":"0","isLinked":true},"shopengine_coupon_form_border_radius":{"unit":"px","top":"6","right":"6","bottom":"6","left":"6","isLinked":true},"shopengine_coupon_form_button_padding":{"unit":"px","top":"17","right":"69","bottom":"17","left":"69","isLinked":false},"shopengine_coupon_form_font_family":"Inter","_margin":{"unit":"px","top":"-7","right":"0","bottom":"0","left":"0","isLinked":false},"ekit_all_conditions_list":[{"_id":"bb4f26b"}],"ekit_adv_tooltip_content":"Tooltip Content.","shopengine_coupon_form_button_background_hover_color":"#041E83"},"elements":[],"isInner":false,"widgetType":"shopengine-checkout-coupon-form","elType":"widget"},{"id":"12b90865","settings":{"shopengine_payment_label_text_color":"#161C2D","shopengine_payment_label_typography_line_height":{"unit":"px","size":17,"sizes":[]},"shopengine_payment_order_button_radius":{"unit":"px","top":"6","right":"6","bottom":"6","left":"6","isLinked":true},"shopengine_payment_order_button_typography_font_size":{"unit":"px","size":16,"sizes":[]},"shopengine_payment_order_button_typography_font_weight":"600","shopengine_payment_order_button_typography_text_transform":"capitalize","shopengine_payment_order_button_tabs_normal_bg":"#2851F3","shopengine_archive_products_font_family":"Inter","_margin":{"unit":"px","top":"-5","right":"0","bottom":"10","left":"0","isLinked":false},"ekit_all_conditions_list":[{"_id":"4c5523a"}],"ekit_adv_tooltip_content":"Tooltip Content.","shopengine_payment_description_text_color":"#575C65","shopengine_payment_content_typography_font_size":{"unit":"px","size":14,"sizes":[]},"shopengine_payment_order_button_tabs_hover_bg":"#041F8D","shopengine_payment_method_radio_input_color":"#2851F3"},"elements":[],"isInner":false,"widgetType":"shopengine-checkout-payment","elType":"widget"}],"isInner":true,"elType":"column"}],"isInner":true,"elType":"section"}],"isInner":false,"elType":"column"}],"isInner":false,"elType":"section"}],"page_settings":[],"version":"0.4","title":"Checkout design 8","type":"page"}