{"content":[{"id":"8878e3f","settings":{"structure":"21","padding":{"unit":"px","top":"100","right":"0","bottom":"100","left":"0","isLinked":false},"ekit_all_conditions_list":[{"_id":"3f7fec6"}],"ekit_section_parallax_multi_items":[],"margin_tablet":{"unit":"px","top":"0","right":0,"bottom":"0","left":0,"isLinked":false},"padding_tablet":{"unit":"px","top":"70","right":"0","bottom":"70","left":"0","isLinked":false},"padding_mobile":{"unit":"px","top":"50","right":"0","bottom":"50","left":"0","isLinked":false}},"elements":[{"id":"7e36b300","settings":{"_column_size":33,"_inline_size":25,"ekit_all_conditions_list":[{"_id":"0be1e6e"}],"space_between_widgets":0},"elements":[{"id":"44dc4397","settings":{"ekit_all_conditions_list":[{"_id":"88fc2ca"}],"ekit_adv_tooltip_content":"Tooltip Content."},"elements":[],"isInner":false,"widgetType":"shopengine-account-navigation","elType":"widget"}],"isInner":false,"elType":"column"},{"id":"149b6805","settings":{"_column_size":66,"_inline_size":74.6650000000000062527760746888816356658935546875,"ekit_all_conditions_list":[{"_id":"23499c2"}],"space_between_widgets":0,"padding":{"unit":"px","top":"0","right":"15","bottom":"0","left":"15","isLinked":false}},"elements":[{"id":"436b66e7","settings":{"ekit_all_conditions_list":[{"_id":"24baa3c","ekit_condition_date":"05-07-2021"}],"ekit_adv_tooltip_content":"Tooltip Content.","shopengine_account_order_heading_typography_font_size":{"unit":"px","size":22,"sizes":[]},"shopengine_orders_body_text_typography_font_size":{"unit":"px","size":16,"sizes":[]},"shopengine_account_table_border_bottom_width":{"unit":"px","top":0,"right":0,"bottom":"1","left":0,"isLinked":true},"shopengine_account_order_hightlight_clr":"#4169E1","shopengine_account_order_hightlight_bg_clr":"","shopengine_download_button_padding_typography_font_size":{"unit":"px","size":18,"sizes":[]},"shopengine_order_btn_section_typography_font_size":{"unit":"px","size":21,"sizes":[]},"shopengin_account_address_text_clr":"#3A3A3A","shopengine_account_order_heading_margin":{"unit":"px","top":"0","right":0,"bottom":"15","left":0,"isLinked":false},"shopengine_account_table_heading_background_typography_font_size":{"unit":"px","size":16,"sizes":[]},"shopengine_account_order_heading_typography_line_height":{"unit":"px","size":22,"sizes":[]},"shopengine_acc_order_details_font":"Barlow","custom_css":"selector .woocommerce-customer-details {rn  padding-top: 30px;rn}","_margin":{"unit":"px","top":"0","right":"0","bottom":"0","left":"0","isLinked":false},"_padding":{"unit":"px","top":"0","right":"0","bottom":"0","left":"0","isLinked":false}},"elements":[],"isInner":false,"widgetType":"shopengine-account-order-details","elType":"widget"}],"isInner":false,"elType":"column"}],"isInner":false,"elType":"section"}],"page_settings":[],"version":"0.4","title":"content.json","type":"page"}