{"content":[{"id":"6d6bfb89","settings":{"padding":{"unit":"px","top":"30","right":"0","bottom":"0","left":"0","isLinked":false},"ekit_all_conditions_list":[{"_id":"7807a3e"}],"ekit_section_parallax_multi_items":[],"background_background":"classic","background_color":"#F6F6F6"},"elements":[{"id":"114e4de9","settings":{"_column_size":100,"_inline_size":null,"ekit_all_conditions_list":[{"_id":"b849261"}]},"elements":[{"id":"3bedae02","settings":{"ekit_all_conditions_list":[{"_id":"ae9824a"}],"ekit_adv_tooltip_content":"Tooltip Content.","_background_background":"classic"},"elements":[],"isInner":false,"widgetType":"shopengine-notice","elType":"widget"}],"isInner":false,"elType":"column"}],"isInner":false,"elType":"section"},{"id":"da2d399","settings":{"background_background":"classic","background_color":"#F6F6F6","margin":{"unit":"px","top":"","right":0,"bottom":"","left":0,"isLinked":true},"padding":{"unit":"px","top":"40","right":"0","bottom":"80","left":"0","isLinked":false},"ekit_all_conditions_list":[{"_id":"afbb80e"}],"ekit_section_parallax_multi_items":[]},"elements":[{"id":"390c8911","settings":{"_column_size":100,"_inline_size":null,"space_between_widgets":0,"padding":{"unit":"px","top":"0","right":"15","bottom":"0","left":"15","isLinked":false},"ekit_all_conditions_list":[{"_id":"e8fcdbb"}]},"elements":[{"id":"2f09573a","settings":{"layout":"full_width","structure":"20","background_background":"classic","background_color":"#FFFFFF","margin":{"unit":"px","top":"0","right":0,"bottom":"60","left":0,"isLinked":false},"padding":{"unit":"px","top":"60","right":"145","bottom":"60","left":"60","isLinked":false},"ekit_all_conditions_list":[{"_id":"ac012ee"}],"ekit_section_parallax_multi_items":[],"padding_tablet":{"unit":"px","top":"30","right":"30","bottom":"30","left":"30","isLinked":true},"padding_mobile":{"unit":"px","top":"20","right":"20","bottom":"20","left":"20","isLinked":true}},"elements":[{"id":"262c19b4","settings":{"_column_size":50,"_inline_size":null,"space_between_widgets":0,"padding":{"unit":"px","top":"0","right":"0","bottom":"0","left":"0","isLinked":true},"ekit_all_conditions_list":[{"_id":"9f54145"}],"margin_mobile":{"unit":"px","top":"0","right":"0","bottom":"30","left":"0","isLinked":false}},"elements":[{"id":"63300467","settings":{"ekit_all_conditions_list":[{"_id":"85e0957"}],"ekit_adv_tooltip_content":"Tooltip Content.","shopengine_flash_sale_background":"#101010","shopengine_sale_flash_status":"","shopengine_lightbox_icon_color":"#5642C7","shopengine_lightbox_icon_border_color":"#5642C7","shopengine_lightbox_icon_wrapper_size":{"unit":"px","size":40,"sizes":[]},"shopengine_lightbox_icon_radius":{"unit":"px","size":"","sizes":[]}},"elements":[],"isInner":false,"widgetType":"shopengine-single-product-images","elType":"widget"}],"isInner":true,"elType":"column"},{"id":"7acf9f9e","settings":{"_column_size":50,"_inline_size":null,"space_between_widgets":0,"padding":{"unit":"px","top":"0","right":"0","bottom":"0","left":"50","isLinked":false},"ekit_all_conditions_list":[{"_id":"ef88dc7"}],"padding_tablet":{"unit":"px","top":"0","right":"15","bottom":"0","left":"15","isLinked":false},"padding_mobile":{"unit":"px","top":"0","right":"0","bottom":"0","left":"0","isLinked":true}},"elements":[{"id":"534ecdb8","settings":{"ekit_all_conditions_list":[{"_id":"f567b35"}],"ekit_adv_tooltip_content":"Tooltip Content.","shopengine_product_meta_typography_font_family":"Barlow","shopengine_meta_value_color":"#A0A0A0","_margin":{"unit":"px","top":"0","right":"0","bottom":"7","left":"0","isLinked":false},"shopengine_product_meta_typography_line_height":{"unit":"px","size":22,"sizes":[]},"shopengine_meta_padding":{"unit":"px","top":"","right":"","bottom":"","left":"","isLinked":true},"_border_width":{"unit":"px","top":"1","right":"0","bottom":"1","left":"0","isLinked":false},"_border_color":"#F2F2F2","shopengine_meta_category_hide":"","shopengine_meta_tag_hide":""},"elements":[],"isInner":false,"widgetType":"shopengine-product-meta","elType":"widget"},{"id":"3f3e6776","settings":{"shopengine_product_title_typography_letter_spacing":{"unit":"px","size":-0.1000000000000000055511151231257827021181583404541015625,"sizes":[]},"_padding":{"unit":"px","top":"0","right":"0","bottom":"12","left":"0","isLinked":false},"shopengine_product_title_typography_line_height_mobile":{"unit":"em","size":"","sizes":[]},"ekit_all_conditions_list":[{"_id":"85bad44"}],"ekit_adv_tooltip_content":"Tooltip Content.","shopengine_product_title_typography_font_family":"Barlow","shopengine_product_title_header_size":"h2"},"elements":[],"isInner":false,"widgetType":"shopengine-product-title","elType":"widget"},{"id":"58dce717","settings":{"shopengine_rating_star_size":{"unit":"px","size":11,"sizes":[]},"shopengine_rating_text_typography_font_family":"Barlow","_margin":{"unit":"px","top":"0","right":"0","bottom":"15","left":"0","isLinked":false},"ekit_all_conditions_list":[{"_id":"c333400"}],"ekit_adv_tooltip_content":"Tooltip Content.","custom_css":"selector .shopengine-product-rating a {\r\n    text-transform: capitalize;\r\n}","_border_width":{"unit":"px","top":"0","right":"0","bottom":"1","left":"0","isLinked":false},"_border_color":"#F2F2F2"},"elements":[],"isInner":false,"widgetType":"shopengine-product-rating","elType":"widget"},{"id":"4f5af276","settings":{"_margin":{"unit":"px","top":"0","right":"0","bottom":"20","left":"0","isLinked":false},"_padding":{"unit":"px","top":"0","right":"0","bottom":"20","left":"0","isLinked":false},"ekit_all_conditions_list":[{"_id":"caae5ab"}],"ekit_adv_tooltip_content":"Tooltip Content.","_border_border":"solid","_border_width":{"unit":"px","top":"0","right":"0","bottom":"1","left":"0","isLinked":false},"_border_color":"#F2F2F2"},"elements":[],"isInner":false,"widgetType":"shopengine-product-stock","elType":"widget"},{"id":"7ee0f796","settings":{"ekit_all_conditions_list":[{"_id":"c895b0f"}],"ekit_adv_tooltip_content":"Tooltip Content.","shopengine_excerpt_typography_font_family":"Barlow","shopengine_excerpt_typography_font_size":{"unit":"px","size":15,"sizes":[]},"shopengine_excerpt_typography_line_height":{"unit":"px","size":22,"sizes":[]},"_margin":{"unit":"px","top":"0","right":"0","bottom":"30","left":"0","isLinked":false}},"elements":[],"isInner":false,"widgetType":"shopengine-product-excerpt","elType":"widget"},{"id":"761da3d3","settings":{"shopengine_product_price_typography_font_family":"Barlow","shopengine_product_price_discount_badge_typography_font_family":"Barlow","shopengine_product_price_discount_badge_typography_font_weight":"500","shopengine_product_price_discount_badge_padding":{"unit":"px","top":"0","right":"5","bottom":"1","left":"5","isLinked":false},"_margin":{"unit":"px","top":"0","right":"0","bottom":"30","left":"0","isLinked":false},"ekit_all_conditions_list":[{"_id":"8ddb3c0"}],"ekit_adv_tooltip_content":"Tooltip Content."},"elements":[],"isInner":false,"widgetType":"shopengine-product-price","elType":"widget"},{"id":"4cec95f4","settings":{"shopengine_add_cart_quantity_margin":{"unit":"px","top":"0","right":"10","bottom":"0","left":"0","isLinked":false},"shopengine_add_to_cart_price_color":"#000000","shopengine_add_to_cart_hide_stock":"","ekit_all_conditions_list":[{"_id":"951a23b"}],"ekit_adv_tooltip_content":"Tooltip Content.","shopengine_add_cart_button_bg_color_hover":"#FFFFFF","shopengine_add_cart_button_border_color_hover":"#5642C7","shopengine_add_cart_button_typography_font_family":"Barlow","shopengine_quantity_btn_position":"both","shopengine_add_cart_button_typography_letter_spacing":{"unit":"px","size":-0.40000000000000002220446049250313080847263336181640625,"sizes":[]},"_margin":{"unit":"px","top":"0","right":"0","bottom":"0","left":"0","isLinked":true},"custom_css":"@media(max-width: 575px) {\n    selector.xs-cart-wishlist .shopengine-swatches .cart .button {\n        width: 100%;\n        margin: 0 0 10px 0 !important;\n    }\nselector .shopengine-swatches .shopengine-wishlist {\n        width: 100% !important;\n    }\n}","shopengine_add_cart_wishlist_padding":{"unit":"px","top":"0","right":"0","bottom":"0","left":"0","isLinked":true},"shopengine_add_cart_compare_padding":{"unit":"px","top":"0","right":"0","bottom":"0","left":"0","isLinked":true},"shopengine_add_to_cart_data_ordering_quantity_position":1,"shopengine_add_to_cart_data_ordering_add_to_cart_position":2,"shopengine_add_to_cart_data_ordering_quick_checkout_position":3,"shopengine_add_to_cart_data_ordering_wishlist_position":4,"shopengine_add_to_cart_data_ordering_comparison_position":5,"shopengine_quick_checkout_button_bg_color_hover":"#5642C7","shopengine_quick_checkout_button_border_color_hover":"#5642C7","shopengine_add_cart_wishlist_button_hover_color":"#5642C7","shopengine_add_cart_wishlist_button_bg_hover_color":"","shopengine_add_cart_wishlist_button_border_color_hover":"","shopengine_add_cart_wishlist_border_border":"","shopengine_add_cart_wishlist_border_radius":{"unit":"px","top":"","right":"","bottom":"","left":"","isLinked":true},"shopengine_add_cart_wishlist_margin":{"unit":"px","top":"10","right":"20","bottom":"0","left":"5","isLinked":false},"shopengine_add_cart_compare_button_hover_color":"#5642C7","shopengine_add_cart_compare_button_bg_hover_color":"","shopengine_add_cart_compare_button_border_color_hover":"","shopengine_add_cart_compare_border_border":"","shopengine_add_cart_compare_border_radius":{"unit":"px","top":"","right":"","bottom":"","left":"","isLinked":true},"shopengine_add_cart_compare_margin":{"unit":"px","top":"10","right":"0","bottom":"0","left":"0","isLinked":false},"shopengine_add_to_cart_variation_label_typography_font_family":"Barlow","shopengine_add_to_cart_variation_label_typography_text_transform":"uppercase","shopengine_add_to_cart_variation_label_typography_line_height":{"unit":"px","size":18,"sizes":[]},"shopengine_add_to_cart_variation_dropdown_border_border":"","shopengine_add_to_cart_variation_dropdown_border_color":"#FD0000","shopengine_add_to_cart_variation_swatch_color_width":{"unit":"px","size":18,"sizes":[]},"shopengine_add_to_cart_variation_swatch_color_height":{"unit":"px","size":18,"sizes":[]},"shopengine_add_to_cart_variation_swatch_label_width":{"unit":"px","size":36,"sizes":[]},"shopengine_add_to_cart_variation_swatch_label_height":{"unit":"px","size":36,"sizes":[]},"shopengine_add_to_cart_variation_label_border_width":{"unit":"px","top":"0","right":"0","bottom":"0","left":"0","isLinked":true},"shopengine_add_to_cart_show_stock":"","shopengine_quantity_button_padding":{"unit":"px","top":"4","right":"12","bottom":"4","left":"12","isLinked":false},"shopengine_add_cart_button_typography_line_height":{"unit":"px","size":17,"sizes":[]},"shopengine_add_cart_button_bg_color_normal":"#5642C7","shopengine_add_cart_button_text_color_hover":"#5642C7","shopengine_add_cart_button_border_width":{"unit":"px","top":"2","right":"2","bottom":"2","left":"2","isLinked":true},"shopengine_add_cart_button_border_color":"#5642C7","shopengine_quick_checkout_button_typography_font_family":"Barlow","shopengine_quick_checkout_button_typography_line_height":{"unit":"px","size":17,"sizes":[]},"shopengine_quick_checkout_button_typography_letter_spacing":{"unit":"px","size":-0.40000000000000002220446049250313080847263336181640625,"sizes":[]},"shopengine_quick_checkout_button_text_color_normal":"#101010","shopengine_quick_checkout_button_bg_color_normal":"#F9F9F9","shopengine_quick_checkout_button_border_width":{"unit":"px","top":"2","right":"2","bottom":"2","left":"2","isLinked":true},"shopengine_quick_checkout_button_border_color":"#F9F9F9","shopengine_quantity_btn_tabs_hover_bg_clr":"#5642C7","shopengine_add_to_cart_data_ordering_list":[{"list_title":"Quantitly","list_key":"quantity","_id":"3abe09f"},{"list_title":"Add to Cart","list_key":"add_to_cart","_id":"e2ae0ea"},{"list_title":"Buy Now\/Quick Checkout","list_key":"quick_checkout","_id":"4b48012"},{"list_title":"Wishlist","list_key":"wishlist","_id":"34bb3b3"},{"list_title":"Comparison","list_key":"comparison","_id":"27b292b"},{"list_title":"Partial Payment","list_key":"partial_payment","_id":"5e65849"}]},"elements":[],"isInner":false,"widgetType":"shopengine-add-to-cart","elType":"widget"},{"id":"4524fa98","settings":{"ekit_all_conditions_list":[{"_id":"f567b35"}],"ekit_adv_tooltip_content":"Tooltip Content.","shopengine_product_meta_typography_font_family":"Barlow","shopengine_meta_value_color":"#A0A0A0","_margin":{"unit":"px","top":"30","right":"0","bottom":"20","left":"0","isLinked":false},"shopengine_product_meta_typography_line_height":{"unit":"px","size":22,"sizes":[]},"shopengine_meta_padding":{"unit":"px","top":"0","right":"0","bottom":"5","left":"0","isLinked":false},"_padding":{"unit":"px","top":"20","right":"0","bottom":"20","left":"0","isLinked":false},"_border_border":"solid","_border_width":{"unit":"px","top":"1","right":"0","bottom":"1","left":"0","isLinked":false},"_border_color":"#F2F2F2","shopengine_meta_sku_hide":""},"elements":[],"isInner":false,"widgetType":"shopengine-product-meta","elType":"widget"},{"id":"4d488e1d","settings":{"_element_width":"auto","ekit_all_conditions_list":[{"_id":"b15b0c5"}],"ekit_adv_tooltip_content":"Tooltip Content."},"elements":[],"isInner":false,"widgetType":"shopengine-product-share","elType":"widget"}],"isInner":true,"elType":"column"}],"isInner":true,"elType":"section"},{"id":"569a3d75","settings":{"background_background":"classic","background_color":"#FFFFFF","ekit_all_conditions_list":[{"_id":"4225b96"}],"ekit_section_parallax_multi_items":[]},"elements":[{"id":"74739d2c","settings":{"_column_size":100,"_inline_size":null,"space_between_widgets":0,"padding":{"unit":"px","top":"0","right":"0","bottom":"0","left":"0","isLinked":true},"ekit_all_conditions_list":[{"_id":"4a65109"}]},"elements":[{"id":"3e2dfb98","settings":{"shopengine_product_nav_indicator_border":{"unit":"px","top":"0","right":0,"bottom":"3","left":0,"isLinked":false},"shopengine_tab_nav_box_shadow_box_shadow":{"horizontal":0,"vertical":7,"blur":30,"spread":0,"color":"rgba(0, 0, 0, 0.05)"},"shopengine_nav_line_width":{"unit":"px","top":"1","right":0,"bottom":"1","left":0,"isLinked":true},"shopengine_product_tab_content_title_hide":"yes","shopengine_product_tab_content_wrap_padding":{"unit":"px","top":"60","right":"60","bottom":"60","left":"60","isLinked":true},"shopengine_download_button_box_shadow_box_shadow_type":"yes","ekit_all_conditions_list":[{"_id":"d7d5b08"}],"ekit_adv_tooltip_content":"Tooltip Content.","shopengine_product_nav_active_color":"#101010","shopengine_product_nav_indicator_color":"#101010","shopengine_product_nav_typography_text_transform":"uppercase","shopengine_tab_nav_padding_mobile":{"unit":"px","top":"20","right":"20","bottom":"20","left":"20","isLinked":true},"shopengine_product_tab_content_wrap_padding_tablet":{"unit":"px","top":"30","right":"30","bottom":"30","left":"30","isLinked":true},"shopengine_nav_menu_spacing":{"unit":"px","size":40,"sizes":[]},"custom_css":"selector .single-product .shopengine-product-tabs p {\r\n    font-size: 18px;\r\n    line-height: 25px;\r\n    color: #101010;\r\n    font-family: 'Rubik', sans-serif;\r\n}\r\n\r\n\/* \r\nproduct details additional info - rakibul css - start \r\n*\/\r\nselector .shopengine-product-tabs .woocommerce-Tabs-panel--additional_information table th,\r\nselector .shopengine-product-tabs .woocommerce-Tabs-panel--additional_information table td {\r\n\tbackground-color: transparent;\r\n\tborder: none !important;\r\n\tpadding: 0px !important;\r\n\tpadding-bottom: 12px !important;\r\n\tposition: relative;\r\n\tline-height: 1;\r\n}\r\nselector .woocommerce-Tabs-panel--additional_information table td {\r\n\tline-height: 1;\r\n\tbackground-color: transparent;\r\n\tpadding-right: 30px !important;\r\n\tpadding-left: 30px !important;\r\n}\r\nselector .shopengine-widget .shopengine-product-tabs .woocommerce-Tabs-panel--additional_information table tr:not(:last-child) {\r\n\tborder: none;\r\n}\r\nselector .woocommerce-Tabs-panel--additional_information table th:before {\r\n\tposition: absolute;\r\n\ttop: 0;\r\n\tright: 0px;\r\n\tcolor: #101010;\r\n\tcontent: ':';\r\n}\r\n\r\nselector .single-product .woocommerce-Reviews .comment-reply-title {\r\n\ttext-transform: uppercase;\r\n}\r\nselector #review_form #respond p {\r\n\tmargin: 0 0 25px;\r\n}\r\nselector .comment-form .comment-notes {\r\n\tcolor: #444444;\r\n}\r\nselector .shopengine-widget .shopengine-product-tabs #review_form_wrapper .comment-form input:not(#wp-comment-cookies-consent) {\r\n\tmin-height: 44px;\r\n\tpadding: 0px 20px;\r\n}\r\nselector .woocommerce-Reviews .comment-form p textarea {\r\n\tmin-height: 140px;\r\n}\r\nselector .shopengine-product-tabs .form-submit .submit {\r\n\twidth: 100%;\r\n\tdisplay: block;\r\n}\r\nselector .shopengine-product-tabs .woocommerce-Tabs-panel--additional_information table th, selector .shopengine-product-tabs .woocommerce-Tabs-panel--additional_information table td {\r\n    line-height: 26px !important;\r\n}\r\nselector .shopengine-product-tabs .woocommerce-Tabs-panel--additional_information table td {\r\n    padding-left: 30px !important;\r\n}\r\nselector .shopengine .commentlist .review .comment-text p {\r\n    margin-bottom: 15px !important;\r\n}\r\nselector .shopengine-product-tabs .description p {\r\n    color: #444 !important;\r\n}\r\nselector .woocommerce-Reviews .commentlist {\r\n    background-color: transparent;\r\n     border-bottom: #EFEFEF;\r\n     border-radius: 0px;\r\n}\r\nselector .single-product .shopengine .commentlist .review {\r\n    padding: 55px 0 40px!important;\r\n}\r\n.single-product .shopengine .commentlist .review:last-child {\r\n        border-bottom-width:  0 !important;\r\n}\r\n","shopengine_product_tab_label_clr":"#101010","shopengine_review_form_label_input_typography_line_height":{"unit":"px","size":19,"sizes":[]},"shopengine_download_button_padding":{"unit":"px","top":"13","right":"20","bottom":"13","left":"20","isLinked":false},"shopengine_download_button_padding_radius":{"unit":"px","top":"0","right":"0","bottom":"0","left":"0","isLinked":true},"shopengine_download_button_padding_typography_font_family":"Barlow","shopengine_download_button_padding_typography_font_size":{"unit":"px","size":16,"sizes":[]},"shopengine_download_button_padding_typography_font_weight":"600","shopengine_nav_line_color":"#F2F2F2","shopengine_product_nav_typography_font_size_mobile":{"unit":"px","size":20,"sizes":[]},"shopengine_product_tabs_font_family":"Barlow","shopengine_nav_menu_spacing_tablet":{"unit":"px","size":20,"sizes":[]},"shopengine_tab_nav_padding":{"unit":"px","top":"30","right":"60","bottom":"30","left":"60","isLinked":false},"shopengine_tab_nav_padding_tablet":{"unit":"px","top":"30","right":"30","bottom":"30","left":"30","isLinked":true},"shopengine_product_tab_ainfo_typography_font_size":{"unit":"px","size":16,"sizes":[]},"shopengine_product_nav_typography_line_height":{"unit":"px","size":22,"sizes":[]},"shopengine_product_tab_submit_button_border_radius":{"unit":"px","top":"0","right":"0","bottom":"0","left":"0","isLinked":true},"shopengine_product_tab_ainfo_typography_font_style":"normal","shopengine_nav_menu_spacing_mobile":{"unit":"px","size":10,"sizes":[]},"shopengine_product_tab_content_wrap_padding_mobile":{"unit":"px","top":"20","right":"20","bottom":"20","left":"20","isLinked":true},"shopengine_product_tab_ainfo_typography_font_weight":"500","shopengine_product_tab_ainfo_tcell_divider_color":"#F2F2F2","shopengine_product_tab_ainfo_label_color":"#101010","shopengine_product_tab_label_typography_font_weight":"500","shopengine_product_tab_input_clr":"#101010","shopengine_review_label_input_typography_font_weight":"400","shopengine_product_tab_content_title_show":""},"elements":[],"isInner":false,"widgetType":"shopengine-product-tabs","elType":"widget"}],"isInner":true,"elType":"column"}],"isInner":true,"elType":"section"}],"isInner":false,"elType":"column"}],"isInner":false,"elType":"section"},{"id":"427f39d8","settings":{"padding":{"unit":"px","top":"80","right":"0","bottom":"120","left":"0","isLinked":false},"ekit_all_conditions_list":[{"_id":"0bbd866"}],"ekit_section_parallax_multi_items":[]},"elements":[{"id":"2fbc34ab","settings":{"_column_size":100,"_inline_size":null,"ekit_all_conditions_list":[{"_id":"80a3bbb"}],"space_between_widgets":0,"padding":{"unit":"px","top":"0","right":"15","bottom":"0","left":"15","isLinked":false}},"elements":[{"id":"7656b988","settings":{"title":"Recently Viewed Products","typography_typography":"custom","typography_font_family":"Roboto","typography_font_size_mobile":{"unit":"px","size":26,"sizes":[]},"typography_font_weight":"600","_padding":{"unit":"px","top":"0","right":"0","bottom":"30","left":"0","isLinked":false},"ekit_all_conditions_list":[{"_id":"04fda30"}],"ekit_adv_tooltip_content":"Tooltip Content.","__globals__":{"title_color":""},"typography_font_size":{"unit":"px","size":30,"sizes":[]},"title_color":"#161C2D"},"elements":[],"isInner":false,"widgetType":"heading","elType":"widget"},{"id":"1c3abdd4","settings":{"products_per_page":12,"column_mobile":2,"ekit_all_conditions_list":[{"_id":"8c68c7f"}],"ekit_adv_tooltip_content":"Tooltip Content."},"elements":[],"isInner":false,"widgetType":"shopengine-recently-viewed-products","elType":"widget"}],"isInner":false,"elType":"column"}],"isInner":false,"elType":"section"}],"page_settings":{"eael_ext_toc_title":"Table of Contents"},"version":"0.4","title":"single 1","type":"page"}