{"content":[{"id":"764e55eb","settings":{"ekit_all_conditions_list":[{"_id":"ca87791"}],"ekit_section_parallax_multi_items":[],"margin":{"unit":"px","top":"0","right":0,"bottom":"0","left":0,"isLinked":false},"margin_tablet":{"unit":"px","top":"","right":0,"bottom":"","left":0,"isLinked":true},"padding":{"unit":"px","top":"73","right":"0","bottom":"85","left":"0","isLinked":false},"background_background":"classic","background_color":"#00197A","shopengine_multistep_next_button_text":"Next","shopengine_multistep_previous_button_text":"Previous","content_width":{"unit":"px","size":1230,"sizes":[]},"background_image":{"url":"","id":"","alt":"","source":"library"},"background_position":"initial","background_ypos":{"unit":"px","size":-70,"sizes":[]},"background_repeat":"no-repeat","background_size":"cover","background_overlay_background":"classic","background_overlay_image":{"url":"https:\/\/wpmet.com\/plugin\/shopengine\/demos\/wp-content\/uploads\/sites\/2\/2021\/10\/checkout_bg_05.jpg","id":5605,"alt":"","source":"library"},"background_overlay_position":"initial","background_overlay_ypos":{"unit":"px","size":-75,"sizes":[]},"background_overlay_repeat":"no-repeat","background_overlay_size":"cover","background_overlay_opacity":{"unit":"px","size":0.299999999999999988897769753748434595763683319091796875,"sizes":[]},"overlay_blend_mode":"luminosity"},"elements":[{"id":"64142193","settings":{"_column_size":100,"_inline_size":null,"ekit_all_conditions_list":[{"_id":"b3af7a1"}],"space_between_widgets":0,"padding":{"unit":"px","top":"0","right":"15","bottom":"0","left":"15","isLinked":false}},"elements":[{"id":"746ddbe8","settings":{"title":"Checkout","header_size":"h1","align":"center","title_color":"#FFFFFF","typography_typography":"custom","typography_font_family":"Inter","typography_font_size":{"unit":"px","size":60,"sizes":[]},"typography_font_weight":"700","typography_line_height":{"unit":"px","size":73,"sizes":[]},"ekit_all_conditions_list":[{"_id":"e1fe894"}],"ekit_adv_tooltip_content":"Tooltip Content.","typography_text_transform":"capitalize"},"elements":[],"isInner":false,"widgetType":"heading","elType":"widget"},{"id":"7f6c9144","settings":{"view":"inline","icon_list":[{"text":"Home","selected_icon":{"value":"","library":""},"_id":"62f6f27","link":{"url":"https:\/\/wpmet.com\/plugin\/shopengine\/","is_external":"","nofollow":"","custom_attributes":""}},{"_id":"db998f8","text":"Shopping","selected_icon":{"value":"fas fa-circle","library":"fa-solid"},"link":{"url":"#","is_external":"","nofollow":"","custom_attributes":""}},{"text":"Checkout","selected_icon":{"value":"fas fa-circle","library":"fa-solid"},"_id":"73eacaa"}],"space_between":{"unit":"px","size":10,"sizes":[]},"icon_align":"center","icon_color":"#FFFFFF","icon_size":{"unit":"px","size":4,"sizes":[]},"icon_self_align":"center","text_color":"#FFFFFF","text_indent":{"unit":"px","size":10,"sizes":[]},"icon_typography_typography":"custom","icon_typography_font_family":"Inter","icon_typography_font_size":{"unit":"px","size":14,"sizes":[]},"icon_typography_font_weight":"500","icon_typography_line_height":{"unit":"px","size":17,"sizes":[]},"_margin":{"unit":"px","top":"2","right":"0","bottom":"0","left":"0","isLinked":false},"ekit_all_conditions_list":[{"_id":"0ad817e"}],"ekit_adv_tooltip_content":"Tooltip Content."},"elements":[],"isInner":false,"widgetType":"icon-list","elType":"widget"}],"isInner":false,"elType":"column"}],"isInner":false,"elType":"section"},{"id":"14e9c21c","settings":{"shopengine_multistep_next_button_text":"Next","shopengine_multistep_previous_button_text":"Previous","ekit_all_conditions_list":[{"_id":"7961c26"}],"ekit_section_parallax_multi_items":[],"content_width":{"unit":"px","size":1230,"sizes":[]}},"elements":[{"id":"24eea097","settings":{"_column_size":100,"_inline_size":null,"ekit_all_conditions_list":[{"_id":"4129aad"}],"space_between_widgets":0,"padding":{"unit":"px","top":"0","right":"15","bottom":"0","left":"15","isLinked":false}},"elements":[{"id":"79c1d68e","settings":{"ekit_all_conditions_list":[{"_id":"25206a1"}],"ekit_adv_tooltip_content":"Tooltip Content.","_margin":{"unit":"px","top":"0","right":"0","bottom":"-34","left":"0","isLinked":false}},"elements":[],"isInner":false,"widgetType":"shopengine-notice","elType":"widget"}],"isInner":false,"elType":"column"}],"isInner":false,"elType":"section"},{"id":"4dc97a1a","settings":{"structure":"20","ekit_all_conditions_list":[{"_id":"2421c3a"}],"ekit_section_parallax_multi_items":[],"margin":{"unit":"px","top":"0","right":0,"bottom":"0","left":0,"isLinked":false},"margin_tablet":{"unit":"px","top":"0","right":0,"bottom":"0","left":0,"isLinked":false},"margin_mobile":{"unit":"px","top":"0","right":0,"bottom":"0","left":0,"isLinked":false},"padding":{"unit":"px","top":"114","right":"0","bottom":"89","left":"0","isLinked":false},"padding_tablet":{"unit":"px","top":"095","right":"0","bottom":"70","left":"0","isLinked":false},"padding_mobile":{"unit":"px","top":"45","right":"0","bottom":"50","left":"0","isLinked":false},"background_background":"classic","background_color":"#FFFFFF","shopengine_multistep_next_button_text":"Next","shopengine_multistep_previous_button_text":"Previous"},"elements":[{"id":"72ef4b29","settings":{"_column_size":50,"_inline_size":null,"padding":{"unit":"px","top":"0","right":"25","bottom":"0","left":"15","isLinked":false},"ekit_all_conditions_list":[{"_id":"b84cd32"}],"padding_tablet":{"unit":"px","top":"0","right":"15","bottom":"0","left":"15","isLinked":false},"space_between_widgets":0,"padding_mobile":{"unit":"px","top":"0","right":"0","bottom":"0","left":"0","isLinked":true}},"elements":[{"id":"4b085fa3","settings":{"shopengine_title_margin":{"unit":"px","top":"0","right":"0","bottom":"14","left":"0","isLinked":false},"shopengine_form_container_background":"","shopengine_form_container_padding":{"unit":"px","top":"0","right":"0","bottom":"0","left":"0","isLinked":true},"shopengine_input_padding":{"unit":"px","top":"15","right":"16","bottom":"14","left":"16","isLinked":false},"shopengine_input_margin":{"unit":"px","top":"0","right":"0","bottom":"0","left":"0","isLinked":false},"_margin":{"unit":"px","top":"0","right":"0","bottom":"0","left":"0","isLinked":false},"_padding":{"unit":"px","top":"0","right":"0","bottom":"0","left":"0","isLinked":false},"ekit_all_conditions_list":[{"_id":"8283a80"}],"ekit_adv_tooltip_content":"Tooltip Content.","shopengine_label_font_size":{"unit":"px","size":15,"sizes":[]},"shopengine_typography_primary_font_size":{"unit":"px","size":15,"sizes":[]},"shopengine_typography_primary_font_weight":"500","shopengine_title_font_size":{"unit":"px","size":18,"sizes":[]},"shopengine_form_container_padding_mobile":{"unit":"px","top":"20","right":"20","bottom":"20","left":"20","isLinked":true},"shopengine_typography_primary_line_height":{"unit":"px","size":18,"sizes":[]},"shopengine_title_margin_mobile":{"unit":"px","top":"0","right":"0","bottom":"0","left":"18","isLinked":false},"shopengine_input_font_size":{"unit":"px","size":14,"sizes":[]},"shopengine_input_border_width":{"unit":"px","top":"1","right":"1","bottom":"1","left":"1","isLinked":true},"shopengine_input_border_color":"#DFE1E5","shopengine_checkout_form_billing_input_border_radius":{"unit":"px","top":"6","right":"6","bottom":"6","left":"6","isLinked":true},"shopengine_typography_primary_font_family":"Inter","shopengine_typography_seconday_font_family":"Inter"},"elements":[],"isInner":false,"widgetType":"shopengine-checkout-form-billing","elType":"widget"},{"id":"2a2a36a0","settings":{"ekit_all_conditions_list":[{"_id":"be76131"}],"ekit_adv_tooltip_content":"Tooltip Content.","shopengine_checkout_form_additional_heading":"","shopengine_checkout_form_additional_heading_size":{"unit":"px","size":18,"sizes":[]},"shopengine_orders_body_text_typography_font_weight":"600","shopengine_checkout_form_additional_textarea_typography_font_size":{"unit":"px","size":15,"sizes":[]},"shopengine_checkout_form_additional_font_family":"Barlow","_margin":{"unit":"px","top":"4","right":"0","bottom":"0","left":"0","isLinked":false},"_padding_mobile":{"unit":"px","top":"0","right":"15","bottom":"0","left":"15","isLinked":false},"shopengine_checkout_form_additional_textarea_height":{"unit":"px","size":200,"sizes":[]},"shopengine_checkout_form_additional_border_color":"#DFE1E5","shopengine_checkout_form_additional_textarea_focus_color":"#DFE1E5","shopengine_checkout_form_additional_border_radius":{"unit":"px","top":"6","right":"6","bottom":"6","left":"6","isLinked":true}},"elements":[],"isInner":false,"widgetType":"shopengine-checkout-form-additional","elType":"widget"},{"id":"285c26f7","settings":{"_padding":{"unit":"px","top":"25","right":"0","bottom":"0","left":"0","isLinked":false},"ekit_all_conditions_list":[{"_id":"417eb64"}],"ekit_adv_tooltip_content":"Tooltip Content.","shopengine_form_container_background":"#FFFFFF","shopengine_label_font_sizx":{"unit":"px","size":15,"sizes":[]},"shopengine_typography_primary_font_family":"Inter","shopengine_typography_seconday_font_family":"Inter","shopengine_form_container_padding":{"unit":"px","top":"25","right":"0","bottom":"25","left":"0","isLinked":false},"shopengine_title_font_size":{"unit":"px","size":14,"sizes":[]},"shopengine_input_border_color":"#DFE1E5"},"elements":[],"isInner":false,"widgetType":"shopengine-checkout-form-shipping","elType":"widget"}],"isInner":false,"elType":"column"},{"id":"7dcda954","settings":{"_column_size":50,"_inline_size":null,"padding":{"unit":"px","top":"0","right":"15","bottom":"0","left":"25","isLinked":false},"ekit_all_conditions_list":[{"_id":"4b704ea"}],"background_background":"classic","padding_tablet":{"unit":"px","top":"0","right":"15","bottom":"0","left":"15","isLinked":false},"margin_mobile":{"unit":"px","top":"20","right":"0","bottom":"0","left":"0","isLinked":false},"space_between_widgets":0,"padding_mobile":{"unit":"px","top":"0","right":"0","bottom":"0","left":"0","isLinked":true}},"elements":[{"id":"8e4502","settings":{"title":"order details","title_color":"#333333","typography_typography":"custom","typography_font_family":"Barlow","typography_font_size":{"unit":"px","size":18,"sizes":[]},"typography_font_weight":"600","typography_text_transform":"uppercase","typography_line_height":{"unit":"px","size":22,"sizes":[]},"_margin":{"unit":"px","top":"0","right":"0","bottom":"30","left":"0","isLinked":false},"ekit_all_conditions_list":[{"_id":"8841c35"}],"ekit_adv_tooltip_content":"Tooltip Content."},"elements":[],"isInner":false,"widgetType":"heading","elType":"widget"},{"id":"123bf159","settings":{"shopengine_orders_header_text_typography_font_size":{"unit":"px","size":15,"sizes":[]},"shopengine_orders_header_text_typography_font_weight":"500","shopengine_orders_header_text_typography_line_height":{"unit":"px","size":18,"sizes":[]},"shopengine_download_body_row_border_width":{"unit":"px","top":0,"right":0,"bottom":"0","left":0,"isLinked":true},"_background_color":"#F7F8FB","ekit_all_conditions_list":[{"_id":"263cfc6"}],"ekit_adv_tooltip_content":"Tooltip Content.","shopengine_checkout_order_review_horizontial_padding":{"unit":"px","size":30,"sizes":[]},"shopengine_footer_color_border_width":{"unit":"px","top":0,"right":0,"bottom":"0","left":0,"isLinked":true},"shopengine_download_body_row_border_color":"","shopengine_orders_body_text_typography_font_family":"Rubik","shopengine_orders_body_text_typography_font_size":{"unit":"px","size":14,"sizes":[]},"shopengine_orders_body_text_typography_line_height":{"unit":"px","size":14,"sizes":[]},"_padding":{"unit":"px","top":"30","right":"30","bottom":"0","left":"30","isLinked":false},"shopengine_table_heading_data_padding":{"unit":"px","top":"0","right":"0","bottom":"18","left":"0","isLinked":false},"shopengine_table_heading_border_color":"#0000001A","shopengine_table_body_data_padding":{"unit":"px","top":"0","right":"0","bottom":"2","left":"0","isLinked":false},"shopengine_footer_row_border_color":"#0000001A","shopengine_footer_row_border_last_child":"","_background_background":"classic","shopengine_table_header_padding":{"unit":"px","top":"0","right":"0","bottom":"14","left":"0","isLinked":false},"shopengine_orders_body_background":"","shopengine_table_footer_data_padding":{"unit":"px","top":"22","right":"0","bottom":"22","left":"0","isLinked":false},"__globals__":{"shopengine_orders_body_background":""},"shopengine_table_header_spacing":{"unit":"px","size":26,"sizes":[]},"shopengine_table_body_spacing":{"unit":"px","size":4,"sizes":[]},"shopengine_footer_color_typography_font_size":{"unit":"px","size":15,"sizes":[]},"shopengine_footer_color_typography_font_weight":"600","shopengine_checkout_review_order_font_family":"Barlow"},"elements":[],"isInner":false,"widgetType":"shopengine-checkout-review-order","elType":"widget"},{"id":"19a0f23e","settings":{"shopengine_payment_divider_clr":"#F7F8FB","shopengine_checkout_payment_container_bg":"#F7F8FB","ekit_all_conditions_list":[{"_id":"83cb1c5"}],"ekit_adv_tooltip_content":"Tooltip Content.","shopengine_checkout_payment_container_padding":{"unit":"px","top":"10","right":"30","bottom":"30","left":"30","isLinked":false},"_padding":{"unit":"px","top":"26","right":"30","bottom":"30","left":"30","isLinked":false},"shopengine_payment_order_button_radius":{"unit":"px","top":"0","right":"0","bottom":"0","left":"0","isLinked":true},"shopengine_payment_checkbox_normal_color":"#505255","shopengine_payment_checkbox_checked_color":"#3A3A3A","shopengine_payment_order_button_tabs_normal_clr":"#FFFFFF","shopengine_payment_order_button_padding":{"unit":"px","top":"16","right":"15","bottom":"16","left":"15","isLinked":false},"shopengine_payment_label_typography_font_size":{"unit":"px","size":14,"sizes":[]},"shopengine_payment_content_typography_font_size":{"unit":"px","size":13,"sizes":[]},"shopengine_payment_label_typography_font_family":"Barlow","shopengine_payment_label_typography_font_weight":"400","shopengine_payment_content_typography_line_height":{"unit":"px","size":14,"sizes":[]},"shopengine_payment_methods_list_padding":{"unit":"px","top":"0","right":"0","bottom":"15","left":"0","isLinked":false},"shopengine_payment_order_button_typography_font_family":"Barlow","shopengine_payment_order_button_typography_font_size":{"unit":"px","size":16,"sizes":[]},"shopengine_payment_order_button_typography_text_transform":"capitalize","shopengine_payment_order_button_shadow_box_shadow_type":"yes","shopengine_payment_order_button_shadow_box_shadow":{"horizontal":0,"vertical":0,"blur":"","spread":0,"color":"rgba(0,0,0,0.5)"},"shopengine_payment_order_button_wrap_margin":{"unit":"px","top":"0","right":"0","bottom":"0","left":"0","isLinked":true},"_background_background":"classic","_background_color":"#F7F8FB","custom_css":"selector .shopengine-widget .shopengine-checkout-payment #payment .wc_payment_method label img,rnselector .shopengine-widget .shopengine-checkout-payment #payment .woocommerce-terms-and-conditions-wrapper label img {rn  display: none;rn}","shopengine_payment_methods_checkbox_position_y":{"unit":"px","size":1,"sizes":[]},"shopengine_payment_url_clr":"#000000","shopengine_archive_products_font_family":"Barlow","_margin":{"unit":"px","top":"2","right":"0","bottom":"0","left":"0","isLinked":false},"shopengine_payment_method_radio_input_color":"#2851F3"},"elements":[],"isInner":false,"widgetType":"shopengine-checkout-payment","elType":"widget"}],"isInner":false,"elType":"column"}],"isInner":false,"elType":"section"}],"page_settings":{"eael_ext_toc_title":"Table of Contents"},"version":"0.4","title":"Checkout design 1","type":"page"}