{"v":"5.6.2","fr":24,"ip":0,"op":48,"w":1024,"h":1024,"nm":"crown","ddd":0,"assets":[{"id":"comp_0","layers":[{"ddd":0,"ind":1,"ty":4,"nm":"Shine 4","parent":6,"sr":1,"ks":{"o":{"a":0,"k":100,"ix":11},"r":{"a":0,"k":0,"ix":10},"p":{"a":0,"k":[309.261,-358.478,0],"ix":2},"a":{"a":0,"k":[-1.195,15.086,0],"ix":1},"s":{"a":0,"k":[1400,1400,100],"ix":6}},"ao":0,"shapes":[{"ty":"gr","it":[{"ty":"sr","sy":1,"d":1,"pt":{"a":0,"k":4,"ix":3},"p":{"a":0,"k":[0,0],"ix":4},"r":{"a":0,"k":0,"ix":5},"ir":{"a":0,"k":1,"ix":6},"is":{"a":0,"k":144,"ix":8},"or":{"a":0,"k":5,"ix":7},"os":{"a":0,"k":28,"ix":9},"ix":1,"nm":"Polystar Path 1","mn":"ADBE Vector Shape - Star","hd":false},{"ty":"fl","c":{"a":0,"k":[1,1,1,1],"ix":4},"o":{"a":0,"k":100,"ix":5},"r":1,"bm":0,"nm":"Fill 1","mn":"ADBE Vector Graphic - Fill","hd":false},{"ty":"tr","p":{"a":0,"k":[-1.311,15.198],"ix":2},"a":{"a":0,"k":[-0.124,0.104],"ix":1},"s":{"a":1,"k":[{"i":{"x":[0.266,0.266],"y":[1,1]},"o":{"x":[0.333,0.333],"y":[0,0]},"t":20,"s":[0,0]},{"i":{"x":[0.667,0.667],"y":[1,1]},"o":{"x":[0.739,0.739],"y":[0,0]},"t":30,"s":[100,100]},{"t":40,"s":[0,0]}],"ix":3},"r":{"a":1,"k":[{"i":{"x":[0.667],"y":[1]},"o":{"x":[0.333],"y":[0]},"t":20,"s":[17]},{"t":40,"s":[-20]}],"ix":6},"o":{"a":0,"k":100,"ix":7},"sk":{"a":0,"k":0,"ix":4},"sa":{"a":0,"k":0,"ix":5},"nm":"Transform"}],"nm":"Group 3","np":2,"cix":2,"bm":0,"ix":1,"mn":"ADBE Vector Group","hd":false}],"ip":20,"op":40,"st":-26,"bm":0},{"ddd":0,"ind":2,"ty":4,"nm":"Shine 3","parent":6,"sr":1,"ks":{"o":{"a":0,"k":100,"ix":11},"r":{"a":0,"k":0,"ix":10},"p":{"a":0,"k":[-328.739,-280.478,0],"ix":2},"a":{"a":0,"k":[-1.195,15.086,0],"ix":1},"s":{"a":0,"k":[1400,1400,100],"ix":6}},"ao":0,"shapes":[{"ty":"gr","it":[{"ty":"sr","sy":1,"d":1,"pt":{"a":0,"k":4,"ix":3},"p":{"a":0,"k":[0,0],"ix":4},"r":{"a":0,"k":0,"ix":5},"ir":{"a":0,"k":1,"ix":6},"is":{"a":0,"k":144,"ix":8},"or":{"a":0,"k":5,"ix":7},"os":{"a":0,"k":28,"ix":9},"ix":1,"nm":"Polystar Path 1","mn":"ADBE Vector Shape - Star","hd":false},{"ty":"fl","c":{"a":0,"k":[1,1,1,1],"ix":4},"o":{"a":0,"k":100,"ix":5},"r":1,"bm":0,"nm":"Fill 1","mn":"ADBE Vector Graphic - Fill","hd":false},{"ty":"tr","p":{"a":0,"k":[-1.311,15.198],"ix":2},"a":{"a":0,"k":[-0.124,0.104],"ix":1},"s":{"a":1,"k":[{"i":{"x":[0.266,0.266],"y":[1,1]},"o":{"x":[0.333,0.333],"y":[0,0]},"t":28,"s":[0,0]},{"i":{"x":[0.667,0.667],"y":[1,1]},"o":{"x":[0.739,0.739],"y":[0,0]},"t":38,"s":[100,100]},{"t":48,"s":[0,0]}],"ix":3},"r":{"a":1,"k":[{"i":{"x":[0.667],"y":[1]},"o":{"x":[0.333],"y":[0]},"t":28,"s":[17]},{"t":48,"s":[-20]}],"ix":6},"o":{"a":0,"k":100,"ix":7},"sk":{"a":0,"k":0,"ix":4},"sa":{"a":0,"k":0,"ix":5},"nm":"Transform"}],"nm":"Group 3","np":2,"cix":2,"bm":0,"ix":1,"mn":"ADBE Vector Group","hd":false}],"ip":28,"op":48,"st":-18,"bm":0},{"ddd":0,"ind":3,"ty":4,"nm":"Shine 2","parent":6,"sr":1,"ks":{"o":{"a":0,"k":100,"ix":11},"r":{"a":0,"k":0,"ix":10},"p":{"a":0,"k":[37.261,-120.478,0],"ix":2},"a":{"a":0,"k":[-1.195,15.086,0],"ix":1},"s":{"a":0,"k":[1400,1400,100],"ix":6}},"ao":0,"shapes":[{"ty":"gr","it":[{"ty":"sr","sy":1,"d":1,"pt":{"a":0,"k":4,"ix":3},"p":{"a":0,"k":[0,0],"ix":4},"r":{"a":0,"k":0,"ix":5},"ir":{"a":0,"k":1,"ix":6},"is":{"a":0,"k":144,"ix":8},"or":{"a":0,"k":5,"ix":7},"os":{"a":0,"k":28,"ix":9},"ix":1,"nm":"Polystar Path 1","mn":"ADBE Vector Shape - Star","hd":false},{"ty":"fl","c":{"a":0,"k":[1,1,1,1],"ix":4},"o":{"a":0,"k":100,"ix":5},"r":1,"bm":0,"nm":"Fill 1","mn":"ADBE Vector Graphic - Fill","hd":false},{"ty":"tr","p":{"a":0,"k":[-1.311,15.198],"ix":2},"a":{"a":0,"k":[-0.124,0.104],"ix":1},"s":{"a":1,"k":[{"i":{"x":[0.266,0.266],"y":[1,1]},"o":{"x":[0.333,0.333],"y":[0,0]},"t":24,"s":[0,0]},{"i":{"x":[0.667,0.667],"y":[1,1]},"o":{"x":[0.739,0.739],"y":[0,0]},"t":34,"s":[100,100]},{"t":44,"s":[0,0]}],"ix":3},"r":{"a":1,"k":[{"i":{"x":[0.667],"y":[1]},"o":{"x":[0.333],"y":[0]},"t":24,"s":[17]},{"t":44,"s":[-20]}],"ix":6},"o":{"a":0,"k":100,"ix":7},"sk":{"a":0,"k":0,"ix":4},"sa":{"a":0,"k":0,"ix":5},"nm":"Transform"}],"nm":"Group 3","np":2,"cix":2,"bm":0,"ix":1,"mn":"ADBE Vector Group","hd":false}],"ip":24,"op":44,"st":-22,"bm":0},{"ddd":0,"ind":4,"ty":4,"nm":"crown 2","parent":6,"sr":1,"ks":{"o":{"a":0,"k":50,"ix":11},"r":{"a":0,"k":0,"ix":10},"p":{"a":0,"k":[-0.012,-223.677,0],"ix":2},"a":{"a":0,"k":[512,512,0],"ix":1},"s":{"a":0,"k":[106,106,100],"ix":6}},"ao":0,"hasMask":true,"masksProperties":[{"inv":false,"mode":"a","pt":{"a":1,"k":[{"i":{"x":0.667,"y":1},"o":{"x":0.333,"y":0},"t":0,"s":[{"i":[[0,0],[0,0],[0,0],[0,0]],"o":[[0,0],[0,0],[0,0],[0,0]],"v":[[1058.444,118.359],[711.274,1132.74],[897.86,1132.74],[1245.03,118.359]],"c":true}]},{"t":25,"s":[{"i":[[0,0],[0,0],[0,0],[0,0]],"o":[[0,0],[0,0],[0,0],[0,0]],"v":[[12.313,-68.336],[-334.857,946.046],[-148.271,946.046],[198.898,-68.336]],"c":true}]}],"ix":1},"o":{"a":0,"k":100,"ix":3},"x":{"a":0,"k":0,"ix":4},"nm":"Mask 1"}],"shapes":[{"ty":"gr","it":[{"ty":"gr","it":[{"ind":0,"ty":"sh","ix":1,"ks":{"a":1,"k":[{"i":{"x":0.833,"y":0.833},"o":{"x":0.333,"y":0},"t":0,"s":[{"i":[[0,0],[0,0],[0,0]],"o":[[0,0],[0,0],[0,0]],"v":[[3.369,-17.817],[17.071,17.817],[-17.071,17.631]],"c":true}]},{"i":{"x":0.667,"y":1},"o":{"x":0.167,"y":0.167},"t":7,"s":[{"i":[[0,0],[0,0],[0,0]],"o":[[0,0],[0,0],[0,0]],"v":[[22.236,-17.817],[35.939,17.817],[1.797,17.631]],"c":true}]},{"i":{"x":0,"y":1},"o":{"x":0.333,"y":0},"t":17,"s":[{"i":[[0,0],[0,0],[0,0]],"o":[[0,0],[0,0],[0,0]],"v":[[3.369,-17.817],[17.071,17.817],[-17.071,17.631]],"c":true}]},{"t":45,"s":[{"i":[[0,0],[0,0],[0,0]],"o":[[0,0],[0,0],[0,0]],"v":[[3.369,-17.817],[17.071,17.817],[-17.071,17.631]],"c":true}]}],"ix":2},"nm":"Path 1","mn":"ADBE Vector Shape - Group","hd":false},{"ty":"fl","c":{"a":0,"k":[1,1,1,1],"ix":4},"o":{"a":0,"k":100,"ix":5},"r":1,"bm":0,"nm":"Fill 1","mn":"ADBE Vector Graphic - Fill","hd":false},{"ty":"tr","p":{"a":0,"k":[218.486,601.312],"ix":2},"a":{"a":0,"k":[0,0],"ix":1},"s":{"a":0,"k":[100,100],"ix":3},"r":{"a":0,"k":0,"ix":6},"o":{"a":0,"k":100,"ix":7},"sk":{"a":0,"k":0,"ix":4},"sa":{"a":0,"k":0,"ix":5},"nm":"Transform"}],"nm":"Group 1","np":2,"cix":2,"bm":0,"ix":1,"mn":"ADBE Vector Group","hd":false},{"ty":"gr","it":[{"ind":0,"ty":"sh","ix":1,"ks":{"a":1,"k":[{"i":{"x":0.833,"y":0.833},"o":{"x":0.333,"y":0},"t":0,"s":[{"i":[[0,0],[0,0],[0,0],[0,0]],"o":[[0,0],[0,0],[0,0],[0,0]],"v":[[0.856,-44.938],[22.469,-0.965],[2.096,44.938],[-22.469,-0.965]],"c":true}]},{"i":{"x":0.667,"y":1},"o":{"x":0.167,"y":0.167},"t":7,"s":[{"i":[[0,0],[0,0],[0,0],[0,0]],"o":[[0,0],[0,0],[0,0],[0,0]],"v":[[19.724,-44.938],[41.337,-0.965],[20.964,44.938],[-3.601,-0.965]],"c":true}]},{"i":{"x":0,"y":1},"o":{"x":0.333,"y":0},"t":17,"s":[{"i":[[0,0],[0,0],[0,0],[0,0]],"o":[[0,0],[0,0],[0,0],[0,0]],"v":[[0.856,-44.938],[22.469,-0.965],[2.096,44.938],[-22.469,-0.965]],"c":true}]},{"t":45,"s":[{"i":[[0,0],[0,0],[0,0],[0,0]],"o":[[0,0],[0,0],[0,0],[0,0]],"v":[[0.856,-44.938],[22.469,-0.965],[2.096,44.938],[-22.469,-0.965]],"c":true}]}],"ix":2},"nm":"Path 1","mn":"ADBE Vector Shape - Group","hd":false},{"ty":"fl","c":{"a":0,"k":[1,1,1,1],"ix":4},"o":{"a":0,"k":100,"ix":5},"r":1,"bm":0,"nm":"Fill 1","mn":"ADBE Vector Graphic - Fill","hd":false},{"ty":"tr","p":{"a":0,"k":[223.883,619.907],"ix":2},"a":{"a":0,"k":[0,0],"ix":1},"s":{"a":0,"k":[100,100],"ix":3},"r":{"a":0,"k":0,"ix":6},"o":{"a":0,"k":100,"ix":7},"sk":{"a":0,"k":0,"ix":4},"sa":{"a":0,"k":0,"ix":5},"nm":"Transform"}],"nm":"Group 2","np":2,"cix":2,"bm":0,"ix":2,"mn":"ADBE Vector Group","hd":false},{"ty":"gr","it":[{"ind":0,"ty":"sh","ix":1,"ks":{"a":1,"k":[{"i":{"x":0.833,"y":0.833},"o":{"x":0.333,"y":0},"t":0,"s":[{"i":[[0,0],[0,0],[0,0]],"o":[[0,0],[0,0],[0,0]],"v":[[-3.368,-17.817],[-17.06,17.817],[17.06,17.631]],"c":true}]},{"i":{"x":0.667,"y":1},"o":{"x":0.167,"y":0.167},"t":7,"s":[{"i":[[0,0],[0,0],[0,0]],"o":[[0,0],[0,0],[0,0]],"v":[[-1.481,-17.899],[-15.173,17.736],[18.947,17.549]],"c":true}]},{"i":{"x":0,"y":1},"o":{"x":0.333,"y":0},"t":17,"s":[{"i":[[0,0],[0,0],[0,0]],"o":[[0,0],[0,0],[0,0]],"v":[[-41.103,-17.817],[-54.796,17.817],[-20.676,17.631]],"c":true}]},{"t":45,"s":[{"i":[[0,0],[0,0],[0,0]],"o":[[0,0],[0,0],[0,0]],"v":[[-3.367,-17.817],[-17.06,17.817],[17.06,17.631]],"c":true}]}],"ix":2},"nm":"Path 1","mn":"ADBE Vector Shape - Group","hd":false},{"ty":"fl","c":{"a":0,"k":[1,1,1,1],"ix":4},"o":{"a":0,"k":100,"ix":5},"r":1,"bm":0,"nm":"Fill 1","mn":"ADBE Vector Graphic - Fill","hd":false},{"ty":"tr","p":{"a":0,"k":[805.526,601.312],"ix":2},"a":{"a":0,"k":[0,0],"ix":1},"s":{"a":0,"k":[100,100],"ix":3},"r":{"a":0,"k":0,"ix":6},"o":{"a":0,"k":100,"ix":7},"sk":{"a":0,"k":0,"ix":4},"sa":{"a":0,"k":0,"ix":5},"nm":"Transform"}],"nm":"Group 3","np":2,"cix":2,"bm":0,"ix":3,"mn":"ADBE Vector Group","hd":false},{"ty":"gr","it":[{"ind":0,"ty":"sh","ix":1,"ks":{"a":1,"k":[{"i":{"x":0.833,"y":0.833},"o":{"x":0.333,"y":0},"t":0,"s":[{"i":[[0,0],[0,0],[0,0],[0,0]],"o":[[0,0],[0,0],[0,0],[0,0]],"v":[[-0.855,-44.938],[-22.469,-0.965],[-2.106,44.938],[22.469,-0.965]],"c":true}]},{"i":{"x":0.667,"y":1},"o":{"x":0.167,"y":0.167},"t":7,"s":[{"i":[[0,0],[0,0],[0,0],[0,0]],"o":[[0,0],[0,0],[0,0],[0,0]],"v":[[1.032,-45.019],[-20.582,-1.046],[-0.22,44.856],[24.356,-1.046]],"c":true}]},{"i":{"x":0,"y":1},"o":{"x":0.333,"y":0},"t":17,"s":[{"i":[[0,0],[0,0],[0,0],[0,0]],"o":[[0,0],[0,0],[0,0],[0,0]],"v":[[-38.591,-44.938],[-60.205,-0.965],[-39.842,44.938],[-15.267,-0.965]],"c":true}]},{"t":45,"s":[{"i":[[0,0],[0,0],[0,0],[0,0]],"o":[[0,0],[0,0],[0,0],[0,0]],"v":[[-0.855,-44.938],[-22.469,-0.965],[-2.106,44.938],[22.469,-0.965]],"c":true}]}],"ix":2},"nm":"Path 1","mn":"ADBE Vector Shape - Group","hd":false},{"ty":"fl","c":{"a":0,"k":[1,1,1,1],"ix":4},"o":{"a":0,"k":100,"ix":5},"r":1,"bm":0,"nm":"Fill 1","mn":"ADBE Vector Graphic - Fill","hd":false},{"ty":"tr","p":{"a":0,"k":[800.117,619.907],"ix":2},"a":{"a":0,"k":[0,0],"ix":1},"s":{"a":0,"k":[100,100],"ix":3},"r":{"a":0,"k":0,"ix":6},"o":{"a":0,"k":100,"ix":7},"sk":{"a":0,"k":0,"ix":4},"sa":{"a":0,"k":0,"ix":5},"nm":"Transform"}],"nm":"Group 4","np":2,"cix":2,"bm":0,"ix":4,"mn":"ADBE Vector Group","hd":false},{"ty":"gr","it":[{"ind":0,"ty":"sh","ix":1,"ks":{"a":1,"k":[{"i":{"x":0.833,"y":0.833},"o":{"x":0.333,"y":0},"t":0,"s":[{"i":[[0,0],[0,0],[0,0]],"o":[[0,0],[0,0],[0,0]],"v":[[0.33,-13.769],[-23.434,13.769],[23.434,13.769]],"c":true}]},{"i":{"x":0.667,"y":1},"o":{"x":0.167,"y":0.167},"t":7,"s":[{"i":[[0,0],[0,0],[0,0]],"o":[[0,0],[0,0],[0,0]],"v":[[28.632,-13.769],[4.868,13.769],[51.736,13.769]],"c":true}]},{"i":{"x":0,"y":1},"o":{"x":0.333,"y":0},"t":17,"s":[{"i":[[0,0],[0,0],[0,0]],"o":[[0,0],[0,0],[0,0]],"v":[[-56.274,-13.769],[-80.038,13.769],[-33.169,13.769]],"c":true}]},{"t":45,"s":[{"i":[[0,0],[0,0],[0,0]],"o":[[0,0],[0,0],[0,0]],"v":[[0.33,-13.769],[-23.434,13.769],[23.434,13.769]],"c":true}]}],"ix":2},"nm":"Path 1","mn":"ADBE Vector Shape - Group","hd":false},{"ty":"fl","c":{"a":0,"k":[1,1,1,1],"ix":4},"o":{"a":0,"k":100,"ix":5},"r":1,"bm":0,"nm":"Fill 1","mn":"ADBE Vector Graphic - Fill","hd":false},{"ty":"tr","p":{"a":0,"k":[685.513,619.951],"ix":2},"a":{"a":0,"k":[0,0],"ix":1},"s":{"a":0,"k":[100,100],"ix":3},"r":{"a":0,"k":0,"ix":6},"o":{"a":0,"k":100,"ix":7},"sk":{"a":0,"k":0,"ix":4},"sa":{"a":0,"k":0,"ix":5},"nm":"Transform"}],"nm":"Group 5","np":2,"cix":2,"bm":0,"ix":5,"mn":"ADBE Vector Group","hd":false},{"ty":"gr","it":[{"ind":0,"ty":"sh","ix":1,"ks":{"a":1,"k":[{"i":{"x":0.833,"y":0.833},"o":{"x":0.333,"y":0},"t":0,"s":[{"i":[[0,0],[0,0],[0,0],[0,0]],"o":[[0,0],[0,0],[0,0],[0,0]],"v":[[0.417,-33.703],[-28.086,-0.723],[0.417,33.703],[28.086,-0.723]],"c":true}]},{"i":{"x":0.667,"y":1},"o":{"x":0.167,"y":0.167},"t":7,"s":[{"i":[[0,0],[0,0],[0,0],[0,0]],"o":[[0,0],[0,0],[0,0],[0,0]],"v":[[28.719,-33.703],[0.216,-0.723],[28.719,33.703],[56.388,-0.723]],"c":true}]},{"i":{"x":0,"y":1},"o":{"x":0.333,"y":0},"t":17,"s":[{"i":[[0,0],[0,0],[0,0],[0,0]],"o":[[0,0],[0,0],[0,0],[0,0]],"v":[[-56.187,-33.703],[-84.69,-0.724],[-56.187,33.703],[-28.518,-0.724]],"c":true}]},{"t":45,"s":[{"i":[[0,0],[0,0],[0,0],[0,0]],"o":[[0,0],[0,0],[0,0],[0,0]],"v":[[0.417,-33.703],[-28.086,-0.724],[0.417,33.703],[28.086,-0.724]],"c":true}]}],"ix":2},"nm":"Path 1","mn":"ADBE Vector Shape - Group","hd":false},{"ty":"fl","c":{"a":0,"k":[1,1,1,1],"ix":4},"o":{"a":0,"k":100,"ix":5},"r":1,"bm":0,"nm":"Fill 1","mn":"ADBE Vector Graphic - Fill","hd":false},{"ty":"tr","p":{"a":0,"k":[685.514,634.301],"ix":2},"a":{"a":0,"k":[0,0],"ix":1},"s":{"a":0,"k":[100,100],"ix":3},"r":{"a":0,"k":0,"ix":6},"o":{"a":0,"k":100,"ix":7},"sk":{"a":0,"k":0,"ix":4},"sa":{"a":0,"k":0,"ix":5},"nm":"Transform"}],"nm":"Group 6","np":2,"cix":2,"bm":0,"ix":6,"mn":"ADBE Vector Group","hd":false},{"ty":"gr","it":[{"ind":0,"ty":"sh","ix":1,"ks":{"a":1,"k":[{"i":{"x":0.833,"y":0.833},"o":{"x":0.333,"y":0},"t":0,"s":[{"i":[[0,0],[0,0],[0,0]],"o":[[0,0],[0,0],[0,0]],"v":[[0.33,-13.769],[-23.434,13.769],[23.434,13.769]],"c":true}]},{"i":{"x":0.667,"y":1},"o":{"x":0.167,"y":0.167},"t":7,"s":[{"i":[[0,0],[0,0],[0,0]],"o":[[0,0],[0,0],[0,0]],"v":[[56.934,-13.769],[33.169,13.769],[80.038,13.769]],"c":true}]},{"i":{"x":0,"y":1},"o":{"x":0.333,"y":0},"t":17,"s":[{"i":[[0,0],[0,0],[0,0]],"o":[[0,0],[0,0],[0,0]],"v":[[-46.84,-13.769],[-70.604,13.769],[-23.735,13.769]],"c":true}]},{"t":45,"s":[{"i":[[0,0],[0,0],[0,0]],"o":[[0,0],[0,0],[0,0]],"v":[[0.33,-13.769],[-23.434,13.769],[23.434,13.769]],"c":true}]}],"ix":2},"nm":"Path 1","mn":"ADBE Vector Shape - Group","hd":false},{"ty":"fl","c":{"a":0,"k":[1,1,1,1],"ix":4},"o":{"a":0,"k":100,"ix":5},"r":1,"bm":0,"nm":"Fill 1","mn":"ADBE Vector Graphic - Fill","hd":false},{"ty":"tr","p":{"a":0,"k":[338.465,619.951],"ix":2},"a":{"a":0,"k":[0,0],"ix":1},"s":{"a":0,"k":[100,100],"ix":3},"r":{"a":0,"k":0,"ix":6},"o":{"a":0,"k":100,"ix":7},"sk":{"a":0,"k":0,"ix":4},"sa":{"a":0,"k":0,"ix":5},"nm":"Transform"}],"nm":"Group 7","np":2,"cix":2,"bm":0,"ix":7,"mn":"ADBE Vector Group","hd":false},{"ty":"gr","it":[{"ind":0,"ty":"sh","ix":1,"ks":{"a":1,"k":[{"i":{"x":0.833,"y":0.833},"o":{"x":0.333,"y":0},"t":0,"s":[{"i":[[0,0],[0,0],[0,0],[0,0]],"o":[[0,0],[0,0],[0,0],[0,0]],"v":[[0.383,-33.703],[-28.086,-0.723],[0.383,33.703],[28.086,-0.723]],"c":true}]},{"i":{"x":0.667,"y":1},"o":{"x":0.167,"y":0.167},"t":7,"s":[{"i":[[0,0],[0,0],[0,0],[0,0]],"o":[[0,0],[0,0],[0,0],[0,0]],"v":[[56.987,-33.703],[28.518,-0.723],[56.987,33.703],[84.69,-0.723]],"c":true}]},{"i":{"x":0,"y":1},"o":{"x":0.333,"y":0},"t":17,"s":[{"i":[[0,0],[0,0],[0,0],[0,0]],"o":[[0,0],[0,0],[0,0],[0,0]],"v":[[-46.787,-33.703],[-75.256,-0.724],[-46.787,33.703],[-19.084,-0.724]],"c":true}]},{"t":45,"s":[{"i":[[0,0],[0,0],[0,0],[0,0]],"o":[[0,0],[0,0],[0,0],[0,0]],"v":[[0.383,-33.703],[-28.086,-0.724],[0.383,33.703],[28.086,-0.724]],"c":true}]}],"ix":2},"nm":"Path 1","mn":"ADBE Vector Shape - Group","hd":false},{"ty":"fl","c":{"a":0,"k":[1,1,1,1],"ix":4},"o":{"a":0,"k":100,"ix":5},"r":1,"bm":0,"nm":"Fill 1","mn":"ADBE Vector Graphic - Fill","hd":false},{"ty":"tr","p":{"a":0,"k":[338.466,634.301],"ix":2},"a":{"a":0,"k":[0,0],"ix":1},"s":{"a":0,"k":[100,100],"ix":3},"r":{"a":0,"k":0,"ix":6},"o":{"a":0,"k":100,"ix":7},"sk":{"a":0,"k":0,"ix":4},"sa":{"a":0,"k":0,"ix":5},"nm":"Transform"}],"nm":"Group 8","np":2,"cix":2,"bm":0,"ix":8,"mn":"ADBE Vector Group","hd":false},{"ty":"gr","it":[{"ind":0,"ty":"sh","ix":1,"ks":{"a":1,"k":[{"i":{"x":0.833,"y":0.833},"o":{"x":0.333,"y":0},"t":0,"s":[{"i":[[0,0],[0,0],[0,0]],"o":[[0,0],[0,0],[0,0]],"v":[[0.466,-20.642],[-32.798,20.642],[32.798,20.642]],"c":true}]},{"i":{"x":0.667,"y":1},"o":{"x":0.167,"y":0.167},"t":7,"s":[{"i":[[0,0],[0,0],[0,0]],"o":[[0,0],[0,0],[0,0]],"v":[[57.069,-20.642],[23.806,20.642],[89.402,20.642]],"c":true}]},{"i":{"x":0,"y":1},"o":{"x":0.333,"y":0},"t":17,"s":[{"i":[[0,0],[0,0],[0,0]],"o":[[0,0],[0,0],[0,0]],"v":[[-65.572,-20.642],[-98.836,20.642],[-33.24,20.642]],"c":true}]},{"t":45,"s":[{"i":[[0,0],[0,0],[0,0]],"o":[[0,0],[0,0],[0,0]],"v":[[0.466,-20.642],[-32.798,20.642],[32.798,20.642]],"c":true}]}],"ix":2},"nm":"Path 1","mn":"ADBE Vector Shape - Group","hd":false},{"ty":"fl","c":{"a":0,"k":[1,1,1,1],"ix":4},"o":{"a":0,"k":100,"ix":5},"r":1,"bm":0,"nm":"Fill 1","mn":"ADBE Vector Graphic - Fill","hd":false},{"ty":"tr","p":{"a":0,"k":[512.001,619.211],"ix":2},"a":{"a":0,"k":[0,0],"ix":1},"s":{"a":0,"k":[100,100],"ix":3},"r":{"a":0,"k":0,"ix":6},"o":{"a":0,"k":100,"ix":7},"sk":{"a":0,"k":0,"ix":4},"sa":{"a":0,"k":0,"ix":5},"nm":"Transform"}],"nm":"Group 9","np":2,"cix":2,"bm":0,"ix":9,"mn":"ADBE Vector Group","hd":false},{"ty":"gr","it":[{"ind":0,"ty":"sh","ix":1,"ks":{"a":1,"k":[{"i":{"x":0.833,"y":0.833},"o":{"x":0.333,"y":0},"t":0,"s":[{"i":[[0,0],[0,0],[0,0],[0,0]],"o":[[0,0],[0,0],[0,0],[0,0]],"v":[[0.549,-50.555],[-39.32,-0.999],[0.549,50.555],[39.32,-0.999]],"c":true}]},{"i":{"x":0.667,"y":1},"o":{"x":0.167,"y":0.167},"t":7,"s":[{"i":[[0,0],[0,0],[0,0],[0,0]],"o":[[0,0],[0,0],[0,0],[0,0]],"v":[[57.153,-50.555],[17.283,-0.999],[57.153,50.555],[95.924,-0.999]],"c":true}]},{"i":{"x":0,"y":1},"o":{"x":0.333,"y":0},"t":17,"s":[{"i":[[0,0],[0,0],[0,0],[0,0]],"o":[[0,0],[0,0],[0,0],[0,0]],"v":[[-65.488,-50.555],[-105.358,-0.999],[-65.488,50.555],[-26.717,-0.999]],"c":true}]},{"t":45,"s":[{"i":[[0,0],[0,0],[0,0],[0,0]],"o":[[0,0],[0,0],[0,0],[0,0]],"v":[[0.549,-50.555],[-39.32,-0.999],[0.549,50.555],[39.32,-0.999]],"c":true}]}],"ix":2},"nm":"Path 1","mn":"ADBE Vector Shape - Group","hd":false},{"ty":"fl","c":{"a":0,"k":[1,1,1,1],"ix":4},"o":{"a":0,"k":100,"ix":5},"r":1,"bm":0,"nm":"Fill 1","mn":"ADBE Vector Graphic - Fill","hd":false},{"ty":"tr","p":{"a":0,"k":[511.994,640.698],"ix":2},"a":{"a":0,"k":[0,0],"ix":1},"s":{"a":0,"k":[100,100],"ix":3},"r":{"a":0,"k":0,"ix":6},"o":{"a":0,"k":100,"ix":7},"sk":{"a":0,"k":0,"ix":4},"sa":{"a":0,"k":0,"ix":5},"nm":"Transform"}],"nm":"Group 10","np":2,"cix":2,"bm":0,"ix":10,"mn":"ADBE Vector Group","hd":false},{"ty":"tr","p":{"a":0,"k":[511.994,640.698],"ix":2},"a":{"a":0,"k":[511.994,640.698],"ix":1},"s":{"a":0,"k":[100,100],"ix":3},"r":{"a":0,"k":0,"ix":6},"o":{"a":0,"k":100,"ix":7},"sk":{"a":0,"k":0,"ix":4},"sa":{"a":0,"k":0,"ix":5},"nm":"Transform"}],"nm":"Group 1","np":10,"cix":2,"bm":0,"ix":1,"mn":"ADBE Vector Group","hd":false},{"ty":"gr","it":[{"ind":0,"ty":"sh","ix":1,"ks":{"a":1,"k":[{"i":{"x":0,"y":1},"o":{"x":0.333,"y":0},"t":0,"s":[{"i":[[-3.84,0],[156.09,33.089],[3.84,0],[0,-0.011],[-160.874,35.349]],"o":[[-156.107,33.077],[3.84,0],[0,0.011],[158.998,34.921],[-3.84,0]],"v":[[288.127,-22.336],[-288.127,-22.336],[-288.127,-4.026],[-288.127,-4.004],[288.127,-4.026]],"c":true}]},{"t":45,"s":[{"i":[[-3.84,0],[156.09,33.089],[3.84,0],[0,-0.011],[-160.874,35.349]],"o":[[-156.107,33.077],[3.84,0],[0,0.011],[158.998,34.921],[-3.84,0]],"v":[[288.127,-22.336],[-288.127,-22.336],[-288.127,-4.026],[-288.127,-4.004],[288.127,-4.026]],"c":true}]}],"ix":2},"nm":"Path 1","mn":"ADBE Vector Shape - Group","hd":false},{"ty":"fl","c":{"a":0,"k":[1,1,1,1],"ix":4},"o":{"a":0,"k":100,"ix":5},"r":1,"bm":0,"nm":"Fill 1","mn":"ADBE Vector Graphic - Fill","hd":false},{"ty":"tr","p":{"a":0,"k":[512.001,709.716],"ix":2},"a":{"a":0,"k":[0,0],"ix":1},"s":{"a":0,"k":[100,100],"ix":3},"r":{"a":0,"k":0,"ix":6},"o":{"a":0,"k":70,"ix":7},"sk":{"a":0,"k":0,"ix":4},"sa":{"a":0,"k":0,"ix":5},"nm":"Transform"}],"nm":"Group 2","np":2,"cix":2,"bm":0,"ix":2,"mn":"ADBE Vector Group","hd":false},{"ty":"gr","it":[{"ind":0,"ty":"sh","ix":1,"ks":{"a":1,"k":[{"i":{"x":0,"y":1},"o":{"x":0.333,"y":0},"t":0,"s":[{"i":[[-3.84,0],[98.701,20.922],[3.84,0],[0,0],[-101.701,22.347]],"o":[[-98.718,20.922],[3.84,0],[0,0.006],[101.69,22.331],[-3.84,0]],"v":[[288.127,-17.537],[-288.127,-17.537],[-288.127,0.774],[-288.127,0.791],[288.127,0.774]],"c":true}]},{"t":45,"s":[{"i":[[-3.84,0],[98.701,20.922],[3.84,0],[0,0],[-101.701,22.347]],"o":[[-98.718,20.922],[3.84,0],[0,0.006],[101.69,22.331],[-3.84,0]],"v":[[288.127,-17.537],[-288.127,-17.537],[-288.127,0.774],[-288.127,0.791],[288.127,0.774]],"c":true}]}],"ix":2},"nm":"Path 1","mn":"ADBE Vector Shape - Group","hd":false},{"ty":"fl","c":{"a":0,"k":[1,1,1,1],"ix":4},"o":{"a":0,"k":100,"ix":5},"r":1,"bm":0,"nm":"Fill 1","mn":"ADBE Vector Graphic - Fill","hd":false},{"ty":"tr","p":{"a":0,"k":[512.001,551.683],"ix":2},"a":{"a":0,"k":[0,0],"ix":1},"s":{"a":0,"k":[100,100],"ix":3},"r":{"a":0,"k":0,"ix":6},"o":{"a":0,"k":70,"ix":7},"sk":{"a":0,"k":0,"ix":4},"sa":{"a":0,"k":0,"ix":5},"nm":"Transform"}],"nm":"Group 3","np":2,"cix":2,"bm":0,"ix":3,"mn":"ADBE Vector Group","hd":false},{"ty":"gr","it":[{"ty":"gr","it":[{"ind":0,"ty":"sh","ix":1,"ks":{"a":1,"k":[{"i":{"x":0.833,"y":0.833},"o":{"x":0.333,"y":0},"t":0,"s":[{"i":[[0,-16.051],[16.034,0],[0,16.04],[-16.056,0]],"o":[[0,16.04],[-16.056,0],[0,-16.051],[16.034,0]],"v":[[29.054,0.006],[0.003,29.068],[-29.054,0.006],[0.003,-29.068]],"c":true}]},{"i":{"x":0.667,"y":1},"o":{"x":0.167,"y":0.167},"t":7,"s":[{"i":[[0,-16.051],[16.034,0],[0,16.04],[-16.056,0]],"o":[[0,16.04],[-16.056,0],[0,-16.051],[16.034,0]],"v":[[19.62,0.006],[-9.431,29.068],[-38.488,0.006],[-9.431,-29.068]],"c":true}]},{"i":{"x":0,"y":1},"o":{"x":0.333,"y":0},"t":17,"s":[{"i":[[0,-16.051],[16.034,0],[0,16.04],[-16.056,0]],"o":[[0,16.04],[-16.056,0],[0,-16.051],[16.034,0]],"v":[[0.752,0.006],[-28.299,29.068],[-57.356,0.006],[-28.299,-29.068]],"c":true}]},{"t":45,"s":[{"i":[[0,-16.051],[16.034,0],[0,16.04],[-16.056,0]],"o":[[0,16.04],[-16.056,0],[0,-16.051],[16.034,0]],"v":[[29.054,0.006],[0.003,29.068],[-29.054,0.006],[0.003,-29.068]],"c":true}]}],"ix":2},"nm":"Path 1","mn":"ADBE Vector Shape - Group","hd":false},{"ty":"fl","c":{"a":0,"k":[1,1,1,1],"ix":4},"o":{"a":0,"k":100,"ix":5},"r":1,"bm":0,"nm":"Fill 1","mn":"ADBE Vector Graphic - Fill","hd":false},{"ty":"tr","p":{"a":0,"k":[842.446,329.289],"ix":2},"a":{"a":0,"k":[0,0],"ix":1},"s":{"a":0,"k":[100,100],"ix":3},"r":{"a":0,"k":0,"ix":6},"o":{"a":0,"k":100,"ix":7},"sk":{"a":0,"k":0,"ix":4},"sa":{"a":0,"k":0,"ix":5},"nm":"Transform"}],"nm":"Group 1","np":2,"cix":2,"bm":0,"ix":1,"mn":"ADBE Vector Group","hd":false},{"ty":"gr","it":[{"ind":0,"ty":"sh","ix":1,"ks":{"a":1,"k":[{"i":{"x":0.833,"y":0.833},"o":{"x":0.333,"y":0},"t":0,"s":[{"i":[[0,-16.051],[16.039,0],[0,16.04],[-16.051,0]],"o":[[0,16.04],[-16.051,0],[0,-16.051],[16.039,0]],"v":[[29.054,0.006],[-0.002,29.068],[-29.054,0.006],[-0.002,-29.068]],"c":true}]},{"i":{"x":0.667,"y":1},"o":{"x":0.167,"y":0.167},"t":7,"s":[{"i":[[0,-16.051],[16.039,0],[0,16.04],[-16.051,0]],"o":[[0,16.04],[-16.051,0],[0,-16.051],[16.039,0]],"v":[[38.488,0.006],[9.432,29.068],[-19.62,0.006],[9.432,-29.068]],"c":true}]},{"i":{"x":0,"y":1},"o":{"x":0.333,"y":0},"t":17,"s":[{"i":[[0,-16.051],[16.039,0],[0,16.04],[-16.051,0]],"o":[[0,16.04],[-16.051,0],[0,-16.051],[16.039,0]],"v":[[19.62,0.006],[-9.436,29.068],[-38.488,0.006],[-9.436,-29.068]],"c":true}]},{"t":45,"s":[{"i":[[0,-16.051],[16.039,0],[0,16.04],[-16.051,0]],"o":[[0,16.04],[-16.051,0],[0,-16.051],[16.039,0]],"v":[[29.054,0.006],[-0.002,29.068],[-29.054,0.006],[-0.002,-29.068]],"c":true}]}],"ix":2},"nm":"Path 1","mn":"ADBE Vector Shape - Group","hd":false},{"ty":"fl","c":{"a":0,"k":[1,1,1,1],"ix":4},"o":{"a":0,"k":100,"ix":5},"r":1,"bm":0,"nm":"Fill 1","mn":"ADBE Vector Graphic - Fill","hd":false},{"ty":"tr","p":{"a":0,"k":[181.554,329.289],"ix":2},"a":{"a":0,"k":[0,0],"ix":1},"s":{"a":0,"k":[100,100],"ix":3},"r":{"a":0,"k":0,"ix":6},"o":{"a":0,"k":100,"ix":7},"sk":{"a":0,"k":0,"ix":4},"sa":{"a":0,"k":0,"ix":5},"nm":"Transform"}],"nm":"Group 2","np":2,"cix":2,"bm":0,"ix":2,"mn":"ADBE Vector Group","hd":false},{"ty":"tr","p":{"a":0,"k":[182.008,329.58],"ix":2},"a":{"a":0,"k":[181.554,329.289],"ix":1},"s":{"a":0,"k":[100,100],"ix":3},"r":{"a":0,"k":0,"ix":6},"o":{"a":0,"k":100,"ix":7},"sk":{"a":0,"k":0,"ix":4},"sa":{"a":0,"k":0,"ix":5},"nm":"Transform"}],"nm":"Group 4","np":2,"cix":2,"bm":0,"ix":4,"mn":"ADBE Vector Group","hd":false},{"ty":"gr","it":[{"ty":"gr","it":[{"ind":0,"ty":"sh","ix":1,"ks":{"a":1,"k":[{"i":{"x":0.833,"y":0.833},"o":{"x":0.333,"y":0},"t":0,"s":[{"i":[[0,-16.051],[16.039,0],[0,16.039],[-16.05,0]],"o":[[0,16.039],[-16.05,0],[0,-16.051],[16.039,0]],"v":[[29.054,0.008],[-0.003,29.071],[-29.054,0.008],[-0.003,-29.071]],"c":true}]},{"i":{"x":0.667,"y":1},"o":{"x":0.167,"y":0.167},"t":7,"s":[{"i":[[0,-16.051],[16.039,0],[0,16.039],[-16.05,0]],"o":[[0,16.039],[-16.05,0],[0,-16.051],[16.039,0]],"v":[[75.28,-4.709],[46.224,24.354],[17.173,-4.709],[46.224,-33.788]],"c":true}]},{"i":{"x":0,"y":1},"o":{"x":0.333,"y":0},"t":17,"s":[{"i":[[0,-16.051],[16.039,0],[0,16.039],[-16.05,0]],"o":[[0,16.039],[-16.05,0],[0,-16.051],[16.039,0]],"v":[[-30.38,-14.053],[-59.437,15.009],[-88.488,-14.053],[-59.437,-43.132]],"c":true}]},{"t":45,"s":[{"i":[[0,-16.051],[16.039,0],[0,16.039],[-16.05,0]],"o":[[0,16.039],[-16.05,0],[0,-16.051],[16.039,0]],"v":[[29.054,0.008],[-0.003,29.071],[-29.054,0.008],[-0.003,-29.071]],"c":true}]}],"ix":2},"nm":"Path 1","mn":"ADBE Vector Shape - Group","hd":false},{"ty":"fl","c":{"a":0,"k":[1,1,1,1],"ix":4},"o":{"a":0,"k":100,"ix":5},"r":1,"bm":0,"nm":"Fill 1","mn":"ADBE Vector Graphic - Fill","hd":false},{"ty":"tr","p":{"a":0,"k":[644.577,293.916],"ix":2},"a":{"a":0,"k":[0,0],"ix":1},"s":{"a":0,"k":[100,100],"ix":3},"r":{"a":0,"k":0,"ix":6},"o":{"a":0,"k":100,"ix":7},"sk":{"a":0,"k":0,"ix":4},"sa":{"a":0,"k":0,"ix":5},"nm":"Transform"}],"nm":"Group 1","np":2,"cix":2,"bm":0,"ix":1,"mn":"ADBE Vector Group","hd":false},{"ty":"gr","it":[{"ind":0,"ty":"sh","ix":1,"ks":{"a":1,"k":[{"i":{"x":0.833,"y":0.833},"o":{"x":0.333,"y":0},"t":0,"s":[{"i":[[0,-16.051],[16.034,0],[0,16.039],[-16.056,0]],"o":[[0,16.039],[-16.056,0],[0,-16.051],[16.034,0]],"v":[[29.054,0.008],[0.003,29.071],[-29.054,0.008],[0.003,-29.071]],"c":true}]},{"i":{"x":0.667,"y":1},"o":{"x":0.167,"y":0.167},"t":7,"s":[{"i":[[0,-16.051],[16.034,0],[0,16.039],[-16.056,0]],"o":[[0,16.039],[-16.056,0],[0,-16.051],[16.034,0]],"v":[[105.469,-10.369],[76.418,18.693],[47.361,-10.369],[76.418,-39.448]],"c":true}]},{"i":{"x":0,"y":1},"o":{"x":0.333,"y":0},"t":17,"s":[{"i":[[0,-16.051],[16.034,0],[0,16.039],[-16.056,0]],"o":[[0,16.039],[-16.056,0],[0,-16.051],[16.034,0]],"v":[[-0.191,-0.845],[-29.242,28.217],[-58.3,-0.845],[-29.242,-29.925]],"c":true}]},{"t":45,"s":[{"i":[[0,-16.051],[16.034,0],[0,16.039],[-16.056,0]],"o":[[0,16.039],[-16.056,0],[0,-16.051],[16.034,0]],"v":[[29.054,0.008],[0.003,29.071],[-29.054,0.008],[0.003,-29.071]],"c":true}]}],"ix":2},"nm":"Path 1","mn":"ADBE Vector Shape - Group","hd":false},{"ty":"fl","c":{"a":0,"k":[1,1,1,1],"ix":4},"o":{"a":0,"k":100,"ix":5},"r":1,"bm":0,"nm":"Fill 1","mn":"ADBE Vector Graphic - Fill","hd":false},{"ty":"tr","p":{"a":0,"k":[379.423,293.916],"ix":2},"a":{"a":0,"k":[0,0],"ix":1},"s":{"a":0,"k":[100,100],"ix":3},"r":{"a":0,"k":0,"ix":6},"o":{"a":0,"k":100,"ix":7},"sk":{"a":0,"k":0,"ix":4},"sa":{"a":0,"k":0,"ix":5},"nm":"Transform"}],"nm":"Group 2","np":2,"cix":2,"bm":0,"ix":2,"mn":"ADBE Vector Group","hd":false},{"ty":"tr","p":{"a":0,"k":[379.777,294.852],"ix":2},"a":{"a":0,"k":[379.423,293.916],"ix":1},"s":{"a":0,"k":[100,100],"ix":3},"r":{"a":0,"k":0,"ix":6},"o":{"a":0,"k":100,"ix":7},"sk":{"a":0,"k":0,"ix":4},"sa":{"a":0,"k":0,"ix":5},"nm":"Transform"}],"nm":"Group 5","np":2,"cix":2,"bm":0,"ix":5,"mn":"ADBE Vector Group","hd":false},{"ty":"gr","it":[{"ind":0,"ty":"sh","ix":1,"ks":{"a":1,"k":[{"i":{"x":0.833,"y":0.833},"o":{"x":0.333,"y":0},"t":0,"s":[{"i":[[11.312,-10.57],[45.267,409.156],[8.744,-11.52],[47.28,0],[19.578,25.777],[1.711,-15.43],[94.697,88.559],[-4.772,-8.485],[-2.249,-61.345],[-0.01,-6.522],[3.834,-0.274],[0.027,-38.613],[3.813,-0.055],[0,0],[-3.549,47.603],[0.011,11.014],[-3.813,0.11],[-0.022,35.924],[-3.806,0.209],[-0.021,0.664],[-23.742,42.206]],"o":[[-94.697,88.559],[-1.706,-15.43],[-19.578,25.777],[-47.28,0],[-8.744,-11.52],[-45.267,409.156],[-11.311,-10.57],[23.747,42.206],[0.021,0.664],[3.807,0.209],[0.022,35.924],[3.812,0.11],[-0.011,11.014],[3.564,47.603],[0,0],[-3.812,-0.055],[-0.028,-38.613],[-3.834,-0.274],[0.011,-6.522],[2.249,-61.345],[4.777,-8.485]],"v":[[317.005,-193.826],[140.541,-220.881],[120.003,-224.106],[0.001,-10.094],[-120,-224.106],[-140.538,-220.881],[-317.003,-193.826],[-333.048,-182.866],[-288.126,-3.664],[-288.072,7.646],[-288.049,25.875],[-288.093,160.869],[-288.11,179.147],[-288.126,196.92],[288.129,196.92],[288.112,179.147],[288.097,160.869],[288.053,25.875],[288.074,7.646],[288.129,-3.664],[333.046,-182.866]],"c":true}]},{"i":{"x":0.667,"y":1},"o":{"x":0.167,"y":0.167},"t":7,"s":[{"i":[[10.098,-11.735],[42.479,384.65],[8.744,-11.52],[47.28,0],[19.578,25.777],[3.309,-15.168],[94.697,88.559],[-4.772,-8.485],[-2.249,-61.345],[-0.01,-6.521],[3.834,-0.274],[0.027,-38.613],[3.813,-0.055],[0,0],[-3.549,47.603],[0.011,11.014],[-3.813,0.11],[-0.022,35.924],[-3.806,0.209],[-0.021,0.664],[-23.742,42.206]],"o":[[-64.174,74.577],[-1.704,-15.431],[-19.578,25.777],[-47.28,0],[-8.744,-11.52],[-91.537,419.556],[-11.311,-10.57],[23.747,42.206],[0.021,0.664],[3.807,0.209],[0.022,35.924],[3.812,0.11],[-0.011,11.014],[3.564,47.603],[0,0],[-3.812,-0.055],[-0.028,-38.613],[-3.834,-0.274],[0.011,-6.521],[2.249,-61.345],[4.777,-8.485]],"v":[[307.571,-193.826],[186.767,-225.598],[166.23,-228.823],[58.492,-11.037],[-43.585,-234.484],[-64.123,-231.258],[-307.569,-193.826],[-323.614,-182.866],[-288.126,-3.664],[-288.072,7.646],[-288.049,25.875],[-288.093,160.869],[-288.11,179.147],[-288.126,196.92],[288.129,196.92],[288.112,179.147],[288.097,160.869],[288.053,25.875],[288.074,7.646],[288.129,-3.664],[323.612,-182.866]],"c":true}]},{"i":{"x":0,"y":1},"o":{"x":0.333,"y":0},"t":17,"s":[{"i":[[8.403,-13.003],[57.573,429.844],[8.744,-11.52],[47.28,0],[19.578,25.777],[2.353,-15.346],[80.211,72.69],[-4.772,-8.485],[-2.249,-61.345],[-0.01,-6.521],[3.834,-0.274],[0.027,-38.613],[3.813,-0.055],[0,0],[-3.549,47.603],[0.011,11.014],[-3.813,0.11],[-0.022,35.924],[-3.806,0.209],[-0.021,0.664],[-23.742,42.206]],"o":[[-50.023,77.407],[-2.061,-15.387],[-19.578,25.777],[-47.28,0],[-8.744,-11.52],[-62.291,406.259],[-11.471,-10.396],[23.747,42.206],[0.021,0.664],[3.807,0.209],[0.022,35.924],[3.812,0.11],[-0.011,11.014],[3.564,47.603],[0,0],[-3.812,-0.055],[-0.028,-38.613],[-3.834,-0.274],[0.011,-6.521],[2.249,-61.345],[4.777,-8.485]],"v":[[288.703,-193.826],[81.107,-234.942],[60.569,-238.168],[-50.942,-6.32],[-149.245,-224.96],[-169.783,-221.735],[-326.437,-193.826],[-342.482,-182.866],[-288.126,-3.664],[-288.072,7.646],[-288.049,25.875],[-288.093,160.869],[-288.11,179.147],[-288.126,196.92],[288.129,196.92],[288.112,179.147],[288.097,160.869],[288.053,25.875],[288.074,7.646],[288.129,-3.664],[304.744,-182.866]],"c":true}]},{"t":45,"s":[{"i":[[11.312,-10.57],[45.267,409.156],[8.744,-11.52],[47.28,0],[19.578,25.777],[1.711,-15.43],[94.697,88.559],[-4.772,-8.485],[-2.249,-61.345],[-0.01,-6.522],[3.834,-0.274],[0.027,-38.613],[3.813,-0.055],[0,0],[-3.549,47.603],[0.011,11.014],[-3.813,0.11],[-0.022,35.924],[-3.806,0.209],[-0.021,0.664],[-23.742,42.206]],"o":[[-94.697,88.559],[-1.706,-15.43],[-19.578,25.777],[-47.28,0],[-8.744,-11.52],[-45.267,409.156],[-11.311,-10.57],[23.747,42.206],[0.021,0.664],[3.807,0.209],[0.022,35.924],[3.812,0.11],[-0.011,11.014],[3.564,47.603],[0,0],[-3.812,-0.055],[-0.028,-38.613],[-3.834,-0.274],[0.011,-6.522],[2.249,-61.345],[4.777,-8.485]],"v":[[317.005,-193.826],[140.541,-220.881],[120.003,-224.106],[0.001,-10.094],[-120,-224.106],[-140.538,-220.881],[-317.003,-193.826],[-333.048,-182.866],[-288.126,-3.664],[-288.072,7.646],[-288.049,25.875],[-288.093,160.869],[-288.11,179.147],[-288.126,196.92],[288.129,196.92],[288.112,179.147],[288.097,160.869],[288.053,25.875],[288.074,7.646],[288.129,-3.664],[333.046,-182.866]],"c":true}]}],"ix":2},"nm":"Path 1","mn":"ADBE Vector Shape - Group","hd":false},{"ty":"fl","c":{"a":0,"k":[1,1,1,1],"ix":4},"o":{"a":0,"k":100,"ix":5},"r":1,"bm":0,"nm":"Fill 1","mn":"ADBE Vector Graphic - Fill","hd":false},{"ty":"tr","p":{"a":0,"k":[511.999,526.533],"ix":2},"a":{"a":0,"k":[0,0],"ix":1},"s":{"a":0,"k":[100,100],"ix":3},"r":{"a":0,"k":0,"ix":6},"o":{"a":0,"k":100,"ix":7},"sk":{"a":0,"k":0,"ix":4},"sa":{"a":0,"k":0,"ix":5},"nm":"Transform"}],"nm":"Group 6","np":2,"cix":2,"bm":0,"ix":6,"mn":"ADBE Vector Group","hd":false},{"ty":"gr","it":[{"ind":0,"ty":"sh","ix":1,"ks":{"a":1,"k":[{"i":{"x":0.833,"y":0.833},"o":{"x":0.333,"y":0},"t":0,"s":[{"i":[[0,-12.82],[12.825,0],[0,12.842],[-12.836,0]],"o":[[0,12.842],[-12.836,0],[0,-12.82],[12.825,0]],"v":[[23.242,-0.001],[0.005,23.253],[-23.242,-0.001],[0.005,-23.253]],"c":true}]},{"i":{"x":0.667,"y":1},"o":{"x":0.167,"y":0.167},"t":7,"s":[{"i":[[0,-12.82],[12.825,0],[0,12.842],[-12.836,0]],"o":[[0,12.842],[-12.836,0],[0,-12.82],[12.825,0]],"v":[[-14.494,-0.001],[-37.731,23.253],[-60.978,-0.001],[-37.731,-23.253]],"c":true}]},{"i":{"x":0,"y":1},"o":{"x":0.333,"y":0},"t":17,"s":[{"i":[[0,-12.82],[12.825,0],[0,12.842],[-12.836,0]],"o":[[0,12.842],[-12.836,0],[0,-12.82],[12.825,0]],"v":[[60.978,-0.001],[37.741,23.253],[14.494,-0.001],[37.741,-23.253]],"c":true}]},{"t":45,"s":[{"i":[[0,-12.82],[12.825,0],[0,12.842],[-12.836,0]],"o":[[0,12.842],[-12.836,0],[0,-12.82],[12.825,0]],"v":[[23.242,-0.001],[0.005,23.253],[-23.242,-0.001],[0.005,-23.253]],"c":true}]}],"ix":2},"nm":"Path 1","mn":"ADBE Vector Shape - Group","hd":false},{"ty":"fl","c":{"a":0,"k":[1,1,1,1],"ix":4},"o":{"a":0,"k":100,"ix":5},"r":1,"bm":0,"nm":"Fill 1","mn":"ADBE Vector Graphic - Fill","hd":false},{"ty":"tr","p":{"a":0,"k":[512.001,406.482],"ix":2},"a":{"a":0,"k":[0,0],"ix":1},"s":{"a":0,"k":[100,100],"ix":3},"r":{"a":0,"k":0,"ix":6},"o":{"a":0,"k":100,"ix":7},"sk":{"a":0,"k":0,"ix":4},"sa":{"a":0,"k":0,"ix":5},"nm":"Transform"}],"nm":"Group 7","np":2,"cix":2,"bm":0,"ix":7,"mn":"ADBE Vector Group","hd":false},{"ty":"gr","it":[{"ind":0,"ty":"sh","ix":1,"ks":{"a":1,"k":[{"i":{"x":0.833,"y":0.833},"o":{"x":0.333,"y":0},"t":0,"s":[{"i":[[0,0],[0,0],[0,0],[0,0]],"o":[[0,0],[0,0],[0,0],[0,0]],"v":[[4.879,-59.655],[-4.962,-59.655],[-39.005,59.655],[39.005,59.655]],"c":true}]},{"i":{"x":0.667,"y":1},"o":{"x":0.167,"y":0.167},"t":7,"s":[{"i":[[0,0],[0,0],[0,0],[0,0]],"o":[[0,0],[0,0],[0,0],[0,0]],"v":[[-32.857,-59.655],[-42.698,-59.655],[-76.74,59.655],[1.269,59.655]],"c":true}]},{"i":{"x":0,"y":1},"o":{"x":0.333,"y":0},"t":17,"s":[{"i":[[0,0],[0,0],[0,0],[0,0]],"o":[[0,0],[0,0],[0,0],[0,0]],"v":[[42.615,-59.655],[32.774,-59.655],[-1.269,59.655],[76.74,59.655]],"c":true}]},{"t":45,"s":[{"i":[[0,0],[0,0],[0,0],[0,0]],"o":[[0,0],[0,0],[0,0],[0,0]],"v":[[4.879,-59.655],[-4.962,-59.655],[-39.005,59.655],[39.005,59.655]],"c":true}]}],"ix":2},"nm":"Path 1","mn":"ADBE Vector Shape - Group","hd":false},{"ty":"fl","c":{"a":0,"k":[1,1,1,1],"ix":4},"o":{"a":0,"k":100,"ix":5},"r":1,"bm":0,"nm":"Fill 1","mn":"ADBE Vector Graphic - Fill","hd":false},{"ty":"tr","p":{"a":0,"k":[512.042,472.682],"ix":2},"a":{"a":0,"k":[0,0],"ix":1},"s":{"a":0,"k":[100,100],"ix":3},"r":{"a":0,"k":0,"ix":6},"o":{"a":0,"k":100,"ix":7},"sk":{"a":0,"k":0,"ix":4},"sa":{"a":0,"k":0,"ix":5},"nm":"Transform"}],"nm":"Group 8","np":2,"cix":2,"bm":0,"ix":8,"mn":"ADBE Vector Group","hd":false},{"ty":"gr","it":[{"ty":"gr","it":[{"ty":"gr","it":[{"ind":0,"ty":"sh","ix":1,"ks":{"a":1,"k":[{"i":{"x":0.833,"y":0.833},"o":{"x":0.333,"y":0},"t":0,"s":[{"i":[[0,-12.825],[12.82,0],[0,12.836],[-12.836,0]],"o":[[0,12.836],[-12.836,0],[0,-12.825],[12.82,0]],"v":[[23.242,0.005],[0.011,23.253],[-23.242,0.005],[0.011,-23.253]],"c":true}]},{"i":{"x":0.667,"y":1},"o":{"x":0.167,"y":0.167},"t":7,"s":[{"i":[[0,-12.825],[12.82,0],[0,12.836],[-12.836,0]],"o":[[0,12.836],[-12.836,0],[0,-12.825],[12.82,0]],"v":[[-14.494,0.005],[-37.725,23.253],[-60.978,0.005],[-37.725,-23.253]],"c":true}]},{"i":{"x":0,"y":1},"o":{"x":0.333,"y":0},"t":17,"s":[{"i":[[0,-12.825],[12.82,0],[0,12.836],[-12.836,0]],"o":[[0,12.836],[-12.836,0],[0,-12.825],[12.82,0]],"v":[[60.978,0.005],[37.747,23.253],[14.494,0.005],[37.747,-23.253]],"c":true}]},{"t":45,"s":[{"i":[[0,-12.825],[12.82,0],[0,12.836],[-12.836,0]],"o":[[0,12.836],[-12.836,0],[0,-12.825],[12.82,0]],"v":[[23.242,0.005],[0.011,23.253],[-23.242,0.005],[0.011,-23.253]],"c":true}]}],"ix":2},"nm":"Path 1","mn":"ADBE Vector Shape - Group","hd":false},{"ty":"fl","c":{"a":0,"k":[1,1,1,1],"ix":4},"o":{"a":0,"k":100,"ix":5},"r":1,"bm":0,"nm":"Fill 1","mn":"ADBE Vector Graphic - Fill","hd":false},{"ty":"tr","p":{"a":0,"k":[715.624,406.482],"ix":2},"a":{"a":0,"k":[0,0],"ix":1},"s":{"a":0,"k":[100,100],"ix":3},"r":{"a":0,"k":0,"ix":6},"o":{"a":0,"k":100,"ix":7},"sk":{"a":0,"k":0,"ix":4},"sa":{"a":0,"k":0,"ix":5},"nm":"Transform"}],"nm":"Group 1","np":2,"cix":2,"bm":0,"ix":1,"mn":"ADBE Vector Group","hd":false},{"ty":"gr","it":[{"ind":0,"ty":"sh","ix":1,"ks":{"a":1,"k":[{"i":{"x":0.833,"y":0.833},"o":{"x":0.333,"y":0},"t":0,"s":[{"i":[[0,0],[0,0],[0,0],[0,0]],"o":[[0,0],[0,0],[0,0],[0,0]],"v":[[32.34,61.021],[16.18,-61.021],[5.851,-61.021],[-32.34,54.147]],"c":true}]},{"i":{"x":0.667,"y":1},"o":{"x":0.167,"y":0.167},"t":7,"s":[{"i":[[0,0],[0,0],[0,0],[0,0]],"o":[[0,0],[0,0],[0,0],[0,0]],"v":[[-5.396,61.021],[-21.556,-61.021],[-31.885,-61.021],[-70.076,54.147]],"c":true}]},{"i":{"x":0,"y":1},"o":{"x":0.333,"y":0},"t":17,"s":[{"i":[[0,0],[0,0],[0,0],[0,0]],"o":[[0,0],[0,0],[0,0],[0,0]],"v":[[70.076,61.021],[53.916,-61.021],[43.587,-61.021],[5.396,54.147]],"c":true}]},{"t":45,"s":[{"i":[[0,0],[0,0],[0,0],[0,0]],"o":[[0,0],[0,0],[0,0],[0,0]],"v":[[32.34,61.021],[16.18,-61.021],[5.851,-61.021],[-32.34,54.147]],"c":true}]}],"ix":2},"nm":"Path 1","mn":"ADBE Vector Shape - Group","hd":false},{"ty":"fl","c":{"a":0,"k":[1,1,1,1],"ix":4},"o":{"a":0,"k":100,"ix":5},"r":1,"bm":0,"nm":"Fill 1","mn":"ADBE Vector Graphic - Fill","hd":false},{"ty":"tr","p":{"a":0,"k":[704.611,465.895],"ix":2},"a":{"a":0,"k":[0,0],"ix":1},"s":{"a":0,"k":[100,100],"ix":3},"r":{"a":0,"k":0,"ix":6},"o":{"a":0,"k":100,"ix":7},"sk":{"a":0,"k":0,"ix":4},"sa":{"a":0,"k":0,"ix":5},"nm":"Transform"}],"nm":"Group 2","np":2,"cix":2,"bm":0,"ix":2,"mn":"ADBE Vector Group","hd":false},{"ty":"tr","p":{"a":0,"k":[704.611,465.895],"ix":2},"a":{"a":0,"k":[704.611,465.895],"ix":1},"s":{"a":0,"k":[100,100],"ix":3},"r":{"a":0,"k":0,"ix":6},"o":{"a":0,"k":100,"ix":7},"sk":{"a":0,"k":0,"ix":4},"sa":{"a":0,"k":0,"ix":5},"nm":"Transform"}],"nm":"Group 1","np":2,"cix":2,"bm":0,"ix":1,"mn":"ADBE Vector Group","hd":false},{"ty":"gr","it":[{"ty":"gr","it":[{"ind":0,"ty":"sh","ix":1,"ks":{"a":1,"k":[{"i":{"x":0.833,"y":0.833},"o":{"x":0.333,"y":0},"t":0,"s":[{"i":[[0,-12.825],[12.814,0],[0,12.836],[-12.842,0]],"o":[[0,12.836],[-12.842,0],[0,-12.825],[12.814,0]],"v":[[23.242,0.005],[0.011,23.253],[-23.242,0.005],[0.011,-23.253]],"c":true}]},{"i":{"x":0.667,"y":1},"o":{"x":0.167,"y":0.167},"t":7,"s":[{"i":[[0,-12.825],[12.814,0],[0,12.836],[-12.842,0]],"o":[[0,12.836],[-12.842,0],[0,-12.825],[12.814,0]],"v":[[-14.494,0.005],[-37.725,23.253],[-60.978,0.005],[-37.725,-23.253]],"c":true}]},{"i":{"x":0,"y":1},"o":{"x":0.333,"y":0},"t":17,"s":[{"i":[[0,-12.825],[12.814,0],[0,12.836],[-12.842,0]],"o":[[0,12.836],[-12.842,0],[0,-12.825],[12.814,0]],"v":[[60.978,0.005],[37.747,23.253],[14.494,0.005],[37.747,-23.253]],"c":true}]},{"t":45,"s":[{"i":[[0,-12.825],[12.814,0],[0,12.836],[-12.842,0]],"o":[[0,12.836],[-12.842,0],[0,-12.825],[12.814,0]],"v":[[23.242,0.005],[0.011,23.253],[-23.242,0.005],[0.011,-23.253]],"c":true}]}],"ix":2},"nm":"Path 1","mn":"ADBE Vector Shape - Group","hd":false},{"ty":"fl","c":{"a":0,"k":[1,1,1,1],"ix":4},"o":{"a":0,"k":100,"ix":5},"r":1,"bm":0,"nm":"Fill 1","mn":"ADBE Vector Graphic - Fill","hd":false},{"ty":"tr","p":{"a":0,"k":[308.378,406.482],"ix":2},"a":{"a":0,"k":[0,0],"ix":1},"s":{"a":0,"k":[100,100],"ix":3},"r":{"a":0,"k":0,"ix":6},"o":{"a":0,"k":100,"ix":7},"sk":{"a":0,"k":0,"ix":4},"sa":{"a":0,"k":0,"ix":5},"nm":"Transform"}],"nm":"Group 1","np":2,"cix":2,"bm":0,"ix":1,"mn":"ADBE Vector Group","hd":false},{"ty":"gr","it":[{"ind":0,"ty":"sh","ix":1,"ks":{"a":1,"k":[{"i":{"x":0.833,"y":0.833},"o":{"x":0.333,"y":0},"t":0,"s":[{"i":[[0,0],[0,0],[0,0],[0,0]],"o":[[0,0],[0,0],[0,0],[0,0]],"v":[[-32.34,61.021],[-16.179,-61.021],[-5.85,-61.021],[32.34,54.147]],"c":true}]},{"i":{"x":0.667,"y":1},"o":{"x":0.167,"y":0.167},"t":7,"s":[{"i":[[0,0],[0,0],[0,0],[0,0]],"o":[[0,0],[0,0],[0,0],[0,0]],"v":[[-70.076,61.021],[-53.915,-61.021],[-43.586,-61.021],[-5.396,54.147]],"c":true}]},{"i":{"x":0,"y":1},"o":{"x":0.333,"y":0},"t":17,"s":[{"i":[[0,0],[0,0],[0,0],[0,0]],"o":[[0,0],[0,0],[0,0],[0,0]],"v":[[5.396,61.021],[21.557,-61.021],[31.886,-61.021],[70.076,54.147]],"c":true}]},{"t":45,"s":[{"i":[[0,0],[0,0],[0,0],[0,0]],"o":[[0,0],[0,0],[0,0],[0,0]],"v":[[-32.34,61.021],[-16.179,-61.021],[-5.85,-61.021],[32.34,54.147]],"c":true}]}],"ix":2},"nm":"Path 1","mn":"ADBE Vector Shape - Group","hd":false},{"ty":"fl","c":{"a":0,"k":[1,1,1,1],"ix":4},"o":{"a":0,"k":100,"ix":5},"r":1,"bm":0,"nm":"Fill 1","mn":"ADBE Vector Graphic - Fill","hd":false},{"ty":"tr","p":{"a":0,"k":[319.389,465.895],"ix":2},"a":{"a":0,"k":[0,0],"ix":1},"s":{"a":0,"k":[100,100],"ix":3},"r":{"a":0,"k":0,"ix":6},"o":{"a":0,"k":100,"ix":7},"sk":{"a":0,"k":0,"ix":4},"sa":{"a":0,"k":0,"ix":5},"nm":"Transform"}],"nm":"Group 2","np":2,"cix":2,"bm":0,"ix":2,"mn":"ADBE Vector Group","hd":false},{"ty":"tr","p":{"a":0,"k":[319.389,465.895],"ix":2},"a":{"a":0,"k":[319.389,465.895],"ix":1},"s":{"a":0,"k":[100,100],"ix":3},"r":{"a":0,"k":0,"ix":6},"o":{"a":0,"k":100,"ix":7},"sk":{"a":0,"k":0,"ix":4},"sa":{"a":0,"k":0,"ix":5},"nm":"Transform"}],"nm":"Group 2","np":2,"cix":2,"bm":0,"ix":2,"mn":"ADBE Vector Group","hd":false},{"ty":"tr","p":{"a":0,"k":[319.389,465.895],"ix":2},"a":{"a":0,"k":[319.389,465.895],"ix":1},"s":{"a":0,"k":[100,100],"ix":3},"r":{"a":0,"k":0,"ix":6},"o":{"a":0,"k":100,"ix":7},"sk":{"a":0,"k":0,"ix":4},"sa":{"a":0,"k":0,"ix":5},"nm":"Transform"}],"nm":"Group 9","np":2,"cix":2,"bm":0,"ix":9,"mn":"ADBE Vector Group","hd":false}],"ip":0,"op":48,"st":0,"bm":0},{"ddd":0,"ind":5,"ty":4,"nm":"crown","parent":6,"sr":1,"ks":{"o":{"a":0,"k":100,"ix":11},"r":{"a":0,"k":0,"ix":10},"p":{"a":0,"k":[-0.012,-223.677,0],"ix":2},"a":{"a":0,"k":[512,512,0],"ix":1},"s":{"a":0,"k":[106,106,100],"ix":6}},"ao":0,"shapes":[{"ty":"gr","it":[{"ty":"gr","it":[{"ind":0,"ty":"sh","ix":1,"ks":{"a":1,"k":[{"i":{"x":0.833,"y":0.833},"o":{"x":0.333,"y":0},"t":0,"s":[{"i":[[0,0],[0,0],[0,0]],"o":[[0,0],[0,0],[0,0]],"v":[[3.369,-17.817],[17.071,17.817],[-17.071,17.631]],"c":true}]},{"i":{"x":0.667,"y":1},"o":{"x":0.167,"y":0.167},"t":7,"s":[{"i":[[0,0],[0,0],[0,0]],"o":[[0,0],[0,0],[0,0]],"v":[[22.236,-17.817],[35.939,17.817],[1.797,17.631]],"c":true}]},{"i":{"x":0,"y":1},"o":{"x":0.333,"y":0},"t":17,"s":[{"i":[[0,0],[0,0],[0,0]],"o":[[0,0],[0,0],[0,0]],"v":[[3.369,-17.817],[17.071,17.817],[-17.071,17.631]],"c":true}]},{"t":45,"s":[{"i":[[0,0],[0,0],[0,0]],"o":[[0,0],[0,0],[0,0]],"v":[[3.369,-17.817],[17.071,17.817],[-17.071,17.631]],"c":true}]}],"ix":2},"nm":"Path 1","mn":"ADBE Vector Shape - Group","hd":false},{"ty":"gf","o":{"a":0,"k":100,"ix":10},"r":1,"bm":0,"g":{"p":3,"k":{"a":0,"k":[0,0.855,0.459,1,0.5,0.855,0.459,1,1,0.855,0.459,1,0,0,0.5,0.5,1,1],"ix":9}},"s":{"a":0,"k":[-1.695,21.394],"ix":5},"e":{"a":0,"k":[0.037,-20.137],"ix":6},"t":1,"nm":"Crown01a","mn":"ADBE Vector Graphic - G-Fill","hd":false},{"ty":"tr","p":{"a":0,"k":[218.486,601.312],"ix":2},"a":{"a":0,"k":[0,0],"ix":1},"s":{"a":0,"k":[100,100],"ix":3},"r":{"a":0,"k":0,"ix":6},"o":{"a":0,"k":100,"ix":7},"sk":{"a":0,"k":0,"ix":4},"sa":{"a":0,"k":0,"ix":5},"nm":"Transform"}],"nm":"Group 1","np":2,"cix":2,"bm":0,"ix":1,"mn":"ADBE Vector Group","hd":false},{"ty":"gr","it":[{"ind":0,"ty":"sh","ix":1,"ks":{"a":1,"k":[{"i":{"x":0.833,"y":0.833},"o":{"x":0.333,"y":0},"t":0,"s":[{"i":[[0,0],[0,0],[0,0],[0,0]],"o":[[0,0],[0,0],[0,0],[0,0]],"v":[[0.856,-44.938],[22.469,-0.965],[2.096,44.938],[-22.469,-0.965]],"c":true}]},{"i":{"x":0.667,"y":1},"o":{"x":0.167,"y":0.167},"t":7,"s":[{"i":[[0,0],[0,0],[0,0],[0,0]],"o":[[0,0],[0,0],[0,0],[0,0]],"v":[[19.724,-44.938],[41.337,-0.965],[20.964,44.938],[-3.601,-0.965]],"c":true}]},{"i":{"x":0,"y":1},"o":{"x":0.333,"y":0},"t":17,"s":[{"i":[[0,0],[0,0],[0,0],[0,0]],"o":[[0,0],[0,0],[0,0],[0,0]],"v":[[0.856,-44.938],[22.469,-0.965],[2.096,44.938],[-22.469,-0.965]],"c":true}]},{"t":45,"s":[{"i":[[0,0],[0,0],[0,0],[0,0]],"o":[[0,0],[0,0],[0,0],[0,0]],"v":[[0.856,-44.938],[22.469,-0.965],[2.096,44.938],[-22.469,-0.965]],"c":true}]}],"ix":2},"nm":"Path 1","mn":"ADBE Vector Shape - Group","hd":false},{"ty":"fl","c":{"a":0,"k":[0.68235296011,0.003921568859,0.78823530674,1],"ix":4},"o":{"a":0,"k":100,"ix":5},"r":1,"bm":0,"nm":"Fill 1","mn":"ADBE Vector Graphic - Fill","hd":false},{"ty":"tr","p":{"a":0,"k":[223.883,619.907],"ix":2},"a":{"a":0,"k":[0,0],"ix":1},"s":{"a":0,"k":[100,100],"ix":3},"r":{"a":0,"k":0,"ix":6},"o":{"a":0,"k":100,"ix":7},"sk":{"a":0,"k":0,"ix":4},"sa":{"a":0,"k":0,"ix":5},"nm":"Transform"}],"nm":"Group 2","np":2,"cix":2,"bm":0,"ix":2,"mn":"ADBE Vector Group","hd":false},{"ty":"gr","it":[{"ind":0,"ty":"sh","ix":1,"ks":{"a":1,"k":[{"i":{"x":0.833,"y":0.833},"o":{"x":0.333,"y":0},"t":0,"s":[{"i":[[0,0],[0,0],[0,0]],"o":[[0,0],[0,0],[0,0]],"v":[[-3.368,-17.817],[-17.06,17.817],[17.06,17.631]],"c":true}]},{"i":{"x":0.667,"y":1},"o":{"x":0.167,"y":0.167},"t":7,"s":[{"i":[[0,0],[0,0],[0,0]],"o":[[0,0],[0,0],[0,0]],"v":[[-1.481,-17.899],[-15.173,17.736],[18.947,17.549]],"c":true}]},{"i":{"x":0,"y":1},"o":{"x":0.333,"y":0},"t":17,"s":[{"i":[[0,0],[0,0],[0,0]],"o":[[0,0],[0,0],[0,0]],"v":[[-41.103,-17.817],[-54.796,17.817],[-20.676,17.631]],"c":true}]},{"t":45,"s":[{"i":[[0,0],[0,0],[0,0]],"o":[[0,0],[0,0],[0,0]],"v":[[-3.367,-17.817],[-17.06,17.817],[17.06,17.631]],"c":true}]}],"ix":2},"nm":"Path 1","mn":"ADBE Vector Shape - Group","hd":false},{"ty":"gf","o":{"a":0,"k":100,"ix":10},"r":1,"bm":0,"g":{"p":3,"k":{"a":0,"k":[0,0.855,0.459,1,0.5,0.855,0.459,1,1,0.855,0.459,1,0,0,0.5,0.5,1,1],"ix":9}},"s":{"a":0,"k":[-0.173,21.552],"ix":5},"e":{"a":0,"k":[-2.292,-15.912],"ix":6},"t":1,"nm":"Crown02b","mn":"ADBE Vector Graphic - G-Fill","hd":false},{"ty":"tr","p":{"a":0,"k":[805.526,601.312],"ix":2},"a":{"a":0,"k":[0,0],"ix":1},"s":{"a":0,"k":[100,100],"ix":3},"r":{"a":0,"k":0,"ix":6},"o":{"a":0,"k":100,"ix":7},"sk":{"a":0,"k":0,"ix":4},"sa":{"a":0,"k":0,"ix":5},"nm":"Transform"}],"nm":"Group 3","np":2,"cix":2,"bm":0,"ix":3,"mn":"ADBE Vector Group","hd":false},{"ty":"gr","it":[{"ind":0,"ty":"sh","ix":1,"ks":{"a":1,"k":[{"i":{"x":0.833,"y":0.833},"o":{"x":0.333,"y":0},"t":0,"s":[{"i":[[0,0],[0,0],[0,0],[0,0]],"o":[[0,0],[0,0],[0,0],[0,0]],"v":[[-0.855,-44.938],[-22.469,-0.965],[-2.106,44.938],[22.469,-0.965]],"c":true}]},{"i":{"x":0.667,"y":1},"o":{"x":0.167,"y":0.167},"t":7,"s":[{"i":[[0,0],[0,0],[0,0],[0,0]],"o":[[0,0],[0,0],[0,0],[0,0]],"v":[[1.032,-45.019],[-20.582,-1.046],[-0.22,44.856],[24.356,-1.046]],"c":true}]},{"i":{"x":0,"y":1},"o":{"x":0.333,"y":0},"t":17,"s":[{"i":[[0,0],[0,0],[0,0],[0,0]],"o":[[0,0],[0,0],[0,0],[0,0]],"v":[[-38.591,-44.938],[-60.205,-0.965],[-39.842,44.938],[-15.267,-0.965]],"c":true}]},{"t":45,"s":[{"i":[[0,0],[0,0],[0,0],[0,0]],"o":[[0,0],[0,0],[0,0],[0,0]],"v":[[-0.855,-44.938],[-22.469,-0.965],[-2.106,44.938],[22.469,-0.965]],"c":true}]}],"ix":2},"nm":"Path 1","mn":"ADBE Vector Shape - Group","hd":false},{"ty":"fl","c":{"a":0,"k":[0.68235296011,0.003921568859,0.78823530674,1],"ix":4},"o":{"a":0,"k":100,"ix":5},"r":1,"bm":0,"nm":"Fill 1","mn":"ADBE Vector Graphic - Fill","hd":false},{"ty":"tr","p":{"a":0,"k":[800.117,619.907],"ix":2},"a":{"a":0,"k":[0,0],"ix":1},"s":{"a":0,"k":[100,100],"ix":3},"r":{"a":0,"k":0,"ix":6},"o":{"a":0,"k":100,"ix":7},"sk":{"a":0,"k":0,"ix":4},"sa":{"a":0,"k":0,"ix":5},"nm":"Transform"}],"nm":"Group 4","np":2,"cix":2,"bm":0,"ix":4,"mn":"ADBE Vector Group","hd":false},{"ty":"gr","it":[{"ind":0,"ty":"sh","ix":1,"ks":{"a":1,"k":[{"i":{"x":0.833,"y":0.833},"o":{"x":0.333,"y":0},"t":0,"s":[{"i":[[0,0],[0,0],[0,0]],"o":[[0,0],[0,0],[0,0]],"v":[[0.33,-13.769],[-23.434,13.769],[23.434,13.769]],"c":true}]},{"i":{"x":0.667,"y":1},"o":{"x":0.167,"y":0.167},"t":7,"s":[{"i":[[0,0],[0,0],[0,0]],"o":[[0,0],[0,0],[0,0]],"v":[[28.632,-13.769],[4.868,13.769],[51.736,13.769]],"c":true}]},{"i":{"x":0,"y":1},"o":{"x":0.333,"y":0},"t":17,"s":[{"i":[[0,0],[0,0],[0,0]],"o":[[0,0],[0,0],[0,0]],"v":[[-56.274,-13.769],[-80.038,13.769],[-33.169,13.769]],"c":true}]},{"t":45,"s":[{"i":[[0,0],[0,0],[0,0]],"o":[[0,0],[0,0],[0,0]],"v":[[0.33,-13.769],[-23.434,13.769],[23.434,13.769]],"c":true}]}],"ix":2},"nm":"Path 1","mn":"ADBE Vector Shape - Group","hd":false},{"ty":"gf","o":{"a":0,"k":100,"ix":10},"r":1,"bm":0,"g":{"p":3,"k":{"a":0,"k":[0,1,0.541,0.541,0.5,1,0.541,0.541,1,1,0.541,0.541,0,0,0.5,0.5,1,1],"ix":9}},"s":{"a":0,"k":[1.351,20.141],"ix":5},"e":{"a":0,"k":[1.251,-11.733],"ix":6},"t":1,"nm":"Crown03c","mn":"ADBE Vector Graphic - G-Fill","hd":false},{"ty":"tr","p":{"a":0,"k":[685.513,619.951],"ix":2},"a":{"a":0,"k":[0,0],"ix":1},"s":{"a":0,"k":[100,100],"ix":3},"r":{"a":0,"k":0,"ix":6},"o":{"a":0,"k":100,"ix":7},"sk":{"a":0,"k":0,"ix":4},"sa":{"a":0,"k":0,"ix":5},"nm":"Transform"}],"nm":"Group 5","np":2,"cix":2,"bm":0,"ix":5,"mn":"ADBE Vector Group","hd":false},{"ty":"gr","it":[{"ind":0,"ty":"sh","ix":1,"ks":{"a":1,"k":[{"i":{"x":0.833,"y":0.833},"o":{"x":0.333,"y":0},"t":0,"s":[{"i":[[0,0],[0,0],[0,0],[0,0]],"o":[[0,0],[0,0],[0,0],[0,0]],"v":[[0.417,-33.703],[-28.086,-0.723],[0.417,33.703],[28.086,-0.723]],"c":true}]},{"i":{"x":0.667,"y":1},"o":{"x":0.167,"y":0.167},"t":7,"s":[{"i":[[0,0],[0,0],[0,0],[0,0]],"o":[[0,0],[0,0],[0,0],[0,0]],"v":[[28.719,-33.703],[0.216,-0.723],[28.719,33.703],[56.388,-0.723]],"c":true}]},{"i":{"x":0,"y":1},"o":{"x":0.333,"y":0},"t":17,"s":[{"i":[[0,0],[0,0],[0,0],[0,0]],"o":[[0,0],[0,0],[0,0],[0,0]],"v":[[-56.187,-33.703],[-84.69,-0.724],[-56.187,33.703],[-28.518,-0.724]],"c":true}]},{"t":45,"s":[{"i":[[0,0],[0,0],[0,0],[0,0]],"o":[[0,0],[0,0],[0,0],[0,0]],"v":[[0.417,-33.703],[-28.086,-0.724],[0.417,33.703],[28.086,-0.724]],"c":true}]}],"ix":2},"nm":"Path 1","mn":"ADBE Vector Shape - Group","hd":false},{"ty":"fl","c":{"a":0,"k":[0.941176474094,0.003921568859,0.003921568859,1],"ix":4},"o":{"a":0,"k":100,"ix":5},"r":1,"bm":0,"nm":"Fill 1","mn":"ADBE Vector Graphic - Fill","hd":false},{"ty":"tr","p":{"a":0,"k":[685.514,634.301],"ix":2},"a":{"a":0,"k":[0,0],"ix":1},"s":{"a":0,"k":[100,100],"ix":3},"r":{"a":0,"k":0,"ix":6},"o":{"a":0,"k":100,"ix":7},"sk":{"a":0,"k":0,"ix":4},"sa":{"a":0,"k":0,"ix":5},"nm":"Transform"}],"nm":"Group 6","np":2,"cix":2,"bm":0,"ix":6,"mn":"ADBE Vector Group","hd":false},{"ty":"gr","it":[{"ind":0,"ty":"sh","ix":1,"ks":{"a":1,"k":[{"i":{"x":0.833,"y":0.833},"o":{"x":0.333,"y":0},"t":0,"s":[{"i":[[0,0],[0,0],[0,0]],"o":[[0,0],[0,0],[0,0]],"v":[[0.33,-13.769],[-23.434,13.769],[23.434,13.769]],"c":true}]},{"i":{"x":0.667,"y":1},"o":{"x":0.167,"y":0.167},"t":7,"s":[{"i":[[0,0],[0,0],[0,0]],"o":[[0,0],[0,0],[0,0]],"v":[[56.934,-13.769],[33.169,13.769],[80.038,13.769]],"c":true}]},{"i":{"x":0,"y":1},"o":{"x":0.333,"y":0},"t":17,"s":[{"i":[[0,0],[0,0],[0,0]],"o":[[0,0],[0,0],[0,0]],"v":[[-46.84,-13.769],[-70.604,13.769],[-23.735,13.769]],"c":true}]},{"t":45,"s":[{"i":[[0,0],[0,0],[0,0]],"o":[[0,0],[0,0],[0,0]],"v":[[0.33,-13.769],[-23.434,13.769],[23.434,13.769]],"c":true}]}],"ix":2},"nm":"Path 1","mn":"ADBE Vector Shape - Group","hd":false},{"ty":"gf","o":{"a":0,"k":100,"ix":10},"r":1,"bm":0,"g":{"p":3,"k":{"a":0,"k":[0,1,0.541,0.541,0.5,1,0.541,0.541,1,1,0.541,0.541,0,0,0.5,0.5,1,1],"ix":9}},"s":{"a":0,"k":[0.293,17.373],"ix":5},"e":{"a":0,"k":[1.701,-13.598],"ix":6},"t":1,"nm":"Crown04d","mn":"ADBE Vector Graphic - G-Fill","hd":false},{"ty":"tr","p":{"a":0,"k":[338.465,619.951],"ix":2},"a":{"a":0,"k":[0,0],"ix":1},"s":{"a":0,"k":[100,100],"ix":3},"r":{"a":0,"k":0,"ix":6},"o":{"a":0,"k":100,"ix":7},"sk":{"a":0,"k":0,"ix":4},"sa":{"a":0,"k":0,"ix":5},"nm":"Transform"}],"nm":"Group 7","np":2,"cix":2,"bm":0,"ix":7,"mn":"ADBE Vector Group","hd":false},{"ty":"gr","it":[{"ind":0,"ty":"sh","ix":1,"ks":{"a":1,"k":[{"i":{"x":0.833,"y":0.833},"o":{"x":0.333,"y":0},"t":0,"s":[{"i":[[0,0],[0,0],[0,0],[0,0]],"o":[[0,0],[0,0],[0,0],[0,0]],"v":[[0.383,-33.703],[-28.086,-0.723],[0.383,33.703],[28.086,-0.723]],"c":true}]},{"i":{"x":0.667,"y":1},"o":{"x":0.167,"y":0.167},"t":7,"s":[{"i":[[0,0],[0,0],[0,0],[0,0]],"o":[[0,0],[0,0],[0,0],[0,0]],"v":[[56.987,-33.703],[28.518,-0.723],[56.987,33.703],[84.69,-0.723]],"c":true}]},{"i":{"x":0,"y":1},"o":{"x":0.333,"y":0},"t":17,"s":[{"i":[[0,0],[0,0],[0,0],[0,0]],"o":[[0,0],[0,0],[0,0],[0,0]],"v":[[-46.787,-33.703],[-75.256,-0.724],[-46.787,33.703],[-19.084,-0.724]],"c":true}]},{"t":45,"s":[{"i":[[0,0],[0,0],[0,0],[0,0]],"o":[[0,0],[0,0],[0,0],[0,0]],"v":[[0.383,-33.703],[-28.086,-0.724],[0.383,33.703],[28.086,-0.724]],"c":true}]}],"ix":2},"nm":"Path 1","mn":"ADBE Vector Shape - Group","hd":false},{"ty":"fl","c":{"a":0,"k":[0.941176474094,0.003921568859,0.003921568859,1],"ix":4},"o":{"a":0,"k":100,"ix":5},"r":1,"bm":0,"nm":"Fill 1","mn":"ADBE Vector Graphic - Fill","hd":false},{"ty":"tr","p":{"a":0,"k":[338.466,634.301],"ix":2},"a":{"a":0,"k":[0,0],"ix":1},"s":{"a":0,"k":[100,100],"ix":3},"r":{"a":0,"k":0,"ix":6},"o":{"a":0,"k":100,"ix":7},"sk":{"a":0,"k":0,"ix":4},"sa":{"a":0,"k":0,"ix":5},"nm":"Transform"}],"nm":"Group 8","np":2,"cix":2,"bm":0,"ix":8,"mn":"ADBE Vector Group","hd":false},{"ty":"gr","it":[{"ind":0,"ty":"sh","ix":1,"ks":{"a":1,"k":[{"i":{"x":0.833,"y":0.833},"o":{"x":0.333,"y":0},"t":0,"s":[{"i":[[0,0],[0,0],[0,0]],"o":[[0,0],[0,0],[0,0]],"v":[[0.466,-20.642],[-32.798,20.642],[32.798,20.642]],"c":true}]},{"i":{"x":0.667,"y":1},"o":{"x":0.167,"y":0.167},"t":7,"s":[{"i":[[0,0],[0,0],[0,0]],"o":[[0,0],[0,0],[0,0]],"v":[[57.069,-20.642],[23.806,20.642],[89.402,20.642]],"c":true}]},{"i":{"x":0,"y":1},"o":{"x":0.333,"y":0},"t":17,"s":[{"i":[[0,0],[0,0],[0,0]],"o":[[0,0],[0,0],[0,0]],"v":[[-65.572,-20.642],[-98.836,20.642],[-33.24,20.642]],"c":true}]},{"t":45,"s":[{"i":[[0,0],[0,0],[0,0]],"o":[[0,0],[0,0],[0,0]],"v":[[0.466,-20.642],[-32.798,20.642],[32.798,20.642]],"c":true}]}],"ix":2},"nm":"Path 1","mn":"ADBE Vector Shape - Group","hd":false},{"ty":"gf","o":{"a":0,"k":100,"ix":10},"r":1,"bm":0,"g":{"p":3,"k":{"a":0,"k":[0,0.459,0.839,1,0.5,0.459,0.839,1,1,0.459,0.839,1,0,0,0.5,0.5,1,1],"ix":9}},"s":{"a":0,"k":[4.458,20.783],"ix":5},"e":{"a":0,"k":[2.379,-22.172],"ix":6},"t":1,"nm":"Crown05e","mn":"ADBE Vector Graphic - G-Fill","hd":false},{"ty":"tr","p":{"a":0,"k":[512.001,619.211],"ix":2},"a":{"a":0,"k":[0,0],"ix":1},"s":{"a":0,"k":[100,100],"ix":3},"r":{"a":0,"k":0,"ix":6},"o":{"a":0,"k":100,"ix":7},"sk":{"a":0,"k":0,"ix":4},"sa":{"a":0,"k":0,"ix":5},"nm":"Transform"}],"nm":"Group 9","np":2,"cix":2,"bm":0,"ix":9,"mn":"ADBE Vector Group","hd":false},{"ty":"gr","it":[{"ind":0,"ty":"sh","ix":1,"ks":{"a":1,"k":[{"i":{"x":0.833,"y":0.833},"o":{"x":0.333,"y":0},"t":0,"s":[{"i":[[0,0],[0,0],[0,0],[0,0]],"o":[[0,0],[0,0],[0,0],[0,0]],"v":[[0.549,-50.555],[-39.32,-0.999],[0.549,50.555],[39.32,-0.999]],"c":true}]},{"i":{"x":0.667,"y":1},"o":{"x":0.167,"y":0.167},"t":7,"s":[{"i":[[0,0],[0,0],[0,0],[0,0]],"o":[[0,0],[0,0],[0,0],[0,0]],"v":[[57.153,-50.555],[17.283,-0.999],[57.153,50.555],[95.924,-0.999]],"c":true}]},{"i":{"x":0,"y":1},"o":{"x":0.333,"y":0},"t":17,"s":[{"i":[[0,0],[0,0],[0,0],[0,0]],"o":[[0,0],[0,0],[0,0],[0,0]],"v":[[-65.488,-50.555],[-105.358,-0.999],[-65.488,50.555],[-26.717,-0.999]],"c":true}]},{"t":45,"s":[{"i":[[0,0],[0,0],[0,0],[0,0]],"o":[[0,0],[0,0],[0,0],[0,0]],"v":[[0.549,-50.555],[-39.32,-0.999],[0.549,50.555],[39.32,-0.999]],"c":true}]}],"ix":2},"nm":"Path 1","mn":"ADBE Vector Shape - Group","hd":false},{"ty":"fl","c":{"a":0,"k":[0.003921568859,0.54509806633,0.78823530674,1],"ix":4},"o":{"a":0,"k":100,"ix":5},"r":1,"bm":0,"nm":"Fill 1","mn":"ADBE Vector Graphic - Fill","hd":false},{"ty":"tr","p":{"a":0,"k":[511.994,640.698],"ix":2},"a":{"a":0,"k":[0,0],"ix":1},"s":{"a":0,"k":[100,100],"ix":3},"r":{"a":0,"k":0,"ix":6},"o":{"a":0,"k":100,"ix":7},"sk":{"a":0,"k":0,"ix":4},"sa":{"a":0,"k":0,"ix":5},"nm":"Transform"}],"nm":"Group 10","np":2,"cix":2,"bm":0,"ix":10,"mn":"ADBE Vector Group","hd":false},{"ty":"tr","p":{"a":0,"k":[511.994,640.698],"ix":2},"a":{"a":0,"k":[511.994,640.698],"ix":1},"s":{"a":0,"k":[100,100],"ix":3},"r":{"a":0,"k":0,"ix":6},"o":{"a":0,"k":100,"ix":7},"sk":{"a":0,"k":0,"ix":4},"sa":{"a":0,"k":0,"ix":5},"nm":"Transform"}],"nm":"Group 1","np":10,"cix":2,"bm":0,"ix":1,"mn":"ADBE Vector Group","hd":false},{"ty":"gr","it":[{"ind":0,"ty":"sh","ix":1,"ks":{"a":1,"k":[{"i":{"x":0,"y":1},"o":{"x":0.333,"y":0},"t":0,"s":[{"i":[[-3.84,0],[156.09,33.089],[3.84,0],[0,-0.011],[-160.874,35.349]],"o":[[-156.107,33.077],[3.84,0],[0,0.011],[158.998,34.921],[-3.84,0]],"v":[[288.127,-22.336],[-288.127,-22.336],[-288.127,-4.026],[-288.127,-4.004],[288.127,-4.026]],"c":true}]},{"t":45,"s":[{"i":[[-3.84,0],[156.09,33.089],[3.84,0],[0,-0.011],[-160.874,35.349]],"o":[[-156.107,33.077],[3.84,0],[0,0.011],[158.998,34.921],[-3.84,0]],"v":[[288.127,-22.336],[-288.127,-22.336],[-288.127,-4.026],[-288.127,-4.004],[288.127,-4.026]],"c":true}]}],"ix":2},"nm":"Path 1","mn":"ADBE Vector Shape - Group","hd":false},{"ty":"gf","o":{"a":0,"k":100,"ix":10},"r":1,"bm":0,"g":{"p":5,"k":{"a":0,"k":[0,0.812,0.337,0,0.238,0.886,0.514,0,0.655,0.961,0.69,0,0.875,0.886,0.514,0,1,0.812,0.337,0],"ix":9}},"s":{"a":0,"k":[-2.472,1.816],"ix":5},"e":{"a":0,"k":[237.499,-151.707],"ix":6},"t":2,"h":{"a":0,"k":0,"ix":7},"a":{"a":0,"k":0,"ix":8},"nm":"Crown06f","mn":"ADBE Vector Graphic - G-Fill","hd":false},{"ty":"tr","p":{"a":0,"k":[512.001,709.716],"ix":2},"a":{"a":0,"k":[0,0],"ix":1},"s":{"a":0,"k":[100,100],"ix":3},"r":{"a":0,"k":0,"ix":6},"o":{"a":0,"k":70,"ix":7},"sk":{"a":0,"k":0,"ix":4},"sa":{"a":0,"k":0,"ix":5},"nm":"Transform"}],"nm":"Group 2","np":2,"cix":2,"bm":0,"ix":2,"mn":"ADBE Vector Group","hd":false},{"ty":"gr","it":[{"ind":0,"ty":"sh","ix":1,"ks":{"a":1,"k":[{"i":{"x":0,"y":1},"o":{"x":0.333,"y":0},"t":0,"s":[{"i":[[-3.84,0],[98.701,20.922],[3.84,0],[0,0],[-101.701,22.347]],"o":[[-98.718,20.922],[3.84,0],[0,0.006],[101.69,22.331],[-3.84,0]],"v":[[288.127,-17.537],[-288.127,-17.537],[-288.127,0.774],[-288.127,0.791],[288.127,0.774]],"c":true}]},{"t":45,"s":[{"i":[[-3.84,0],[98.701,20.922],[3.84,0],[0,0],[-101.701,22.347]],"o":[[-98.718,20.922],[3.84,0],[0,0.006],[101.69,22.331],[-3.84,0]],"v":[[288.127,-17.537],[-288.127,-17.537],[-288.127,0.774],[-288.127,0.791],[288.127,0.774]],"c":true}]}],"ix":2},"nm":"Path 1","mn":"ADBE Vector Shape - Group","hd":false},{"ty":"gf","o":{"a":0,"k":100,"ix":10},"r":1,"bm":0,"g":{"p":5,"k":{"a":0,"k":[0,0.812,0.337,0,0.238,0.886,0.514,0,0.655,0.961,0.69,0,0.875,0.886,0.514,0,1,0.812,0.337,0],"ix":9}},"s":{"a":0,"k":[1.603,13.15],"ix":5},"e":{"a":0,"k":[276.335,-4.141],"ix":6},"t":2,"h":{"a":0,"k":0,"ix":7},"a":{"a":0,"k":0,"ix":8},"nm":"Crown07g","mn":"ADBE Vector Graphic - G-Fill","hd":false},{"ty":"tr","p":{"a":0,"k":[512.001,551.683],"ix":2},"a":{"a":0,"k":[0,0],"ix":1},"s":{"a":0,"k":[100,100],"ix":3},"r":{"a":0,"k":0,"ix":6},"o":{"a":0,"k":70,"ix":7},"sk":{"a":0,"k":0,"ix":4},"sa":{"a":0,"k":0,"ix":5},"nm":"Transform"}],"nm":"Group 3","np":2,"cix":2,"bm":0,"ix":3,"mn":"ADBE Vector Group","hd":false},{"ty":"gr","it":[{"ty":"gr","it":[{"ind":0,"ty":"sh","ix":1,"ks":{"a":1,"k":[{"i":{"x":0.833,"y":0.833},"o":{"x":0.333,"y":0},"t":0,"s":[{"i":[[0,-16.051],[16.034,0],[0,16.04],[-16.056,0]],"o":[[0,16.04],[-16.056,0],[0,-16.051],[16.034,0]],"v":[[29.054,0.006],[0.003,29.068],[-29.054,0.006],[0.003,-29.068]],"c":true}]},{"i":{"x":0.667,"y":1},"o":{"x":0.167,"y":0.167},"t":7,"s":[{"i":[[0,-16.051],[16.034,0],[0,16.04],[-16.056,0]],"o":[[0,16.04],[-16.056,0],[0,-16.051],[16.034,0]],"v":[[19.62,0.006],[-9.431,29.068],[-38.488,0.006],[-9.431,-29.068]],"c":true}]},{"i":{"x":0,"y":1},"o":{"x":0.333,"y":0},"t":17,"s":[{"i":[[0,-16.051],[16.034,0],[0,16.04],[-16.056,0]],"o":[[0,16.04],[-16.056,0],[0,-16.051],[16.034,0]],"v":[[0.752,0.006],[-28.299,29.068],[-57.356,0.006],[-28.299,-29.068]],"c":true}]},{"t":45,"s":[{"i":[[0,-16.051],[16.034,0],[0,16.04],[-16.056,0]],"o":[[0,16.04],[-16.056,0],[0,-16.051],[16.034,0]],"v":[[29.054,0.006],[0.003,29.068],[-29.054,0.006],[0.003,-29.068]],"c":true}]}],"ix":2},"nm":"Path 1","mn":"ADBE Vector Shape - Group","hd":false},{"ty":"gf","o":{"a":0,"k":100,"ix":10},"r":1,"bm":0,"g":{"p":3,"k":{"a":0,"k":[0,1,0.859,0.161,0.727,1,0.729,0.08,1,1,0.6,0],"ix":9}},"s":{"a":0,"k":[0.595,-5.402],"ix":5},"e":{"a":0,"k":[29.031,0.408],"ix":6},"t":2,"h":{"a":0,"k":0,"ix":7},"a":{"a":0,"k":0,"ix":8},"nm":"Crown08h","mn":"ADBE Vector Graphic - G-Fill","hd":false},{"ty":"tr","p":{"a":0,"k":[842.446,329.289],"ix":2},"a":{"a":0,"k":[0,0],"ix":1},"s":{"a":0,"k":[100,100],"ix":3},"r":{"a":0,"k":0,"ix":6},"o":{"a":0,"k":100,"ix":7},"sk":{"a":0,"k":0,"ix":4},"sa":{"a":0,"k":0,"ix":5},"nm":"Transform"}],"nm":"Group 1","np":2,"cix":2,"bm":0,"ix":1,"mn":"ADBE Vector Group","hd":false},{"ty":"gr","it":[{"ind":0,"ty":"sh","ix":1,"ks":{"a":1,"k":[{"i":{"x":0.833,"y":0.833},"o":{"x":0.333,"y":0},"t":0,"s":[{"i":[[0,-16.051],[16.039,0],[0,16.04],[-16.051,0]],"o":[[0,16.04],[-16.051,0],[0,-16.051],[16.039,0]],"v":[[29.054,0.006],[-0.002,29.068],[-29.054,0.006],[-0.002,-29.068]],"c":true}]},{"i":{"x":0.667,"y":1},"o":{"x":0.167,"y":0.167},"t":7,"s":[{"i":[[0,-16.051],[16.039,0],[0,16.04],[-16.051,0]],"o":[[0,16.04],[-16.051,0],[0,-16.051],[16.039,0]],"v":[[38.488,0.006],[9.432,29.068],[-19.62,0.006],[9.432,-29.068]],"c":true}]},{"i":{"x":0,"y":1},"o":{"x":0.333,"y":0},"t":17,"s":[{"i":[[0,-16.051],[16.039,0],[0,16.04],[-16.051,0]],"o":[[0,16.04],[-16.051,0],[0,-16.051],[16.039,0]],"v":[[19.62,0.006],[-9.436,29.068],[-38.488,0.006],[-9.436,-29.068]],"c":true}]},{"t":45,"s":[{"i":[[0,-16.051],[16.039,0],[0,16.04],[-16.051,0]],"o":[[0,16.04],[-16.051,0],[0,-16.051],[16.039,0]],"v":[[29.054,0.006],[-0.002,29.068],[-29.054,0.006],[-0.002,-29.068]],"c":true}]}],"ix":2},"nm":"Path 1","mn":"ADBE Vector Shape - Group","hd":false},{"ty":"gf","o":{"a":0,"k":100,"ix":10},"r":1,"bm":0,"g":{"p":3,"k":{"a":0,"k":[0,1,0.859,0.161,0.727,1,0.729,0.08,1,1,0.6,0],"ix":9}},"s":{"a":0,"k":[0.032,-4.606],"ix":5},"e":{"a":0,"k":[31.896,-18.014],"ix":6},"t":2,"h":{"a":0,"k":0,"ix":7},"a":{"a":0,"k":0,"ix":8},"nm":"Crown09i","mn":"ADBE Vector Graphic - G-Fill","hd":false},{"ty":"tr","p":{"a":0,"k":[181.554,329.289],"ix":2},"a":{"a":0,"k":[0,0],"ix":1},"s":{"a":0,"k":[100,100],"ix":3},"r":{"a":0,"k":0,"ix":6},"o":{"a":0,"k":100,"ix":7},"sk":{"a":0,"k":0,"ix":4},"sa":{"a":0,"k":0,"ix":5},"nm":"Transform"}],"nm":"Group 2","np":2,"cix":2,"bm":0,"ix":2,"mn":"ADBE Vector Group","hd":false},{"ty":"tr","p":{"a":0,"k":[182.008,329.58],"ix":2},"a":{"a":0,"k":[181.554,329.289],"ix":1},"s":{"a":0,"k":[100,100],"ix":3},"r":{"a":0,"k":0,"ix":6},"o":{"a":0,"k":100,"ix":7},"sk":{"a":0,"k":0,"ix":4},"sa":{"a":0,"k":0,"ix":5},"nm":"Transform"}],"nm":"Group 4","np":2,"cix":2,"bm":0,"ix":4,"mn":"ADBE Vector Group","hd":false},{"ty":"gr","it":[{"ty":"gr","it":[{"ind":0,"ty":"sh","ix":1,"ks":{"a":1,"k":[{"i":{"x":0.833,"y":0.833},"o":{"x":0.333,"y":0},"t":0,"s":[{"i":[[0,-16.051],[16.039,0],[0,16.039],[-16.05,0]],"o":[[0,16.039],[-16.05,0],[0,-16.051],[16.039,0]],"v":[[29.054,0.008],[-0.003,29.071],[-29.054,0.008],[-0.003,-29.071]],"c":true}]},{"i":{"x":0.667,"y":1},"o":{"x":0.167,"y":0.167},"t":7,"s":[{"i":[[0,-16.051],[16.039,0],[0,16.039],[-16.05,0]],"o":[[0,16.039],[-16.05,0],[0,-16.051],[16.039,0]],"v":[[75.28,-4.709],[46.224,24.354],[17.173,-4.709],[46.224,-33.788]],"c":true}]},{"i":{"x":0,"y":1},"o":{"x":0.333,"y":0},"t":17,"s":[{"i":[[0,-16.051],[16.039,0],[0,16.039],[-16.05,0]],"o":[[0,16.039],[-16.05,0],[0,-16.051],[16.039,0]],"v":[[-30.38,-14.053],[-59.437,15.009],[-88.488,-14.053],[-59.437,-43.132]],"c":true}]},{"t":45,"s":[{"i":[[0,-16.051],[16.039,0],[0,16.039],[-16.05,0]],"o":[[0,16.039],[-16.05,0],[0,-16.051],[16.039,0]],"v":[[29.054,0.008],[-0.003,29.071],[-29.054,0.008],[-0.003,-29.071]],"c":true}]}],"ix":2},"nm":"Path 1","mn":"ADBE Vector Shape - Group","hd":false},{"ty":"gf","o":{"a":0,"k":100,"ix":10},"r":1,"bm":0,"g":{"p":3,"k":{"a":0,"k":[0,1,0.859,0.161,0.727,1,0.729,0.08,1,1,0.6,0],"ix":9}},"s":{"a":0,"k":[-2.344,-4.308],"ix":5},"e":{"a":0,"k":[138.529,65.895],"ix":6},"t":2,"h":{"a":0,"k":0,"ix":7},"a":{"a":0,"k":0,"ix":8},"nm":"Crown10j","mn":"ADBE Vector Graphic - G-Fill","hd":false},{"ty":"tr","p":{"a":0,"k":[644.577,293.916],"ix":2},"a":{"a":0,"k":[0,0],"ix":1},"s":{"a":0,"k":[100,100],"ix":3},"r":{"a":0,"k":0,"ix":6},"o":{"a":0,"k":100,"ix":7},"sk":{"a":0,"k":0,"ix":4},"sa":{"a":0,"k":0,"ix":5},"nm":"Transform"}],"nm":"Group 1","np":2,"cix":2,"bm":0,"ix":1,"mn":"ADBE Vector Group","hd":false},{"ty":"gr","it":[{"ind":0,"ty":"sh","ix":1,"ks":{"a":1,"k":[{"i":{"x":0.833,"y":0.833},"o":{"x":0.333,"y":0},"t":0,"s":[{"i":[[0,-16.051],[16.034,0],[0,16.039],[-16.056,0]],"o":[[0,16.039],[-16.056,0],[0,-16.051],[16.034,0]],"v":[[29.054,0.008],[0.003,29.071],[-29.054,0.008],[0.003,-29.071]],"c":true}]},{"i":{"x":0.667,"y":1},"o":{"x":0.167,"y":0.167},"t":7,"s":[{"i":[[0,-16.051],[16.034,0],[0,16.039],[-16.056,0]],"o":[[0,16.039],[-16.056,0],[0,-16.051],[16.034,0]],"v":[[105.469,-10.369],[76.418,18.693],[47.361,-10.369],[76.418,-39.448]],"c":true}]},{"i":{"x":0,"y":1},"o":{"x":0.333,"y":0},"t":17,"s":[{"i":[[0,-16.051],[16.034,0],[0,16.039],[-16.056,0]],"o":[[0,16.039],[-16.056,0],[0,-16.051],[16.034,0]],"v":[[-0.191,-0.845],[-29.242,28.217],[-58.3,-0.845],[-29.242,-29.925]],"c":true}]},{"t":45,"s":[{"i":[[0,-16.051],[16.034,0],[0,16.039],[-16.056,0]],"o":[[0,16.039],[-16.056,0],[0,-16.051],[16.034,0]],"v":[[29.054,0.008],[0.003,29.071],[-29.054,0.008],[0.003,-29.071]],"c":true}]}],"ix":2},"nm":"Path 1","mn":"ADBE Vector Shape - Group","hd":false},{"ty":"gf","o":{"a":0,"k":100,"ix":10},"r":1,"bm":0,"g":{"p":3,"k":{"a":0,"k":[0,1,0.859,0.161,0.727,1,0.729,0.08,1,1,0.6,0],"ix":9}},"s":{"a":0,"k":[-0.423,-6.015],"ix":5},"e":{"a":0,"k":[86.064,-14.736],"ix":6},"t":2,"h":{"a":0,"k":0,"ix":7},"a":{"a":0,"k":0,"ix":8},"nm":"Crown11k","mn":"ADBE Vector Graphic - G-Fill","hd":false},{"ty":"tr","p":{"a":0,"k":[379.423,293.916],"ix":2},"a":{"a":0,"k":[0,0],"ix":1},"s":{"a":0,"k":[100,100],"ix":3},"r":{"a":0,"k":0,"ix":6},"o":{"a":0,"k":100,"ix":7},"sk":{"a":0,"k":0,"ix":4},"sa":{"a":0,"k":0,"ix":5},"nm":"Transform"}],"nm":"Group 2","np":2,"cix":2,"bm":0,"ix":2,"mn":"ADBE Vector Group","hd":false},{"ty":"tr","p":{"a":0,"k":[379.777,294.852],"ix":2},"a":{"a":0,"k":[379.423,293.916],"ix":1},"s":{"a":0,"k":[100,100],"ix":3},"r":{"a":0,"k":0,"ix":6},"o":{"a":0,"k":100,"ix":7},"sk":{"a":0,"k":0,"ix":4},"sa":{"a":0,"k":0,"ix":5},"nm":"Transform"}],"nm":"Group 5","np":2,"cix":2,"bm":0,"ix":5,"mn":"ADBE Vector Group","hd":false},{"ty":"gr","it":[{"ind":0,"ty":"sh","ix":1,"ks":{"a":1,"k":[{"i":{"x":0.833,"y":0.833},"o":{"x":0.333,"y":0},"t":0,"s":[{"i":[[11.312,-10.57],[45.267,409.156],[8.744,-11.52],[47.28,0],[19.578,25.777],[1.711,-15.43],[94.697,88.559],[-4.772,-8.485],[-2.249,-61.345],[-0.01,-6.522],[3.834,-0.274],[0.027,-38.613],[3.813,-0.055],[0,0],[-3.549,47.603],[0.011,11.014],[-3.813,0.11],[-0.022,35.924],[-3.806,0.209],[-0.021,0.664],[-23.742,42.206]],"o":[[-94.697,88.559],[-1.706,-15.43],[-19.578,25.777],[-47.28,0],[-8.744,-11.52],[-45.267,409.156],[-11.311,-10.57],[23.747,42.206],[0.021,0.664],[3.807,0.209],[0.022,35.924],[3.812,0.11],[-0.011,11.014],[3.564,47.603],[0,0],[-3.812,-0.055],[-0.028,-38.613],[-3.834,-0.274],[0.011,-6.522],[2.249,-61.345],[4.777,-8.485]],"v":[[317.005,-193.826],[140.541,-220.881],[120.003,-224.106],[0.001,-10.094],[-120,-224.106],[-140.538,-220.881],[-317.003,-193.826],[-333.048,-182.866],[-288.126,-3.664],[-288.072,7.646],[-288.049,25.875],[-288.093,160.869],[-288.11,179.147],[-288.126,196.92],[288.129,196.92],[288.112,179.147],[288.097,160.869],[288.053,25.875],[288.074,7.646],[288.129,-3.664],[333.046,-182.866]],"c":true}]},{"i":{"x":0.667,"y":1},"o":{"x":0.167,"y":0.167},"t":7,"s":[{"i":[[10.098,-11.735],[42.479,384.65],[8.744,-11.52],[47.28,0],[19.578,25.777],[3.309,-15.168],[94.697,88.559],[-4.772,-8.485],[-2.249,-61.345],[-0.01,-6.521],[3.834,-0.274],[0.027,-38.613],[3.813,-0.055],[0,0],[-3.549,47.603],[0.011,11.014],[-3.813,0.11],[-0.022,35.924],[-3.806,0.209],[-0.021,0.664],[-23.742,42.206]],"o":[[-64.174,74.577],[-1.704,-15.431],[-19.578,25.777],[-47.28,0],[-8.744,-11.52],[-91.537,419.556],[-11.311,-10.57],[23.747,42.206],[0.021,0.664],[3.807,0.209],[0.022,35.924],[3.812,0.11],[-0.011,11.014],[3.564,47.603],[0,0],[-3.812,-0.055],[-0.028,-38.613],[-3.834,-0.274],[0.011,-6.521],[2.249,-61.345],[4.777,-8.485]],"v":[[307.571,-193.826],[186.767,-225.598],[166.23,-228.823],[58.492,-11.037],[-43.585,-234.484],[-64.123,-231.258],[-307.569,-193.826],[-323.614,-182.866],[-288.126,-3.664],[-288.072,7.646],[-288.049,25.875],[-288.093,160.869],[-288.11,179.147],[-288.126,196.92],[288.129,196.92],[288.112,179.147],[288.097,160.869],[288.053,25.875],[288.074,7.646],[288.129,-3.664],[323.612,-182.866]],"c":true}]},{"i":{"x":0,"y":1},"o":{"x":0.333,"y":0},"t":17,"s":[{"i":[[8.403,-13.003],[57.573,429.844],[8.744,-11.52],[47.28,0],[19.578,25.777],[2.353,-15.346],[80.211,72.69],[-4.772,-8.485],[-2.249,-61.345],[-0.01,-6.521],[3.834,-0.274],[0.027,-38.613],[3.813,-0.055],[0,0],[-3.549,47.603],[0.011,11.014],[-3.813,0.11],[-0.022,35.924],[-3.806,0.209],[-0.021,0.664],[-23.742,42.206]],"o":[[-50.023,77.407],[-2.061,-15.387],[-19.578,25.777],[-47.28,0],[-8.744,-11.52],[-62.291,406.259],[-11.471,-10.396],[23.747,42.206],[0.021,0.664],[3.807,0.209],[0.022,35.924],[3.812,0.11],[-0.011,11.014],[3.564,47.603],[0,0],[-3.812,-0.055],[-0.028,-38.613],[-3.834,-0.274],[0.011,-6.521],[2.249,-61.345],[4.777,-8.485]],"v":[[288.703,-193.826],[81.107,-234.942],[60.569,-238.168],[-50.942,-6.32],[-149.245,-224.96],[-169.783,-221.735],[-326.437,-193.826],[-342.482,-182.866],[-288.126,-3.664],[-288.072,7.646],[-288.049,25.875],[-288.093,160.869],[-288.11,179.147],[-288.126,196.92],[288.129,196.92],[288.112,179.147],[288.097,160.869],[288.053,25.875],[288.074,7.646],[288.129,-3.664],[304.744,-182.866]],"c":true}]},{"t":45,"s":[{"i":[[11.312,-10.57],[45.267,409.156],[8.744,-11.52],[47.28,0],[19.578,25.777],[1.711,-15.43],[94.697,88.559],[-4.772,-8.485],[-2.249,-61.345],[-0.01,-6.522],[3.834,-0.274],[0.027,-38.613],[3.813,-0.055],[0,0],[-3.549,47.603],[0.011,11.014],[-3.813,0.11],[-0.022,35.924],[-3.806,0.209],[-0.021,0.664],[-23.742,42.206]],"o":[[-94.697,88.559],[-1.706,-15.43],[-19.578,25.777],[-47.28,0],[-8.744,-11.52],[-45.267,409.156],[-11.311,-10.57],[23.747,42.206],[0.021,0.664],[3.807,0.209],[0.022,35.924],[3.812,0.11],[-0.011,11.014],[3.564,47.603],[0,0],[-3.812,-0.055],[-0.028,-38.613],[-3.834,-0.274],[0.011,-6.522],[2.249,-61.345],[4.777,-8.485]],"v":[[317.005,-193.826],[140.541,-220.881],[120.003,-224.106],[0.001,-10.094],[-120,-224.106],[-140.538,-220.881],[-317.003,-193.826],[-333.048,-182.866],[-288.126,-3.664],[-288.072,7.646],[-288.049,25.875],[-288.093,160.869],[-288.11,179.147],[-288.126,196.92],[288.129,196.92],[288.112,179.147],[288.097,160.869],[288.053,25.875],[288.074,7.646],[288.129,-3.664],[333.046,-182.866]],"c":true}]}],"ix":2},"nm":"Path 1","mn":"ADBE Vector Shape - Group","hd":false},{"ty":"gf","o":{"a":0,"k":100,"ix":10},"r":1,"bm":0,"g":{"p":9,"k":{"a":0,"k":[0,1,0.6,0,0.117,1,0.757,0.071,0.235,1,0.914,0.141,0.379,1,0.79,0.071,0.523,1,0.667,0,0.709,1,0.79,0.071,0.793,1,0.914,0.141,0.945,1,0.757,0.071,1,1,0.6,0],"ix":9}},"s":{"a":0,"k":[-323.009,103.244],"ix":5},"e":{"a":0,"k":[315.246,76.821],"ix":6},"t":1,"nm":"Crown12l","mn":"ADBE Vector Graphic - G-Fill","hd":false},{"ty":"tr","p":{"a":0,"k":[511.999,526.533],"ix":2},"a":{"a":0,"k":[0,0],"ix":1},"s":{"a":0,"k":[100,100],"ix":3},"r":{"a":0,"k":0,"ix":6},"o":{"a":0,"k":100,"ix":7},"sk":{"a":0,"k":0,"ix":4},"sa":{"a":0,"k":0,"ix":5},"nm":"Transform"}],"nm":"Group 6","np":2,"cix":2,"bm":0,"ix":6,"mn":"ADBE Vector Group","hd":false},{"ty":"gr","it":[{"ind":0,"ty":"sh","ix":1,"ks":{"a":1,"k":[{"i":{"x":0.833,"y":0.833},"o":{"x":0.333,"y":0},"t":0,"s":[{"i":[[0,-12.82],[12.825,0],[0,12.842],[-12.836,0]],"o":[[0,12.842],[-12.836,0],[0,-12.82],[12.825,0]],"v":[[23.242,-0.001],[0.005,23.253],[-23.242,-0.001],[0.005,-23.253]],"c":true}]},{"i":{"x":0.667,"y":1},"o":{"x":0.167,"y":0.167},"t":7,"s":[{"i":[[0,-12.82],[12.825,0],[0,12.842],[-12.836,0]],"o":[[0,12.842],[-12.836,0],[0,-12.82],[12.825,0]],"v":[[-14.494,-0.001],[-37.731,23.253],[-60.978,-0.001],[-37.731,-23.253]],"c":true}]},{"i":{"x":0,"y":1},"o":{"x":0.333,"y":0},"t":17,"s":[{"i":[[0,-12.82],[12.825,0],[0,12.842],[-12.836,0]],"o":[[0,12.842],[-12.836,0],[0,-12.82],[12.825,0]],"v":[[60.978,-0.001],[37.741,23.253],[14.494,-0.001],[37.741,-23.253]],"c":true}]},{"t":45,"s":[{"i":[[0,-12.82],[12.825,0],[0,12.842],[-12.836,0]],"o":[[0,12.842],[-12.836,0],[0,-12.82],[12.825,0]],"v":[[23.242,-0.001],[0.005,23.253],[-23.242,-0.001],[0.005,-23.253]],"c":true}]}],"ix":2},"nm":"Path 1","mn":"ADBE Vector Shape - Group","hd":false},{"ty":"gf","o":{"a":0,"k":100,"ix":10},"r":1,"bm":0,"g":{"p":3,"k":{"a":0,"k":[0,1,0.784,0,0.5,1,0.692,0,1,1,0.6,0],"ix":9}},"s":{"a":0,"k":[-3.874,-4.469],"ix":5},"e":{"a":0,"k":[16.601,24.165],"ix":6},"t":2,"h":{"a":0,"k":0,"ix":7},"a":{"a":0,"k":0,"ix":8},"nm":"Crown13m","mn":"ADBE Vector Graphic - G-Fill","hd":false},{"ty":"tr","p":{"a":0,"k":[512.001,406.482],"ix":2},"a":{"a":0,"k":[0,0],"ix":1},"s":{"a":0,"k":[100,100],"ix":3},"r":{"a":0,"k":0,"ix":6},"o":{"a":0,"k":100,"ix":7},"sk":{"a":0,"k":0,"ix":4},"sa":{"a":0,"k":0,"ix":5},"nm":"Transform"}],"nm":"Group 7","np":2,"cix":2,"bm":0,"ix":7,"mn":"ADBE Vector Group","hd":false},{"ty":"gr","it":[{"ind":0,"ty":"sh","ix":1,"ks":{"a":1,"k":[{"i":{"x":0.833,"y":0.833},"o":{"x":0.333,"y":0},"t":0,"s":[{"i":[[0,0],[0,0],[0,0],[0,0]],"o":[[0,0],[0,0],[0,0],[0,0]],"v":[[4.879,-59.655],[-4.962,-59.655],[-39.005,59.655],[39.005,59.655]],"c":true}]},{"i":{"x":0.667,"y":1},"o":{"x":0.167,"y":0.167},"t":7,"s":[{"i":[[0,0],[0,0],[0,0],[0,0]],"o":[[0,0],[0,0],[0,0],[0,0]],"v":[[-32.857,-59.655],[-42.698,-59.655],[-76.74,59.655],[1.269,59.655]],"c":true}]},{"i":{"x":0,"y":1},"o":{"x":0.333,"y":0},"t":17,"s":[{"i":[[0,0],[0,0],[0,0],[0,0]],"o":[[0,0],[0,0],[0,0],[0,0]],"v":[[42.615,-59.655],[32.774,-59.655],[-1.269,59.655],[76.74,59.655]],"c":true}]},{"t":45,"s":[{"i":[[0,0],[0,0],[0,0],[0,0]],"o":[[0,0],[0,0],[0,0],[0,0]],"v":[[4.879,-59.655],[-4.962,-59.655],[-39.005,59.655],[39.005,59.655]],"c":true}]}],"ix":2},"nm":"Path 1","mn":"ADBE Vector Shape - Group","hd":false},{"ty":"gf","o":{"a":0,"k":100,"ix":10},"r":1,"bm":0,"g":{"p":3,"k":{"a":0,"k":[0,0.91,0.545,0,0.5,0.955,0.665,0,1,1,0.784,0],"ix":9}},"s":{"a":0,"k":[4.67,74.419],"ix":5},"e":{"a":0,"k":[0.566,-59.06],"ix":6},"t":1,"nm":"Crown14n","mn":"ADBE Vector Graphic - G-Fill","hd":false},{"ty":"tr","p":{"a":0,"k":[512.042,472.682],"ix":2},"a":{"a":0,"k":[0,0],"ix":1},"s":{"a":0,"k":[100,100],"ix":3},"r":{"a":0,"k":0,"ix":6},"o":{"a":0,"k":100,"ix":7},"sk":{"a":0,"k":0,"ix":4},"sa":{"a":0,"k":0,"ix":5},"nm":"Transform"}],"nm":"Group 8","np":2,"cix":2,"bm":0,"ix":8,"mn":"ADBE Vector Group","hd":false},{"ty":"gr","it":[{"ty":"gr","it":[{"ty":"gr","it":[{"ind":0,"ty":"sh","ix":1,"ks":{"a":1,"k":[{"i":{"x":0.833,"y":0.833},"o":{"x":0.333,"y":0},"t":0,"s":[{"i":[[0,-12.825],[12.82,0],[0,12.836],[-12.836,0]],"o":[[0,12.836],[-12.836,0],[0,-12.825],[12.82,0]],"v":[[23.242,0.005],[0.011,23.253],[-23.242,0.005],[0.011,-23.253]],"c":true}]},{"i":{"x":0.667,"y":1},"o":{"x":0.167,"y":0.167},"t":7,"s":[{"i":[[0,-12.825],[12.82,0],[0,12.836],[-12.836,0]],"o":[[0,12.836],[-12.836,0],[0,-12.825],[12.82,0]],"v":[[-14.494,0.005],[-37.725,23.253],[-60.978,0.005],[-37.725,-23.253]],"c":true}]},{"i":{"x":0,"y":1},"o":{"x":0.333,"y":0},"t":17,"s":[{"i":[[0,-12.825],[12.82,0],[0,12.836],[-12.836,0]],"o":[[0,12.836],[-12.836,0],[0,-12.825],[12.82,0]],"v":[[60.978,0.005],[37.747,23.253],[14.494,0.005],[37.747,-23.253]],"c":true}]},{"t":45,"s":[{"i":[[0,-12.825],[12.82,0],[0,12.836],[-12.836,0]],"o":[[0,12.836],[-12.836,0],[0,-12.825],[12.82,0]],"v":[[23.242,0.005],[0.011,23.253],[-23.242,0.005],[0.011,-23.253]],"c":true}]}],"ix":2},"nm":"Path 1","mn":"ADBE Vector Shape - Group","hd":false},{"ty":"gf","o":{"a":0,"k":100,"ix":10},"r":1,"bm":0,"g":{"p":3,"k":{"a":0,"k":[0,1,0.784,0,0.5,1,0.692,0,1,1,0.6,0],"ix":9}},"s":{"a":0,"k":[2.414,-1.506],"ix":5},"e":{"a":0,"k":[-12.999,22.912],"ix":6},"t":2,"h":{"a":0,"k":0,"ix":7},"a":{"a":0,"k":0,"ix":8},"nm":"Crown15o","mn":"ADBE Vector Graphic - G-Fill","hd":false},{"ty":"tr","p":{"a":0,"k":[715.624,406.482],"ix":2},"a":{"a":0,"k":[0,0],"ix":1},"s":{"a":0,"k":[100,100],"ix":3},"r":{"a":0,"k":0,"ix":6},"o":{"a":0,"k":100,"ix":7},"sk":{"a":0,"k":0,"ix":4},"sa":{"a":0,"k":0,"ix":5},"nm":"Transform"}],"nm":"Group 1","np":2,"cix":2,"bm":0,"ix":1,"mn":"ADBE Vector Group","hd":false},{"ty":"gr","it":[{"ind":0,"ty":"sh","ix":1,"ks":{"a":1,"k":[{"i":{"x":0.833,"y":0.833},"o":{"x":0.333,"y":0},"t":0,"s":[{"i":[[0,0],[0,0],[0,0],[0,0]],"o":[[0,0],[0,0],[0,0],[0,0]],"v":[[32.34,61.021],[16.18,-61.021],[5.851,-61.021],[-32.34,54.147]],"c":true}]},{"i":{"x":0.667,"y":1},"o":{"x":0.167,"y":0.167},"t":7,"s":[{"i":[[0,0],[0,0],[0,0],[0,0]],"o":[[0,0],[0,0],[0,0],[0,0]],"v":[[-5.396,61.021],[-21.556,-61.021],[-31.885,-61.021],[-70.076,54.147]],"c":true}]},{"i":{"x":0,"y":1},"o":{"x":0.333,"y":0},"t":17,"s":[{"i":[[0,0],[0,0],[0,0],[0,0]],"o":[[0,0],[0,0],[0,0],[0,0]],"v":[[70.076,61.021],[53.916,-61.021],[43.587,-61.021],[5.396,54.147]],"c":true}]},{"t":45,"s":[{"i":[[0,0],[0,0],[0,0],[0,0]],"o":[[0,0],[0,0],[0,0],[0,0]],"v":[[32.34,61.021],[16.18,-61.021],[5.851,-61.021],[-32.34,54.147]],"c":true}]}],"ix":2},"nm":"Path 1","mn":"ADBE Vector Shape - Group","hd":false},{"ty":"gf","o":{"a":0,"k":100,"ix":10},"r":1,"bm":0,"g":{"p":3,"k":{"a":0,"k":[0,0.91,0.545,0,0.5,0.955,0.665,0,1,1,0.784,0],"ix":9}},"s":{"a":0,"k":[-19.386,76.803],"ix":5},"e":{"a":0,"k":[9.123,-58.364],"ix":6},"t":1,"nm":"Crown16p","mn":"ADBE Vector Graphic - G-Fill","hd":false},{"ty":"tr","p":{"a":0,"k":[704.611,465.895],"ix":2},"a":{"a":0,"k":[0,0],"ix":1},"s":{"a":0,"k":[100,100],"ix":3},"r":{"a":0,"k":0,"ix":6},"o":{"a":0,"k":100,"ix":7},"sk":{"a":0,"k":0,"ix":4},"sa":{"a":0,"k":0,"ix":5},"nm":"Transform"}],"nm":"Group 2","np":2,"cix":2,"bm":0,"ix":2,"mn":"ADBE Vector Group","hd":false},{"ty":"tr","p":{"a":0,"k":[704.611,465.895],"ix":2},"a":{"a":0,"k":[704.611,465.895],"ix":1},"s":{"a":0,"k":[100,100],"ix":3},"r":{"a":0,"k":0,"ix":6},"o":{"a":0,"k":100,"ix":7},"sk":{"a":0,"k":0,"ix":4},"sa":{"a":0,"k":0,"ix":5},"nm":"Transform"}],"nm":"Group 1","np":2,"cix":2,"bm":0,"ix":1,"mn":"ADBE Vector Group","hd":false},{"ty":"gr","it":[{"ty":"gr","it":[{"ind":0,"ty":"sh","ix":1,"ks":{"a":1,"k":[{"i":{"x":0.833,"y":0.833},"o":{"x":0.333,"y":0},"t":0,"s":[{"i":[[0,-12.825],[12.814,0],[0,12.836],[-12.842,0]],"o":[[0,12.836],[-12.842,0],[0,-12.825],[12.814,0]],"v":[[23.242,0.005],[0.011,23.253],[-23.242,0.005],[0.011,-23.253]],"c":true}]},{"i":{"x":0.667,"y":1},"o":{"x":0.167,"y":0.167},"t":7,"s":[{"i":[[0,-12.825],[12.814,0],[0,12.836],[-12.842,0]],"o":[[0,12.836],[-12.842,0],[0,-12.825],[12.814,0]],"v":[[-14.494,0.005],[-37.725,23.253],[-60.978,0.005],[-37.725,-23.253]],"c":true}]},{"i":{"x":0,"y":1},"o":{"x":0.333,"y":0},"t":17,"s":[{"i":[[0,-12.825],[12.814,0],[0,12.836],[-12.842,0]],"o":[[0,12.836],[-12.842,0],[0,-12.825],[12.814,0]],"v":[[60.978,0.005],[37.747,23.253],[14.494,0.005],[37.747,-23.253]],"c":true}]},{"t":45,"s":[{"i":[[0,-12.825],[12.814,0],[0,12.836],[-12.842,0]],"o":[[0,12.836],[-12.842,0],[0,-12.825],[12.814,0]],"v":[[23.242,0.005],[0.011,23.253],[-23.242,0.005],[0.011,-23.253]],"c":true}]}],"ix":2},"nm":"Path 1","mn":"ADBE Vector Shape - Group","hd":false},{"ty":"gf","o":{"a":0,"k":100,"ix":10},"r":1,"bm":0,"g":{"p":3,"k":{"a":0,"k":[0,1,0.784,0,0.5,1,0.692,0,1,1,0.6,0],"ix":9}},"s":{"a":0,"k":[-5.879,-4.417],"ix":5},"e":{"a":0,"k":[16.034,21.143],"ix":6},"t":2,"h":{"a":0,"k":0,"ix":7},"a":{"a":0,"k":0,"ix":8},"nm":"Crown17q","mn":"ADBE Vector Graphic - G-Fill","hd":false},{"ty":"tr","p":{"a":0,"k":[308.378,406.482],"ix":2},"a":{"a":0,"k":[0,0],"ix":1},"s":{"a":0,"k":[100,100],"ix":3},"r":{"a":0,"k":0,"ix":6},"o":{"a":0,"k":100,"ix":7},"sk":{"a":0,"k":0,"ix":4},"sa":{"a":0,"k":0,"ix":5},"nm":"Transform"}],"nm":"Group 1","np":2,"cix":2,"bm":0,"ix":1,"mn":"ADBE Vector Group","hd":false},{"ty":"gr","it":[{"ind":0,"ty":"sh","ix":1,"ks":{"a":1,"k":[{"i":{"x":0.833,"y":0.833},"o":{"x":0.333,"y":0},"t":0,"s":[{"i":[[0,0],[0,0],[0,0],[0,0]],"o":[[0,0],[0,0],[0,0],[0,0]],"v":[[-32.34,61.021],[-16.179,-61.021],[-5.85,-61.021],[32.34,54.147]],"c":true}]},{"i":{"x":0.667,"y":1},"o":{"x":0.167,"y":0.167},"t":7,"s":[{"i":[[0,0],[0,0],[0,0],[0,0]],"o":[[0,0],[0,0],[0,0],[0,0]],"v":[[-70.076,61.021],[-53.915,-61.021],[-43.586,-61.021],[-5.396,54.147]],"c":true}]},{"i":{"x":0,"y":1},"o":{"x":0.333,"y":0},"t":17,"s":[{"i":[[0,0],[0,0],[0,0],[0,0]],"o":[[0,0],[0,0],[0,0],[0,0]],"v":[[5.396,61.021],[21.557,-61.021],[31.886,-61.021],[70.076,54.147]],"c":true}]},{"t":45,"s":[{"i":[[0,0],[0,0],[0,0],[0,0]],"o":[[0,0],[0,0],[0,0],[0,0]],"v":[[-32.34,61.021],[-16.179,-61.021],[-5.85,-61.021],[32.34,54.147]],"c":true}]}],"ix":2},"nm":"Path 1","mn":"ADBE Vector Shape - Group","hd":false},{"ty":"gf","o":{"a":0,"k":100,"ix":10},"r":1,"bm":0,"g":{"p":3,"k":{"a":0,"k":[0,0.91,0.545,0,0.5,0.955,0.665,0,1,1,0.784,0],"ix":9}},"s":{"a":0,"k":[2.182,73.298],"ix":5},"e":{"a":0,"k":[-15.768,-55.944],"ix":6},"t":1,"nm":"Crown18r","mn":"ADBE Vector Graphic - G-Fill","hd":false},{"ty":"tr","p":{"a":0,"k":[319.389,465.895],"ix":2},"a":{"a":0,"k":[0,0],"ix":1},"s":{"a":0,"k":[100,100],"ix":3},"r":{"a":0,"k":0,"ix":6},"o":{"a":0,"k":100,"ix":7},"sk":{"a":0,"k":0,"ix":4},"sa":{"a":0,"k":0,"ix":5},"nm":"Transform"}],"nm":"Group 2","np":2,"cix":2,"bm":0,"ix":2,"mn":"ADBE Vector Group","hd":false},{"ty":"tr","p":{"a":0,"k":[319.389,465.895],"ix":2},"a":{"a":0,"k":[319.389,465.895],"ix":1},"s":{"a":0,"k":[100,100],"ix":3},"r":{"a":0,"k":0,"ix":6},"o":{"a":0,"k":100,"ix":7},"sk":{"a":0,"k":0,"ix":4},"sa":{"a":0,"k":0,"ix":5},"nm":"Transform"}],"nm":"Group 2","np":2,"cix":2,"bm":0,"ix":2,"mn":"ADBE Vector Group","hd":false},{"ty":"tr","p":{"a":0,"k":[319.389,465.895],"ix":2},"a":{"a":0,"k":[319.389,465.895],"ix":1},"s":{"a":0,"k":[100,100],"ix":3},"r":{"a":0,"k":0,"ix":6},"o":{"a":0,"k":100,"ix":7},"sk":{"a":0,"k":0,"ix":4},"sa":{"a":0,"k":0,"ix":5},"nm":"Transform"}],"nm":"Group 9","np":2,"cix":2,"bm":0,"ix":9,"mn":"ADBE Vector Group","hd":false}],"ip":0,"op":48,"st":0,"bm":0},{"ddd":0,"ind":6,"ty":3,"nm":"CTRL","sr":1,"ks":{"o":{"a":0,"k":100,"ix":11},"r":{"a":0,"k":0,"ix":10},"p":{"a":0,"k":[512.012,775.677,0],"ix":2},"a":{"a":0,"k":[0,0,0],"ix":1},"s":{"a":1,"k":[{"i":{"x":[0,0,0.667],"y":[1,1,1]},"o":{"x":[0.333,0.333,0.333],"y":[0,0,0]},"t":0,"s":[100,100,100]},{"i":{"x":[0,0,0.667],"y":[1,1,1]},"o":{"x":[0.333,0.333,0.333],"y":[0,0,0]},"t":14,"s":[120,120,100]},{"t":34,"s":[100,100,100]}],"ix":6}},"ao":0,"ef":[{"ty":5,"nm":"Controller","np":13,"mn":"Pseudo/DUIK controller","ix":1,"en":1,"ef":[{"ty":6,"nm":"Icon","mn":"Pseudo/DUIK controller-0001","ix":1,"v":0},{"ty":2,"nm":"Color","mn":"Pseudo/DUIK controller-0002","ix":2,"v":{"a":0,"k":[0.92549020052,0.0941176489,0.0941176489,1],"ix":2}},{"ty":3,"nm":"Position","mn":"Pseudo/DUIK controller-0003","ix":3,"v":{"a":0,"k":[0,0],"ix":3}},{"ty":0,"nm":"Size","mn":"Pseudo/DUIK controller-0004","ix":4,"v":{"a":0,"k":100,"ix":4}},{"ty":0,"nm":"Orientation","mn":"Pseudo/DUIK controller-0005","ix":5,"v":{"a":0,"k":0,"ix":5}},{"ty":0,"nm":"Opacity","mn":"Pseudo/DUIK controller-0006","ix":6,"v":{"a":0,"k":100,"ix":6}},{"ty":6,"nm":"","mn":"Pseudo/DUIK controller-0007","ix":7,"v":0},{"ty":6,"nm":"Anchor","mn":"Pseudo/DUIK controller-0008","ix":8,"v":0},{"ty":2,"nm":"Color","mn":"Pseudo/DUIK controller-0009","ix":9,"v":{"a":0,"k":[0,0,0,1],"ix":9}},{"ty":0,"nm":"Size","mn":"Pseudo/DUIK controller-0010","ix":10,"v":{"a":0,"k":100,"ix":10}},{"ty":6,"nm":"","mn":"Pseudo/DUIK controller-0011","ix":11,"v":0}]}],"ip":0,"op":48,"st":0,"bm":0}]}],"layers":[{"ddd":0,"ind":1,"ty":0,"nm":"crown","refId":"comp_0","sr":1,"ks":{"o":{"a":0,"k":100,"ix":11},"r":{"a":0,"k":0,"ix":10},"p":{"a":0,"k":[512,512,0],"ix":2},"a":{"a":0,"k":[512,512,0],"ix":1},"s":{"a":0,"k":[100,100,100],"ix":6}},"ao":0,"w":1024,"h":1024,"ip":0,"op":48,"st":0,"bm":0}],"markers":[]}