{"v":"5.6.2","fr":24,"ip":0,"op":48,"w":1024,"h":1024,"nm":"cow_face","ddd":0,"assets":[{"id":"comp_0","layers":[{"ddd":0,"ind":1,"ty":4,"nm":"Nose","parent":6,"sr":1,"ks":{"o":{"a":0,"k":100,"ix":11},"r":{"a":0,"k":0,"ix":10},"p":{"a":1,"k":[{"i":{"x":0.833,"y":0.833},"o":{"x":0.333,"y":0},"t":0,"s":[511.991,709.331,0],"to":[0,3.401,0],"ti":[0,6.403,0]},{"i":{"x":0,"y":1},"o":{"x":0.167,"y":0.167},"t":3,"s":[511.991,729.739,0],"to":[0,-6.403,0],"ti":[0,0,0]},{"i":{"x":0.833,"y":0.833},"o":{"x":0.333,"y":0},"t":15,"s":[511.991,670.915,0],"to":[0,0,0],"ti":[0,-6.403,0]},{"i":{"x":0,"y":1},"o":{"x":0.167,"y":0.167},"t":24,"s":[511.991,729.739,0],"to":[0,6.403,0],"ti":[0,3.401,0]},{"t":42,"s":[511.991,709.331,0]}],"ix":2},"a":{"a":0,"k":[511.991,709.331,0],"ix":1},"s":{"a":0,"k":[100,100,100],"ix":6}},"ao":0,"shapes":[{"ty":"gr","it":[{"ty":"gr","it":[{"ind":0,"ty":"sh","ix":1,"ks":{"a":0,"k":{"i":[[16.038,-9.292],[-34.342,29.889]],"o":[[-16.014,9.315],[38.378,-33.48]],"v":[[-17.4,-37.739],[10.798,32.956]],"c":true},"ix":2},"nm":"Path 1","mn":"ADBE Vector Shape - Group","hd":false},{"ty":"fl","c":{"a":0,"k":[0.800000011921,0.450980395079,0.541176497936,1],"ix":4},"o":{"a":0,"k":100,"ix":5},"r":1,"bm":0,"nm":"Fill 1","mn":"ADBE Vector Graphic - Fill","hd":false},{"ty":"tr","p":{"a":0,"k":[594.076,719.505],"ix":2},"a":{"a":0,"k":[0,0],"ix":1},"s":{"a":0,"k":[100,100],"ix":3},"r":{"a":0,"k":0,"ix":6},"o":{"a":0,"k":100,"ix":7},"sk":{"a":0,"k":0,"ix":4},"sa":{"a":0,"k":0,"ix":5},"nm":"Transform"}],"nm":"Group 1","np":2,"cix":2,"bm":0,"ix":1,"mn":"ADBE Vector Group","hd":false},{"ty":"gr","it":[{"ind":0,"ty":"sh","ix":1,"ks":{"a":0,"k":{"i":[[-38.372,-33.48],[15.998,9.315]],"o":[[34.365,29.889],[-16.037,-9.292]],"v":[[-10.798,32.956],[17.399,-37.739]],"c":true},"ix":2},"nm":"Path 1","mn":"ADBE Vector Shape - Group","hd":false},{"ty":"fl","c":{"a":0,"k":[0.800000011921,0.450980395079,0.541176497936,1],"ix":4},"o":{"a":0,"k":100,"ix":5},"r":1,"bm":0,"nm":"Fill 1","mn":"ADBE Vector Graphic - Fill","hd":false},{"ty":"tr","p":{"a":0,"k":[429.906,719.505],"ix":2},"a":{"a":0,"k":[0,0],"ix":1},"s":{"a":0,"k":[100,100],"ix":3},"r":{"a":0,"k":0,"ix":6},"o":{"a":0,"k":100,"ix":7},"sk":{"a":0,"k":0,"ix":4},"sa":{"a":0,"k":0,"ix":5},"nm":"Transform"}],"nm":"Group 2","np":2,"cix":2,"bm":0,"ix":2,"mn":"ADBE Vector Group","hd":false},{"ty":"tr","p":{"a":0,"k":[429.906,719.505],"ix":2},"a":{"a":0,"k":[429.906,719.505],"ix":1},"s":{"a":0,"k":[100,100],"ix":3},"r":{"a":0,"k":0,"ix":6},"o":{"a":0,"k":100,"ix":7},"sk":{"a":0,"k":0,"ix":4},"sa":{"a":0,"k":0,"ix":5},"nm":"Transform"}],"nm":"Group 1","np":2,"cix":2,"bm":0,"ix":1,"mn":"ADBE Vector Group","hd":false},{"ty":"gr","it":[{"ind":0,"ty":"sh","ix":1,"ks":{"a":0,"k":{"i":[[0,-141.7],[0,97.978]],"o":[[0,97.978],[-0.041,-141.7]],"v":[[168.515,16.396],[-168.515,16.396]],"c":true},"ix":2},"nm":"Path 1","mn":"ADBE Vector Shape - Group","hd":false},{"ty":"fl","c":{"a":0,"k":[1,0.611764729023,0.709803938866,1],"ix":4},"o":{"a":0,"k":100,"ix":5},"r":1,"bm":0,"nm":"Fill 1","mn":"ADBE Vector Graphic - Fill","hd":false},{"ty":"tr","p":{"a":0,"k":[511.991,709.331],"ix":2},"a":{"a":0,"k":[0,0],"ix":1},"s":{"a":0,"k":[100,100],"ix":3},"r":{"a":0,"k":0,"ix":6},"o":{"a":0,"k":100,"ix":7},"sk":{"a":0,"k":0,"ix":4},"sa":{"a":0,"k":0,"ix":5},"nm":"Transform"}],"nm":"Group 2","np":2,"cix":2,"bm":0,"ix":2,"mn":"ADBE Vector Group","hd":false}],"ip":0,"op":48,"st":0,"bm":0},{"ddd":0,"ind":2,"ty":4,"nm":"Mouth","parent":1,"sr":1,"ks":{"o":{"a":0,"k":100,"ix":11},"r":{"a":0,"k":0,"ix":10},"p":{"a":0,"k":[511.991,797.718,0],"ix":2},"a":{"a":0,"k":[511.991,797.718,0],"ix":1},"s":{"a":0,"k":[100,100,100],"ix":6}},"ao":0,"shapes":[{"ty":"gr","it":[{"ind":0,"ty":"sh","ix":1,"ks":{"a":1,"k":[{"i":{"x":0.833,"y":0.833},"o":{"x":0.167,"y":0.167},"t":0,"s":[{"i":[[-1.89,19.461],[0,0],[-1.995,-20.451]],"o":[[1.972,-20.451],[0,0],[1.866,19.461]],"v":[[39.093,-1.498],[0.012,-9.134],[-39.091,-1.498]],"c":true}]},{"i":{"x":0.833,"y":0.833},"o":{"x":0.167,"y":0.167},"t":3,"s":[{"i":[[-1.89,19.461],[0,0],[-1.995,-20.451]],"o":[[1.972,-20.451],[0,0],[1.866,19.461]],"v":[[41.016,-50.982],[1.935,-58.618],[-37.168,-50.982]],"c":true}]},{"i":{"x":0,"y":1},"o":{"x":0.167,"y":0.167},"t":24,"s":[{"i":[[-1.89,19.461],[0,0],[-1.995,-20.451]],"o":[[1.971,-20.451],[0,0],[1.866,19.461]],"v":[[41.016,-50.982],[1.935,-58.618],[-37.168,-50.982]],"c":true}]},{"t":42,"s":[{"i":[[-1.89,19.461],[0,0],[-1.995,-20.451]],"o":[[1.971,-20.451],[0,0],[1.866,19.461]],"v":[[39.093,-1.498],[0.012,-9.134],[-39.091,-1.498]],"c":true}]}],"ix":2},"nm":"Path 1","mn":"ADBE Vector Shape - Group","hd":false},{"ty":"fl","c":{"a":0,"k":[0.929411768913,0.443137258291,0.588235318661,1],"ix":4},"o":{"a":0,"k":100,"ix":5},"r":1,"bm":0,"nm":"Fill 1","mn":"ADBE Vector Graphic - Fill","hd":false},{"ty":"tr","p":{"a":0,"k":[512.002,820.235],"ix":2},"a":{"a":0,"k":[0,0],"ix":1},"s":{"a":0,"k":[100,100],"ix":3},"r":{"a":0,"k":0,"ix":6},"o":{"a":0,"k":100,"ix":7},"sk":{"a":0,"k":0,"ix":4},"sa":{"a":0,"k":0,"ix":5},"nm":"Transform"}],"nm":"Group 1","np":2,"cix":2,"bm":0,"ix":1,"mn":"ADBE Vector Group","hd":false},{"ty":"gr","it":[{"ind":0,"ty":"sh","ix":1,"ks":{"a":1,"k":[{"i":{"x":0.833,"y":0.833},"o":{"x":0.333,"y":0},"t":0,"s":[{"i":[[0,-45.686],[0,79.243]],"o":[[0,79.243],[0,-45.686]],"v":[[-101.109,-12.584],[101.109,-12.584]],"c":true}]},{"i":{"x":0.833,"y":0.833},"o":{"x":0.167,"y":0.167},"t":3,"s":[{"i":[[0,-45.686],[0,79.243]],"o":[[0,79.243],[0,-45.686]],"v":[[-99.186,-62.068],[103.032,-62.068]],"c":true}]},{"i":{"x":0,"y":1},"o":{"x":0.167,"y":0.167},"t":7,"s":[{"i":[[0,-45.686],[0,79.243]],"o":[[0,79.243],[0,-45.686]],"v":[[-100.168,14.402],[102.05,14.402]],"c":true}]},{"i":{"x":0.833,"y":0.833},"o":{"x":0.333,"y":0},"t":15,"s":[{"i":[[0,-45.686],[0,79.243]],"o":[[0,79.243],[0,-45.686]],"v":[[-53.229,14.402],[55.111,14.402]],"c":true}]},{"i":{"x":0,"y":1},"o":{"x":0.167,"y":0.167},"t":24,"s":[{"i":[[0,-45.686],[0,79.243]],"o":[[0,79.243],[0,-45.686]],"v":[[-99.186,-62.068],[103.032,-62.068]],"c":true}]},{"t":42,"s":[{"i":[[0,-45.686],[0,79.243]],"o":[[0,79.243],[0,-45.686]],"v":[[-101.109,-12.584],[101.109,-12.584]],"c":true}]}],"ix":2},"nm":"Path 1","mn":"ADBE Vector Shape - Group","hd":false},{"ty":"fl","c":{"a":0,"k":[0.101960785687,0.086274512112,0.149019613862,1],"ix":4},"o":{"a":0,"k":100,"ix":5},"r":1,"bm":0,"nm":"Fill 1","mn":"ADBE Vector Graphic - Fill","hd":false},{"ty":"tr","p":{"a":0,"k":[511.991,797.718],"ix":2},"a":{"a":0,"k":[0,0],"ix":1},"s":{"a":0,"k":[100,100],"ix":3},"r":{"a":0,"k":0,"ix":6},"o":{"a":0,"k":100,"ix":7},"sk":{"a":0,"k":0,"ix":4},"sa":{"a":0,"k":0,"ix":5},"nm":"Transform"}],"nm":"Group 2","np":2,"cix":2,"bm":0,"ix":2,"mn":"ADBE Vector Group","hd":false}],"ip":0,"op":48,"st":0,"bm":0},{"ddd":0,"ind":3,"ty":4,"nm":"Eyes","parent":1,"sr":1,"ks":{"o":{"a":0,"k":100,"ix":11},"r":{"a":0,"k":0,"ix":10},"p":{"a":0,"k":[511.994,540.017,0],"ix":2},"a":{"a":0,"k":[511.994,540.017,0],"ix":1},"s":{"a":0,"k":[100,100,100],"ix":6}},"ao":0,"shapes":[{"ty":"gr","it":[{"ty":"gr","it":[{"ind":0,"ty":"sh","ix":1,"ks":{"a":1,"k":[{"i":{"x":0.833,"y":0.833},"o":{"x":0.333,"y":0},"t":0,"s":[{"i":[[59.77,0],[-5.553,-42.719],[-0.283,-0.714],[0,2.125],[-43.072,0],[0,-39.542],[0.23,-1.998],[-0.07,0.527]],"o":[[-54.568,0],[0.098,0.752],[-0.392,-2.281],[0,-39.542],[43.076,0],[0,1.984],[0.161,-0.508],[5.225,-39.496]],"v":[[-0.008,-46.154],[-77.964,43.96],[-77.368,46.154],[-77.964,39.531],[-0.008,-32.07],[77.93,39.531],[77.57,45.509],[77.93,43.96]],"c":true}]},{"i":{"x":0,"y":1},"o":{"x":0.167,"y":0.167},"t":3,"s":[{"i":[[59.77,0],[-5.553,-42.719],[-0.283,-0.714],[0.46,-2.075],[-43.072,0],[4.188,32.732],[0.23,-1.998],[-0.07,0.527]],"o":[[-54.568,0],[0.098,0.752],[-0.392,-2.281],[-6.134,27.645],[43.076,0],[-0.252,-1.968],[0.161,-0.508],[5.225,-39.496]],"v":[[-0.008,-46.154],[-77.964,43.96],[-77.368,46.154],[-77.964,39.531],[0.321,114.431],[77.93,39.531],[77.57,45.509],[77.93,43.96]],"c":true}]},{"i":{"x":0.667,"y":1},"o":{"x":0.333,"y":0},"t":11,"s":[{"i":[[59.77,0],[-5.553,-42.719],[-0.283,-0.714],[0,2.125],[-43.072,0],[0,-39.542],[0.23,-1.998],[-0.07,0.527]],"o":[[-54.568,0],[0.098,0.752],[-0.392,-2.281],[0,-39.542],[43.076,0],[0,1.984],[0.161,-0.508],[5.225,-39.496]],"v":[[-0.008,-46.154],[-77.964,43.96],[-77.368,46.154],[-77.964,39.531],[-0.008,-32.07],[77.93,39.531],[77.57,45.509],[77.93,43.96]],"c":true}]},{"i":{"x":0.833,"y":0.833},"o":{"x":0.333,"y":0},"t":20,"s":[{"i":[[59.77,0],[-5.553,-42.719],[-0.283,-0.714],[0,2.125],[-43.072,0],[0,-39.542],[0.23,-1.998],[-0.07,0.527]],"o":[[-54.568,0],[0.098,0.752],[-0.392,-2.281],[0,-39.542],[43.076,0],[0,1.984],[0.161,-0.508],[5.225,-39.496]],"v":[[-0.008,-46.154],[-77.964,43.96],[-77.368,46.154],[-77.964,39.531],[-0.008,-32.07],[77.93,39.531],[77.57,45.509],[77.93,43.96]],"c":true}]},{"i":{"x":0,"y":1},"o":{"x":0.167,"y":0.167},"t":23,"s":[{"i":[[59.77,0],[-5.553,-42.719],[-0.283,-0.714],[0.46,-2.075],[-43.072,0],[4.188,32.732],[0.23,-1.998],[-0.07,0.527]],"o":[[-54.568,0],[0.098,0.752],[-0.392,-2.281],[-6.134,27.645],[43.076,0],[-0.252,-1.968],[0.161,-0.508],[5.225,-39.496]],"v":[[-0.008,-46.154],[-77.964,43.96],[-77.368,46.154],[-77.964,39.531],[0.322,114.431],[77.93,39.531],[77.57,45.509],[77.93,43.96]],"c":true}]},{"t":31,"s":[{"i":[[59.77,0],[-5.553,-42.719],[-0.283,-0.714],[0,2.125],[-43.072,0],[0,-39.542],[0.23,-1.998],[-0.07,0.527]],"o":[[-54.568,0],[0.098,0.752],[-0.392,-2.281],[0,-39.542],[43.076,0],[0,1.984],[0.161,-0.508],[5.225,-39.496]],"v":[[-0.008,-46.154],[-77.964,43.96],[-77.368,46.154],[-77.964,39.531],[-0.008,-32.07],[77.93,39.531],[77.57,45.509],[77.93,43.96]],"c":true}]}],"ix":2},"nm":"Path 1","mn":"ADBE Vector Shape - Group","hd":false},{"ty":"fl","c":{"a":0,"k":[0.243137255311,0.278431385756,0.301960796118,1],"ix":4},"o":{"a":0,"k":100,"ix":5},"r":1,"bm":0,"nm":"Fill 1","mn":"ADBE Vector Graphic - Fill","hd":false},{"ty":"tr","p":{"a":0,"k":[355.573,507.516],"ix":2},"a":{"a":0,"k":[0,0],"ix":1},"s":{"a":0,"k":[100,100],"ix":3},"r":{"a":0,"k":0,"ix":6},"o":{"a":0,"k":100,"ix":7},"sk":{"a":0,"k":0,"ix":4},"sa":{"a":0,"k":0,"ix":5},"nm":"Transform"}],"nm":"Group 1","np":2,"cix":2,"bm":0,"ix":1,"mn":"ADBE Vector Group","hd":false},{"ty":"gr","it":[{"ty":"gr","it":[{"ind":0,"ty":"sh","ix":1,"ks":{"a":0,"k":{"i":[[0,-20.754],[0,20.713]],"o":[[0,20.713],[0,-20.754]],"v":[[-15.877,0.015],[15.877,0.015]],"c":true},"ix":2},"nm":"Path 1","mn":"ADBE Vector Shape - Group","hd":false},{"ty":"fl","c":{"a":0,"k":[1,1,1,1],"ix":4},"o":{"a":0,"k":100,"ix":5},"r":1,"bm":0,"nm":"Fill 1","mn":"ADBE Vector Graphic - Fill","hd":false},{"ty":"tr","p":{"a":0,"k":[383.554,517.823],"ix":2},"a":{"a":0,"k":[0,0],"ix":1},"s":{"a":0,"k":[100,100],"ix":3},"r":{"a":0,"k":0,"ix":6},"o":{"a":0,"k":100,"ix":7},"sk":{"a":0,"k":0,"ix":4},"sa":{"a":0,"k":0,"ix":5},"nm":"Transform"}],"nm":"Group 1","np":2,"cix":2,"bm":0,"ix":1,"mn":"ADBE Vector Group","hd":false},{"ty":"gr","it":[{"ind":0,"ty":"sh","ix":1,"ks":{"a":0,"k":{"i":[[32.17,0],[0,-31.491],[-32.164,0],[0,31.462]],"o":[[-32.164,0],[0,31.462],[32.17,0],[0,-31.491]],"v":[[-0.012,-56.994],[-58.202,0.014],[-0.012,56.994],[58.202,0.014]],"c":true},"ix":2},"nm":"Path 1","mn":"ADBE Vector Shape - Group","hd":false},{"ty":"fl","c":{"a":0,"k":[0.101960785687,0.086274512112,0.149019613862,1],"ix":4},"o":{"a":0,"k":100,"ix":5},"r":1,"bm":0,"nm":"Fill 1","mn":"ADBE Vector Graphic - Fill","hd":false},{"ty":"tr","p":{"a":0,"k":[363.06,546.331],"ix":2},"a":{"a":0,"k":[0,0],"ix":1},"s":{"a":0,"k":[100,100],"ix":3},"r":{"a":0,"k":0,"ix":6},"o":{"a":0,"k":100,"ix":7},"sk":{"a":0,"k":0,"ix":4},"sa":{"a":0,"k":0,"ix":5},"nm":"Transform"}],"nm":"Group 2","np":2,"cix":2,"bm":0,"ix":2,"mn":"ADBE Vector Group","hd":false},{"ty":"tr","p":{"a":0,"k":[363.06,546.331],"ix":2},"a":{"a":0,"k":[363.06,546.331],"ix":1},"s":{"a":0,"k":[100,100],"ix":3},"r":{"a":0,"k":0,"ix":6},"o":{"a":0,"k":100,"ix":7},"sk":{"a":0,"k":0,"ix":4},"sa":{"a":0,"k":0,"ix":5},"nm":"Transform"}],"nm":"Group 2","np":2,"cix":2,"bm":0,"ix":2,"mn":"ADBE Vector Group","hd":false},{"ty":"gr","it":[{"ind":0,"ty":"sh","ix":1,"ks":{"a":0,"k":{"i":[[-43.072,0],[0,-39.542],[43.076,0],[0,27.951]],"o":[[43.076,0],[0,34.16],[-43.072,0],[0,-39.542]],"v":[[0.009,-71.613],[77.947,-0.012],[0.009,71.613],[-77.947,-0.012]],"c":true},"ix":2},"nm":"Path 1","mn":"ADBE Vector Shape - Group","hd":false},{"ty":"fl","c":{"a":0,"k":[1,1,1,1],"ix":4},"o":{"a":0,"k":100,"ix":5},"r":1,"bm":0,"nm":"Fill 1","mn":"ADBE Vector Graphic - Fill","hd":false},{"ty":"tr","p":{"a":0,"k":[355.556,547.059],"ix":2},"a":{"a":0,"k":[0,0],"ix":1},"s":{"a":0,"k":[100,100],"ix":3},"r":{"a":0,"k":0,"ix":6},"o":{"a":0,"k":100,"ix":7},"sk":{"a":0,"k":0,"ix":4},"sa":{"a":0,"k":0,"ix":5},"nm":"Transform"}],"nm":"Group 3","np":2,"cix":2,"bm":0,"ix":3,"mn":"ADBE Vector Group","hd":false},{"ty":"tr","p":{"a":0,"k":[355.556,547.059],"ix":2},"a":{"a":0,"k":[355.556,547.059],"ix":1},"s":{"a":0,"k":[100,100],"ix":3},"r":{"a":0,"k":0,"ix":6},"o":{"a":0,"k":100,"ix":7},"sk":{"a":0,"k":0,"ix":4},"sa":{"a":0,"k":0,"ix":5},"nm":"Transform"}],"nm":"Group 1","np":3,"cix":2,"bm":0,"ix":1,"mn":"ADBE Vector Group","hd":false},{"ty":"gr","it":[{"ty":"gr","it":[{"ind":0,"ty":"sh","ix":1,"ks":{"a":1,"k":[{"i":{"x":0.833,"y":0.833},"o":{"x":0.333,"y":0},"t":0,"s":[{"i":[[54.592,0],[-5.225,-39.496],[-0.161,-0.508],[0,1.984],[-43.076,0],[0,-39.542],[0.391,-2.28],[-0.098,0.751]],"o":[[-59.747,0],[0.07,0.526],[-0.23,-1.998],[0,-39.542],[43.072,0],[0,2.124],[0.282,-0.713],[5.546,-42.719]],"v":[[0.006,-46.153],[-77.933,43.962],[-77.573,45.51],[-77.933,39.533],[0.028,-32.069],[77.968,39.533],[77.372,46.153],[77.968,43.962]],"c":true}]},{"i":{"x":0,"y":1},"o":{"x":0.167,"y":0.167},"t":3,"s":[{"i":[[54.592,0],[-5.225,-39.496],[-0.161,-0.508],[0.251,-1.968],[-43.076,0],[5.168,31.714],[0.391,-2.28],[-0.098,0.751]],"o":[[-59.747,0],[0.07,0.526],[-0.23,-1.998],[-4.171,32.732],[43.072,0],[-0.342,-2.097],[0.282,-0.713],[5.546,-42.719]],"v":[[0.006,-46.153],[-77.933,43.962],[-77.573,45.51],[-77.933,39.533],[0.028,114.432],[77.968,39.533],[77.372,46.153],[77.968,43.962]],"c":true}]},{"i":{"x":0.667,"y":1},"o":{"x":0.333,"y":0},"t":11,"s":[{"i":[[54.592,0],[-5.225,-39.496],[-0.161,-0.508],[0,1.984],[-43.076,0],[0,-39.542],[0.391,-2.28],[-0.098,0.751]],"o":[[-59.747,0],[0.07,0.526],[-0.23,-1.998],[0,-39.542],[43.072,0],[0,2.124],[0.282,-0.713],[5.546,-42.719]],"v":[[0.006,-46.153],[-77.933,43.962],[-77.573,45.51],[-77.933,39.533],[0.028,-32.069],[77.968,39.533],[77.372,46.153],[77.968,43.962]],"c":true}]},{"i":{"x":0.833,"y":0.833},"o":{"x":0.333,"y":0},"t":20,"s":[{"i":[[54.592,0],[-5.225,-39.496],[-0.161,-0.508],[0,1.984],[-43.076,0],[0,-39.542],[0.391,-2.28],[-0.098,0.751]],"o":[[-59.747,0],[0.07,0.526],[-0.23,-1.998],[0,-39.542],[43.072,0],[0,2.124],[0.282,-0.713],[5.546,-42.719]],"v":[[0.006,-46.153],[-77.933,43.962],[-77.573,45.51],[-77.933,39.533],[0.028,-32.069],[77.968,39.533],[77.372,46.153],[77.968,43.962]],"c":true}]},{"i":{"x":0,"y":1},"o":{"x":0.167,"y":0.167},"t":23,"s":[{"i":[[54.592,0],[-5.225,-39.496],[-0.161,-0.508],[0.251,-1.968],[-43.076,0],[5.168,31.714],[0.391,-2.28],[-0.098,0.751]],"o":[[-59.747,0],[0.07,0.526],[-0.23,-1.998],[-4.171,32.732],[43.072,0],[-0.342,-2.097],[0.282,-0.713],[5.546,-42.719]],"v":[[0.006,-46.153],[-77.933,43.962],[-77.573,45.51],[-77.933,39.533],[0.028,114.432],[77.968,39.533],[77.372,46.153],[77.968,43.962]],"c":true}]},{"t":31,"s":[{"i":[[54.592,0],[-5.225,-39.496],[-0.161,-0.508],[0,1.984],[-43.076,0],[0,-39.542],[0.391,-2.28],[-0.098,0.751]],"o":[[-59.747,0],[0.07,0.526],[-0.23,-1.998],[0,-39.542],[43.072,0],[0,2.124],[0.282,-0.713],[5.546,-42.719]],"v":[[0.006,-46.153],[-77.933,43.962],[-77.573,45.51],[-77.933,39.533],[0.028,-32.069],[77.968,39.533],[77.372,46.153],[77.968,43.962]],"c":true}]}],"ix":2},"nm":"Path 1","mn":"ADBE Vector Shape - Group","hd":false},{"ty":"fl","c":{"a":0,"k":[0.243137255311,0.278431385756,0.301960796118,1],"ix":4},"o":{"a":0,"k":100,"ix":5},"r":1,"bm":0,"nm":"Fill 1","mn":"ADBE Vector Graphic - Fill","hd":false},{"ty":"tr","p":{"a":0,"k":[668.412,507.515],"ix":2},"a":{"a":0,"k":[0,0],"ix":1},"s":{"a":0,"k":[100,100],"ix":3},"r":{"a":0,"k":0,"ix":6},"o":{"a":0,"k":100,"ix":7},"sk":{"a":0,"k":0,"ix":4},"sa":{"a":0,"k":0,"ix":5},"nm":"Transform"}],"nm":"Group 1","np":2,"cix":2,"bm":0,"ix":1,"mn":"ADBE Vector Group","hd":false},{"ty":"gr","it":[{"ty":"gr","it":[{"ind":0,"ty":"sh","ix":1,"ks":{"a":0,"k":{"i":[[0,-20.754],[0,20.713]],"o":[[0,20.713],[0,-20.754]],"v":[[15.875,0.015],[-15.875,0.015]],"c":true},"ix":2},"nm":"Path 1","mn":"ADBE Vector Shape - Group","hd":false},{"ty":"fl","c":{"a":0,"k":[1,1,1,1],"ix":4},"o":{"a":0,"k":100,"ix":5},"r":1,"bm":0,"nm":"Fill 1","mn":"ADBE Vector Graphic - Fill","hd":false},{"ty":"tr","p":{"a":0,"k":[640.431,517.823],"ix":2},"a":{"a":0,"k":[0,0],"ix":1},"s":{"a":0,"k":[100,100],"ix":3},"r":{"a":0,"k":0,"ix":6},"o":{"a":0,"k":100,"ix":7},"sk":{"a":0,"k":0,"ix":4},"sa":{"a":0,"k":0,"ix":5},"nm":"Transform"}],"nm":"Group 1","np":2,"cix":2,"bm":0,"ix":1,"mn":"ADBE Vector Group","hd":false},{"ty":"gr","it":[{"ind":0,"ty":"sh","ix":1,"ks":{"a":0,"k":{"i":[[-32.164,0],[0,-31.491],[32.17,0],[0,31.462]],"o":[[32.17,0],[0,31.462],[-32.164,0],[0,-31.491]],"v":[[-0.011,-56.994],[58.202,0.014],[-0.011,56.994],[-58.202,0.014]],"c":true},"ix":2},"nm":"Path 1","mn":"ADBE Vector Shape - Group","hd":false},{"ty":"fl","c":{"a":0,"k":[0.101960785687,0.086274512112,0.149019613862,1],"ix":4},"o":{"a":0,"k":100,"ix":5},"r":1,"bm":0,"nm":"Fill 1","mn":"ADBE Vector Graphic - Fill","hd":false},{"ty":"tr","p":{"a":0,"k":[660.945,546.331],"ix":2},"a":{"a":0,"k":[0,0],"ix":1},"s":{"a":0,"k":[100,100],"ix":3},"r":{"a":0,"k":0,"ix":6},"o":{"a":0,"k":100,"ix":7},"sk":{"a":0,"k":0,"ix":4},"sa":{"a":0,"k":0,"ix":5},"nm":"Transform"}],"nm":"Group 2","np":2,"cix":2,"bm":0,"ix":2,"mn":"ADBE Vector Group","hd":false},{"ty":"tr","p":{"a":0,"k":[660.945,546.331],"ix":2},"a":{"a":0,"k":[660.945,546.331],"ix":1},"s":{"a":0,"k":[100,100],"ix":3},"r":{"a":0,"k":0,"ix":6},"o":{"a":0,"k":100,"ix":7},"sk":{"a":0,"k":0,"ix":4},"sa":{"a":0,"k":0,"ix":5},"nm":"Transform"}],"nm":"Group 2","np":2,"cix":2,"bm":0,"ix":2,"mn":"ADBE Vector Group","hd":false},{"ty":"gr","it":[{"ind":0,"ty":"sh","ix":1,"ks":{"a":0,"k":{"i":[[43.072,0],[0,-39.542],[-43.076,0],[0,27.951]],"o":[[-43.076,0],[0,34.16],[43.072,0],[0,-39.542]],"v":[[0.011,-71.613],[-77.95,-0.012],[0.011,71.613],[77.95,-0.012]],"c":true},"ix":2},"nm":"Path 1","mn":"ADBE Vector Shape - Group","hd":false},{"ty":"fl","c":{"a":0,"k":[1,1,1,1],"ix":4},"o":{"a":0,"k":100,"ix":5},"r":1,"bm":0,"nm":"Fill 1","mn":"ADBE Vector Graphic - Fill","hd":false},{"ty":"tr","p":{"a":0,"k":[668.43,547.059],"ix":2},"a":{"a":0,"k":[0,0],"ix":1},"s":{"a":0,"k":[100,100],"ix":3},"r":{"a":0,"k":0,"ix":6},"o":{"a":0,"k":100,"ix":7},"sk":{"a":0,"k":0,"ix":4},"sa":{"a":0,"k":0,"ix":5},"nm":"Transform"}],"nm":"Group 3","np":2,"cix":2,"bm":0,"ix":3,"mn":"ADBE Vector Group","hd":false},{"ty":"tr","p":{"a":0,"k":[668.43,547.059],"ix":2},"a":{"a":0,"k":[668.43,547.059],"ix":1},"s":{"a":0,"k":[100,100],"ix":3},"r":{"a":0,"k":0,"ix":6},"o":{"a":0,"k":100,"ix":7},"sk":{"a":0,"k":0,"ix":4},"sa":{"a":0,"k":0,"ix":5},"nm":"Transform"}],"nm":"Group 2","np":3,"cix":2,"bm":0,"ix":2,"mn":"ADBE Vector Group","hd":false}],"ip":0,"op":48,"st":0,"bm":0},{"ddd":0,"ind":4,"ty":4,"nm":"Eyebrows","parent":1,"sr":1,"ks":{"o":{"a":0,"k":100,"ix":11},"r":{"a":0,"k":0,"ix":10},"p":{"a":1,"k":[{"i":{"x":0.833,"y":0.833},"o":{"x":0.333,"y":0},"t":0,"s":[511.991,414.014,0],"to":[0,6.803,0],"ti":[0,6.269,0]},{"i":{"x":0,"y":1},"o":{"x":0.167,"y":0.167},"t":3,"s":[511.991,454.831,0],"to":[0,-6.269,0],"ti":[0,0,0]},{"i":{"x":0.833,"y":0.833},"o":{"x":0.333,"y":0},"t":15,"s":[511.991,376.399,0],"to":[0,0,0],"ti":[0,-6.269,0]},{"i":{"x":0,"y":1},"o":{"x":0.167,"y":0.167},"t":24,"s":[511.991,454.831,0],"to":[0,6.269,0],"ti":[0,6.803,0]},{"t":42,"s":[511.991,414.014,0]}],"ix":2},"a":{"a":0,"k":[511.991,414.014,0],"ix":1},"s":{"a":0,"k":[100,100,100],"ix":6}},"ao":0,"shapes":[{"ty":"gr","it":[{"ind":0,"ty":"sh","ix":1,"ks":{"a":0,"k":{"i":[[93.234,26.155],[-45.95,-7.004]],"o":[[-61.35,-17.226],[81.425,12.416]],"v":[[5.312,-18.765],[-31.415,19.11]],"c":true},"ix":2},"nm":"Path 1","mn":"ADBE Vector Shape - Group","hd":false},{"ty":"fl","c":{"a":0,"k":[0.243137255311,0.278431385756,0.301960796118,1],"ix":4},"o":{"a":0,"k":100,"ix":5},"r":1,"bm":0,"nm":"Fill 1","mn":"ADBE Vector Graphic - Fill","hd":false},{"ty":"tr","p":{"a":0,"k":[655.358,414.014],"ix":2},"a":{"a":0,"k":[0,0],"ix":1},"s":{"a":0,"k":[100,100],"ix":3},"r":{"a":0,"k":0,"ix":6},"o":{"a":0,"k":100,"ix":7},"sk":{"a":0,"k":0,"ix":4},"sa":{"a":0,"k":0,"ix":5},"nm":"Transform"}],"nm":"Group 1","np":2,"cix":2,"bm":0,"ix":1,"mn":"ADBE Vector Group","hd":false},{"ty":"gr","it":[{"ind":0,"ty":"sh","ix":1,"ks":{"a":0,"k":{"i":[[61.35,-17.226],[-81.431,12.416]],"o":[[-93.234,26.155],[45.944,-7.004]],"v":[[-5.313,-18.765],[31.42,19.11]],"c":true},"ix":2},"nm":"Path 1","mn":"ADBE Vector Shape - Group","hd":false},{"ty":"fl","c":{"a":0,"k":[0.243137255311,0.278431385756,0.301960796118,1],"ix":4},"o":{"a":0,"k":100,"ix":5},"r":1,"bm":0,"nm":"Fill 1","mn":"ADBE Vector Graphic - Fill","hd":false},{"ty":"tr","p":{"a":0,"k":[368.625,414.014],"ix":2},"a":{"a":0,"k":[0,0],"ix":1},"s":{"a":0,"k":[100,100],"ix":3},"r":{"a":0,"k":0,"ix":6},"o":{"a":0,"k":100,"ix":7},"sk":{"a":0,"k":0,"ix":4},"sa":{"a":0,"k":0,"ix":5},"nm":"Transform"}],"nm":"Group 2","np":2,"cix":2,"bm":0,"ix":2,"mn":"ADBE Vector Group","hd":false}],"ip":0,"op":48,"st":0,"bm":0},{"ddd":0,"ind":5,"ty":4,"nm":"Horns","parent":6,"sr":1,"ks":{"o":{"a":0,"k":100,"ix":11},"r":{"a":0,"k":0,"ix":10},"p":{"a":0,"k":[509.996,330.221,0],"ix":2},"a":{"a":0,"k":[509.996,330.221,0],"ix":1},"s":{"a":0,"k":[100,100,100],"ix":6}},"ao":0,"shapes":[{"ty":"gr","it":[{"ind":0,"ty":"sh","ix":1,"ks":{"a":0,"k":{"i":[[30.654,-17.279],[-18.677,30.204],[-95.493,-43.082]],"o":[[-94.655,-60.549],[9.28,-15.026],[-4.236,32.422]],"v":[[-8.561,97.694],[-48.425,-95.934],[71.004,17.023]],"c":true},"ix":2},"nm":"Path 1","mn":"ADBE Vector Shape - Group","hd":false},{"ty":"gf","o":{"a":0,"k":100,"ix":10},"r":1,"bm":0,"g":{"p":3,"k":{"a":0,"k":[0,1,0.855,0.722,0.818,0.955,0.776,0.606,1,0.91,0.698,0.49],"ix":9}},"s":{"a":0,"k":[56.545,-33.857],"ix":5},"e":{"a":0,"k":[-57.078,16.267],"ix":6},"t":2,"h":{"a":0,"k":0,"ix":7},"a":{"a":0,"k":0,"ix":8},"nm":"cow1Gradient Fill 1","mn":"ADBE Vector Graphic - G-Fill","hd":false},{"ty":"tr","p":{"a":0,"k":[295.842,250.248],"ix":2},"a":{"a":0,"k":[0,0],"ix":1},"s":{"a":0,"k":[100,100],"ix":3},"r":{"a":0,"k":0,"ix":6},"o":{"a":0,"k":100,"ix":7},"sk":{"a":0,"k":0,"ix":4},"sa":{"a":0,"k":0,"ix":5},"nm":"Transform"}],"nm":"Group 1","np":2,"cix":2,"bm":0,"ix":1,"mn":"ADBE Vector Group","hd":false},{"ty":"gr","it":[{"ind":0,"ty":"sh","ix":1,"ks":{"a":0,"k":{"i":[[-30.654,-17.279],[18.671,30.204],[95.515,-43.082]],"o":[[94.679,-60.549],[-9.286,-15.032],[4.236,32.41]],"v":[[8.556,97.695],[48.426,-95.934],[-71.009,17.023]],"c":true},"ix":2},"nm":"Path 1","mn":"ADBE Vector Shape - Group","hd":false},{"ty":"gf","o":{"a":0,"k":100,"ix":10},"r":1,"bm":0,"g":{"p":3,"k":{"a":0,"k":[0,1,0.855,0.722,0.818,0.955,0.776,0.606,1,0.91,0.698,0.49],"ix":9}},"s":{"a":0,"k":[-53.144,-8.625],"ix":5},"e":{"a":0,"k":[43.732,51.397],"ix":6},"t":2,"h":{"a":0,"k":0,"ix":7},"a":{"a":0,"k":0,"ix":8},"nm":"cow2Gradient Fill 1","mn":"ADBE Vector Graphic - G-Fill","hd":false},{"ty":"tr","p":{"a":0,"k":[728.145,250.195],"ix":2},"a":{"a":0,"k":[0,0],"ix":1},"s":{"a":0,"k":[100,100],"ix":3},"r":{"a":0,"k":0,"ix":6},"o":{"a":0,"k":100,"ix":7},"sk":{"a":0,"k":0,"ix":4},"sa":{"a":0,"k":0,"ix":5},"nm":"Transform"}],"nm":"Group 2","np":2,"cix":2,"bm":0,"ix":2,"mn":"ADBE Vector Group","hd":false}],"ip":0,"op":48,"st":0,"bm":0},{"ddd":0,"ind":6,"ty":4,"nm":"Face","sr":1,"ks":{"o":{"a":0,"k":100,"ix":11},"r":{"a":0,"k":0,"ix":10},"p":{"a":0,"k":[511.996,788.992,0],"ix":2},"a":{"a":0,"k":[511.996,788.992,0],"ix":1},"s":{"a":1,"k":[{"i":{"x":[0.833,0.833,0.833],"y":[0.833,0.833,1]},"o":{"x":[0.333,0.333,0.333],"y":[0,0,0]},"t":0,"s":[100,100,100]},{"i":{"x":[0,0,0.667],"y":[1,1,1]},"o":{"x":[0.167,0.167,0.167],"y":[0.167,0.167,0]},"t":3,"s":[104,97,100]},{"i":{"x":[0.833,0.833,0.833],"y":[0.833,0.833,1]},"o":{"x":[1,1,0.167],"y":[0,0,0]},"t":15,"s":[98,102,100]},{"i":{"x":[0.667,0.667,0.667],"y":[1,1,1]},"o":{"x":[0.167,0.167,0.167],"y":[0.167,0.167,0]},"t":24,"s":[102,98,100]},{"t":42,"s":[100,100,100]}],"ix":6}},"ao":0,"shapes":[{"ty":"gr","it":[{"ind":0,"ty":"sh","ix":1,"ks":{"a":0,"k":{"i":[[101.044,-0.012],[-23.148,-24.078],[3.972,-91.367],[5.547,162.694],[-226.003,235.266]],"o":[[-101.022,-0.012],[225.389,234.604],[-7.134,163.037],[-3.118,-91.103],[23.124,-24.078]],"v":[[-0.009,-309.349],[-202.075,-261.1],[-170.806,186.834],[170.834,187.565],[202.08,-261.1]],"c":true},"ix":2},"nm":"Path 1","mn":"ADBE Vector Shape - Group","hd":false},{"ty":"fl","c":{"a":0,"k":[0.811764717102,0.847058832645,0.866666674614,1],"ix":4},"o":{"a":0,"k":100,"ix":5},"r":1,"bm":0,"nm":"Fill 1","mn":"ADBE Vector Graphic - Fill","hd":false},{"ty":"tr","p":{"a":0,"k":[512,562.151],"ix":2},"a":{"a":0,"k":[0,0],"ix":1},"s":{"a":0,"k":[100,100],"ix":3},"r":{"a":0,"k":0,"ix":6},"o":{"a":0,"k":100,"ix":7},"sk":{"a":0,"k":0,"ix":4},"sa":{"a":0,"k":0,"ix":5},"nm":"Transform"}],"nm":"Group 1","np":2,"cix":2,"bm":0,"ix":1,"mn":"ADBE Vector Group","hd":false},{"ty":"gr","it":[{"ind":0,"ty":"sh","ix":1,"ks":{"a":0,"k":{"i":[[-191.27,-162.136],[-86.716,73.545],[0,300.12],[0,-71.18]],"o":[[86.715,73.545],[191.293,-162.136],[0,-71.18],[0,300.12]],"v":[[-171.329,238.624],[171.319,238.624],[215.794,-240.398],[-215.803,-240.398]],"c":true},"ix":2},"nm":"Path 1","mn":"ADBE Vector Shape - Group","hd":false},{"ty":"gf","o":{"a":0,"k":100,"ix":10},"r":1,"bm":0,"g":{"p":3,"k":{"a":0,"k":[0,0.306,0.369,0.404,0.182,0.369,0.437,0.471,1,0.431,0.506,0.537],"ix":9}},"s":{"a":0,"k":[-0.996,293.287],"ix":5},"e":{"a":0,"k":[-0.996,-294.278],"ix":6},"t":1,"nm":"cow3Gradient Fill 1","mn":"ADBE Vector Graphic - G-Fill","hd":false},{"ty":"tr","p":{"a":0,"k":[511.996,554.713],"ix":2},"a":{"a":0,"k":[0,0],"ix":1},"s":{"a":0,"k":[100,100],"ix":3},"r":{"a":0,"k":0,"ix":6},"o":{"a":0,"k":100,"ix":7},"sk":{"a":0,"k":0,"ix":4},"sa":{"a":0,"k":0,"ix":5},"nm":"Transform"}],"nm":"Group 2","np":2,"cix":2,"bm":0,"ix":2,"mn":"ADBE Vector Group","hd":false},{"ty":"gr","it":[{"ind":0,"ty":"sh","ix":1,"ks":{"a":0,"k":{"i":[[33.616,6.87],[26.396,6.255],[-7.039,-13.329],[-0.023,-34.704]],"o":[[-44.779,-9.15],[-17.289,-4.09],[10.38,19.596],[0.065,43.094]],"v":[[57.963,-18.832],[-45.908,-50.604],[-60.086,-39.885],[-41.76,41.587]],"c":true},"ix":2},"nm":"Path 1","mn":"ADBE Vector Shape - Group","hd":false},{"ty":"fl","c":{"a":0,"k":[0.811764717102,0.847058832645,0.866666674614,1],"ix":4},"o":{"a":0,"k":100,"ix":5},"r":1,"bm":0,"nm":"Fill 1","mn":"ADBE Vector Graphic - Fill","hd":false},{"ty":"tr","p":{"a":0,"k":[599.173,286.051],"ix":2},"a":{"a":0,"k":[0,0],"ix":1},"s":{"a":0,"k":[100,100],"ix":3},"r":{"a":0,"k":0,"ix":6},"o":{"a":0,"k":100,"ix":7},"sk":{"a":0,"k":0,"ix":4},"sa":{"a":0,"k":0,"ix":5},"nm":"Transform"}],"nm":"Group 3","np":2,"cix":2,"bm":0,"ix":3,"mn":"ADBE Vector Group","hd":false},{"ty":"gr","it":[{"ind":0,"ty":"sh","ix":1,"ks":{"a":0,"k":{"i":[[17.267,29.695],[38.992,5.143],[-8.841,-12.271],[-4.803,-34.358]],"o":[[-40.373,-69.407],[-17.594,-2.306],[12.943,18.022],[6.016,42.719]],"v":[[85.247,34.139],[-69.513,-59.269],[-82.04,-46.771],[-52.684,31.472]],"c":true},"ix":2},"nm":"Path 1","mn":"ADBE Vector Shape - Group","hd":false},{"ty":"fl","c":{"a":0,"k":[0.811764717102,0.847058832645,0.866666674614,1],"ix":4},"o":{"a":0,"k":100,"ix":5},"r":1,"bm":0,"nm":"Fill 1","mn":"ADBE Vector Graphic - Fill","hd":false},{"ty":"tr","p":{"a":0,"k":[493.647,302.001],"ix":2},"a":{"a":0,"k":[0,0],"ix":1},"s":{"a":0,"k":[100,100],"ix":3},"r":{"a":0,"k":0,"ix":6},"o":{"a":0,"k":100,"ix":7},"sk":{"a":0,"k":0,"ix":4},"sa":{"a":0,"k":0,"ix":5},"nm":"Transform"}],"nm":"Group 4","np":2,"cix":2,"bm":0,"ix":4,"mn":"ADBE Vector Group","hd":false},{"ty":"gr","it":[{"ind":0,"ty":"sh","ix":1,"ks":{"a":0,"k":{"i":[[17.577,29.566],[39.033,4.739],[-8.952,-12.17],[-5.137,-34.376]],"o":[[-41.098,-68.973],[-17.642,-2.135],[13.142,17.928],[6.448,42.655]],"v":[[85.676,32.949],[-70.024,-58.891],[-82.423,-46.283],[-52.272,31.732]],"c":true},"ix":2},"nm":"Path 1","mn":"ADBE Vector Shape - Group","hd":false},{"ty":"fl","c":{"a":0,"k":[0.811764717102,0.847058832645,0.866666674614,1],"ix":4},"o":{"a":0,"k":100,"ix":5},"r":1,"bm":0,"nm":"Fill 1","mn":"ADBE Vector Graphic - Fill","hd":false},{"ty":"tr","p":{"a":0,"k":[531.835,286.053],"ix":2},"a":{"a":0,"k":[0,0],"ix":1},"s":{"a":0,"k":[100,100],"ix":3},"r":{"a":0,"k":0,"ix":6},"o":{"a":0,"k":100,"ix":7},"sk":{"a":0,"k":0,"ix":4},"sa":{"a":0,"k":0,"ix":5},"nm":"Transform"}],"nm":"Group 5","np":2,"cix":2,"bm":0,"ix":5,"mn":"ADBE Vector Group","hd":false}],"ip":0,"op":48,"st":0,"bm":0},{"ddd":0,"ind":7,"ty":4,"nm":"L_Ear","parent":6,"sr":1,"ks":{"o":{"a":0,"k":100,"ix":11},"r":{"a":1,"k":[{"i":{"x":[0.833],"y":[0.833]},"o":{"x":[0.333],"y":[0]},"t":0,"s":[0]},{"i":{"x":[0.833],"y":[0.833]},"o":{"x":[0.167],"y":[0.167]},"t":3,"s":[-2]},{"i":{"x":[0.667],"y":[1]},"o":{"x":[0.167],"y":[0.167]},"t":5,"s":[7]},{"i":{"x":[0.667],"y":[1]},"o":{"x":[0.333],"y":[0]},"t":11,"s":[0]},{"i":{"x":[0.833],"y":[0.833]},"o":{"x":[0.333],"y":[0]},"t":20,"s":[0]},{"i":{"x":[0.833],"y":[0.833]},"o":{"x":[0.167],"y":[0.167]},"t":23,"s":[-5]},{"i":{"x":[0.667],"y":[1]},"o":{"x":[0.167],"y":[0.167]},"t":26,"s":[9]},{"t":34,"s":[0]}],"ix":10},"p":{"a":0,"k":[713.915,356.472,0],"ix":2},"a":{"a":0,"k":[713.915,356.472,0],"ix":1},"s":{"a":0,"k":[100,100,100],"ix":6}},"ao":0,"shapes":[{"ty":"gr","it":[{"ind":0,"ty":"sh","ix":1,"ks":{"a":0,"k":{"i":[[-19.813,-5.957],[19.923,2.031]],"o":[[108.615,32.684],[-134.438,-13.668]],"v":[[-76.796,42.463],[78.027,-46.786]],"c":true},"ix":2},"nm":"Path 1","mn":"ADBE Vector Shape - Group","hd":false},{"ty":"gf","o":{"a":0,"k":100,"ix":10},"r":1,"bm":0,"g":{"p":3,"k":{"a":0,"k":[0.364,0.188,0.173,0.231,0.59,0.247,0.271,0.318,1,0.306,0.369,0.404],"ix":9}},"s":{"a":0,"k":[-82.245,-45.825],"ix":5},"e":{"a":0,"k":[52.171,32.979],"ix":6},"t":1,"nm":"cow4Gradient Fill 1","mn":"ADBE Vector Graphic - G-Fill","hd":false},{"ty":"tr","p":{"a":0,"k":[766.606,407.49],"ix":2},"a":{"a":0,"k":[0,0],"ix":1},"s":{"a":0,"k":[100,100],"ix":3},"r":{"a":0,"k":0,"ix":6},"o":{"a":0,"k":100,"ix":7},"sk":{"a":0,"k":0,"ix":4},"sa":{"a":0,"k":0,"ix":5},"nm":"Transform"}],"nm":"Group 1","np":2,"cix":2,"bm":0,"ix":1,"mn":"ADBE Vector Group","hd":false},{"ty":"gr","it":[{"ind":0,"ty":"sh","ix":1,"ks":{"a":0,"k":{"i":[[-9.304,2.609],[-34.563,-4.177],[157.48,50.736]],"o":[[86.563,-24.031],[22.094,2.592],[-19.683,-6.331]],"v":[[-102.926,-55.769],[109.848,-55.653],[-102.048,57.539]],"c":true},"ix":2},"nm":"Path 1","mn":"ADBE Vector Shape - Group","hd":false},{"ty":"fl","c":{"a":0,"k":[0.43137255311,0.505882382393,0.537254929543,1],"ix":4},"o":{"a":0,"k":100,"ix":5},"r":1,"bm":0,"nm":"Fill 1","mn":"ADBE Vector Graphic - Fill","hd":false},{"ty":"tr","p":{"a":0,"k":[757.915,404.472],"ix":2},"a":{"a":0,"k":[0,0],"ix":1},"s":{"a":0,"k":[100,100],"ix":3},"r":{"a":0,"k":0,"ix":6},"o":{"a":0,"k":100,"ix":7},"sk":{"a":0,"k":0,"ix":4},"sa":{"a":0,"k":0,"ix":5},"nm":"Transform"}],"nm":"Group 2","np":2,"cix":2,"bm":0,"ix":2,"mn":"ADBE Vector Group","hd":false}],"ip":0,"op":48,"st":0,"bm":0},{"ddd":0,"ind":8,"ty":4,"nm":"R_Ear","parent":6,"sr":1,"ks":{"o":{"a":0,"k":100,"ix":11},"r":{"a":1,"k":[{"i":{"x":[0.833],"y":[0.833]},"o":{"x":[0.333],"y":[0]},"t":0,"s":[0]},{"i":{"x":[0.833],"y":[0.833]},"o":{"x":[0.167],"y":[0.167]},"t":3,"s":[2]},{"i":{"x":[0.667],"y":[1]},"o":{"x":[0.167],"y":[0.167]},"t":5,"s":[-7]},{"i":{"x":[0.667],"y":[1]},"o":{"x":[0.333],"y":[0]},"t":11,"s":[0]},{"i":{"x":[0.833],"y":[0.833]},"o":{"x":[0.333],"y":[0]},"t":20,"s":[0]},{"i":{"x":[0.833],"y":[0.833]},"o":{"x":[0.167],"y":[0.167]},"t":23,"s":[5]},{"i":{"x":[0.667],"y":[1]},"o":{"x":[0.167],"y":[0.167]},"t":26,"s":[-9]},{"t":34,"s":[0]}],"ix":10},"p":{"a":0,"k":[288.085,350.472,0],"ix":2},"a":{"a":0,"k":[288.085,350.472,0],"ix":1},"s":{"a":0,"k":[100,100,100],"ix":6}},"ao":0,"shapes":[{"ty":"gr","it":[{"ind":0,"ty":"sh","ix":1,"ks":{"a":0,"k":{"i":[[19.795,-5.957],[-19.923,2.031]],"o":[[-108.593,32.684],[134.437,-13.668]],"v":[[76.798,42.463],[-78.025,-46.786]],"c":true},"ix":2},"nm":"Path 1","mn":"ADBE Vector Shape - Group","hd":false},{"ty":"gf","o":{"a":0,"k":100,"ix":10},"r":1,"bm":0,"g":{"p":3,"k":{"a":0,"k":[0.364,0.188,0.173,0.231,0.59,0.247,0.271,0.318,1,0.306,0.369,0.404],"ix":9}},"s":{"a":0,"k":[56.674,-51.156],"ix":5},"e":{"a":0,"k":[-36.747,34.957],"ix":6},"t":1,"nm":"cow5Gradient Fill 1","mn":"ADBE Vector Graphic - G-Fill","hd":false},{"ty":"tr","p":{"a":0,"k":[257.374,407.49],"ix":2},"a":{"a":0,"k":[0,0],"ix":1},"s":{"a":0,"k":[100,100],"ix":3},"r":{"a":0,"k":0,"ix":6},"o":{"a":0,"k":100,"ix":7},"sk":{"a":0,"k":0,"ix":4},"sa":{"a":0,"k":0,"ix":5},"nm":"Transform"}],"nm":"Group 1","np":2,"cix":2,"bm":0,"ix":1,"mn":"ADBE Vector Group","hd":false},{"ty":"gr","it":[{"ind":0,"ty":"sh","ix":1,"ks":{"a":0,"k":{"i":[[9.327,2.609],[34.58,-4.177],[-157.456,50.736]],"o":[[-86.58,-24.031],[-22.118,2.592],[19.708,-6.331]],"v":[[102.908,-55.769],[-109.842,-55.653],[102.03,57.539]],"c":true},"ix":2},"nm":"Path 1","mn":"ADBE Vector Shape - Group","hd":false},{"ty":"fl","c":{"a":0,"k":[0.43137255311,0.505882382393,0.537254929543,1],"ix":4},"o":{"a":0,"k":100,"ix":5},"r":1,"bm":0,"nm":"Fill 1","mn":"ADBE Vector Graphic - Fill","hd":false},{"ty":"tr","p":{"a":0,"k":[266.085,404.472],"ix":2},"a":{"a":0,"k":[0,0],"ix":1},"s":{"a":0,"k":[100,100],"ix":3},"r":{"a":0,"k":0,"ix":6},"o":{"a":0,"k":100,"ix":7},"sk":{"a":0,"k":0,"ix":4},"sa":{"a":0,"k":0,"ix":5},"nm":"Transform"}],"nm":"Group 2","np":2,"cix":2,"bm":0,"ix":2,"mn":"ADBE Vector Group","hd":false}],"ip":0,"op":48,"st":0,"bm":0}]}],"layers":[{"ddd":0,"ind":1,"ty":0,"nm":"cow_face","refId":"comp_0","sr":1,"ks":{"o":{"a":0,"k":100,"ix":11},"r":{"a":0,"k":0,"ix":10},"p":{"a":0,"k":[512,512,0],"ix":2},"a":{"a":0,"k":[512,512,0],"ix":1},"s":{"a":0,"k":[100,100,100],"ix":6}},"ao":0,"w":1024,"h":1024,"ip":0,"op":48,"st":0,"bm":0}],"markers":[]}