{"v":"5.6.2","fr":24,"ip":0,"op":48,"w":1024,"h":1024,"nm":"snake","ddd":0,"assets":[{"id":"comp_0","layers":[{"ddd":0,"ind":1,"ty":4,"nm":"Eye","parent":2,"sr":1,"ks":{"o":{"a":0,"k":100,"ix":11},"r":{"a":0,"k":0,"ix":10},"p":{"a":1,"k":[{"i":{"x":0.774,"y":0.236},"o":{"x":0.47,"y":0},"t":0,"s":[347.593,189.539,0],"to":[0.403,1.508,0],"ti":[-0.727,-2.72,0]},{"i":{"x":0.058,"y":1},"o":{"x":0.151,"y":0.231},"t":3,"s":[349.312,186.118,0],"to":[5.564,20.825,0],"ti":[0,0,0]},{"i":{"x":0.764,"y":0.062},"o":{"x":0.489,"y":0},"t":24,"s":[368.515,267.842,0],"to":[0,0,0],"ti":[4.132,15.465,0]},{"i":{"x":0.249,"y":1},"o":{"x":0.092,"y":0.359},"t":28,"s":[361.94,252.49,0],"to":[-5.166,-19.335,0],"ti":[1.937,7.251,0]},{"t":43,"s":[347.593,189.539,0]}],"ix":2},"a":{"a":0,"k":[347.593,189.539,0],"ix":1},"s":{"a":0,"k":[100,100,100],"ix":6}},"ao":0,"shapes":[{"ty":"gr","it":[{"ind":0,"ty":"sh","ix":1,"ks":{"a":1,"k":[{"i":{"x":0.833,"y":0.833},"o":{"x":0.333,"y":0},"t":2,"s":[{"i":[[9.878,0],[-0.984,-7.279],[-0.022,-0.08],[0,0.363],[-7.794,0],[0,-7.291],[0.083,-0.46],[-0.022,0.167]],"o":[[-10.813,0],[0.01,0.082],[-0.041,-0.365],[0,-7.291],[7.806,0],[0,0.427],[0.07,-0.156],[0.971,-7.887]],"v":[[0.004,-8.557],[-14.084,8.073],[-14.018,8.312],[-14.084,7.218],[0.004,-5.959],[14.106,7.218],[13.966,8.557],[14.106,8.073]],"c":true}]},{"i":{"x":0,"y":1},"o":{"x":0.167,"y":0.167},"t":5,"s":[{"i":[[9.878,0],[-0.984,-7.279],[-0.022,-0.08],[0.093,-0.351],[-7.794,0],[0.743,7.458],[0.083,-0.46],[-0.022,0.167]],"o":[[-10.813,0],[0.01,0.082],[-0.041,-0.365],[-1.252,4.702],[7.806,0],[-0.042,-0.425],[0.07,-0.156],[0.971,-7.887]],"v":[[0.004,-8.557],[-14.084,8.073],[-14.018,8.312],[-14.084,7.218],[-0.494,20.85],[14.106,7.218],[13.966,8.557],[14.106,8.073]],"c":true}]},{"i":{"x":0.667,"y":1},"o":{"x":0.333,"y":0},"t":12,"s":[{"i":[[9.878,0],[-0.984,-7.279],[-0.022,-0.08],[0,0.363],[-7.794,0],[0,-7.291],[0.083,-0.46],[-0.022,0.167]],"o":[[-10.813,0],[0.01,0.082],[-0.041,-0.365],[0,-7.291],[7.806,0],[0,0.427],[0.07,-0.156],[0.971,-7.887]],"v":[[0.004,-8.557],[-14.084,8.073],[-14.018,8.312],[-14.084,7.218],[0.004,-5.959],[14.106,7.218],[13.966,8.557],[14.106,8.073]],"c":true}]},{"i":{"x":0.833,"y":0.833},"o":{"x":0.333,"y":0},"t":24,"s":[{"i":[[9.878,0],[-0.984,-7.279],[-0.022,-0.08],[0,0.363],[-7.794,0],[0,-7.291],[0.083,-0.46],[-0.022,0.167]],"o":[[-10.813,0],[0.01,0.082],[-0.041,-0.365],[0,-7.291],[7.806,0],[0,0.427],[0.07,-0.156],[0.971,-7.887]],"v":[[0.004,-8.557],[-14.084,8.073],[-14.018,8.312],[-14.084,7.218],[0.004,-5.959],[14.106,7.218],[13.966,8.557],[14.106,8.073]],"c":true}]},{"i":{"x":0,"y":1},"o":{"x":0.167,"y":0.167},"t":27,"s":[{"i":[[9.878,0],[-0.984,-7.279],[-0.022,-0.08],[0.093,-0.351],[-7.794,0],[0.743,7.458],[0.083,-0.46],[-0.022,0.167]],"o":[[-10.813,0],[0.01,0.082],[-0.041,-0.365],[-1.252,4.702],[7.806,0],[-0.042,-0.425],[0.07,-0.156],[0.971,-7.887]],"v":[[0.004,-8.557],[-14.084,8.073],[-14.018,8.312],[-14.084,7.218],[-0.494,20.85],[14.106,7.218],[13.966,8.557],[14.106,8.073]],"c":true}]},{"t":34,"s":[{"i":[[9.878,0],[-0.984,-7.279],[-0.022,-0.08],[0,0.363],[-7.794,0],[0,-7.291],[0.083,-0.46],[-0.022,0.167]],"o":[[-10.813,0],[0.01,0.082],[-0.041,-0.365],[0,-7.291],[7.806,0],[0,0.427],[0.07,-0.156],[0.971,-7.887]],"v":[[0.004,-8.557],[-14.084,8.073],[-14.018,8.312],[-14.084,7.218],[0.004,-5.959],[14.106,7.218],[13.966,8.557],[14.106,8.073]],"c":true}]}],"ix":2},"nm":"Path 1","mn":"ADBE Vector Shape - Group","hd":false},{"ty":"fl","c":{"a":0,"k":[0.090196080506,0.250980407,0.078431375325,1],"ix":4},"o":{"a":0,"k":100,"ix":5},"r":1,"bm":0,"nm":"Fill 1","mn":"ADBE Vector Graphic - Fill","hd":false},{"ty":"tr","p":{"a":0,"k":[347.593,183.579],"ix":2},"a":{"a":0,"k":[0,0],"ix":1},"s":{"a":0,"k":[100,100],"ix":3},"r":{"a":0,"k":0,"ix":6},"o":{"a":0,"k":100,"ix":7},"sk":{"a":0,"k":0,"ix":4},"sa":{"a":0,"k":0,"ix":5},"nm":"Transform"}],"nm":"Group 1","np":2,"cix":2,"bm":0,"ix":1,"mn":"ADBE Vector Group","hd":false},{"ty":"gr","it":[{"ty":"gr","it":[{"ind":0,"ty":"sh","ix":1,"ks":{"a":0,"k":{"i":[[0,-3.897],[0,3.757]],"o":[[0,3.757],[0,-3.897]],"v":[[2.89,0.053],[-2.89,0.053]],"c":true},"ix":2},"nm":"Path 1","mn":"ADBE Vector Shape - Group","hd":false},{"ty":"fl","c":{"a":0,"k":[1,1,1,1],"ix":4},"o":{"a":0,"k":100,"ix":5},"r":1,"bm":0,"nm":"Fill 1","mn":"ADBE Vector Graphic - Fill","hd":false},{"ty":"tr","p":{"a":0,"k":[342.507,185.455],"ix":2},"a":{"a":0,"k":[0,0],"ix":1},"s":{"a":0,"k":[100,100],"ix":3},"r":{"a":0,"k":0,"ix":6},"o":{"a":0,"k":100,"ix":7},"sk":{"a":0,"k":0,"ix":4},"sa":{"a":0,"k":0,"ix":5},"nm":"Transform"}],"nm":"Group 1","np":2,"cix":2,"bm":0,"ix":1,"mn":"ADBE Vector Group","hd":false},{"ty":"gr","it":[{"ind":0,"ty":"sh","ix":1,"ks":{"a":0,"k":{"i":[[-5.793,0],[0,-5.827],[5.851,0],[0,5.816]],"o":[[5.851,-0.035],[0,5.816],[-5.793,0],[0,-5.827]],"v":[[-0.018,-10.515],[10.538,-0.005],[-0.018,10.515],[-10.538,-0.005]],"c":true},"ix":2},"nm":"Path 1","mn":"ADBE Vector Shape - Group","hd":false},{"ty":"fl","c":{"a":0,"k":[0.101960785687,0.086274512112,0.149019613862,1],"ix":4},"o":{"a":0,"k":100,"ix":5},"r":1,"bm":0,"nm":"Fill 1","mn":"ADBE Vector Graphic - Fill","hd":false},{"ty":"tr","p":{"a":0,"k":[346.235,190.721],"ix":2},"a":{"a":0,"k":[0,0],"ix":1},"s":{"a":0,"k":[100,100],"ix":3},"r":{"a":0,"k":0,"ix":6},"o":{"a":0,"k":100,"ix":7},"sk":{"a":0,"k":0,"ix":4},"sa":{"a":0,"k":0,"ix":5},"nm":"Transform"}],"nm":"Group 2","np":2,"cix":2,"bm":0,"ix":2,"mn":"ADBE Vector Group","hd":false},{"ty":"tr","p":{"a":0,"k":[346.235,190.721],"ix":2},"a":{"a":0,"k":[346.235,190.721],"ix":1},"s":{"a":0,"k":[100,100],"ix":3},"r":{"a":0,"k":0,"ix":6},"o":{"a":0,"k":100,"ix":7},"sk":{"a":0,"k":0,"ix":4},"sa":{"a":0,"k":0,"ix":5},"nm":"Transform"}],"nm":"Group 2","np":2,"cix":2,"bm":0,"ix":2,"mn":"ADBE Vector Group","hd":false},{"ty":"gr","it":[{"ind":0,"ty":"sh","ix":1,"ks":{"a":0,"k":{"i":[[7.806,0],[0,-7.291],[-7.805,0],[0,5.196]],"o":[[-7.794,0],[0,6.32],[7.794,0],[0,-7.291]],"v":[[-0.007,-13.218],[-14.095,-0.041],[-0.007,13.218],[14.095,-0.041]],"c":true},"ix":2},"nm":"Path 1","mn":"ADBE Vector Shape - Group","hd":false},{"ty":"fl","c":{"a":0,"k":[1,1,1,1],"ix":4},"o":{"a":0,"k":100,"ix":5},"r":1,"bm":0,"nm":"Fill 1","mn":"ADBE Vector Graphic - Fill","hd":false},{"ty":"tr","p":{"a":0,"k":[347.604,190.839],"ix":2},"a":{"a":0,"k":[0,0],"ix":1},"s":{"a":0,"k":[100,100],"ix":3},"r":{"a":0,"k":0,"ix":6},"o":{"a":0,"k":100,"ix":7},"sk":{"a":0,"k":0,"ix":4},"sa":{"a":0,"k":0,"ix":5},"nm":"Transform"}],"nm":"Group 3","np":2,"cix":2,"bm":0,"ix":3,"mn":"ADBE Vector Group","hd":false}],"ip":0,"op":48,"st":0,"bm":0},{"ddd":0,"ind":2,"ty":4,"nm":"Body","parent":5,"sr":1,"ks":{"o":{"a":0,"k":100,"ix":11},"r":{"a":0,"k":0,"ix":10},"p":{"a":0,"k":[-4.335,-164.889,0],"ix":2},"a":{"a":0,"k":[512,698.663,0],"ix":1},"s":{"a":0,"k":[98.405,101.647,100],"ix":6}},"ao":0,"shapes":[{"ty":"gr","it":[{"ind":0,"ty":"sh","ix":1,"ks":{"a":0,"k":{"i":[[-23.474,-6.705],[-23.756,92.895],[178.545,46.33]],"o":[[190.785,54.428],[-24.774,51.14],[-49.478,-12.838]],"v":[[-164.571,41.509],[173.419,-61.45],[-113.244,31.082]],"c":true},"ix":2},"nm":"Path 1","mn":"ADBE Vector Shape - Group","hd":false},{"ty":"gf","o":{"a":0,"k":100,"ix":10},"r":1,"bm":0,"g":{"p":3,"k":{"a":0,"k":[0,0.78,0.902,0,0.606,0.665,0.845,0.063,1,0.549,0.788,0.125],"ix":9}},"s":{"a":0,"k":[-173.45,-0.276],"ix":5},"e":{"a":0,"k":[173.388,-0.276],"ix":6},"t":1,"nm":"Gradient Fill 1","mn":"ADBE Vector Graphic - G-Fill","hd":false},{"ty":"tr","p":{"a":0,"k":[523.45,587.276],"ix":2},"a":{"a":0,"k":[0,0],"ix":1},"s":{"a":0,"k":[100,100],"ix":3},"r":{"a":0,"k":0,"ix":6},"o":{"a":0,"k":100,"ix":7},"sk":{"a":0,"k":0,"ix":4},"sa":{"a":0,"k":0,"ix":5},"nm":"Transform"}],"nm":"Group 1","np":2,"cix":2,"bm":0,"ix":1,"mn":"ADBE Vector Group","hd":false},{"ty":"gr","it":[{"ind":0,"ty":"sh","ix":1,"ks":{"a":0,"k":{"i":[[11.305,44.984],[-17.94,-12.054],[-66.143,96.591],[11.164,21.415],[167.86,-1.591]],"o":[[-6.108,28.496],[107.428,72.239],[15.927,-23.242],[16.231,63.462],[-158.803,1.533]],"v":[[-275.981,-47.751],[-250.247,30.562],[265.258,1.669],[269.237,-80.05],[-11.926,35.009]],"c":true},"ix":2},"nm":"Path 1","mn":"ADBE Vector Shape - Group","hd":false},{"ty":"gf","o":{"a":0,"k":100,"ix":10},"r":1,"bm":0,"g":{"p":3,"k":{"a":0,"k":[0,0.78,0.902,0,0.606,0.665,0.845,0.063,1,0.549,0.788,0.125],"ix":9}},"s":{"a":0,"k":[-277.952,-0.252],"ix":5},"e":{"a":0,"k":[276.932,-0.252],"ix":6},"t":1,"nm":"Gradient Fill 1","mn":"ADBE Vector Graphic - G-Fill","hd":false},{"ty":"tr","p":{"a":0,"k":[495.952,701.252],"ix":2},"a":{"a":0,"k":[0,0],"ix":1},"s":{"a":0,"k":[100,100],"ix":3},"r":{"a":0,"k":0,"ix":6},"o":{"a":0,"k":100,"ix":7},"sk":{"a":0,"k":0,"ix":4},"sa":{"a":0,"k":0,"ix":5},"nm":"Transform"}],"nm":"Group 2","np":2,"cix":2,"bm":0,"ix":2,"mn":"ADBE Vector Group","hd":false},{"ty":"gr","it":[{"ind":0,"ty":"sh","ix":1,"ks":{"a":0,"k":{"i":[[113.022,7.126],[-70.414,-65.452],[33.773,134.321]],"o":[[-211.335,-13.318],[95.843,50.671],[-28.765,-114.052]],"v":[[-51.802,-106.913],[-243.933,82.701],[271.841,-22.563]],"c":true},"ix":2},"nm":"Path 1","mn":"ADBE Vector Shape - Group","hd":false},{"ty":"gf","o":{"a":0,"k":100,"ix":10},"r":1,"bm":0,"g":{"p":3,"k":{"a":0,"k":[0,0.478,0.71,0.114,0.57,0.388,0.649,0.098,1,0.298,0.588,0.082],"ix":9}},"s":{"a":0,"k":[-0.348,73.236],"ix":5},"e":{"a":0,"k":[-0.348,-84.465],"ix":6},"t":1,"nm":"Gradient Fill 1","mn":"ADBE Vector Graphic - G-Fill","hd":false},{"ty":"tr","p":{"a":0,"k":[493.348,643.764],"ix":2},"a":{"a":0,"k":[0,0],"ix":1},"s":{"a":0,"k":[100,100],"ix":3},"r":{"a":0,"k":0,"ix":6},"o":{"a":0,"k":100,"ix":7},"sk":{"a":0,"k":0,"ix":4},"sa":{"a":0,"k":0,"ix":5},"nm":"Transform"}],"nm":"Group 3","np":2,"cix":2,"bm":0,"ix":3,"mn":"ADBE Vector Group","hd":false},{"ty":"gr","it":[{"ind":0,"ty":"sh","ix":1,"ks":{"a":0,"k":{"i":[[17.238,55.188],[-26.037,-18.127],[-61.017,87.334],[15.704,33.855],[226.923,-18.233]],"o":[[0,23.592],[118.37,82.432],[33.797,-48.379],[28.073,94.533],[-166.888,13.4]],"v":[[-311.446,-11.886],[-268.615,59.334],[285.601,21.173],[299.762,-106.665],[-0.653,74.922]],"c":true},"ix":2},"nm":"Path 1","mn":"ADBE Vector Shape - Group","hd":false},{"ty":"gf","o":{"a":0,"k":100,"ix":10},"r":1,"bm":0,"g":{"p":3,"k":{"a":0,"k":[0,0.78,0.902,0,0.606,0.665,0.845,0.063,1,0.549,0.788,0.125],"ix":9}},"s":{"a":0,"k":[-312.12,-0.835],"ix":5},"e":{"a":0,"k":[310.772,-0.835],"ix":6},"t":1,"nm":"Gradient Fill 1","mn":"ADBE Vector Graphic - G-Fill","hd":false},{"ty":"tr","p":{"a":0,"k":[512.12,764.835],"ix":2},"a":{"a":0,"k":[0,0],"ix":1},"s":{"a":0,"k":[100,100],"ix":3},"r":{"a":0,"k":0,"ix":6},"o":{"a":0,"k":100,"ix":7},"sk":{"a":0,"k":0,"ix":4},"sa":{"a":0,"k":0,"ix":5},"nm":"Transform"}],"nm":"Group 4","np":2,"cix":2,"bm":0,"ix":4,"mn":"ADBE Vector Group","hd":false},{"ty":"gr","it":[{"ind":0,"ty":"sh","ix":1,"ks":{"a":0,"k":{"i":[[-11.457,-102.245],[81.975,227.039],[31.551,-11.105]],"o":[[16.114,148.293],[-23.967,-66.389],[-31.503,11.106]],"v":[[-308.925,44.563],[302.283,-50.216],[113.708,-138.909]],"c":true},"ix":2},"nm":"Path 1","mn":"ADBE Vector Shape - Group","hd":false},{"ty":"gf","o":{"a":0,"k":100,"ix":10},"r":1,"bm":0,"g":{"p":3,"k":{"a":0,"k":[0,0.478,0.71,0.114,0.7,0.388,0.649,0.098,1,0.298,0.588,0.082],"ix":9}},"s":{"a":0,"k":[-0.599,140.614],"ix":5},"e":{"a":0,"k":[-0.599,-141.405],"ix":6},"t":1,"nm":"Gradient Fill 1","mn":"ADBE Vector Graphic - G-Fill","hd":false},{"ty":"tr","p":{"a":0,"k":[509.599,708.386],"ix":2},"a":{"a":0,"k":[0,0],"ix":1},"s":{"a":0,"k":[100,100],"ix":3},"r":{"a":0,"k":0,"ix":6},"o":{"a":0,"k":100,"ix":7},"sk":{"a":0,"k":0,"ix":4},"sa":{"a":0,"k":0,"ix":5},"nm":"Transform"}],"nm":"Group 5","np":2,"cix":2,"bm":0,"ix":5,"mn":"ADBE Vector Group","hd":false}],"ip":0,"op":48,"st":0,"bm":0},{"ddd":0,"ind":3,"ty":4,"nm":"Neck","parent":2,"sr":1,"ks":{"o":{"a":0,"k":100,"ix":11},"r":{"a":0,"k":0,"ix":10},"p":{"a":0,"k":[490.49,351.943,0],"ix":2},"a":{"a":0,"k":[490.49,351.943,0],"ix":1},"s":{"a":0,"k":[100,100,100],"ix":6}},"ao":0,"shapes":[{"ty":"gr","it":[{"ind":0,"ty":"sh","ix":1,"ks":{"a":1,"k":[{"i":{"x":0.833,"y":0.833},"o":{"x":0.333,"y":0},"t":0,"s":[{"i":[[19.917,8.636],[0,0]],"o":[[19.859,2.516],[0,0]],"v":[[-27.641,3.823],[27.641,-6.113]],"c":true}]},{"i":{"x":0,"y":1},"o":{"x":0.167,"y":0.167},"t":3,"s":[{"i":[[18.756,10.865],[0,0]],"o":[[19.405,4.789],[0,0]],"v":[[-28.25,-10.454],[27.725,-13.925]],"c":true}]},{"i":{"x":0.833,"y":0.833},"o":{"x":0.333,"y":0},"t":24,"s":[{"i":[[21.243,4.473],[0,0]],"o":[[19.96,-1.511],[0,0]],"v":[[7.177,92.233],[59.351,71.43]],"c":true}]},{"i":{"x":0,"y":1},"o":{"x":0.167,"y":0.167},"t":28,"s":[{"i":[[21.544,1.648],[0,0]],"o":[[19.499,-4.09],[0,0]],"v":[[10.064,89.861],[58.838,62.54]],"c":true}]},{"t":43,"s":[{"i":[[19.917,8.636],[0,0]],"o":[[19.859,2.516],[0,0]],"v":[[-27.641,3.823],[27.641,-6.113]],"c":true}]}],"ix":2},"nm":"Path 1","mn":"ADBE Vector Shape - Group","hd":false},{"ty":"fl","c":{"a":0,"k":[0.090196080506,0.250980407,0.078431375325,1],"ix":4},"o":{"a":0,"k":100,"ix":5},"r":1,"bm":0,"nm":"Fill 1","mn":"ADBE Vector Graphic - Fill","hd":false},{"ty":"tr","p":{"a":0,"k":[305.352,233.363],"ix":2},"a":{"a":0,"k":[0,0],"ix":1},"s":{"a":0,"k":[100,100],"ix":3},"r":{"a":0,"k":0,"ix":6},"o":{"a":0,"k":100,"ix":7},"sk":{"a":0,"k":0,"ix":4},"sa":{"a":0,"k":0,"ix":5},"nm":"Transform"}],"nm":"Group 1","np":2,"cix":2,"bm":0,"ix":1,"mn":"ADBE Vector Group","hd":false},{"ty":"gr","it":[{"ty":"gr","it":[{"ind":0,"ty":"sh","ix":1,"ks":{"a":1,"k":[{"i":{"x":0.833,"y":0.833},"o":{"x":0.333,"y":0},"t":0,"s":[{"i":[[3.02,2.972],[-3.043,-2.306]],"o":[[-2.738,-2.75],[3.312,2.527]],"v":[[-2.606,3.514],[2.379,-3.718]],"c":true}]},{"i":{"x":0,"y":1},"o":{"x":0.167,"y":0.167},"t":3,"s":[{"i":[[2.652,3.296],[-2.743,-2.647]],"o":[[-2.398,-3.044],[2.993,2.889]],"v":[[-0.01,-9.747],[5.769,-16.344]],"c":true}]},{"i":{"x":0.833,"y":0.833},"o":{"x":0.333,"y":0},"t":24,"s":[{"i":[[3.554,2.307],[-3.437,-1.661]],"o":[[-3.233,-2.146],[3.751,1.813]],"v":[[26.421,91.137],[29.857,83.054]],"c":true}]},{"i":{"x":0,"y":1},"o":{"x":0.167,"y":0.167},"t":28,"s":[{"i":[[3.807,1.814],[-3.608,-1.192]],"o":[[-3.47,-1.697],[3.938,1.301]],"v":[[25.515,89.019],[27.853,80.596]],"c":true}]},{"t":43,"s":[{"i":[[3.02,2.972],[-3.043,-2.306]],"o":[[-2.738,-2.75],[3.312,2.527]],"v":[[-2.606,3.514],[2.379,-3.718]],"c":true}]}],"ix":2},"nm":"Path 1","mn":"ADBE Vector Shape - Group","hd":false},{"ty":"fl","c":{"a":0,"k":[0.090196080506,0.250980407,0.078431375325,1],"ix":4},"o":{"a":0,"k":100,"ix":5},"r":1,"bm":0,"nm":"Fill 1","mn":"ADBE Vector Graphic - Fill","hd":false},{"ty":"tr","p":{"a":0,"k":[0,0],"ix":2},"a":{"a":0,"k":[0,0],"ix":1},"s":{"a":0,"k":[100,100],"ix":3},"r":{"a":0,"k":0,"ix":6},"o":{"a":0,"k":100,"ix":7},"sk":{"a":0,"k":0,"ix":4},"sa":{"a":0,"k":0,"ix":5},"nm":"Transform"}],"nm":"Group 1","np":2,"cix":2,"bm":0,"ix":1,"mn":"ADBE Vector Group","hd":false},{"ty":"tr","p":{"a":0,"k":[287.105,205.434],"ix":2},"a":{"a":0,"k":[0,0],"ix":1},"s":{"a":0,"k":[100,100],"ix":3},"r":{"a":0,"k":0,"ix":6},"o":{"a":0,"k":100,"ix":7},"sk":{"a":0,"k":0,"ix":4},"sa":{"a":0,"k":0,"ix":5},"nm":"Transform"}],"nm":"Group 2","np":1,"cix":2,"bm":0,"ix":2,"mn":"ADBE Vector Group","hd":false},{"ty":"gr","it":[{"ind":0,"ty":"sh","ix":1,"ks":{"a":1,"k":[{"i":{"x":0.833,"y":0.833},"o":{"x":0.333,"y":0},"t":0,"s":[{"i":[[283.083,-46.506],[199.878,-71.21],[37.635,-14.932],[21.778,3.558],[-5.068,0.258],[-48.623,21.778]],"o":[[268.77,-21.076],[-51.502,18.338],[0,0],[0,5.571],[57.927,-2.878],[132.707,-59.401]],"v":[[0.31,165.306],[-27.156,-156.254],[-111.917,-144.025],[-165.315,-133.786],[-153.203,-125.255],[-22.019,-129.28]],"c":true}]},{"i":{"x":0,"y":1},"o":{"x":0.167,"y":0.167},"t":3,"s":[{"i":[[283.083,-46.506],[206.465,-47.509],[39.049,-10.464],[21.189,6.043],[-5.056,-0.335],[-50.742,15.973]],"o":[[271.083,-21.145],[-53.196,12.241],[0,0],[-0.643,5.525],[57.783,3.834],[138.474,-43.59]],"v":[[0.31,165.306],[-26.357,-154.179],[-111.832,-151.838],[-165.974,-147.848],[-154.946,-137.988],[-24.377,-126.834]],"c":true}]},{"i":{"x":0.833,"y":0.833},"o":{"x":0.333,"y":0},"t":24,"s":[{"i":[[283.083,-46.506],[181.592,-109.756],[33.883,-22.166],[22.05,-0.875],[-4.915,1.261],[-43.286,31.063]],"o":[[296.937,-21.917],[-46.787,28.279],[0,0],[1.115,5.458],[56.178,-14.419],[118.126,-84.77]],"v":[[0.31,165.306],[0.388,-95.435],[-80.207,-66.483],[-130.474,-45.759],[-116.899,-39.826],[10.822,-70.036]],"c":true}]},{"i":{"x":0,"y":1},"o":{"x":0.167,"y":0.167},"t":28,"s":[{"i":[[283.083,-46.506],[164.899,-131.947],[30.548,-26.284],[21.644,-3.734],[-4.686,1.885],[-38.669,36.288]],"o":[[286.739,-21.613],[-42.486,33.996],[0,0],[1.811,5.241],[53.557,-21.542],[105.525,-99.027]],"v":[[0.31,165.306],[-4.961,-114.435],[-80.72,-75.373],[-127.623,-48.378],[-113.455,-44.291],[8.642,-90.731]],"c":true}]},{"t":43,"s":[{"i":[[283.083,-46.506],[199.878,-71.21],[37.635,-14.932],[21.778,3.558],[-5.068,0.258],[-48.623,21.778]],"o":[[268.77,-21.076],[-51.502,18.338],[0,0],[0,5.571],[57.927,-2.878],[132.707,-59.401]],"v":[[0.31,165.306],[-27.156,-156.254],[-111.917,-144.025],[-165.315,-133.786],[-153.203,-125.255],[-22.019,-129.28]],"c":true}]}],"ix":2},"nm":"Path 1","mn":"ADBE Vector Shape - Group","hd":false},{"ty":"gf","o":{"a":0,"k":100,"ix":10},"r":1,"bm":0,"g":{"p":3,"k":{"a":0,"k":[0,0.78,0.902,0,0.606,0.665,0.845,0.063,1,0.549,0.788,0.125],"ix":9}},"s":{"a":0,"k":[-84.91,32.724],"ix":5},"e":{"a":0,"k":[131.063,-105.852],"ix":6},"t":1,"nm":"Gradient Fill 1","mn":"ADBE Vector Graphic - G-Fill","hd":false},{"ty":"tr","p":{"a":0,"k":[444.91,371.276],"ix":2},"a":{"a":0,"k":[0,0],"ix":1},"s":{"a":0,"k":[100,100],"ix":3},"r":{"a":0,"k":0,"ix":6},"o":{"a":0,"k":100,"ix":7},"sk":{"a":0,"k":0,"ix":4},"sa":{"a":0,"k":0,"ix":5},"nm":"Transform"}],"nm":"Group 3","np":2,"cix":2,"bm":0,"ix":3,"mn":"ADBE Vector Group","hd":false},{"ty":"gr","it":[{"ind":0,"ty":"sh","ix":1,"ks":{"a":1,"k":[{"i":{"x":0.833,"y":0.833},"o":{"x":0.333,"y":0},"t":0,"s":[{"i":[[0,0],[-0.07,-1.053],[-4.856,0.597],[-5.009,0.514],[-48.449,22.071],[-31.409,-17.238],[237.7,-30.498],[-99.729,9.702],[211.486,9.83],[5.922,2.446],[44,-20.901]],"o":[[-5.091,2.247],[0.655,8.859],[2.33,3.792],[78.5,-8.122],[18.584,-8.472],[95.304,52.322],[0,0],[83.965,-130.774],[-27.009,-1.264],[-13.165,-5.43],[-15.541,7.372]],"v":[[-217.003,-154.381],[-228.718,-136.324],[-210.895,-114.452],[-198.057,-107.536],[-59.945,-115.833],[24.43,-121.626],[-48.944,184.909],[193.706,196.949],[-1.62,-196.357],[-59.711,-196.58],[-164.822,-180.383]],"c":true}]},{"i":{"x":0,"y":1},"o":{"x":0.167,"y":0.167},"t":3,"s":[{"i":[[0,0],[0.044,-1.053],[-4.885,0.031],[-5.027,-0.064],[-50.594,16.31],[-31.64,-16.693],[237.7,-30.497],[-99.729,9.702],[211.297,6.342],[5.592,3.107],[46.061,-15.624]],"o":[[-5.308,1.641],[-0.373,8.862],[1.873,4.029],[78.792,1.008],[19.409,-6.257],[96.006,50.668],[0,0],[83.965,-130.774],[-26.985,-0.818],[-12.43,-6.905],[-16.264,5.517]],"v":[[-213.001,-168.819],[-226.705,-152.264],[-211.554,-128.514],[-199.62,-120.172],[-61.686,-112.454],[26.781,-118.255],[-48.944,184.909],[193.706,196.949],[-0.453,-192.434],[-52.131,-192.51],[-158.247,-188.583]],"c":true}]},{"i":{"x":0.833,"y":0.833},"o":{"x":0.333,"y":0},"t":24,"s":[{"i":[[0,0],[-0.287,-1.016],[-4.638,1.557],[-4.803,1.511],[-43.039,31.337],[-34.223,-10.605],[237.7,-30.498],[-99.729,9.702],[209.182,-32.646],[6.293,1.207],[38.94,-29.267]],"o":[[-4.538,3.221],[2.416,8.549],[3.042,3.248],[75.284,-23.676],[16.511,-12.022],[103.851,32.179],[0,0],[83.965,-130.774],[-26.715,4.169],[-13.985,-2.684],[-13.75,10.335]],"v":[[-190.033,-64.322],[-197.895,-44.286],[-176.054,-26.425],[-162.092,-22.219],[-28.437,-58.002],[53.069,-80.572],[-48.944,184.909],[193.706,196.95],[12.584,-148.574],[-44.376,-137.161],[-144.115,-100.246]],"c":true}]},{"i":{"x":0,"y":1},"o":{"x":0.167,"y":0.167},"t":28,"s":[{"i":[[0,0],[-0.415,-0.965],[-4.374,2.14],[-4.543,2.116],[-38.389,36.525],[-33.205,-13.006],[237.7,-30.498],[-99.729,9.702],[210.017,-17.268],[6.366,0.372],[34.615,-33.95]],"o":[[-4.058,3.769],[3.497,8.121],[3.424,2.809],[71.205,-33.164],[14.727,-14.012],[100.757,39.472],[0,0],[83.965,-130.774],[-26.822,2.202],[-14.15,-0.827],[-12.223,11.988]],"v":[[-191.931,-64.62],[-197.08,-43.825],[-173.203,-29.045],[-158.878,-26.712],[-31.652,-79.423],[42.7,-95.435],[-48.944,184.909],[193.706,196.95],[7.441,-165.874],[-57.686,-155.459],[-151.298,-106.047]],"c":true}]},{"t":43,"s":[{"i":[[0,0],[-0.07,-1.053],[-4.856,0.597],[-5.009,0.514],[-48.449,22.071],[-31.409,-17.238],[237.7,-30.497],[-99.729,9.702],[211.486,9.83],[5.922,2.446],[44,-20.901]],"o":[[-5.091,2.247],[0.655,8.859],[2.33,3.792],[78.5,-8.122],[18.584,-8.472],[95.305,52.322],[0,0],[83.965,-130.774],[-27.009,-1.264],[-13.165,-5.43],[-15.541,7.372]],"v":[[-217.003,-154.381],[-228.718,-136.324],[-210.895,-114.452],[-198.057,-107.536],[-59.945,-115.833],[24.43,-121.626],[-48.944,184.909],[193.706,196.949],[-1.62,-196.357],[-59.711,-196.58],[-164.822,-180.383]],"c":true}]}],"ix":2},"nm":"Path 1","mn":"ADBE Vector Shape - Group","hd":false},{"ty":"gf","o":{"a":0,"k":100,"ix":10},"r":1,"bm":0,"g":{"p":3,"k":{"a":0,"k":[0,0.298,0.588,0.082,0.43,0.388,0.649,0.098,1,0.478,0.71,0.114],"ix":9}},"s":{"a":0,"k":[-0.49,141.057],"ix":5},"e":{"a":0,"k":[-0.49,-189.579],"ix":6},"t":1,"nm":"Gradient Fill 1","mn":"ADBE Vector Graphic - G-Fill","hd":false},{"ty":"tr","p":{"a":0,"k":[490.49,351.943],"ix":2},"a":{"a":0,"k":[0,0],"ix":1},"s":{"a":0,"k":[100,100],"ix":3},"r":{"a":0,"k":0,"ix":6},"o":{"a":0,"k":100,"ix":7},"sk":{"a":0,"k":0,"ix":4},"sa":{"a":0,"k":0,"ix":5},"nm":"Transform"}],"nm":"Group 4","np":2,"cix":2,"bm":0,"ix":4,"mn":"ADBE Vector Group","hd":false}],"ip":0,"op":48,"st":0,"bm":0},{"ddd":0,"ind":4,"ty":4,"nm":"Thongue","parent":2,"sr":1,"ks":{"o":{"a":0,"k":100,"ix":11},"r":{"a":0,"k":0,"ix":10},"p":{"a":1,"k":[{"i":{"x":0.667,"y":1},"o":{"x":0.333,"y":0},"t":0,"s":[287.482,240.697,0],"to":[0,-2.464,0],"ti":[-5.812,-14.184,0]},{"i":{"x":0,"y":1},"o":{"x":0.333,"y":0},"t":3,"s":[287.482,225.916,0],"to":[5.812,14.184,0],"ti":[-5.812,-16.064,0]},{"i":{"x":0.667,"y":1},"o":{"x":0.333,"y":0},"t":24,"s":[322.352,325.802,0],"to":[5.812,16.064,0],"ti":[5.812,14.184,0]},{"i":{"x":0.623,"y":0.624},"o":{"x":0.664,"y":0},"t":28,"s":[322.352,322.302,0],"to":[-3.114,-7.6,0],"ti":[7.761,18.075,0]},{"i":{"x":0.361,"y":1},"o":{"x":0.121,"y":0.755},"t":32,"s":[303.357,262.795,0],"to":[-6.723,-15.657,0],"ti":[2.698,6.313,0]},{"t":43,"s":[287.482,240.697,0]}],"ix":2},"a":{"a":0,"k":[37.6,40.336,0],"ix":1},"s":{"a":1,"k":[{"i":{"x":[0.833,0.833,0.833],"y":[0.833,0.833,1]},"o":{"x":[0.333,0.333,0.333],"y":[0,0,0]},"t":0,"s":[100,100,100]},{"i":{"x":[0.833,0.833,0.833],"y":[0.833,0.833,0.833]},"o":{"x":[0.167,0.167,0.167],"y":[0.167,0.167,0.167]},"t":3,"s":[0,0,100]},{"i":{"x":[0,0,0.667],"y":[1,1,1]},"o":{"x":[0.167,0.167,0.167],"y":[0.167,0.167,16.667]},"t":32,"s":[0,0,100]},{"t":38,"s":[100,100,100]}],"ix":6}},"ao":0,"shapes":[{"ty":"gr","it":[{"ind":0,"ty":"sh","ix":1,"ks":{"a":1,"k":[{"i":{"x":0.833,"y":0.833},"o":{"x":0.167,"y":0.167},"t":0,"s":[{"i":[[6.436,18.665],[-65.113,19.765],[7.01,1.065],[0,0],[0,0]],"o":[[0,0],[0,0],[-59.495,-12.662],[-5.863,15.319],[0,0]],"v":[[-40.654,-33.672],[40.654,39.107],[27.828,36.824],[-22.492,-41.875],[-24.272,-2.344]],"c":true}]},{"i":{"x":0.833,"y":0.833},"o":{"x":0.167,"y":0.167},"t":3,"s":[{"i":[[2.411,-17.952],[-66.415,-19.073],[7.01,1.065],[0,0],[0,0]],"o":[[0,0],[0,0],[-60.172,-31.596],[7.432,-11.299],[0,0]],"v":[[-37.287,58.714],[43.186,45.523],[30.36,43.24],[-54.463,48.606],[-28.735,36.642]],"c":true}]},{"i":{"x":0.833,"y":0.833},"o":{"x":0.167,"y":0.167},"t":32,"s":[{"i":[[6.436,18.665],[-65.113,19.765],[7.01,1.065],[0,0],[0,0]],"o":[[0,0],[0,0],[-59.495,-12.662],[-5.863,15.319],[0,0]],"v":[[-40.654,-33.672],[40.654,39.107],[27.828,36.824],[-22.492,-41.875],[-24.272,-2.344]],"c":true}]},{"i":{"x":0.833,"y":0.833},"o":{"x":0.167,"y":0.167},"t":34,"s":[{"i":[[6.436,18.665],[-99.936,29.677],[7.01,1.065],[0,0],[0,0]],"o":[[0,0],[0,0],[-68.933,22.06],[-5.863,15.319],[0,0]],"v":[[-45.703,3.454],[40.654,39.107],[27.828,36.824],[-27.541,-4.75],[-29.321,34.782]],"c":true}]},{"i":{"x":0.833,"y":0.833},"o":{"x":0.167,"y":0.167},"t":35,"s":[{"i":[[2.411,-17.952],[-66.415,-19.073],[7.01,1.065],[0,0],[0,0]],"o":[[0,0],[0,0],[-60.172,-31.596],[7.432,-11.299],[0,0]],"v":[[-37.287,58.714],[43.186,45.523],[30.36,43.24],[-54.463,48.606],[-28.735,36.642]],"c":true}]},{"i":{"x":0.833,"y":0.833},"o":{"x":0.167,"y":0.167},"t":36,"s":[{"i":[[2.411,-17.952],[-76.678,-40.54],[7.01,1.065],[0,0],[0,0]],"o":[[0,0],[0,0],[-60.81,-67.34],[7.432,-11.299],[0,0]],"v":[[-36.273,36.039],[43.186,45.523],[34.924,39.296],[-53.448,25.931],[-27.721,13.967]],"c":true}]},{"i":{"x":0.833,"y":0.833},"o":{"x":0.167,"y":0.167},"t":37,"s":[{"i":[[6.436,18.665],[-65.113,19.765],[7.01,1.065],[0,0],[0,0]],"o":[[0,0],[0,0],[-59.495,-12.662],[-5.863,15.319],[0,0]],"v":[[-40.654,-33.672],[40.654,39.107],[27.828,36.824],[-22.492,-41.875],[-24.272,-2.344]],"c":true}]},{"i":{"x":0.833,"y":0.833},"o":{"x":0.167,"y":0.167},"t":38,"s":[{"i":[[6.436,18.665],[-65.113,19.765],[7.01,1.065],[0,0],[0,0]],"o":[[0,0],[0,0],[-59.495,-12.662],[-5.863,15.319],[0,0]],"v":[[-40.654,-33.672],[40.654,39.107],[27.828,36.824],[-22.492,-41.875],[-24.272,-2.344]],"c":true}]},{"i":{"x":0.833,"y":0.833},"o":{"x":0.167,"y":0.167},"t":40,"s":[{"i":[[6.436,18.665],[-99.936,29.677],[7.01,1.065],[0,0],[0,0]],"o":[[0,0],[0,0],[-68.933,22.06],[-5.863,15.319],[0,0]],"v":[[-45.703,3.454],[40.654,39.107],[27.828,36.824],[-27.541,-4.75],[-29.321,34.782]],"c":true}]},{"i":{"x":0.833,"y":0.833},"o":{"x":0.167,"y":0.167},"t":41,"s":[{"i":[[2.411,-17.952],[-66.415,-19.073],[7.01,1.065],[0,0],[0,0]],"o":[[0,0],[0,0],[-60.172,-31.596],[7.432,-11.299],[0,0]],"v":[[-37.287,58.714],[43.186,45.523],[30.36,43.24],[-54.463,48.606],[-28.735,36.642]],"c":true}]},{"i":{"x":0.833,"y":0.833},"o":{"x":0.167,"y":0.167},"t":42,"s":[{"i":[[2.411,-17.952],[-76.678,-40.54],[7.01,1.065],[0,0],[0,0]],"o":[[0,0],[0,0],[-60.81,-67.34],[7.432,-11.299],[0,0]],"v":[[-36.273,36.039],[43.186,45.523],[34.924,39.296],[-53.448,25.931],[-27.721,13.967]],"c":true}]},{"i":{"x":0.833,"y":0.833},"o":{"x":0.167,"y":0.167},"t":43,"s":[{"i":[[6.436,18.665],[-65.113,19.765],[7.01,1.065],[0,0],[0,0]],"o":[[0,0],[0,0],[-59.495,-12.662],[-5.863,15.319],[0,0]],"v":[[-40.654,-33.672],[40.654,39.107],[27.828,36.824],[-22.492,-41.875],[-24.272,-2.344]],"c":true}]},{"i":{"x":0.833,"y":0.833},"o":{"x":0.167,"y":0.167},"t":45,"s":[{"i":[[6.436,18.665],[-99.936,29.677],[7.01,1.065],[0,0],[0,0]],"o":[[0,0],[0,0],[-68.933,22.06],[-5.863,15.319],[0,0]],"v":[[-45.703,3.454],[40.654,39.107],[27.828,36.824],[-27.541,-4.75],[-29.321,34.782]],"c":true}]},{"i":{"x":0.833,"y":0.833},"o":{"x":0.167,"y":0.167},"t":46,"s":[{"i":[[2.411,-17.952],[-66.415,-19.073],[7.01,1.065],[0,0],[0,0]],"o":[[0,0],[0,0],[-60.172,-31.596],[7.432,-11.299],[0,0]],"v":[[-37.287,58.714],[43.186,45.523],[30.36,43.24],[-54.463,48.606],[-28.735,36.642]],"c":true}]},{"i":{"x":0.833,"y":0.833},"o":{"x":0.167,"y":0.167},"t":47,"s":[{"i":[[2.411,-17.952],[-76.678,-40.54],[7.01,1.065],[0,0],[0,0]],"o":[[0,0],[0,0],[-60.81,-67.34],[7.432,-11.299],[0,0]],"v":[[-36.273,36.039],[43.186,45.523],[34.924,39.296],[-53.448,25.931],[-27.721,13.967]],"c":true}]},{"t":48,"s":[{"i":[[6.436,18.665],[-65.113,19.765],[7.01,1.065],[0,0],[0,0]],"o":[[0,0],[0,0],[-59.495,-12.662],[-5.863,15.319],[0,0]],"v":[[-40.654,-33.672],[40.654,39.107],[27.828,36.824],[-22.492,-41.875],[-24.272,-2.344]],"c":true}]}],"ix":2},"nm":"Path 1","mn":"ADBE Vector Shape - Group","hd":false},{"ty":"fl","c":{"a":0,"k":[0.909803926945,0.109803922474,0.152941182256,1],"ix":4},"o":{"a":0,"k":100,"ix":5},"r":1,"bm":0,"nm":"Fill 1","mn":"ADBE Vector Graphic - Fill","hd":false},{"ty":"tr","p":{"a":0,"k":[0,0],"ix":2},"a":{"a":0,"k":[0,0],"ix":1},"s":{"a":0,"k":[100,100],"ix":3},"r":{"a":0,"k":0,"ix":6},"o":{"a":0,"k":100,"ix":7},"sk":{"a":0,"k":0,"ix":4},"sa":{"a":0,"k":0,"ix":5},"nm":"Transform"}],"nm":"Group 1","np":2,"cix":2,"bm":0,"ix":1,"mn":"ADBE Vector Group","hd":false}],"ip":0,"op":48,"st":0,"bm":0},{"ddd":0,"ind":5,"ty":3,"nm":"Body_CTRL","sr":1,"ks":{"o":{"a":0,"k":100,"ix":11},"r":{"a":0,"k":0,"ix":10},"p":{"a":0,"k":[516.406,860.88,0],"ix":2},"a":{"a":0,"k":[0,0,0],"ix":1},"s":{"a":1,"k":[{"i":{"x":[0,0,0.667],"y":[1,1,1]},"o":{"x":[0.333,0.333,0.333],"y":[0,0,0]},"t":0,"s":[100,100,100]},{"i":{"x":[0,0,0.667],"y":[1,1,1]},"o":{"x":[0.333,0.333,0.333],"y":[0,0,0]},"t":24,"s":[102,98,100]},{"t":48,"s":[100,100,100]}],"ix":6}},"ao":0,"ef":[{"ty":5,"nm":"Controller","np":13,"mn":"Pseudo/DUIK controller","ix":1,"en":1,"ef":[{"ty":6,"nm":"Icon","mn":"Pseudo/DUIK controller-0001","ix":1,"v":0},{"ty":2,"nm":"Color","mn":"Pseudo/DUIK controller-0002","ix":2,"v":{"a":0,"k":[0.92549020052,0.0941176489,0.0941176489,1],"ix":2}},{"ty":3,"nm":"Position","mn":"Pseudo/DUIK controller-0003","ix":3,"v":{"a":0,"k":[0,0],"ix":3}},{"ty":0,"nm":"Size","mn":"Pseudo/DUIK controller-0004","ix":4,"v":{"a":0,"k":100,"ix":4}},{"ty":0,"nm":"Orientation","mn":"Pseudo/DUIK controller-0005","ix":5,"v":{"a":0,"k":0,"ix":5}},{"ty":0,"nm":"Opacity","mn":"Pseudo/DUIK controller-0006","ix":6,"v":{"a":0,"k":100,"ix":6}},{"ty":6,"nm":"","mn":"Pseudo/DUIK controller-0007","ix":7,"v":0},{"ty":6,"nm":"Anchor","mn":"Pseudo/DUIK controller-0008","ix":8,"v":0},{"ty":2,"nm":"Color","mn":"Pseudo/DUIK controller-0009","ix":9,"v":{"a":0,"k":[0,0,0,1],"ix":9}},{"ty":0,"nm":"Size","mn":"Pseudo/DUIK controller-0010","ix":10,"v":{"a":0,"k":100,"ix":10}},{"ty":6,"nm":"","mn":"Pseudo/DUIK controller-0011","ix":11,"v":0}]}],"ip":0,"op":48,"st":0,"bm":0}]}],"layers":[{"ddd":0,"ind":1,"ty":0,"nm":"snake","refId":"comp_0","sr":1,"ks":{"o":{"a":0,"k":100,"ix":11},"r":{"a":0,"k":0,"ix":10},"p":{"a":0,"k":[512,536,0],"ix":2},"a":{"a":0,"k":[512,512,0],"ix":1},"s":{"a":0,"k":[100,100,100],"ix":6}},"ao":0,"w":1024,"h":1024,"ip":0,"op":48,"st":0,"bm":0}],"markers":[]}