{"v":"5.6.2","fr":24,"ip":0,"op":24,"w":1024,"h":1024,"nm":"kangaroo","ddd":0,"assets":[{"id":"comp_0","layers":[{"ddd":0,"ind":1,"ty":3,"nm":"Null 47","sr":1,"ks":{"o":{"a":0,"k":0,"ix":11},"r":{"a":0,"k":0,"ix":10},"p":{"a":0,"k":[492,512,0],"ix":2},"a":{"a":0,"k":[0,0,0],"ix":1},"s":{"a":0,"k":[120,120,100],"ix":6}},"ao":0,"ip":0,"op":48,"st":0,"bm":0},{"ddd":0,"ind":2,"ty":4,"nm":"L_E","parent":4,"sr":1,"ks":{"o":{"a":0,"k":100,"ix":11},"r":{"a":0,"k":0,"ix":10},"p":{"a":0,"k":[253.754,341.539,0],"ix":2},"a":{"a":0,"k":[253.754,341.539,0],"ix":1},"s":{"a":0,"k":[100,100,100],"ix":6}},"ao":0,"shapes":[{"ty":"gr","it":[{"ind":0,"ty":"sh","ix":1,"ks":{"a":0,"k":{"i":[[-6.913,5.003],[6.133,-5.924]],"o":[[37.85,-27.548],[-41.482,39.979]],"v":[[-12.686,34.485],[13.985,-34.468]],"c":true},"ix":2},"nm":"Path 1","mn":"ADBE Vector Shape - Group","hd":false},{"ty":"gf","o":{"a":0,"k":100,"ix":10},"r":1,"bm":0,"g":{"p":3,"k":{"a":0,"k":[0,0.471,0.337,0.278,0.303,0.545,0.38,0.282,1,0.62,0.424,0.286],"ix":9}},"s":{"a":0,"k":[239.318,-266.798],"ix":5},"e":{"a":0,"k":[301.296,-304.638],"ix":6},"t":1,"nm":"Kangroo01","mn":"ADBE Vector Graphic - G-Fill","hd":false},{"ty":"tr","p":{"a":0,"k":[274.517,300.245],"ix":2},"a":{"a":0,"k":[0,0],"ix":1},"s":{"a":0,"k":[100,100],"ix":3},"r":{"a":0,"k":0,"ix":6},"o":{"a":0,"k":100,"ix":7},"sk":{"a":0,"k":0,"ix":4},"sa":{"a":0,"k":0,"ix":5},"nm":"Transform"}],"nm":"Group 1","np":2,"cix":2,"bm":0,"ix":1,"mn":"ADBE Vector Group","hd":false},{"ty":"gr","it":[{"ind":0,"ty":"sh","ix":1,"ks":{"a":0,"k":{"i":[[-6.978,4.915],[6.626,-6.747],[4.685,-27.953]],"o":[[55.525,-39.2],[-21.087,21.459],[-2.053,12.201]],"v":[[-13.004,44.989],[20.81,-45.171],[-27.496,16.452]],"c":true},"ix":2},"nm":"Path 1","mn":"ADBE Vector Shape - Group","hd":false},{"ty":"fl","c":{"a":0,"k":[0.749019622803,0.521568655968,0.360784322023,1],"ix":4},"o":{"a":0,"k":100,"ix":5},"r":1,"bm":0,"nm":"Fill 1","mn":"ADBE Vector Graphic - Fill","hd":false},{"ty":"tr","p":{"a":0,"k":[270.754,299.539],"ix":2},"a":{"a":0,"k":[0,0],"ix":1},"s":{"a":0,"k":[100,100],"ix":3},"r":{"a":0,"k":0,"ix":6},"o":{"a":0,"k":100,"ix":7},"sk":{"a":0,"k":0,"ix":4},"sa":{"a":0,"k":0,"ix":5},"nm":"Transform"}],"nm":"Group 2","np":2,"cix":2,"bm":0,"ix":2,"mn":"ADBE Vector Group","hd":false}],"ip":0,"op":48,"st":0,"bm":0},{"ddd":0,"ind":3,"ty":4,"nm":"Eye","parent":4,"sr":1,"ks":{"o":{"a":0,"k":100,"ix":11},"r":{"a":0,"k":0,"ix":10},"p":{"a":0,"k":[220.181,365.276,0],"ix":2},"a":{"a":0,"k":[220.181,365.276,0],"ix":1},"s":{"a":0,"k":[100,100,100],"ix":6}},"ao":0,"shapes":[{"ty":"gr","it":[{"ty":"gr","it":[{"ind":0,"ty":"sh","ix":1,"ks":{"a":0,"k":{"i":[[0.571,-3.148],[-0.548,3.128]],"o":[[-0.549,3.138],[0.559,-3.148]],"v":[[2.401,0.428],[-2.405,-0.417]],"c":true},"ix":2},"nm":"Path 1","mn":"ADBE Vector Shape - Group","hd":false},{"ty":"fl","c":{"a":0,"k":[1,1,1,1],"ix":4},"o":{"a":0,"k":100,"ix":5},"r":1,"bm":0,"nm":"Fill 1","mn":"ADBE Vector Graphic - Fill","hd":false},{"ty":"tr","p":{"a":0,"k":[216.556,361.203],"ix":2},"a":{"a":0,"k":[0,0],"ix":1},"s":{"a":0,"k":[100,100],"ix":3},"r":{"a":0,"k":0,"ix":6},"o":{"a":0,"k":100,"ix":7},"sk":{"a":0,"k":0,"ix":4},"sa":{"a":0,"k":0,"ix":5},"nm":"Transform"}],"nm":"Group 1","np":2,"cix":2,"bm":0,"ix":1,"mn":"ADBE Vector Group","hd":false},{"ty":"gr","it":[{"ind":0,"ty":"sh","ix":1,"ks":{"a":0,"k":{"i":[[-4.871,-0.834],[0.856,-4.772],[4.849,0.866],[-0.845,4.784]],"o":[[4.871,0.856],[-0.811,4.772],[-4.894,-0.856],[0.845,-4.772]],"v":[[1.54,-8.65],[8.803,1.543],[-1.509,8.641],[-8.806,-1.541]],"c":true},"ix":2},"nm":"Path 1","mn":"ADBE Vector Shape - Group","hd":false},{"ty":"fl","c":{"a":0,"k":[0.101960785687,0.086274512112,0.149019613862,1],"ix":4},"o":{"a":0,"k":100,"ix":5},"r":1,"bm":0,"nm":"Fill 1","mn":"ADBE Vector Graphic - Fill","hd":false},{"ty":"tr","p":{"a":0,"k":[218.887,366.068],"ix":2},"a":{"a":0,"k":[0,0],"ix":1},"s":{"a":0,"k":[100,100],"ix":3},"r":{"a":0,"k":0,"ix":6},"o":{"a":0,"k":100,"ix":7},"sk":{"a":0,"k":0,"ix":4},"sa":{"a":0,"k":0,"ix":5},"nm":"Transform"}],"nm":"Group 2","np":2,"cix":2,"bm":0,"ix":2,"mn":"ADBE Vector Group","hd":false},{"ty":"tr","p":{"a":0,"k":[218.887,366.068],"ix":2},"a":{"a":0,"k":[218.887,366.068],"ix":1},"s":{"a":0,"k":[100,100],"ix":3},"r":{"a":0,"k":0,"ix":6},"o":{"a":0,"k":100,"ix":7},"sk":{"a":0,"k":0,"ix":4},"sa":{"a":0,"k":0,"ix":5},"nm":"Transform"}],"nm":"Group 1","np":2,"cix":2,"bm":0,"ix":1,"mn":"ADBE Vector Group","hd":false},{"ty":"gr","it":[{"ind":0,"ty":"sh","ix":1,"ks":{"a":0,"k":{"i":[[6.517,1.119],[1.054,-5.979],[-6.517,-1.141],[-0.746,4.245]],"o":[[-6.517,-1.153],[-0.899,5.179],[6.516,1.152],[1.075,-5.99]],"v":[[1.911,-10.826],[-11.826,-2.049],[-1.951,10.875],[11.784,2.087]],"c":true},"ix":2},"nm":"Path 1","mn":"ADBE Vector Shape - Group","hd":false},{"ty":"fl","c":{"a":0,"k":[1,1,1,1],"ix":4},"o":{"a":0,"k":100,"ix":5},"r":1,"bm":0,"nm":"Fill 1","mn":"ADBE Vector Graphic - Fill","hd":false},{"ty":"tr","p":{"a":0,"k":[220.03,366.357],"ix":2},"a":{"a":0,"k":[0,0],"ix":1},"s":{"a":0,"k":[100,100],"ix":3},"r":{"a":0,"k":0,"ix":6},"o":{"a":0,"k":100,"ix":7},"sk":{"a":0,"k":0,"ix":4},"sa":{"a":0,"k":0,"ix":5},"nm":"Transform"}],"nm":"Group 2","np":2,"cix":2,"bm":0,"ix":2,"mn":"ADBE Vector Group","hd":false},{"ty":"gr","it":[{"ind":0,"ty":"sh","ix":1,"ks":{"a":0,"k":{"i":[[8.251,1.448],[0.274,-6.123],[-1.382,4.366]],"o":[[-9.061,-1.568],[-0.198,4.542],[1.975,-6.319]],"v":[[2.133,-8.697],[-12.097,2.9],[11.523,7.026]],"c":true},"ix":2},"nm":"Path 1","mn":"ADBE Vector Shape - Group","hd":false},{"ty":"fl","c":{"a":0,"k":[0.368627458811,0.239215686917,0.164705887437,1],"ix":4},"o":{"a":0,"k":100,"ix":5},"r":1,"bm":0,"nm":"Fill 1","mn":"ADBE Vector Graphic - Fill","hd":false},{"ty":"tr","p":{"a":0,"k":[220.181,362.089],"ix":2},"a":{"a":0,"k":[0,0],"ix":1},"s":{"a":0,"k":[100,100],"ix":3},"r":{"a":0,"k":0,"ix":6},"o":{"a":0,"k":100,"ix":7},"sk":{"a":0,"k":0,"ix":4},"sa":{"a":0,"k":0,"ix":5},"nm":"Transform"}],"nm":"Group 3","np":2,"cix":2,"bm":0,"ix":3,"mn":"ADBE Vector Group","hd":false}],"ip":0,"op":48,"st":0,"bm":0},{"ddd":0,"ind":4,"ty":4,"nm":"Head","parent":8,"sr":1,"ks":{"o":{"a":0,"k":100,"ix":11},"r":{"a":1,"k":[{"i":{"x":[0.833],"y":[0.833]},"o":{"x":[0.333],"y":[0]},"t":0,"s":[0]},{"i":{"x":[0.833],"y":[0.833]},"o":{"x":[0.167],"y":[0.167]},"t":5,"s":[19]},{"i":{"x":[0.667],"y":[1]},"o":{"x":[0.167],"y":[0.167]},"t":7,"s":[6]},{"i":{"x":[0.833],"y":[0.833]},"o":{"x":[0.333],"y":[0]},"t":12,"s":[0]},{"i":{"x":[0.833],"y":[0.833]},"o":{"x":[0.167],"y":[0.167]},"t":17,"s":[19]},{"i":{"x":[0.667],"y":[1]},"o":{"x":[0.167],"y":[0.167]},"t":19,"s":[6]},{"t":24,"s":[0]}],"ix":10},"p":{"a":0,"k":[264.796,380.848,0],"ix":2},"a":{"a":0,"k":[264.796,380.848,0],"ix":1},"s":{"a":0,"k":[100,100,100],"ix":6}},"ao":0,"shapes":[{"ty":"gr","it":[{"ind":0,"ty":"sh","ix":1,"ks":{"a":0,"k":{"i":[[15.139,11.158],[-12.574,12.639]],"o":[[0,0],[0.767,7.702]],"v":[[-19.23,2.552],[19.213,-6.906]],"c":true},"ix":2},"nm":"Path 1","mn":"ADBE Vector Shape - Group","hd":false},{"ty":"fl","c":{"a":0,"k":[0.411764711142,0.282352954149,0.188235297799,1],"ix":4},"o":{"a":0,"k":100,"ix":5},"r":1,"bm":0,"nm":"Fill 1","mn":"ADBE Vector Graphic - Fill","hd":false},{"ty":"tr","p":{"a":0,"k":[185.57,422.383],"ix":2},"a":{"a":0,"k":[0,0],"ix":1},"s":{"a":0,"k":[100,100],"ix":3},"r":{"a":0,"k":0,"ix":6},"o":{"a":0,"k":100,"ix":7},"sk":{"a":0,"k":0,"ix":4},"sa":{"a":0,"k":0,"ix":5},"nm":"Transform"}],"nm":"Group 1","np":2,"cix":2,"bm":0,"ix":1,"mn":"ADBE Vector Group","hd":false},{"ty":"gr","it":[{"ty":"gr","it":[{"ind":0,"ty":"sh","ix":1,"ks":{"a":0,"k":{"i":[[-14.965,9.172],[-13.221,-0.988],[1.602,0.383]],"o":[[3.247,-1.974],[7.482,0.559],[-8.513,-2.008]],"v":[[-2.281,-13.876],[8.054,-3.606],[0.33,14.101]],"c":true},"ix":2},"nm":"Path 1","mn":"ADBE Vector Shape - Group","hd":false},{"ty":"fl","c":{"a":0,"k":[0.188235297799,0.172549024224,0.23137255013,1],"ix":4},"o":{"a":0,"k":100,"ix":5},"r":1,"bm":0,"nm":"Fill 1","mn":"ADBE Vector Graphic - Fill","hd":false},{"ty":"tr","p":{"a":0,"k":[0,0],"ix":2},"a":{"a":0,"k":[0,0],"ix":1},"s":{"a":0,"k":[100,100],"ix":3},"r":{"a":0,"k":0,"ix":6},"o":{"a":0,"k":100,"ix":7},"sk":{"a":0,"k":0,"ix":4},"sa":{"a":0,"k":0,"ix":5},"nm":"Transform"}],"nm":"Shape","np":2,"cix":2,"bm":0,"ix":1,"mn":"ADBE Vector Group","hd":false},{"ty":"tr","p":{"a":0,"k":[162.784,409.539],"ix":2},"a":{"a":0,"k":[0,0],"ix":1},"s":{"a":0,"k":[100,100],"ix":3},"r":{"a":0,"k":0,"ix":6},"o":{"a":0,"k":100,"ix":7},"sk":{"a":0,"k":0,"ix":4},"sa":{"a":0,"k":0,"ix":5},"nm":"Transform"}],"nm":"Group 2","np":1,"cix":2,"bm":0,"ix":2,"mn":"ADBE Vector Group","hd":false},{"ty":"gr","it":[{"ind":0,"ty":"sh","ix":1,"ks":{"a":0,"k":{"i":[[36.732,-5.99],[5.387,-6.846],[34.405,-27.822],[-4.477,0.461],[-13.955,11.783],[1.383,72.113]],"o":[[-22.951,3.731],[-11.815,14.998],[-15.03,12.189],[18.541,10.686],[14.416,-12.189],[-0.636,-33.901]],"v":[[25.552,-57.416],[-16.302,-28.518],[-59.187,22.815],[-53.351,52.086],[-5.736,47.544],[65.377,-10.317]],"c":true},"ix":2},"nm":"Path 1","mn":"ADBE Vector Shape - Group","hd":false},{"ty":"gf","o":{"a":0,"k":100,"ix":10},"r":1,"bm":0,"g":{"p":3,"k":{"a":0,"k":[0,0.188,0.173,0.231,0.13,0.469,0.347,0.296,1,0.749,0.522,0.361],"ix":9}},"s":{"a":0,"k":[-133.595,-12.226],"ix":5},"e":{"a":0,"k":[-12.252,9.175],"ix":6},"t":1,"nm":"Kangroo02","mn":"ADBE Vector Graphic - G-Fill","hd":false},{"ty":"tr","p":{"a":0,"k":[219.691,372.848],"ix":2},"a":{"a":0,"k":[0,0],"ix":1},"s":{"a":0,"k":[100,100],"ix":3},"r":{"a":0,"k":0,"ix":6},"o":{"a":0,"k":100,"ix":7},"sk":{"a":0,"k":0,"ix":4},"sa":{"a":0,"k":0,"ix":5},"nm":"Transform"}],"nm":"Group 3","np":2,"cix":2,"bm":0,"ix":3,"mn":"ADBE Vector Group","hd":false}],"ip":0,"op":48,"st":0,"bm":0},{"ddd":0,"ind":5,"ty":4,"nm":"R_E","parent":4,"sr":1,"ks":{"o":{"a":0,"k":100,"ix":11},"r":{"a":0,"k":0,"ix":10},"p":{"a":0,"k":[241.915,329.826,0],"ix":2},"a":{"a":0,"k":[15.5,36,0],"ix":1},"s":{"a":0,"k":[100,100,100],"ix":6}},"ao":0,"shapes":[{"ty":"gr","it":[{"ind":0,"ty":"sh","ix":1,"ks":{"a":0,"k":{"i":[[6.133,4.476],[-6.078,-6.298],[-7.373,-26.868]],"o":[[-48.953,-36.095],[19.43,20.121],[3.236,11.75]],"v":[[16.722,43.011],[-21.809,-43.144],[24.38,14.87]],"c":true},"ix":2},"nm":"Path 1","mn":"ADBE Vector Shape - Group","hd":false},{"ty":"fl","c":{"a":0,"k":[0.61960786581,0.423529416323,0.286274522543,1],"ix":4},"o":{"a":0,"k":100,"ix":5},"r":1,"bm":0,"nm":"Fill 1","mn":"ADBE Vector Graphic - Fill","hd":false},{"ty":"tr","p":{"a":0,"k":[0,0],"ix":2},"a":{"a":0,"k":[0,0],"ix":1},"s":{"a":0,"k":[100,100],"ix":3},"r":{"a":0,"k":0,"ix":6},"o":{"a":0,"k":100,"ix":7},"sk":{"a":0,"k":0,"ix":4},"sa":{"a":0,"k":0,"ix":5},"nm":"Transform"}],"nm":"Group 1","np":2,"cix":2,"bm":0,"ix":1,"mn":"ADBE Vector Group","hd":false}],"ip":0,"op":48,"st":0,"bm":0},{"ddd":0,"ind":6,"ty":4,"nm":"L_L_F","parent":8,"sr":1,"ks":{"o":{"a":0,"k":100,"ix":11},"r":{"a":1,"k":[{"i":{"x":[0.833],"y":[0.833]},"o":{"x":[0.167],"y":[0.167]},"t":0,"s":[0]},{"i":{"x":[0.833],"y":[0.833]},"o":{"x":[0.167],"y":[0.167]},"t":2,"s":[13]},{"i":{"x":[0.833],"y":[0.833]},"o":{"x":[0.167],"y":[0.167]},"t":7,"s":[-10]},{"i":{"x":[0.833],"y":[0.833]},"o":{"x":[0.167],"y":[0.167]},"t":12,"s":[0]},{"i":{"x":[0.833],"y":[0.833]},"o":{"x":[0.167],"y":[0.167]},"t":14,"s":[13]},{"i":{"x":[0.833],"y":[0.833]},"o":{"x":[0.167],"y":[0.167]},"t":19,"s":[-10]},{"t":24,"s":[0]}],"ix":10},"p":{"a":0,"k":[330.583,411.715,0],"ix":2},"a":{"a":0,"k":[330.583,411.715,0],"ix":1},"s":{"a":0,"k":[100,100,100],"ix":6}},"ao":0,"shapes":[{"ty":"gr","it":[{"ind":0,"ty":"sh","ix":1,"ks":{"a":0,"k":{"i":[[-0.801,-13.253],[5.486,4.563]],"o":[[0.186,2.995],[-1.25,-1.01]],"v":[[3.488,3.331],[-3.359,-1.518]],"c":true},"ix":2},"nm":"Path 1","mn":"ADBE Vector Shape - Group","hd":false},{"ty":"fl","c":{"a":0,"k":[0.337254911661,0.321568638086,0.380392163992,1],"ix":4},"o":{"a":0,"k":100,"ix":5},"r":1,"bm":0,"nm":"Fill 1","mn":"ADBE Vector Graphic - Fill","hd":false},{"ty":"tr","p":{"a":0,"k":[320.352,583.197],"ix":2},"a":{"a":0,"k":[0,0],"ix":1},"s":{"a":0,"k":[100,100],"ix":3},"r":{"a":0,"k":0,"ix":6},"o":{"a":0,"k":100,"ix":7},"sk":{"a":0,"k":0,"ix":4},"sa":{"a":0,"k":0,"ix":5},"nm":"Transform"}],"nm":"Group 1","np":2,"cix":2,"bm":0,"ix":1,"mn":"ADBE Vector Group","hd":false},{"ty":"gr","it":[{"ind":0,"ty":"sh","ix":1,"ks":{"a":0,"k":{"i":[[-4.344,17.18],[7.482,-4.696]],"o":[[0.977,-3.895],[-1.712,1.086]],"v":[[5.675,-4.778],[-5.58,2.923]],"c":true},"ix":2},"nm":"Path 1","mn":"ADBE Vector Shape - Group","hd":false},{"ty":"fl","c":{"a":0,"k":[0.337254911661,0.321568638086,0.380392163992,1],"ix":4},"o":{"a":0,"k":100,"ix":5},"r":1,"bm":0,"nm":"Fill 1","mn":"ADBE Vector Graphic - Fill","hd":false},{"ty":"tr","p":{"a":0,"k":[333.129,585.755],"ix":2},"a":{"a":0,"k":[0,0],"ix":1},"s":{"a":0,"k":[100,100],"ix":3},"r":{"a":0,"k":0,"ix":6},"o":{"a":0,"k":100,"ix":7},"sk":{"a":0,"k":0,"ix":4},"sa":{"a":0,"k":0,"ix":5},"nm":"Transform"}],"nm":"Group 2","np":2,"cix":2,"bm":0,"ix":2,"mn":"ADBE Vector Group","hd":false},{"ty":"gr","it":[{"ind":0,"ty":"sh","ix":1,"ks":{"a":0,"k":{"i":[[5.322,34.603],[-19.858,-46.518],[1.317,-13.209],[-3.292,-13.209],[-3.248,-0.582],[-3.993,3.861],[2.897,10.148],[-3.642,5.441],[5.288,1.623],[-22.996,18.87]],"o":[[-3.182,-21.042],[18.322,42.841],[-0.976,9.742],[3.467,13.967],[4.301,0.757],[6.056,-5.87],[-1.349,-4.729],[2.019,-2.985],[-5.617,-1.723],[22.984,-18.848]],"v":[[17.111,-83.096],[-40.136,-75.152],[-1.891,-7.67],[-59.489,83.642],[-32.39,104.444],[-9.198,98.969],[-34.3,89.413],[-20.849,87.274],[-35.134,76.972],[53.995,2.796]],"c":true},"ix":2},"nm":"Path 1","mn":"ADBE Vector Shape - Group","hd":false},{"ty":"gf","o":{"a":0,"k":100,"ix":10},"r":1,"bm":0,"g":{"p":5,"k":{"a":0,"k":[0.036,0.188,0.173,0.231,0.133,0.549,0.437,0.38,0.37,0.91,0.702,0.529,0.6,0.808,0.596,0.433,0.861,0.706,0.49,0.337],"ix":9}},"s":{"a":0,"k":[-73.596,85.81],"ix":5},"e":{"a":0,"k":[-37.445,-119.156],"ix":6},"t":1,"nm":"Kangroo03","mn":"ADBE Vector Graphic - G-Fill","hd":false},{"ty":"tr","p":{"a":0,"k":[342.583,492.715],"ix":2},"a":{"a":0,"k":[0,0],"ix":1},"s":{"a":0,"k":[100,100],"ix":3},"r":{"a":0,"k":0,"ix":6},"o":{"a":0,"k":100,"ix":7},"sk":{"a":0,"k":0,"ix":4},"sa":{"a":0,"k":0,"ix":5},"nm":"Transform"}],"nm":"Group 3","np":2,"cix":2,"bm":0,"ix":3,"mn":"ADBE Vector Group","hd":false},{"ty":"gr","it":[{"ind":0,"ty":"sh","ix":1,"ks":{"a":0,"k":{"i":[[-4.345,17.191],[7.482,-4.706]],"o":[[0.976,-3.884],[-1.701,1.075]],"v":[[5.674,-4.78],[-5.582,2.921]],"c":true},"ix":2},"nm":"Path 1","mn":"ADBE Vector Shape - Group","hd":false},{"ty":"fl","c":{"a":0,"k":[0.188235297799,0.172549024224,0.23137255013,1],"ix":4},"o":{"a":0,"k":100,"ix":5},"r":1,"bm":0,"nm":"Fill 1","mn":"ADBE Vector Graphic - Fill","hd":false},{"ty":"tr","p":{"a":0,"k":[319.899,590.057],"ix":2},"a":{"a":0,"k":[0,0],"ix":1},"s":{"a":0,"k":[100,100],"ix":3},"r":{"a":0,"k":0,"ix":6},"o":{"a":0,"k":100,"ix":7},"sk":{"a":0,"k":0,"ix":4},"sa":{"a":0,"k":0,"ix":5},"nm":"Transform"}],"nm":"Group 4","np":2,"cix":2,"bm":0,"ix":4,"mn":"ADBE Vector Group","hd":false},{"ty":"gr","it":[{"ind":0,"ty":"sh","ix":1,"ks":{"a":0,"k":{"i":[[-4.345,17.192],[7.482,-4.718]],"o":[[0.976,-3.895],[-1.701,1.075]],"v":[[5.675,-4.778],[-5.582,2.925]],"c":true},"ix":2},"nm":"Path 1","mn":"ADBE Vector Shape - Group","hd":false},{"ty":"fl","c":{"a":0,"k":[0.188235297799,0.172549024224,0.23137255013,1],"ix":4},"o":{"a":0,"k":100,"ix":5},"r":1,"bm":0,"nm":"Fill 1","mn":"ADBE Vector Graphic - Fill","hd":false},{"ty":"tr","p":{"a":0,"k":[323.717,588.529],"ix":2},"a":{"a":0,"k":[0,0],"ix":1},"s":{"a":0,"k":[100,100],"ix":3},"r":{"a":0,"k":0,"ix":6},"o":{"a":0,"k":100,"ix":7},"sk":{"a":0,"k":0,"ix":4},"sa":{"a":0,"k":0,"ix":5},"nm":"Transform"}],"nm":"Group 5","np":2,"cix":2,"bm":0,"ix":5,"mn":"ADBE Vector Group","hd":false},{"ty":"gr","it":[{"ind":0,"ty":"sh","ix":1,"ks":{"a":0,"k":{"i":[[-4.334,17.203],[7.482,-4.717]],"o":[[0.988,-3.884],[-1.689,1.064]],"v":[[5.672,-4.786],[-5.585,2.937]],"c":true},"ix":2},"nm":"Path 1","mn":"ADBE Vector Shape - Group","hd":false},{"ty":"fl","c":{"a":0,"k":[0.188235297799,0.172549024224,0.23137255013,1],"ix":4},"o":{"a":0,"k":100,"ix":5},"r":1,"bm":0,"nm":"Fill 1","mn":"ADBE Vector Graphic - Fill","hd":false},{"ty":"tr","p":{"a":0,"k":[329.096,586.53],"ix":2},"a":{"a":0,"k":[0,0],"ix":1},"s":{"a":0,"k":[100,100],"ix":3},"r":{"a":0,"k":0,"ix":6},"o":{"a":0,"k":100,"ix":7},"sk":{"a":0,"k":0,"ix":4},"sa":{"a":0,"k":0,"ix":5},"nm":"Transform"}],"nm":"Group 6","np":2,"cix":2,"bm":0,"ix":6,"mn":"ADBE Vector Group","hd":false}],"ip":0,"op":48,"st":0,"bm":0},{"ddd":0,"ind":7,"ty":4,"nm":"L_L_B","parent":12,"sr":1,"ks":{"o":{"a":0,"k":100,"ix":11},"r":{"a":1,"k":[{"i":{"x":[0.833],"y":[0.833]},"o":{"x":[0.333],"y":[0]},"t":0,"s":[0]},{"i":{"x":[0.833],"y":[0.833]},"o":{"x":[0.167],"y":[0.167]},"t":4,"s":[10]},{"i":{"x":[0.667],"y":[1]},"o":{"x":[0.167],"y":[0.167]},"t":7,"s":[-16]},{"i":{"x":[0.833],"y":[0.833]},"o":{"x":[0.333],"y":[0]},"t":12,"s":[0]},{"i":{"x":[0.833],"y":[0.833]},"o":{"x":[0.167],"y":[0.167]},"t":16,"s":[10]},{"i":{"x":[0.667],"y":[1]},"o":{"x":[0.167],"y":[0.167]},"t":19,"s":[-16]},{"t":24,"s":[0]}],"ix":10},"p":{"a":0,"k":[110.677,-415.273,0],"ix":2},"a":{"a":0,"k":[70,-166,0],"ix":1},"s":{"a":0,"k":[100,100,100],"ix":6}},"ao":0,"shapes":[{"ty":"gr","it":[{"ind":0,"ty":"sh","ix":1,"ks":{"a":1,"k":[{"i":{"x":0.667,"y":1},"o":{"x":0.333,"y":0},"t":0,"s":[{"i":[[-8.908,92.212],[-0.051,0.764],[34.668,-51.293],[-47.551,-95.605],[1.426,-24.291],[23.456,-16.446],[5.682,-11.179],[-14.372,6.879],[-6.791,5.837],[-17.576,9.896],[3.532,8.481]],"o":[[0.073,-0.758],[4.109,-61.774],[-34.269,50.703],[19.934,40.1],[-0.791,13.22],[-17.269,12.112],[-3.248,6.363],[3.269,-1.547],[41.745,-35.974],[17.531,-9.906],[-77.259,-186.3]],"v":[[129.148,-160.04],[129.334,-162.323],[17.595,-199.952],[-28.385,-8.562],[22.84,108.774],[-86.674,170.299],[-128.693,220.25],[-110.679,223.092],[-74.441,193.141],[35.434,150.858],[65.671,123.057]],"c":true}]},{"i":{"x":0.667,"y":1},"o":{"x":0.333,"y":0},"t":3,"s":[{"i":[[-8.908,92.212],[-0.051,0.764],[34.668,-51.293],[-47.551,-95.605],[1.426,-24.291],[23.456,-16.446],[5.682,-11.179],[-14.372,6.879],[-6.791,5.837],[-17.576,9.896],[3.532,8.481]],"o":[[0.073,-0.758],[4.109,-61.774],[-34.269,50.703],[19.934,40.1],[-0.791,13.22],[-17.269,12.112],[-3.248,6.363],[3.269,-1.547],[41.745,-35.974],[17.531,-9.906],[-77.259,-186.3]],"v":[[129.148,-160.04],[129.334,-162.323],[17.595,-199.952],[-28.385,-8.562],[22.84,108.774],[-77.24,190.324],[-128.693,220.25],[-110.679,223.092],[-65.007,213.166],[35.434,150.858],[65.671,123.057]],"c":true}]},{"i":{"x":0.667,"y":1},"o":{"x":0.333,"y":0},"t":9,"s":[{"i":[[-8.908,92.212],[-0.051,0.764],[34.668,-51.293],[-47.551,-95.605],[1.426,-24.291],[23.456,-16.446],[5.682,-11.179],[-14.372,6.879],[-6.791,5.837],[-17.576,9.896],[3.532,8.481]],"o":[[0.073,-0.758],[4.109,-61.774],[-34.269,50.703],[19.934,40.1],[-0.791,13.22],[-17.269,12.112],[-3.248,6.363],[3.269,-1.547],[41.745,-35.974],[17.531,-9.906],[-77.259,-186.3]],"v":[[129.148,-160.04],[129.334,-162.323],[17.595,-199.952],[-28.385,-8.562],[22.84,108.774],[-77.24,190.324],[-128.693,220.25],[-110.679,223.092],[-65.007,213.166],[35.434,150.858],[65.671,123.057]],"c":true}]},{"i":{"x":0.667,"y":1},"o":{"x":0.333,"y":0},"t":12,"s":[{"i":[[-8.908,92.212],[-0.051,0.764],[34.668,-51.293],[-47.551,-95.605],[1.426,-24.291],[23.456,-16.446],[5.682,-11.179],[-14.372,6.879],[-6.791,5.837],[-17.576,9.896],[3.532,8.481]],"o":[[0.073,-0.758],[4.109,-61.774],[-34.269,50.703],[19.934,40.1],[-0.791,13.22],[-17.269,12.112],[-3.248,6.363],[3.269,-1.547],[41.745,-35.974],[17.531,-9.906],[-77.259,-186.3]],"v":[[129.148,-160.04],[129.334,-162.323],[17.595,-199.952],[-28.385,-8.562],[22.84,108.774],[-86.674,170.299],[-128.693,220.25],[-110.679,223.092],[-74.441,193.141],[35.434,150.858],[65.671,123.057]],"c":true}]},{"i":{"x":0.667,"y":1},"o":{"x":0.333,"y":0},"t":15,"s":[{"i":[[-8.908,92.212],[-0.051,0.764],[34.668,-51.293],[-47.551,-95.605],[1.426,-24.291],[23.456,-16.446],[5.682,-11.179],[-14.372,6.879],[-6.791,5.837],[-17.576,9.896],[3.532,8.481]],"o":[[0.073,-0.758],[4.109,-61.774],[-34.269,50.703],[19.934,40.1],[-0.791,13.22],[-17.269,12.112],[-3.248,6.363],[3.269,-1.547],[41.745,-35.974],[17.531,-9.906],[-77.259,-186.3]],"v":[[129.148,-160.04],[129.334,-162.323],[17.595,-199.952],[-28.385,-8.562],[22.84,108.774],[-77.24,190.324],[-128.693,220.25],[-110.679,223.092],[-65.007,213.166],[35.434,150.858],[65.671,123.057]],"c":true}]},{"i":{"x":0.667,"y":1},"o":{"x":0.333,"y":0},"t":21,"s":[{"i":[[-8.908,92.212],[-0.051,0.764],[34.668,-51.293],[-47.551,-95.605],[1.426,-24.291],[23.456,-16.446],[5.682,-11.179],[-14.372,6.879],[-6.791,5.837],[-17.576,9.896],[3.532,8.481]],"o":[[0.073,-0.758],[4.109,-61.774],[-34.269,50.703],[19.934,40.1],[-0.791,13.22],[-17.269,12.112],[-3.248,6.363],[3.269,-1.547],[41.745,-35.974],[17.531,-9.906],[-77.259,-186.3]],"v":[[129.148,-160.04],[129.334,-162.323],[17.595,-199.952],[-28.385,-8.562],[22.84,108.774],[-77.24,190.324],[-128.693,220.25],[-110.679,223.092],[-65.007,213.166],[35.434,150.858],[65.671,123.057]],"c":true}]},{"t":24,"s":[{"i":[[-8.908,92.212],[-0.051,0.764],[34.668,-51.293],[-47.551,-95.605],[1.426,-24.291],[23.456,-16.446],[5.682,-11.179],[-14.372,6.879],[-6.791,5.837],[-17.576,9.896],[3.532,8.481]],"o":[[0.073,-0.758],[4.109,-61.774],[-34.269,50.703],[19.934,40.1],[-0.791,13.22],[-17.269,12.112],[-3.248,6.363],[3.269,-1.547],[41.745,-35.974],[17.531,-9.906],[-77.259,-186.3]],"v":[[129.148,-160.04],[129.334,-162.323],[17.595,-199.952],[-28.385,-8.562],[22.84,108.774],[-86.674,170.299],[-128.693,220.25],[-110.679,223.092],[-74.441,193.141],[35.434,150.858],[65.671,123.057]],"c":true}]}],"ix":2},"nm":"Path 1","mn":"ADBE Vector Shape - Group","hd":false},{"ty":"gf","o":{"a":0,"k":100,"ix":10},"r":1,"bm":0,"g":{"p":5,"k":{"a":0,"k":[0.061,0.188,0.173,0.231,0.118,0.549,0.437,0.38,0.297,0.91,0.702,0.529,0.561,0.808,0.596,0.433,0.861,0.706,0.49,0.337],"ix":9}},"s":{"a":0,"k":[-77.086,185.707],"ix":5},"e":{"a":0,"k":[6.51,-288.269],"ix":6},"t":1,"nm":"Kangroo04","mn":"ADBE Vector Graphic - G-Fill","hd":false},{"ty":"tr","p":{"a":0,"k":[0,0],"ix":2},"a":{"a":0,"k":[0,0],"ix":1},"s":{"a":0,"k":[100,100],"ix":3},"r":{"a":0,"k":0,"ix":6},"o":{"a":0,"k":100,"ix":7},"sk":{"a":0,"k":0,"ix":4},"sa":{"a":0,"k":0,"ix":5},"nm":"Transform"}],"nm":"Group 1","np":2,"cix":2,"bm":0,"ix":1,"mn":"ADBE Vector Group","hd":false}],"ip":0,"op":48,"st":0,"bm":0},{"ddd":0,"ind":8,"ty":4,"nm":"Body","parent":12,"sr":1,"ks":{"o":{"a":0,"k":100,"ix":11},"r":{"a":1,"k":[{"i":{"x":[0.833],"y":[0.833]},"o":{"x":[0.333],"y":[0]},"t":0,"s":[14]},{"i":{"x":[0.833],"y":[0.833]},"o":{"x":[0.167],"y":[0.167]},"t":3,"s":[13]},{"i":{"x":[0.667],"y":[1]},"o":{"x":[0.167],"y":[0.167]},"t":6,"s":[-2]},{"i":{"x":[0.833],"y":[0.833]},"o":{"x":[0.333],"y":[0]},"t":12,"s":[14]},{"i":{"x":[0.833],"y":[0.833]},"o":{"x":[0.167],"y":[0.167]},"t":15,"s":[13]},{"i":{"x":[0.667],"y":[1]},"o":{"x":[0.167],"y":[0.167]},"t":18,"s":[-2]},{"t":24,"s":[14]}],"ix":10},"p":{"a":0,"k":[97.784,-405.72,0],"ix":2},"a":{"a":0,"k":[609.784,398.28,0],"ix":1},"s":{"a":0,"k":[100,100,100],"ix":6}},"ao":0,"shapes":[{"ty":"gr","it":[{"ind":0,"ty":"sh","ix":1,"ks":{"a":0,"k":{"i":[[-82.568,-19.407],[-48.317,-2.632],[25.222,5.958],[26.352,119.015]],"o":[[84.06,19.77],[28.404,1.526],[-81.866,-19.342],[-6.67,33.791]],"v":[[-55.398,45.914],[130.397,24.191],[130.726,-7.482],[-149.421,-51.027]],"c":true},"ix":2},"nm":"Path 1","mn":"ADBE Vector Shape - Group","hd":false},{"ty":"gf","o":{"a":0,"k":100,"ix":10},"r":1,"bm":0,"g":{"p":3,"k":{"a":0,"k":[0,1,0.82,0.678,0.667,0.92,0.733,0.582,1,0.839,0.647,0.486],"ix":9}},"s":{"a":0,"k":[-217.538,-45.246],"ix":5},"e":{"a":0,"k":[84.428,8.013],"ix":6},"t":1,"nm":"Kangroo05","mn":"ADBE Vector Graphic - G-Fill","hd":false},{"ty":"tr","p":{"a":0,"k":[394.093,443.794],"ix":2},"a":{"a":0,"k":[0,0],"ix":1},"s":{"a":0,"k":[100,100],"ix":3},"r":{"a":0,"k":0,"ix":6},"o":{"a":0,"k":100,"ix":7},"sk":{"a":0,"k":0,"ix":4},"sa":{"a":0,"k":0,"ix":5},"nm":"Transform"}],"nm":"Group 1","np":2,"cix":2,"bm":0,"ix":1,"mn":"ADBE Vector Group","hd":false},{"ty":"gr","it":[{"ind":0,"ty":"sh","ix":1,"ks":{"a":0,"k":{"i":[[-155.746,-42.996],[-47.988,-6.133],[196.92,-59.474],[44.762,58.333]],"o":[[83.227,22.962],[283.295,36.161],[-101.889,30.763],[-32.057,-41.723]],"v":[[-120.113,118.418],[65.211,94.863],[0.032,-116.583],[-181.792,-20.19]],"c":true},"ix":2},"nm":"Path 1","mn":"ADBE Vector Shape - Group","hd":false},{"ty":"fl","c":{"a":0,"k":[0.705882370472,0.490196079016,0.337254911661,1],"ix":4},"o":{"a":0,"k":100,"ix":5},"r":1,"bm":0,"nm":"Fill 1","mn":"ADBE Vector Graphic - Fill","hd":false},{"ty":"tr","p":{"a":0,"k":[460.804,366.627],"ix":2},"a":{"a":0,"k":[0,0],"ix":1},"s":{"a":0,"k":[100,100],"ix":3},"r":{"a":0,"k":0,"ix":6},"o":{"a":0,"k":100,"ix":7},"sk":{"a":0,"k":0,"ix":4},"sa":{"a":0,"k":0,"ix":5},"nm":"Transform"}],"nm":"Group 2","np":2,"cix":2,"bm":0,"ix":2,"mn":"ADBE Vector Group","hd":false}],"ip":0,"op":48,"st":0,"bm":0},{"ddd":0,"ind":9,"ty":4,"nm":"Tail","parent":8,"sr":1,"ks":{"o":{"a":0,"k":100,"ix":11},"r":{"a":1,"k":[{"i":{"x":[0.833],"y":[1]},"o":{"x":[0.333],"y":[0]},"t":0,"s":[0]},{"i":{"x":[0.833],"y":[0.833]},"o":{"x":[0.333],"y":[0]},"t":3,"s":[-15]},{"i":{"x":[0.667],"y":[1]},"o":{"x":[0.167],"y":[0.167]},"t":6,"s":[9]},{"i":{"x":[0.833],"y":[0.833]},"o":{"x":[0.333],"y":[0]},"t":15,"s":[-15]},{"i":{"x":[0.667],"y":[1]},"o":{"x":[0.167],"y":[0.167]},"t":18,"s":[9]},{"t":24,"s":[0]}],"ix":10},"p":{"a":0,"k":[650.276,332.941,0],"ix":2},"a":{"a":0,"k":[650.276,332.941,0],"ix":1},"s":{"a":0,"k":[100,100,100],"ix":6}},"ao":0,"shapes":[{"ty":"gr","it":[{"ind":0,"ty":"sh","ix":1,"ks":{"a":0,"k":{"i":[[-13.209,-6.165],[-92.267,-27.417],[72.211,42.479]],"o":[[61.153,28.613],[-98.783,-49.831],[-75.371,-44.334]],"v":[[-54.266,-94.273],[82.543,134.233],[-41.758,-118.42]],"c":true},"ix":2},"nm":"Path 1","mn":"ADBE Vector Shape - Group","hd":false},{"ty":"gf","o":{"a":0,"k":100,"ix":10},"r":1,"bm":0,"g":{"p":3,"k":{"a":0,"k":[0,1,0.82,0.678,0.667,0.92,0.733,0.582,1,0.839,0.647,0.486],"ix":9}},"s":{"a":0,"k":[-138.992,-95.626],"ix":5},"e":{"a":0,"k":[66.445,-59.393],"ix":6},"t":1,"nm":"Kangroo06","mn":"ADBE Vector Graphic - G-Fill","hd":false},{"ty":"tr","p":{"a":0,"k":[670.485,564.046],"ix":2},"a":{"a":0,"k":[0,0],"ix":1},"s":{"a":0,"k":[100,100],"ix":3},"r":{"a":0,"k":0,"ix":6},"o":{"a":0,"k":100,"ix":7},"sk":{"a":0,"k":0,"ix":4},"sa":{"a":0,"k":0,"ix":5},"nm":"Transform"}],"nm":"Group 1","np":2,"cix":2,"bm":0,"ix":1,"mn":"ADBE Vector Group","hd":false},{"ty":"gr","it":[{"ind":0,"ty":"sh","ix":1,"ks":{"a":0,"k":{"i":[[-12.924,-6.759],[-92.267,-27.418],[-25.847,36.084],[24.893,-22.655],[17.148,40.791],[63.983,77.313]],"o":[[54.328,28.393],[40.506,12.013],[23.26,-32.464],[-49.512,45.025],[-30.5,-72.474],[-55.755,-67.385]],"v":[[-115.426,-57.141],[8.876,195.513],[113.496,156.455],[103.907,140.602],[-5.562,123.673],[-87.241,-185.063]],"c":true},"ix":2},"nm":"Path 1","mn":"ADBE Vector Shape - Group","hd":false},{"ty":"gf","o":{"a":0,"k":100,"ix":10},"r":1,"bm":0,"g":{"p":3,"k":{"a":0,"k":[0,0.706,0.49,0.337,0.679,0.447,0.331,0.284,1,0.188,0.173,0.231],"ix":9}},"s":{"a":0,"k":[-197.918,-110.807],"ix":5},"e":{"a":0,"k":[98.394,-58.545],"ix":6},"t":1,"nm":"Kangroo07","mn":"ADBE Vector Graphic - G-Fill","hd":false},{"ty":"tr","p":{"a":0,"k":[744.152,502.766],"ix":2},"a":{"a":0,"k":[0,0],"ix":1},"s":{"a":0,"k":[100,100],"ix":3},"r":{"a":0,"k":0,"ix":6},"o":{"a":0,"k":100,"ix":7},"sk":{"a":0,"k":0,"ix":4},"sa":{"a":0,"k":0,"ix":5},"nm":"Transform"}],"nm":"Group 2","np":2,"cix":2,"bm":0,"ix":2,"mn":"ADBE Vector Group","hd":false}],"ip":0,"op":48,"st":0,"bm":0},{"ddd":0,"ind":10,"ty":4,"nm":"R_L_F","parent":8,"sr":1,"ks":{"o":{"a":0,"k":100,"ix":11},"r":{"a":1,"k":[{"i":{"x":[0.833],"y":[0.833]},"o":{"x":[0.167],"y":[0.167]},"t":0,"s":[0]},{"i":{"x":[0.833],"y":[0.833]},"o":{"x":[0.167],"y":[0.167]},"t":2,"s":[13]},{"i":{"x":[0.833],"y":[0.833]},"o":{"x":[0.167],"y":[0.167]},"t":7,"s":[-10]},{"i":{"x":[0.833],"y":[0.833]},"o":{"x":[0.167],"y":[0.167]},"t":12,"s":[0]},{"i":{"x":[0.833],"y":[0.833]},"o":{"x":[0.167],"y":[0.167]},"t":14,"s":[13]},{"i":{"x":[0.833],"y":[0.833]},"o":{"x":[0.167],"y":[0.167]},"t":19,"s":[-10]},{"t":24,"s":[0]}],"ix":10},"p":{"a":0,"k":[342.517,465.971,0],"ix":2},"a":{"a":0,"k":[342.517,465.971,0],"ix":1},"s":{"a":0,"k":[100,100,100],"ix":6}},"ao":0,"shapes":[{"ty":"gr","it":[{"ind":0,"ty":"sh","ix":1,"ks":{"a":0,"k":{"i":[[2.809,-12.968],[4.037,5.869]],"o":[[-0.636,2.94],[-0.922,-1.339]],"v":[[2.399,3.791],[-2.878,-2.715]],"c":true},"ix":2},"nm":"Path 1","mn":"ADBE Vector Shape - Group","hd":false},{"ty":"fl","c":{"a":0,"k":[0.337254911661,0.321568638086,0.380392163992,1],"ix":4},"o":{"a":0,"k":100,"ix":5},"r":1,"bm":0,"nm":"Fill 1","mn":"ADBE Vector Graphic - Fill","hd":false},{"ty":"tr","p":{"a":0,"k":[272.016,548.946],"ix":2},"a":{"a":0,"k":[0,0],"ix":1},"s":{"a":0,"k":[100,100],"ix":3},"r":{"a":0,"k":0,"ix":6},"o":{"a":0,"k":100,"ix":7},"sk":{"a":0,"k":0,"ix":4},"sa":{"a":0,"k":0,"ix":5},"nm":"Transform"}],"nm":"Group 1","np":2,"cix":2,"bm":0,"ix":1,"mn":"ADBE Vector Group","hd":false},{"ty":"gr","it":[{"ind":0,"ty":"sh","ix":1,"ks":{"a":0,"k":{"i":[[-8.832,15.381],[8.471,-2.523]],"o":[[1.985,-3.478],[-1.93,0.559]],"v":[[6.456,-3.605],[-6.457,0.762]],"c":true},"ix":2},"nm":"Path 1","mn":"ADBE Vector Shape - Group","hd":false},{"ty":"fl","c":{"a":0,"k":[0.337254911661,0.321568638086,0.380392163992,1],"ix":4},"o":{"a":0,"k":100,"ix":5},"r":1,"bm":0,"nm":"Fill 1","mn":"ADBE Vector Graphic - Fill","hd":false},{"ty":"tr","p":{"a":0,"k":[283.846,555.069],"ix":2},"a":{"a":0,"k":[0,0],"ix":1},"s":{"a":0,"k":[100,100],"ix":3},"r":{"a":0,"k":0,"ix":6},"o":{"a":0,"k":100,"ix":7},"sk":{"a":0,"k":0,"ix":4},"sa":{"a":0,"k":0,"ix":5},"nm":"Transform"}],"nm":"Group 2","np":2,"cix":2,"bm":0,"ix":2,"mn":"ADBE Vector Group","hd":false},{"ty":"gr","it":[{"ind":0,"ty":"sh","ix":1,"ks":{"a":0,"k":{"i":[[4.839,-12.376],[0.417,-13.626],[-2.984,-1.459],[-4.894,2.645],[0.034,10.566],[-5.003,4.245],[4.651,3.006],[-27.22,11.926]],"o":[[-3.576,9.128],[-0.439,14.372],[3.916,1.897],[7.416,-4.015],[-0.01,-4.915],[2.744,-2.327],[-4.938,-3.193],[27.219,-11.914]],"v":[[11.596,-49.39],[-68.547,22.931],[-48.108,50.315],[-24.323,51.335],[-45.881,35.317],[-32.354,36.898],[-43.325,23.107],[62.513,-24.135]],"c":true},"ix":2},"nm":"Path 1","mn":"ADBE Vector Shape - Group","hd":false},{"ty":"gf","o":{"a":0,"k":100,"ix":10},"r":1,"bm":0,"g":{"p":3,"k":{"a":0,"k":[0.036,0.188,0.173,0.231,0.156,0.447,0.331,0.284,0.685,0.706,0.49,0.337],"ix":9}},"s":{"a":0,"k":[-68.212,29.555],"ix":5},"e":{"a":0,"k":[29.04,-49.167],"ix":6},"t":1,"nm":"Kangroo08","mn":"ADBE Vector Graphic - G-Fill","hd":false},{"ty":"tr","p":{"a":0,"k":[306.517,508.971],"ix":2},"a":{"a":0,"k":[0,0],"ix":1},"s":{"a":0,"k":[100,100],"ix":3},"r":{"a":0,"k":0,"ix":6},"o":{"a":0,"k":100,"ix":7},"sk":{"a":0,"k":0,"ix":4},"sa":{"a":0,"k":0,"ix":5},"nm":"Transform"}],"nm":"Group 3","np":2,"cix":2,"bm":0,"ix":3,"mn":"ADBE Vector Group","hd":false},{"ty":"gr","it":[{"ind":0,"ty":"sh","ix":1,"ks":{"a":0,"k":{"i":[[-8.832,15.382],[8.47,-2.502]],"o":[[1.986,-3.467],[-1.931,0.571]],"v":[[6.456,-3.611],[-6.457,0.756]],"c":true},"ix":2},"nm":"Path 1","mn":"ADBE Vector Shape - Group","hd":false},{"ty":"fl","c":{"a":0,"k":[0.188235297799,0.172549024224,0.23137255013,1],"ix":4},"o":{"a":0,"k":100,"ix":5},"r":1,"bm":0,"nm":"Fill 1","mn":"ADBE Vector Graphic - Fill","hd":false},{"ty":"tr","p":{"a":0,"k":[269.956,555.623],"ix":2},"a":{"a":0,"k":[0,0],"ix":1},"s":{"a":0,"k":[100,100],"ix":3},"r":{"a":0,"k":0,"ix":6},"o":{"a":0,"k":100,"ix":7},"sk":{"a":0,"k":0,"ix":4},"sa":{"a":0,"k":0,"ix":5},"nm":"Transform"}],"nm":"Group 4","np":2,"cix":2,"bm":0,"ix":4,"mn":"ADBE Vector Group","hd":false},{"ty":"gr","it":[{"ind":0,"ty":"sh","ix":1,"ks":{"a":0,"k":{"i":[[-8.843,15.37],[8.47,-2.523]],"o":[[1.997,-3.478],[-1.909,0.559]],"v":[[6.457,-3.605],[-6.467,0.772]],"c":true},"ix":2},"nm":"Path 1","mn":"ADBE Vector Shape - Group","hd":false},{"ty":"fl","c":{"a":0,"k":[0.188235297799,0.172549024224,0.23137255013,1],"ix":4},"o":{"a":0,"k":100,"ix":5},"r":1,"bm":0,"nm":"Fill 1","mn":"ADBE Vector Graphic - Fill","hd":false},{"ty":"tr","p":{"a":0,"k":[274.047,555.179],"ix":2},"a":{"a":0,"k":[0,0],"ix":1},"s":{"a":0,"k":[100,100],"ix":3},"r":{"a":0,"k":0,"ix":6},"o":{"a":0,"k":100,"ix":7},"sk":{"a":0,"k":0,"ix":4},"sa":{"a":0,"k":0,"ix":5},"nm":"Transform"}],"nm":"Group 5","np":2,"cix":2,"bm":0,"ix":5,"mn":"ADBE Vector Group","hd":false},{"ty":"gr","it":[{"ind":0,"ty":"sh","ix":1,"ks":{"a":0,"k":{"i":[[-8.831,15.382],[8.47,-2.501]],"o":[[1.996,-3.466],[-1.931,0.571]],"v":[[6.449,-3.611],[-6.453,0.756]],"c":true},"ix":2},"nm":"Path 1","mn":"ADBE Vector Shape - Group","hd":false},{"ty":"fl","c":{"a":0,"k":[0.188235297799,0.172549024224,0.23137255013,1],"ix":4},"o":{"a":0,"k":100,"ix":5},"r":1,"bm":0,"nm":"Fill 1","mn":"ADBE Vector Graphic - Fill","hd":false},{"ty":"tr","p":{"a":0,"k":[279.76,554.723],"ix":2},"a":{"a":0,"k":[0,0],"ix":1},"s":{"a":0,"k":[100,100],"ix":3},"r":{"a":0,"k":0,"ix":6},"o":{"a":0,"k":100,"ix":7},"sk":{"a":0,"k":0,"ix":4},"sa":{"a":0,"k":0,"ix":5},"nm":"Transform"}],"nm":"Group 6","np":2,"cix":2,"bm":0,"ix":6,"mn":"ADBE Vector Group","hd":false}],"ip":0,"op":48,"st":0,"bm":0},{"ddd":0,"ind":11,"ty":4,"nm":"R_L_B","parent":12,"sr":1,"ks":{"o":{"a":0,"k":100,"ix":11},"r":{"a":1,"k":[{"i":{"x":[0.833],"y":[0.833]},"o":{"x":[0.333],"y":[0]},"t":0,"s":[0]},{"i":{"x":[0.833],"y":[0.833]},"o":{"x":[0.167],"y":[0.167]},"t":4,"s":[10]},{"i":{"x":[0.667],"y":[1]},"o":{"x":[0.167],"y":[0.167]},"t":7,"s":[-16]},{"i":{"x":[0.833],"y":[0.833]},"o":{"x":[0.333],"y":[0]},"t":12,"s":[0]},{"i":{"x":[0.833],"y":[0.833]},"o":{"x":[0.167],"y":[0.167]},"t":16,"s":[10]},{"i":{"x":[0.667],"y":[1]},"o":{"x":[0.167],"y":[0.167]},"t":19,"s":[-16]},{"t":24,"s":[0]}],"ix":10},"p":{"a":0,"k":[31.534,-410.904,0],"ix":2},"a":{"a":0,"k":[45,-145,0],"ix":1},"s":{"a":0,"k":[100,100,100],"ix":6}},"ao":0,"shapes":[{"ty":"gr","it":[{"ind":0,"ty":"sh","ix":1,"ks":{"a":1,"k":[{"i":{"x":0.667,"y":1},"o":{"x":0.333,"y":0},"t":0,"s":[{"i":[[-20.297,33.473],[118.721,34.226],[0,0],[-7,-16.161],[2.721,-24.17],[24.29,-15.162],[6.276,-10.85],[-14.723,6.122],[-7.077,5.486],[-18.058,8.953],[3.083,8.667]],"o":[[0,0],[-111,-32],[1.909,13.396],[17.773,41.086],[-1.492,13.176],[-17.883,11.179],[-3.577,6.199],[3.335,-1.361],[43.598,-33.692],[18.037,-8.974],[-29.458,-83.293]],"v":[[80.669,-60.457],[60.466,-192.096],[-18.773,-77.912],[-5.826,-33.797],[39.089,86.084],[-73.518,141.718],[-118.127,189.365],[-99.762,193.699],[-62.525,165.163],[49.423,128.805],[81.097,102.639]],"c":true}]},{"i":{"x":0.667,"y":1},"o":{"x":0.333,"y":0},"t":3,"s":[{"i":[[-20.297,33.473],[118.721,34.226],[0,0],[-7,-16.161],[2.721,-24.17],[24.29,-15.162],[6.276,-10.85],[-14.723,6.122],[-7.077,5.486],[-18.058,8.953],[3.083,8.667]],"o":[[0,0],[-111,-32],[1.909,13.396],[17.773,41.086],[-1.492,13.176],[-17.883,11.179],[-3.577,6.199],[3.335,-1.361],[43.598,-33.692],[18.037,-8.974],[-29.458,-83.293]],"v":[[80.669,-60.457],[60.466,-192.096],[-18.773,-77.912],[-5.826,-33.797],[39.089,86.084],[-60.112,161.27],[-118.127,189.365],[-99.762,193.699],[-49.12,184.715],[49.423,128.805],[81.097,102.639]],"c":true}]},{"i":{"x":0.667,"y":1},"o":{"x":0.333,"y":0},"t":9,"s":[{"i":[[-20.297,33.473],[118.721,34.226],[0,0],[-7,-16.161],[2.721,-24.17],[24.29,-15.162],[6.276,-10.85],[-14.723,6.122],[-7.077,5.486],[-18.058,8.953],[3.083,8.667]],"o":[[0,0],[-111,-32],[1.909,13.396],[17.773,41.086],[-1.492,13.176],[-17.883,11.179],[-3.577,6.199],[3.335,-1.361],[43.598,-33.692],[18.037,-8.974],[-29.458,-83.293]],"v":[[80.669,-60.457],[60.466,-192.096],[-18.773,-77.912],[-5.826,-33.797],[39.089,86.084],[-60.112,161.27],[-118.127,189.365],[-99.762,193.699],[-49.12,184.715],[49.423,128.805],[81.097,102.639]],"c":true}]},{"i":{"x":0.667,"y":1},"o":{"x":0.333,"y":0},"t":12,"s":[{"i":[[-20.297,33.473],[118.721,34.226],[0,0],[-7,-16.161],[2.721,-24.17],[24.29,-15.162],[6.276,-10.85],[-14.723,6.122],[-7.077,5.486],[-18.058,8.953],[3.083,8.667]],"o":[[0,0],[-111,-32],[1.909,13.396],[17.773,41.086],[-1.492,13.176],[-17.883,11.179],[-3.577,6.199],[3.335,-1.361],[43.598,-33.692],[18.037,-8.974],[-29.458,-83.293]],"v":[[80.669,-60.457],[60.466,-192.096],[-18.773,-77.912],[-5.826,-33.797],[39.089,86.084],[-73.518,141.718],[-118.127,189.365],[-99.762,193.699],[-62.525,165.163],[49.423,128.805],[81.097,102.639]],"c":true}]},{"i":{"x":0.667,"y":1},"o":{"x":0.333,"y":0},"t":15,"s":[{"i":[[-20.297,33.473],[118.721,34.226],[0,0],[-7,-16.161],[2.721,-24.17],[24.29,-15.162],[6.276,-10.85],[-14.723,6.122],[-7.077,5.486],[-18.058,8.953],[3.083,8.667]],"o":[[0,0],[-111,-32],[1.909,13.396],[17.773,41.086],[-1.492,13.176],[-17.883,11.179],[-3.577,6.199],[3.335,-1.361],[43.598,-33.692],[18.037,-8.974],[-29.458,-83.293]],"v":[[80.669,-60.457],[60.466,-192.096],[-18.773,-77.912],[-5.826,-33.797],[39.089,86.084],[-60.112,161.27],[-118.127,189.365],[-99.762,193.699],[-49.12,184.715],[49.423,128.805],[81.097,102.639]],"c":true}]},{"i":{"x":0.667,"y":1},"o":{"x":0.333,"y":0},"t":21,"s":[{"i":[[-20.297,33.473],[118.721,34.226],[0,0],[-7,-16.161],[2.721,-24.17],[24.29,-15.162],[6.276,-10.85],[-14.723,6.122],[-7.077,5.486],[-18.058,8.953],[3.083,8.667]],"o":[[0,0],[-111,-32],[1.909,13.396],[17.773,41.086],[-1.492,13.176],[-17.883,11.179],[-3.577,6.199],[3.335,-1.361],[43.598,-33.692],[18.037,-8.974],[-29.458,-83.293]],"v":[[80.669,-60.457],[60.466,-192.096],[-18.773,-77.912],[-5.826,-33.797],[39.089,86.084],[-60.112,161.27],[-118.127,189.365],[-99.762,193.699],[-49.12,184.715],[49.423,128.805],[81.097,102.639]],"c":true}]},{"t":24,"s":[{"i":[[-20.297,33.473],[118.721,34.226],[0,0],[-7,-16.161],[2.721,-24.17],[24.29,-15.162],[6.276,-10.85],[-14.723,6.122],[-7.077,5.486],[-18.058,8.953],[3.083,8.667]],"o":[[0,0],[-111,-32],[1.909,13.396],[17.773,41.086],[-1.492,13.176],[-17.883,11.179],[-3.577,6.199],[3.335,-1.361],[43.598,-33.692],[18.037,-8.974],[-29.458,-83.293]],"v":[[80.669,-60.457],[60.466,-192.096],[-18.773,-77.912],[-5.826,-33.797],[39.089,86.084],[-73.518,141.718],[-118.127,189.365],[-99.762,193.699],[-62.525,165.163],[49.423,128.805],[81.097,102.639]],"c":true}]}],"ix":2},"nm":"Path 1","mn":"ADBE Vector Shape - Group","hd":false},{"ty":"gf","o":{"a":0,"k":100,"ix":10},"r":1,"bm":0,"g":{"p":3,"k":{"a":0,"k":[0.061,0.188,0.173,0.231,0.127,0.447,0.331,0.284,0.333,0.706,0.49,0.337],"ix":9}},"s":{"a":0,"k":[-89.977,155.612],"ix":5},"e":{"a":0,"k":[85.31,-601.032],"ix":6},"t":1,"nm":"Kangroo09","mn":"ADBE Vector Graphic - G-Fill","hd":false},{"ty":"tr","p":{"a":0,"k":[0,0],"ix":2},"a":{"a":0,"k":[0,0],"ix":1},"s":{"a":0,"k":[100,100],"ix":3},"r":{"a":0,"k":0,"ix":6},"o":{"a":0,"k":100,"ix":7},"sk":{"a":0,"k":0,"ix":4},"sa":{"a":0,"k":0,"ix":5},"nm":"Transform"}],"nm":"Group 1","np":2,"cix":2,"bm":0,"ix":1,"mn":"ADBE Vector Group","hd":false}],"ip":0,"op":48,"st":0,"bm":0},{"ddd":0,"ind":12,"ty":3,"nm":"Master","parent":1,"sr":1,"ks":{"o":{"a":0,"k":100,"ix":11},"r":{"a":1,"k":[{"i":{"x":[0.667],"y":[1]},"o":{"x":[0.333],"y":[0]},"t":0,"s":[0]},{"i":{"x":[0.667],"y":[1]},"o":{"x":[0.333],"y":[0]},"t":12,"s":[0]},{"t":24,"s":[0]}],"ix":10},"p":{"a":1,"k":[{"i":{"x":0.667,"y":1},"o":{"x":0.333,"y":0},"t":0,"s":[60,292,0],"to":[0,23.333,0],"ti":[0,0,0]},{"i":{"x":0,"y":1},"o":{"x":0.333,"y":0},"t":4,"s":[60,432,0],"to":[0,0,0],"ti":[0,0,0]},{"i":{"x":0.667,"y":1},"o":{"x":0.333,"y":0},"t":12,"s":[60,292,0],"to":[0,0,0],"ti":[0,0,0]},{"i":{"x":0,"y":1},"o":{"x":0.333,"y":0},"t":16,"s":[60,432,0],"to":[0,0,0],"ti":[0,23.333,0]},{"t":24,"s":[60,292,0]}],"ix":2},"a":{"a":0,"k":[0,0,0],"ix":1},"s":{"a":1,"k":[{"i":{"x":[0.833,0.833,0.833],"y":[1,1,1]},"o":{"x":[0.333,0.333,0.333],"y":[0,0,0]},"t":0,"s":[100,100,100]},{"i":{"x":[0.833,0.833,0.833],"y":[0.833,0.833,0.833]},"o":{"x":[0.167,0.167,0.167],"y":[0.167,0.167,0.167]},"t":4,"s":[100,100,100]},{"i":{"x":[0.667,0.667,0.667],"y":[1,1,1]},"o":{"x":[0.167,0.167,0.167],"y":[0.167,0.167,0]},"t":6,"s":[104,96,100]},{"i":{"x":[0.833,0.833,0.833],"y":[1,1,1]},"o":{"x":[0.333,0.333,0.333],"y":[0,0,0]},"t":12,"s":[100,100,100]},{"i":{"x":[0.833,0.833,0.833],"y":[0.833,0.833,0.833]},"o":{"x":[0.167,0.167,0.167],"y":[0.167,0.167,0.167]},"t":16,"s":[100,100,100]},{"i":{"x":[0.667,0.667,0.667],"y":[1,1,1]},"o":{"x":[0.167,0.167,0.167],"y":[0.167,0.167,0]},"t":18,"s":[104,96,100]},{"t":24,"s":[100,100,100]}],"ix":6}},"ao":0,"ef":[{"ty":5,"nm":"Controller","np":13,"mn":"Pseudo/DUIK controller","ix":1,"en":1,"ef":[{"ty":6,"nm":"Icon","mn":"Pseudo/DUIK controller-0001","ix":1,"v":0},{"ty":2,"nm":"Color","mn":"Pseudo/DUIK controller-0002","ix":2,"v":{"a":0,"k":[0.92549020052,0.0941176489,0.0941176489,1],"ix":2}},{"ty":3,"nm":"Position","mn":"Pseudo/DUIK controller-0003","ix":3,"v":{"a":0,"k":[0,0],"ix":3}},{"ty":0,"nm":"Size","mn":"Pseudo/DUIK controller-0004","ix":4,"v":{"a":0,"k":100,"ix":4}},{"ty":0,"nm":"Orientation","mn":"Pseudo/DUIK controller-0005","ix":5,"v":{"a":0,"k":0,"ix":5}},{"ty":0,"nm":"Opacity","mn":"Pseudo/DUIK controller-0006","ix":6,"v":{"a":0,"k":100,"ix":6}},{"ty":6,"nm":"","mn":"Pseudo/DUIK controller-0007","ix":7,"v":0},{"ty":6,"nm":"Anchor","mn":"Pseudo/DUIK controller-0008","ix":8,"v":0},{"ty":2,"nm":"Color","mn":"Pseudo/DUIK controller-0009","ix":9,"v":{"a":0,"k":[0,0,0,1],"ix":9}},{"ty":0,"nm":"Size","mn":"Pseudo/DUIK controller-0010","ix":10,"v":{"a":0,"k":100,"ix":10}},{"ty":6,"nm":"","mn":"Pseudo/DUIK controller-0011","ix":11,"v":0}]}],"ip":0,"op":48,"st":0,"bm":0}]}],"layers":[{"ddd":0,"ind":1,"ty":0,"nm":"kangaroo","refId":"comp_0","sr":1,"ks":{"o":{"a":0,"k":100,"ix":11},"r":{"a":0,"k":0,"ix":10},"p":{"a":0,"k":[492,528,0],"ix":2},"a":{"a":0,"k":[512,512,0],"ix":1},"s":{"a":0,"k":[100,100,100],"ix":6}},"ao":0,"w":1024,"h":1024,"ip":0,"op":48,"st":0,"bm":0}],"markers":[]}