{"v":"5.6.2","fr":24,"ip":0,"op":24,"w":1024,"h":1024,"nm":"sparkles","ddd":0,"assets":[{"id":"comp_0","layers":[{"ddd":0,"ind":1,"ty":3,"nm":"Scalecontrol","sr":1,"ks":{"o":{"a":0,"k":0,"ix":11},"r":{"a":0,"k":0,"ix":10},"p":{"a":0,"k":[496,512,0],"ix":2},"a":{"a":0,"k":[0,0,0],"ix":1},"s":{"a":0,"k":[1200,1200,100],"ix":6}},"ao":0,"ip":0,"op":24,"st":0,"bm":0},{"ddd":0,"ind":2,"ty":4,"nm":"Purple","parent":1,"sr":1,"ks":{"o":{"a":0,"k":100,"ix":11},"r":{"a":0,"k":0,"ix":10},"p":{"a":0,"k":[12,17,0],"ix":2},"a":{"a":0,"k":[12,17,0],"ix":1},"s":{"a":1,"k":[{"i":{"x":[0.667,0.667,0.667],"y":[1,1,1]},"o":{"x":[0.333,0.333,0.333],"y":[0,0,0]},"t":-12,"s":[50,50,100]},{"i":{"x":[0.667,0.667,0.667],"y":[1,1,1]},"o":{"x":[0.333,0.333,0.333],"y":[0,0,0]},"t":0,"s":[120,120,100]},{"i":{"x":[0.667,0.667,0.667],"y":[1,1,1]},"o":{"x":[0.333,0.333,0.333],"y":[0,0,0]},"t":12,"s":[50,50,100]},{"i":{"x":[0.667,0.667,0.667],"y":[1,1,1]},"o":{"x":[0.333,0.333,0.333],"y":[0,0,0]},"t":24,"s":[120,120,100]},{"i":{"x":[0.667,0.667,0.667],"y":[1,1,1]},"o":{"x":[0.333,0.333,0.333],"y":[0,0,0]},"t":50,"s":[100,100,100]},{"t":60,"s":[50,50,100]}],"ix":6}},"ao":0,"shapes":[{"ty":"gr","it":[{"ind":0,"ty":"sh","ix":1,"ks":{"a":0,"k":{"i":[[1.037,10.113],[8.854,-1.066],[-1.037,-10.112],[-8.854,1.066]],"o":[[-1.037,10.113],[8.854,1.066],[1.037,-10.112],[-8.854,-1.066]],"v":[[12,4],[0,17],[12,30],[24,17]],"c":true},"ix":2},"nm":"Path 1","mn":"ADBE Vector Shape - Group","hd":false},{"ty":"gf","o":{"a":0,"k":100,"ix":10},"r":1,"bm":0,"g":{"p":13,"k":{"a":0,"k":[0,0.49,0.047,0.478,0.047,0.533,0.047,0.522,0.094,0.576,0.047,0.565,0.174,0.639,0.049,0.624,0.254,0.702,0.051,0.682,0.337,0.751,0.051,0.729,0.421,0.8,0.051,0.776,0.508,0.833,0.053,0.812,0.595,0.867,0.055,0.847,0.688,0.888,0.055,0.867,0.781,0.91,0.055,0.886,0.89,0.916,0.055,0.892,1,0.922,0.055,0.898],"ix":9}},"s":{"a":0,"k":[12.008,30.602],"ix":5},"e":{"a":0,"k":[11.82,3.564],"ix":6},"t":1,"nm":"Purplegradient","mn":"ADBE Vector Graphic - G-Fill","hd":false},{"ty":"tr","p":{"a":0,"k":[0,0],"ix":2},"a":{"a":0,"k":[0,0],"ix":1},"s":{"a":0,"k":[100,100],"ix":3},"r":{"a":0,"k":0,"ix":6},"o":{"a":0,"k":100,"ix":7},"sk":{"a":0,"k":0,"ix":4},"sa":{"a":0,"k":0,"ix":5},"nm":"Transform"}],"nm":"Purple","np":2,"cix":2,"bm":0,"ix":1,"mn":"ADBE Vector Group","hd":false}],"ip":0,"op":24,"st":0,"bm":0},{"ddd":0,"ind":3,"ty":4,"nm":"Green","parent":1,"sr":1,"ks":{"o":{"a":0,"k":100,"ix":11},"r":{"a":0,"k":0,"ix":10},"p":{"a":0,"k":[18,-17,0],"ix":2},"a":{"a":0,"k":[18,-17,0],"ix":1},"s":{"a":1,"k":[{"i":{"x":[0.667,0.667,0.667],"y":[1,1,1]},"o":{"x":[0.333,0.333,0.333],"y":[0,0,0]},"t":0,"s":[50,50,100]},{"i":{"x":[0.667,0.667,0.667],"y":[1,1,1]},"o":{"x":[0.333,0.333,0.333],"y":[0,0,0]},"t":12,"s":[120,120,100]},{"i":{"x":[0.667,0.667,0.667],"y":[1,1,1]},"o":{"x":[0.333,0.333,0.333],"y":[0,0,0]},"t":24,"s":[50,50,100]},{"i":{"x":[0.667,0.667,0.667],"y":[1,1,1]},"o":{"x":[0.333,0.333,0.333],"y":[0,0,0]},"t":36,"s":[120,120,100]},{"i":{"x":[0.667,0.667,0.667],"y":[1,1,1]},"o":{"x":[0.333,0.333,0.333],"y":[0,0,0]},"t":62,"s":[100,100,100]},{"t":72,"s":[50,50,100]}],"ix":6}},"ao":0,"shapes":[{"ty":"gr","it":[{"ind":0,"ty":"sh","ix":1,"ks":{"a":0,"k":{"i":[[1.037,10.113],[8.854,-1.065],[-1.037,-10.113],[-8.854,1.065]],"o":[[-1.037,10.113],[8.854,1.065],[1.037,-10.113],[-8.854,-1.065]],"v":[[18,-30],[6,-17],[18,-4],[30,-17]],"c":true},"ix":2},"nm":"Path 1","mn":"ADBE Vector Shape - Group","hd":false},{"ty":"gf","o":{"a":0,"k":100,"ix":10},"r":1,"bm":0,"g":{"p":11,"k":{"a":0,"k":[0,0.435,0.678,0,0.019,0.443,0.688,0.004,0.039,0.451,0.698,0.008,0.151,0.49,0.749,0.033,0.262,0.529,0.8,0.059,0.378,0.559,0.835,0.075,0.493,0.588,0.871,0.09,0.614,0.604,0.892,0.1,0.734,0.62,0.914,0.11,0.867,0.625,0.922,0.114,1,0.631,0.929,0.118],"ix":9}},"s":{"a":0,"k":[17.991,-4.244],"ix":5},"e":{"a":0,"k":[18.11,-31.247],"ix":6},"t":1,"nm":"Greengradient","mn":"ADBE Vector Graphic - G-Fill","hd":false},{"ty":"tr","p":{"a":0,"k":[0,0],"ix":2},"a":{"a":0,"k":[0,0],"ix":1},"s":{"a":0,"k":[100,100],"ix":3},"r":{"a":0,"k":0,"ix":6},"o":{"a":0,"k":100,"ix":7},"sk":{"a":0,"k":0,"ix":4},"sa":{"a":0,"k":0,"ix":5},"nm":"Transform"}],"nm":"Green","np":2,"cix":2,"bm":0,"ix":1,"mn":"ADBE Vector Group","hd":false}],"ip":0,"op":24,"st":0,"bm":0},{"ddd":0,"ind":4,"ty":4,"nm":"Yellow","parent":1,"sr":1,"ks":{"o":{"a":0,"k":100,"ix":11},"r":{"a":0,"k":0,"ix":10},"p":{"a":0,"k":[-9,-2,0],"ix":2},"a":{"a":0,"k":[-9,-2,0],"ix":1},"s":{"a":1,"k":[{"i":{"x":[0.667,0.667,0.667],"y":[1,1,1]},"o":{"x":[0.333,0.333,0.333],"y":[0,0,0]},"t":-8,"s":[50,50,100]},{"i":{"x":[0.667,0.667,0.667],"y":[1,1,1]},"o":{"x":[0.333,0.333,0.333],"y":[0,0,0]},"t":4,"s":[120,120,100]},{"i":{"x":[0.667,0.667,0.667],"y":[1,1,1]},"o":{"x":[0.333,0.333,0.333],"y":[0,0,0]},"t":16,"s":[50,50,100]},{"i":{"x":[0.667,0.667,0.667],"y":[1,1,1]},"o":{"x":[0.333,0.333,0.333],"y":[0,0,0]},"t":28,"s":[120,120,100]},{"i":{"x":[0.667,0.667,0.667],"y":[1,1,1]},"o":{"x":[0.333,0.333,0.333],"y":[0,0,0]},"t":54,"s":[100,100,100]},{"t":64,"s":[50,50,100]}],"ix":6}},"ao":0,"shapes":[{"ty":"gr","it":[{"ind":0,"ty":"sh","ix":1,"ks":{"a":0,"k":{"i":[[1.814,20.226],[15.493,-2.132],[-1.816,-20.226],[-15.494,2.132]],"o":[[-1.816,20.226],[15.493,2.132],[1.816,-20.226],[-15.494,-2.132]],"v":[[-9,-28],[-30,-2],[-9,24],[12,-2]],"c":true},"ix":2},"nm":"Path 1","mn":"ADBE Vector Shape - Group","hd":false},{"ty":"gf","o":{"a":0,"k":100,"ix":10},"r":1,"bm":0,"g":{"p":11,"k":{"a":0,"k":[0,1,0.6,0,0.011,1,0.606,0.006,0.022,1,0.612,0.012,0.148,1,0.669,0.063,0.274,1,0.725,0.114,0.399,1,0.767,0.153,0.524,1,0.808,0.192,0.646,1,0.833,0.214,0.768,1,0.859,0.235,0.884,1,0.867,0.243,1,1,0.875,0.251],"ix":9}},"s":{"a":0,"k":[-8.959,23.213],"ix":5},"e":{"a":0,"k":[-9.105,-28.637],"ix":6},"t":1,"nm":"Yellowgradient","mn":"ADBE Vector Graphic - G-Fill","hd":false},{"ty":"tr","p":{"a":0,"k":[0,0],"ix":2},"a":{"a":0,"k":[0,0],"ix":1},"s":{"a":0,"k":[100,100],"ix":3},"r":{"a":0,"k":0,"ix":6},"o":{"a":0,"k":100,"ix":7},"sk":{"a":0,"k":0,"ix":4},"sa":{"a":0,"k":0,"ix":5},"nm":"Transform"}],"nm":"Yellow","np":2,"cix":2,"bm":0,"ix":1,"mn":"ADBE Vector Group","hd":false}],"ip":0,"op":24,"st":0,"bm":0}]}],"layers":[{"ddd":0,"ind":1,"ty":0,"nm":"sparkles","refId":"comp_0","sr":1,"ks":{"o":{"a":0,"k":100,"ix":11},"r":{"a":0,"k":0,"ix":10},"p":{"a":0,"k":[512,512,0],"ix":2},"a":{"a":0,"k":[512,512,0],"ix":1},"s":{"a":0,"k":[100,100,100],"ix":6}},"ao":0,"w":1024,"h":1024,"ip":0,"op":24,"st":0,"bm":0}],"markers":[]}