{"v":"5.6.2","fr":24,"ip":0,"op":48,"w":1024,"h":1024,"nm":"snowman","ddd":0,"assets":[{"id":"comp_0","layers":[{"ddd":0,"ind":1,"ty":3,"nm":"Master","sr":1,"ks":{"o":{"a":0,"k":100,"ix":11},"r":{"a":0,"k":0,"ix":10},"p":{"a":0,"k":[512,818,0],"ix":2},"a":{"a":0,"k":[0,0,0],"ix":1},"s":{"a":1,"k":[{"i":{"x":[0.833,0.833,0.833],"y":[0.833,0.833,1]},"o":{"x":[0.333,0.333,0.333],"y":[0,0,0]},"t":0,"s":[100,100,100]},{"i":{"x":[0,0,0.667],"y":[1,1,1]},"o":{"x":[0.167,0.167,0.167],"y":[0.167,0.167,0]},"t":4,"s":[102,98,100]},{"i":{"x":[0.833,0.833,0.833],"y":[0.833,0.833,1]},"o":{"x":[0.333,0.333,0.333],"y":[0,0,0]},"t":24,"s":[100,100,100]},{"i":{"x":[0,0,0.667],"y":[1,1,1]},"o":{"x":[0.167,0.167,0.167],"y":[0.167,0.167,0]},"t":28,"s":[102,98,100]},{"t":48,"s":[100,100,100]}],"ix":6}},"ao":0,"ef":[{"ty":5,"nm":"Controller","np":13,"mn":"Pseudo/DUIK controller","ix":1,"en":1,"ef":[{"ty":6,"nm":"Icon","mn":"Pseudo/DUIK controller-0001","ix":1,"v":0},{"ty":2,"nm":"Color","mn":"Pseudo/DUIK controller-0002","ix":2,"v":{"a":0,"k":[0.92549020052,0.0941176489,0.0941176489,1],"ix":2}},{"ty":3,"nm":"Position","mn":"Pseudo/DUIK controller-0003","ix":3,"v":{"a":0,"k":[0,0],"ix":3}},{"ty":0,"nm":"Size","mn":"Pseudo/DUIK controller-0004","ix":4,"v":{"a":0,"k":100,"ix":4}},{"ty":0,"nm":"Orientation","mn":"Pseudo/DUIK controller-0005","ix":5,"v":{"a":0,"k":0,"ix":5}},{"ty":0,"nm":"Opacity","mn":"Pseudo/DUIK controller-0006","ix":6,"v":{"a":0,"k":100,"ix":6}},{"ty":6,"nm":"","mn":"Pseudo/DUIK controller-0007","ix":7,"v":0},{"ty":6,"nm":"Anchor","mn":"Pseudo/DUIK controller-0008","ix":8,"v":0},{"ty":2,"nm":"Color","mn":"Pseudo/DUIK controller-0009","ix":9,"v":{"a":0,"k":[0,0,0,1],"ix":9}},{"ty":0,"nm":"Size","mn":"Pseudo/DUIK controller-0010","ix":10,"v":{"a":0,"k":100,"ix":10}},{"ty":6,"nm":"","mn":"Pseudo/DUIK controller-0011","ix":11,"v":0}]}],"ip":0,"op":48,"st":0,"bm":0},{"ddd":0,"ind":2,"ty":4,"nm":"s6","sr":1,"ks":{"o":{"a":1,"k":[{"i":{"x":[0.833],"y":[0.833]},"o":{"x":[0.167],"y":[0.167]},"t":0,"s":[0]},{"i":{"x":[0.833],"y":[0.833]},"o":{"x":[0.167],"y":[0.167]},"t":4,"s":[100]},{"i":{"x":[0.833],"y":[0.833]},"o":{"x":[0.167],"y":[0.167]},"t":27,"s":[100]},{"t":32,"s":[0]}],"ix":11},"r":{"a":0,"k":0,"ix":10},"p":{"a":1,"k":[{"i":{"x":0.833,"y":0.833},"o":{"x":0.167,"y":0.167},"t":0,"s":[258.758,101.07,0],"to":[0,120,0],"ti":[0,-120,0]},{"t":32,"s":[258.758,821.07,0]}],"ix":2},"a":{"a":0,"k":[343.885,-108.23,0],"ix":1},"s":{"a":0,"k":[1200,1200,100],"ix":6}},"ao":0,"shapes":[{"ty":"gr","it":[{"ind":0,"ty":"sh","ix":1,"ks":{"a":0,"k":{"i":[[0.108,0.06],[0,0],[0,0],[0.033,0.116],[0.12,-0.032],[0,0],[0,0],[0,0],[0.12,-0.031],[-0.031,-0.118],[0,0],[0,0],[0.061,-0.105],[-0.106,-0.061],[0,0],[0,0],[-0.033,-0.116],[-0.1,0],[-0.021,0.005],[0,0],[0,0],[0,0],[-0.1,0],[-0.019,0.005],[0.031,0.117],[0,0],[0,0],[-0.039,0],[-0.043,0.071]],"o":[[0,0],[0,0],[0.119,-0.032],[-0.033,-0.117],[0,0],[0,0],[0,0],[-0.031,-0.117],[-0.12,0.03],[0,0],[0,0],[-0.108,-0.061],[-0.062,0.105],[0,0],[0,0],[-0.12,0.032],[0.028,0.098],[0.02,0],[0,0],[0,0],[0,0],[0.025,0.1],[0.018,0],[0.12,-0.03],[0,0],[0,0],[0.036,0.02],[0.077,0],[0.061,-0.105]],"v":[[346.718,-106.883],[345.836,-107.382],[346.685,-107.611],[346.841,-107.882],[346.565,-108.035],[345.291,-107.689],[342.704,-109.151],[342.372,-110.403],[342.1,-110.561],[341.938,-110.293],[342.158,-109.459],[341.276,-109.957],[340.971,-109.877],[341.053,-109.577],[341.934,-109.078],[341.086,-108.85],[340.929,-108.579],[341.146,-108.419],[341.206,-108.426],[342.479,-108.77],[345.066,-107.309],[345.398,-106.058],[345.615,-105.892],[345.672,-105.899],[345.832,-106.167],[345.611,-107.001],[346.493,-106.504],[346.606,-106.473],[346.801,-106.584]],"c":true},"ix":2},"nm":"Path 1","mn":"ADBE Vector Shape - Group","hd":false},{"ty":"fl","c":{"a":0,"k":[0.65098041296,0.89411765337,1,1],"ix":4},"o":{"a":0,"k":100,"ix":5},"r":1,"bm":0,"nm":"Fill 1","mn":"ADBE Vector Graphic - Fill","hd":false},{"ty":"tr","p":{"a":0,"k":[0,0],"ix":2},"a":{"a":0,"k":[0,0],"ix":1},"s":{"a":0,"k":[100,100],"ix":3},"r":{"a":0,"k":0,"ix":6},"o":{"a":0,"k":100,"ix":7},"sk":{"a":0,"k":0,"ix":4},"sa":{"a":0,"k":0,"ix":5},"nm":"Transform"}],"nm":"Group 1","np":2,"cix":2,"bm":0,"ix":1,"mn":"ADBE Vector Group","hd":false},{"ty":"gr","it":[{"ind":0,"ty":"sh","ix":1,"ks":{"a":0,"k":{"i":[[0.119,0.032],[0,0],[0,0],[0.061,0.105],[0.107,-0.061],[0,0],[0,0],[0.12,0.03],[0.03,-0.117],[0,0],[0,0],[0,0],[0.034,-0.117],[-0.12,-0.032],[0,0],[0,0],[-0.062,-0.105],[-0.077,0],[-0.034,0.02],[0,0],[0,0],[-0.12,-0.03],[-0.02,0],[-0.025,0.1],[0,0],[0,0],[0,0],[-0.021,0],[-0.027,0.098]],"o":[[0,0],[0,0],[0.108,-0.061],[-0.062,-0.105],[0,0],[0,0],[0.031,-0.118],[-0.119,-0.031],[0,0],[0,0],[0,0],[-0.12,-0.032],[-0.033,0.116],[0,0],[0,0],[-0.106,0.06],[0.041,0.071],[0.037,0],[0,0],[0,0],[-0.031,0.117],[0.019,0.005],[0.099,0],[0,0],[0,0],[0,0],[0.021,0.005],[0.099,0],[0.033,-0.116]],"v":[[346.685,-108.85],[345.836,-109.078],[346.718,-109.577],[346.801,-109.877],[346.493,-109.957],[345.611,-109.459],[345.832,-110.293],[345.672,-110.561],[345.398,-110.403],[345.066,-109.151],[342.479,-107.689],[341.206,-108.035],[340.929,-107.882],[341.086,-107.611],[341.934,-107.382],[341.053,-106.883],[340.971,-106.584],[341.166,-106.473],[341.276,-106.504],[342.158,-107.001],[341.938,-106.167],[342.1,-105.899],[342.156,-105.892],[342.372,-106.058],[342.704,-107.31],[345.291,-108.77],[346.565,-108.426],[346.625,-108.419],[346.841,-108.579]],"c":true},"ix":2},"nm":"Path 1","mn":"ADBE Vector Shape - Group","hd":false},{"ty":"fl","c":{"a":0,"k":[0.65098041296,0.89411765337,1,1],"ix":4},"o":{"a":0,"k":100,"ix":5},"r":1,"bm":0,"nm":"Fill 1","mn":"ADBE Vector Graphic - Fill","hd":false},{"ty":"tr","p":{"a":0,"k":[0,0],"ix":2},"a":{"a":0,"k":[0,0],"ix":1},"s":{"a":0,"k":[100,100],"ix":3},"r":{"a":0,"k":0,"ix":6},"o":{"a":0,"k":100,"ix":7},"sk":{"a":0,"k":0,"ix":4},"sa":{"a":0,"k":0,"ix":5},"nm":"Transform"}],"nm":"Group 2","np":2,"cix":2,"bm":0,"ix":2,"mn":"ADBE Vector Group","hd":false},{"ty":"gr","it":[{"ind":0,"ty":"sh","ix":1,"ks":{"a":0,"k":{"i":[[0,0],[0,0],[0,0],[0.086,0.087],[0.087,-0.085],[0,0],[0,0],[0.121,0],[0,-0.121],[0,0],[0,0],[0.084,-0.086],[-0.085,-0.085],[0,0],[0,0],[0,0],[-0.086,-0.087],[-0.058,0],[-0.043,0.044],[0,0],[0,0],[-0.12,0],[0,0.122],[0,0],[0,0],[-0.056,0],[-0.043,0.044],[0.087,0.086]],"o":[[0,0],[0,0],[0.087,-0.085],[-0.084,-0.086],[0,0],[0,0],[0,-0.121],[-0.12,0],[0,0],[0,0],[-0.088,-0.085],[-0.086,0.087],[0,0],[0,0],[0,0],[-0.085,0.086],[0.043,0.044],[0.056,0],[0,0],[0,0],[0,0.122],[0.121,0],[0,0],[0,0],[0.043,0.044],[0.056,0],[0.086,-0.087],[0,0]],"v":[[344.104,-106.769],[344.104,-109.692],[345.027,-110.599],[345.029,-110.909],[344.72,-110.911],[344.104,-110.308],[344.104,-111.304],[343.885,-111.523],[343.665,-111.304],[343.665,-110.308],[343.052,-110.911],[342.741,-110.909],[342.742,-110.599],[343.665,-109.692],[343.665,-106.769],[342.742,-105.862],[342.741,-105.552],[342.898,-105.486],[343.052,-105.55],[343.665,-106.153],[343.665,-105.157],[343.885,-104.938],[344.104,-105.157],[344.104,-106.153],[344.72,-105.55],[344.874,-105.486],[345.029,-105.552],[345.027,-105.862]],"c":true},"ix":2},"nm":"Path 1","mn":"ADBE Vector Shape - Group","hd":false},{"ty":"fl","c":{"a":0,"k":[0.65098041296,0.89411765337,1,1],"ix":4},"o":{"a":0,"k":100,"ix":5},"r":1,"bm":0,"nm":"Fill 1","mn":"ADBE Vector Graphic - Fill","hd":false},{"ty":"tr","p":{"a":0,"k":[0,0],"ix":2},"a":{"a":0,"k":[0,0],"ix":1},"s":{"a":0,"k":[100,100],"ix":3},"r":{"a":0,"k":0,"ix":6},"o":{"a":0,"k":100,"ix":7},"sk":{"a":0,"k":0,"ix":4},"sa":{"a":0,"k":0,"ix":5},"nm":"Transform"}],"nm":"Group 3","np":2,"cix":2,"bm":0,"ix":3,"mn":"ADBE Vector Group","hd":false}],"ip":0,"op":32,"st":0,"bm":0},{"ddd":0,"ind":3,"ty":4,"nm":"s7","sr":1,"ks":{"o":{"a":1,"k":[{"i":{"x":[0.833],"y":[0.833]},"o":{"x":[0.167],"y":[0.167]},"t":-6,"s":[0]},{"i":{"x":[0.833],"y":[0.833]},"o":{"x":[0.167],"y":[0.167]},"t":-2,"s":[100]},{"i":{"x":[0.833],"y":[0.833]},"o":{"x":[0.167],"y":[0.167]},"t":21,"s":[100]},{"t":26,"s":[0]}],"ix":11},"r":{"a":0,"k":0,"ix":10},"p":{"a":1,"k":[{"i":{"x":0.833,"y":0.833},"o":{"x":0.167,"y":0.167},"t":-6,"s":[770.351,78.578,0],"to":[0,120,0],"ti":[0,-120,0]},{"t":26,"s":[770.351,798.578,0]}],"ix":2},"a":{"a":0,"k":[386.518,-70.771,0],"ix":1},"s":{"a":0,"k":[1200,1200,100],"ix":6}},"ao":0,"shapes":[{"ty":"gr","it":[{"ind":0,"ty":"sh","ix":1,"ks":{"a":0,"k":{"i":[[0.108,0.059],[0,0],[0,0],[0.033,0.116],[0.12,-0.032],[0,0],[0,0],[0,0],[0.12,-0.031],[-0.031,-0.118],[0,0],[0,0],[0.061,-0.105],[-0.106,-0.061],[0,0],[0,0],[-0.033,-0.116],[-0.1,0],[-0.02,0.005],[0,0],[0,0],[0,0],[-0.1,0],[-0.019,0.005],[0.031,0.117],[0,0],[0,0],[-0.039,0],[-0.043,0.071]],"o":[[0,0],[0,0],[0.119,-0.032],[-0.033,-0.117],[0,0],[0,0],[0,0],[-0.031,-0.117],[-0.12,0.03],[0,0],[0,0],[-0.107,-0.061],[-0.062,0.105],[0,0],[0,0],[-0.12,0.032],[0.028,0.098],[0.02,0],[0,0],[0,0],[0,0],[0.025,0.1],[0.018,0],[0.12,-0.03],[0,0],[0,0],[0.036,0.02],[0.077,0],[0.061,-0.105]],"v":[[389.351,-69.424],[388.469,-69.923],[389.317,-70.152],[389.474,-70.423],[389.197,-70.576],[387.924,-70.23],[385.337,-71.692],[385.005,-72.944],[384.732,-73.102],[384.57,-72.834],[384.791,-72],[383.909,-72.498],[383.604,-72.418],[383.685,-72.118],[384.566,-71.619],[383.719,-71.391],[383.561,-71.12],[383.779,-70.96],[383.839,-70.967],[385.112,-71.311],[387.699,-69.85],[388.031,-68.599],[388.248,-68.433],[388.305,-68.44],[388.465,-68.708],[388.244,-69.542],[389.126,-69.045],[389.239,-69.014],[389.434,-69.125]],"c":true},"ix":2},"nm":"Path 1","mn":"ADBE Vector Shape - Group","hd":false},{"ty":"fl","c":{"a":0,"k":[0.65098041296,0.89411765337,1,1],"ix":4},"o":{"a":0,"k":100,"ix":5},"r":1,"bm":0,"nm":"Fill 1","mn":"ADBE Vector Graphic - Fill","hd":false},{"ty":"tr","p":{"a":0,"k":[0,0],"ix":2},"a":{"a":0,"k":[0,0],"ix":1},"s":{"a":0,"k":[100,100],"ix":3},"r":{"a":0,"k":0,"ix":6},"o":{"a":0,"k":100,"ix":7},"sk":{"a":0,"k":0,"ix":4},"sa":{"a":0,"k":0,"ix":5},"nm":"Transform"}],"nm":"Group 1","np":2,"cix":2,"bm":0,"ix":1,"mn":"ADBE Vector Group","hd":false},{"ty":"gr","it":[{"ind":0,"ty":"sh","ix":1,"ks":{"a":0,"k":{"i":[[0.119,0.032],[0,0],[0,0],[0.061,0.105],[0.107,-0.061],[0,0],[0,0],[0.12,0.03],[0.03,-0.117],[0,0],[0,0],[0,0],[0.034,-0.117],[-0.12,-0.032],[0,0],[0,0],[-0.062,-0.105],[-0.077,0],[-0.034,0.02],[0,0],[0,0],[-0.12,-0.03],[-0.02,0],[-0.025,0.1],[0,0],[0,0],[0,0],[-0.021,0],[-0.027,0.098]],"o":[[0,0],[0,0],[0.108,-0.061],[-0.062,-0.105],[0,0],[0,0],[0.031,-0.118],[-0.119,-0.031],[0,0],[0,0],[0,0],[-0.12,-0.032],[-0.033,0.116],[0,0],[0,0],[-0.106,0.059],[0.041,0.071],[0.037,0],[0,0],[0,0],[-0.031,0.117],[0.019,0.005],[0.099,0],[0,0],[0,0],[0,0],[0.02,0.005],[0.099,0],[0.033,-0.116]],"v":[[389.317,-71.391],[388.469,-71.619],[389.351,-72.118],[389.434,-72.418],[389.126,-72.498],[388.244,-72],[388.465,-72.834],[388.305,-73.102],[388.031,-72.944],[387.699,-71.692],[385.111,-70.23],[383.839,-70.576],[383.561,-70.423],[383.719,-70.152],[384.566,-69.923],[383.685,-69.424],[383.604,-69.125],[383.799,-69.014],[383.909,-69.045],[384.791,-69.542],[384.57,-68.708],[384.732,-68.44],[384.789,-68.433],[385.005,-68.599],[385.337,-69.851],[387.924,-71.311],[389.197,-70.967],[389.258,-70.96],[389.474,-71.12]],"c":true},"ix":2},"nm":"Path 1","mn":"ADBE Vector Shape - Group","hd":false},{"ty":"fl","c":{"a":0,"k":[0.65098041296,0.89411765337,1,1],"ix":4},"o":{"a":0,"k":100,"ix":5},"r":1,"bm":0,"nm":"Fill 1","mn":"ADBE Vector Graphic - Fill","hd":false},{"ty":"tr","p":{"a":0,"k":[0,0],"ix":2},"a":{"a":0,"k":[0,0],"ix":1},"s":{"a":0,"k":[100,100],"ix":3},"r":{"a":0,"k":0,"ix":6},"o":{"a":0,"k":100,"ix":7},"sk":{"a":0,"k":0,"ix":4},"sa":{"a":0,"k":0,"ix":5},"nm":"Transform"}],"nm":"Group 2","np":2,"cix":2,"bm":0,"ix":2,"mn":"ADBE Vector Group","hd":false},{"ty":"gr","it":[{"ind":0,"ty":"sh","ix":1,"ks":{"a":0,"k":{"i":[[0,0],[0,0],[0,0],[0.086,0.087],[0.087,-0.085],[0,0],[0,0],[0.121,0],[0,-0.121],[0,0],[0,0],[0.084,-0.086],[-0.085,-0.085],[0,0],[0,0],[0,0],[-0.086,-0.087],[-0.058,0],[-0.043,0.044],[0,0],[0,0],[-0.12,0],[0,0.122],[0,0],[0,0],[-0.056,0],[-0.043,0.044],[0.087,0.086]],"o":[[0,0],[0,0],[0.087,-0.085],[-0.084,-0.086],[0,0],[0,0],[0,-0.121],[-0.12,0],[0,0],[0,0],[-0.088,-0.085],[-0.086,0.087],[0,0],[0,0],[0,0],[-0.085,0.086],[0.043,0.044],[0.056,0],[0,0],[0,0],[0,0.122],[0.121,0],[0,0],[0,0],[0.043,0.044],[0.056,0],[0.086,-0.087],[0,0]],"v":[[386.737,-69.31],[386.737,-72.233],[387.66,-73.14],[387.662,-73.45],[387.352,-73.452],[386.737,-72.849],[386.737,-73.845],[386.518,-74.064],[386.298,-73.845],[386.298,-72.849],[385.685,-73.452],[385.374,-73.45],[385.375,-73.14],[386.298,-72.233],[386.298,-69.31],[385.375,-68.403],[385.374,-68.093],[385.53,-68.027],[385.685,-68.091],[386.298,-68.694],[386.298,-67.698],[386.518,-67.479],[386.737,-67.698],[386.737,-68.694],[387.352,-68.091],[387.507,-68.027],[387.662,-68.093],[387.66,-68.403]],"c":true},"ix":2},"nm":"Path 1","mn":"ADBE Vector Shape - Group","hd":false},{"ty":"fl","c":{"a":0,"k":[0.65098041296,0.89411765337,1,1],"ix":4},"o":{"a":0,"k":100,"ix":5},"r":1,"bm":0,"nm":"Fill 1","mn":"ADBE Vector Graphic - Fill","hd":false},{"ty":"tr","p":{"a":0,"k":[0,0],"ix":2},"a":{"a":0,"k":[0,0],"ix":1},"s":{"a":0,"k":[100,100],"ix":3},"r":{"a":0,"k":0,"ix":6},"o":{"a":0,"k":100,"ix":7},"sk":{"a":0,"k":0,"ix":4},"sa":{"a":0,"k":0,"ix":5},"nm":"Transform"}],"nm":"Group 3","np":2,"cix":2,"bm":0,"ix":3,"mn":"ADBE Vector Group","hd":false}],"ip":0,"op":26,"st":-6,"bm":0},{"ddd":0,"ind":4,"ty":4,"nm":"s5","sr":1,"ks":{"o":{"a":1,"k":[{"i":{"x":[0.833],"y":[0.833]},"o":{"x":[0.167],"y":[0.167]},"t":42,"s":[0]},{"i":{"x":[0.833],"y":[0.833]},"o":{"x":[0.167],"y":[0.167]},"t":46,"s":[100]},{"i":{"x":[0.833],"y":[0.833]},"o":{"x":[0.167],"y":[0.167]},"t":69,"s":[100]},{"t":74,"s":[0]}],"ix":11},"r":{"a":0,"k":0,"ix":10},"p":{"a":1,"k":[{"i":{"x":0.833,"y":0.833},"o":{"x":0.167,"y":0.167},"t":42,"s":[770.351,78.578,0],"to":[0,120,0],"ti":[0,-120,0]},{"t":74,"s":[770.351,798.578,0]}],"ix":2},"a":{"a":0,"k":[386.518,-70.771,0],"ix":1},"s":{"a":0,"k":[1200,1200,100],"ix":6}},"ao":0,"shapes":[{"ty":"gr","it":[{"ind":0,"ty":"sh","ix":1,"ks":{"a":0,"k":{"i":[[0.108,0.059],[0,0],[0,0],[0.033,0.116],[0.12,-0.032],[0,0],[0,0],[0,0],[0.12,-0.031],[-0.031,-0.118],[0,0],[0,0],[0.061,-0.105],[-0.106,-0.061],[0,0],[0,0],[-0.033,-0.116],[-0.1,0],[-0.02,0.005],[0,0],[0,0],[0,0],[-0.1,0],[-0.019,0.005],[0.031,0.117],[0,0],[0,0],[-0.039,0],[-0.043,0.071]],"o":[[0,0],[0,0],[0.119,-0.032],[-0.033,-0.117],[0,0],[0,0],[0,0],[-0.031,-0.117],[-0.12,0.03],[0,0],[0,0],[-0.107,-0.061],[-0.062,0.105],[0,0],[0,0],[-0.12,0.032],[0.028,0.098],[0.02,0],[0,0],[0,0],[0,0],[0.025,0.1],[0.018,0],[0.12,-0.03],[0,0],[0,0],[0.036,0.02],[0.077,0],[0.061,-0.105]],"v":[[389.351,-69.424],[388.469,-69.923],[389.317,-70.152],[389.474,-70.423],[389.197,-70.576],[387.924,-70.23],[385.337,-71.692],[385.005,-72.944],[384.732,-73.102],[384.57,-72.834],[384.791,-72],[383.909,-72.498],[383.604,-72.418],[383.685,-72.118],[384.566,-71.619],[383.719,-71.391],[383.561,-71.12],[383.779,-70.96],[383.839,-70.967],[385.112,-71.311],[387.699,-69.85],[388.031,-68.599],[388.248,-68.433],[388.305,-68.44],[388.465,-68.708],[388.244,-69.542],[389.126,-69.045],[389.239,-69.014],[389.434,-69.125]],"c":true},"ix":2},"nm":"Path 1","mn":"ADBE Vector Shape - Group","hd":false},{"ty":"fl","c":{"a":0,"k":[0.65098041296,0.89411765337,1,1],"ix":4},"o":{"a":0,"k":100,"ix":5},"r":1,"bm":0,"nm":"Fill 1","mn":"ADBE Vector Graphic - Fill","hd":false},{"ty":"tr","p":{"a":0,"k":[0,0],"ix":2},"a":{"a":0,"k":[0,0],"ix":1},"s":{"a":0,"k":[100,100],"ix":3},"r":{"a":0,"k":0,"ix":6},"o":{"a":0,"k":100,"ix":7},"sk":{"a":0,"k":0,"ix":4},"sa":{"a":0,"k":0,"ix":5},"nm":"Transform"}],"nm":"Group 1","np":2,"cix":2,"bm":0,"ix":1,"mn":"ADBE Vector Group","hd":false},{"ty":"gr","it":[{"ind":0,"ty":"sh","ix":1,"ks":{"a":0,"k":{"i":[[0.119,0.032],[0,0],[0,0],[0.061,0.105],[0.107,-0.061],[0,0],[0,0],[0.12,0.03],[0.03,-0.117],[0,0],[0,0],[0,0],[0.034,-0.117],[-0.12,-0.032],[0,0],[0,0],[-0.062,-0.105],[-0.077,0],[-0.034,0.02],[0,0],[0,0],[-0.12,-0.03],[-0.02,0],[-0.025,0.1],[0,0],[0,0],[0,0],[-0.021,0],[-0.027,0.098]],"o":[[0,0],[0,0],[0.108,-0.061],[-0.062,-0.105],[0,0],[0,0],[0.031,-0.118],[-0.119,-0.031],[0,0],[0,0],[0,0],[-0.12,-0.032],[-0.033,0.116],[0,0],[0,0],[-0.106,0.059],[0.041,0.071],[0.037,0],[0,0],[0,0],[-0.031,0.117],[0.019,0.005],[0.099,0],[0,0],[0,0],[0,0],[0.02,0.005],[0.099,0],[0.033,-0.116]],"v":[[389.317,-71.391],[388.469,-71.619],[389.351,-72.118],[389.434,-72.418],[389.126,-72.498],[388.244,-72],[388.465,-72.834],[388.305,-73.102],[388.031,-72.944],[387.699,-71.692],[385.111,-70.23],[383.839,-70.576],[383.561,-70.423],[383.719,-70.152],[384.566,-69.923],[383.685,-69.424],[383.604,-69.125],[383.799,-69.014],[383.909,-69.045],[384.791,-69.542],[384.57,-68.708],[384.732,-68.44],[384.789,-68.433],[385.005,-68.599],[385.337,-69.851],[387.924,-71.311],[389.197,-70.967],[389.258,-70.96],[389.474,-71.12]],"c":true},"ix":2},"nm":"Path 1","mn":"ADBE Vector Shape - Group","hd":false},{"ty":"fl","c":{"a":0,"k":[0.65098041296,0.89411765337,1,1],"ix":4},"o":{"a":0,"k":100,"ix":5},"r":1,"bm":0,"nm":"Fill 1","mn":"ADBE Vector Graphic - Fill","hd":false},{"ty":"tr","p":{"a":0,"k":[0,0],"ix":2},"a":{"a":0,"k":[0,0],"ix":1},"s":{"a":0,"k":[100,100],"ix":3},"r":{"a":0,"k":0,"ix":6},"o":{"a":0,"k":100,"ix":7},"sk":{"a":0,"k":0,"ix":4},"sa":{"a":0,"k":0,"ix":5},"nm":"Transform"}],"nm":"Group 2","np":2,"cix":2,"bm":0,"ix":2,"mn":"ADBE Vector Group","hd":false},{"ty":"gr","it":[{"ind":0,"ty":"sh","ix":1,"ks":{"a":0,"k":{"i":[[0,0],[0,0],[0,0],[0.086,0.087],[0.087,-0.085],[0,0],[0,0],[0.121,0],[0,-0.121],[0,0],[0,0],[0.084,-0.086],[-0.085,-0.085],[0,0],[0,0],[0,0],[-0.086,-0.087],[-0.058,0],[-0.043,0.044],[0,0],[0,0],[-0.12,0],[0,0.122],[0,0],[0,0],[-0.056,0],[-0.043,0.044],[0.087,0.086]],"o":[[0,0],[0,0],[0.087,-0.085],[-0.084,-0.086],[0,0],[0,0],[0,-0.121],[-0.12,0],[0,0],[0,0],[-0.088,-0.085],[-0.086,0.087],[0,0],[0,0],[0,0],[-0.085,0.086],[0.043,0.044],[0.056,0],[0,0],[0,0],[0,0.122],[0.121,0],[0,0],[0,0],[0.043,0.044],[0.056,0],[0.086,-0.087],[0,0]],"v":[[386.737,-69.31],[386.737,-72.233],[387.66,-73.14],[387.662,-73.45],[387.352,-73.452],[386.737,-72.849],[386.737,-73.845],[386.518,-74.064],[386.298,-73.845],[386.298,-72.849],[385.685,-73.452],[385.374,-73.45],[385.375,-73.14],[386.298,-72.233],[386.298,-69.31],[385.375,-68.403],[385.374,-68.093],[385.53,-68.027],[385.685,-68.091],[386.298,-68.694],[386.298,-67.698],[386.518,-67.479],[386.737,-67.698],[386.737,-68.694],[387.352,-68.091],[387.507,-68.027],[387.662,-68.093],[387.66,-68.403]],"c":true},"ix":2},"nm":"Path 1","mn":"ADBE Vector Shape - Group","hd":false},{"ty":"fl","c":{"a":0,"k":[0.65098041296,0.89411765337,1,1],"ix":4},"o":{"a":0,"k":100,"ix":5},"r":1,"bm":0,"nm":"Fill 1","mn":"ADBE Vector Graphic - Fill","hd":false},{"ty":"tr","p":{"a":0,"k":[0,0],"ix":2},"a":{"a":0,"k":[0,0],"ix":1},"s":{"a":0,"k":[100,100],"ix":3},"r":{"a":0,"k":0,"ix":6},"o":{"a":0,"k":100,"ix":7},"sk":{"a":0,"k":0,"ix":4},"sa":{"a":0,"k":0,"ix":5},"nm":"Transform"}],"nm":"Group 3","np":2,"cix":2,"bm":0,"ix":3,"mn":"ADBE Vector Group","hd":false}],"ip":42,"op":48,"st":42,"bm":0},{"ddd":0,"ind":5,"ty":4,"nm":"s4","sr":1,"ks":{"o":{"a":1,"k":[{"i":{"x":[0.833],"y":[0.833]},"o":{"x":[0.167],"y":[0.167]},"t":7,"s":[0]},{"i":{"x":[0.833],"y":[0.833]},"o":{"x":[0.167],"y":[0.167]},"t":11,"s":[100]},{"i":{"x":[0.833],"y":[0.833]},"o":{"x":[0.167],"y":[0.167]},"t":34,"s":[100]},{"t":39,"s":[0]}],"ix":11},"r":{"a":0,"k":0,"ix":10},"p":{"a":1,"k":[{"i":{"x":0.833,"y":0.833},"o":{"x":0.167,"y":0.167},"t":7,"s":[819.184,86.14,0],"to":[0,120,0],"ti":[0,-120,0]},{"t":39,"s":[819.184,806.14,0]}],"ix":2},"a":{"a":0,"k":[390.587,-82.475,0],"ix":1},"s":{"a":0,"k":[1200,1200,100],"ix":6}},"ao":0,"shapes":[{"ty":"gr","it":[{"ind":0,"ty":"sh","ix":1,"ks":{"a":0,"k":{"i":[[0.108,0.06],[0,0],[0,0],[0.033,0.116],[0.12,-0.032],[0,0],[0,0],[0,0],[0.12,-0.031],[-0.031,-0.118],[0,0],[0,0],[0.06,-0.105],[-0.107,-0.061],[0,0],[0,0],[-0.033,-0.116],[-0.1,0],[-0.021,0.005],[0,0],[0,0],[0,0],[-0.1,0],[-0.018,0.005],[0.031,0.117],[0,0],[0,0],[-0.039,0],[-0.043,0.071]],"o":[[0,0],[0,0],[0.119,-0.032],[-0.033,-0.117],[0,0],[0,0],[0,0],[-0.031,-0.117],[-0.12,0.03],[0,0],[0,0],[-0.107,-0.061],[-0.062,0.105],[0,0],[0,0],[-0.12,0.032],[0.028,0.098],[0.02,0],[0,0],[0,0],[0,0],[0.025,0.1],[0.018,0],[0.12,-0.03],[0,0],[0,0],[0.036,0.02],[0.077,0],[0.062,-0.105]],"v":[[393.42,-81.127],[392.538,-81.626],[393.387,-81.855],[393.543,-82.126],[393.267,-82.279],[391.993,-81.933],[389.406,-83.395],[389.074,-84.648],[388.802,-84.806],[388.64,-84.537],[388.86,-83.703],[387.979,-84.201],[387.673,-84.121],[387.755,-83.821],[388.636,-83.322],[387.788,-83.094],[387.631,-82.823],[387.849,-82.663],[387.908,-82.67],[389.182,-83.015],[391.769,-81.553],[392.101,-80.302],[392.317,-80.136],[392.374,-80.144],[392.534,-80.411],[392.314,-81.245],[393.195,-80.748],[393.309,-80.717],[393.503,-80.828]],"c":true},"ix":2},"nm":"Path 1","mn":"ADBE Vector Shape - Group","hd":false},{"ty":"fl","c":{"a":0,"k":[0.458823531866,0.839215695858,1,1],"ix":4},"o":{"a":0,"k":100,"ix":5},"r":1,"bm":0,"nm":"Fill 1","mn":"ADBE Vector Graphic - Fill","hd":false},{"ty":"tr","p":{"a":0,"k":[0,0],"ix":2},"a":{"a":0,"k":[0,0],"ix":1},"s":{"a":0,"k":[100,100],"ix":3},"r":{"a":0,"k":0,"ix":6},"o":{"a":0,"k":100,"ix":7},"sk":{"a":0,"k":0,"ix":4},"sa":{"a":0,"k":0,"ix":5},"nm":"Transform"}],"nm":"Group 1","np":2,"cix":2,"bm":0,"ix":1,"mn":"ADBE Vector Group","hd":false},{"ty":"gr","it":[{"ind":0,"ty":"sh","ix":1,"ks":{"a":0,"k":{"i":[[0.119,0.032],[0,0],[0,0],[0.062,0.105],[0.107,-0.061],[0,0],[0,0],[0.12,0.03],[0.03,-0.117],[0,0],[0,0],[0,0],[0.034,-0.117],[-0.12,-0.032],[0,0],[0,0],[-0.062,-0.105],[-0.077,0],[-0.034,0.02],[0,0],[0,0],[-0.12,-0.03],[-0.02,0],[-0.025,0.1],[0,0],[0,0],[0,0],[-0.021,0],[-0.027,0.098]],"o":[[0,0],[0,0],[0.108,-0.061],[-0.062,-0.105],[0,0],[0,0],[0.031,-0.118],[-0.119,-0.031],[0,0],[0,0],[0,0],[-0.12,-0.032],[-0.033,0.116],[0,0],[0,0],[-0.107,0.06],[0.041,0.071],[0.037,0],[0,0],[0,0],[-0.031,0.117],[0.018,0.005],[0.099,0],[0,0],[0,0],[0,0],[0.021,0.005],[0.099,0],[0.033,-0.116]],"v":[[393.387,-83.094],[392.538,-83.322],[393.42,-83.821],[393.503,-84.121],[393.195,-84.201],[392.314,-83.703],[392.534,-84.537],[392.374,-84.806],[392.101,-84.648],[391.769,-83.395],[389.181,-81.933],[387.908,-82.279],[387.631,-82.126],[387.788,-81.855],[388.636,-81.626],[387.755,-81.127],[387.673,-80.828],[387.868,-80.717],[387.979,-80.748],[388.86,-81.245],[388.64,-80.411],[388.802,-80.144],[388.858,-80.136],[389.074,-80.302],[389.406,-81.554],[391.993,-83.015],[393.267,-82.67],[393.327,-82.663],[393.543,-82.823]],"c":true},"ix":2},"nm":"Path 1","mn":"ADBE Vector Shape - Group","hd":false},{"ty":"fl","c":{"a":0,"k":[0.458823531866,0.839215695858,1,1],"ix":4},"o":{"a":0,"k":100,"ix":5},"r":1,"bm":0,"nm":"Fill 1","mn":"ADBE Vector Graphic - Fill","hd":false},{"ty":"tr","p":{"a":0,"k":[0,0],"ix":2},"a":{"a":0,"k":[0,0],"ix":1},"s":{"a":0,"k":[100,100],"ix":3},"r":{"a":0,"k":0,"ix":6},"o":{"a":0,"k":100,"ix":7},"sk":{"a":0,"k":0,"ix":4},"sa":{"a":0,"k":0,"ix":5},"nm":"Transform"}],"nm":"Group 2","np":2,"cix":2,"bm":0,"ix":2,"mn":"ADBE Vector Group","hd":false},{"ty":"gr","it":[{"ind":0,"ty":"sh","ix":1,"ks":{"a":0,"k":{"i":[[0,0],[0,0],[0,0],[0.086,0.087],[0.087,-0.085],[0,0],[0,0],[0.121,0],[0,-0.121],[0,0],[0,0],[0.084,-0.086],[-0.085,-0.085],[0,0],[0,0],[0,0],[-0.086,-0.087],[-0.058,0],[-0.043,0.044],[0,0],[0,0],[-0.12,0],[0,0.122],[0,0],[0,0],[-0.056,0],[-0.043,0.044],[0.087,0.086]],"o":[[0,0],[0,0],[0.087,-0.085],[-0.084,-0.086],[0,0],[0,0],[0,-0.121],[-0.12,0],[0,0],[0,0],[-0.088,-0.085],[-0.086,0.087],[0,0],[0,0],[0,0],[-0.085,0.086],[0.043,0.044],[0.056,0],[0,0],[0,0],[0,0.122],[0.121,0],[0,0],[0,0],[0.043,0.044],[0.056,0],[0.086,-0.087],[0,0]],"v":[[390.807,-81.013],[390.807,-83.936],[391.729,-84.843],[391.731,-85.153],[391.422,-85.155],[390.807,-84.552],[390.807,-85.548],[390.587,-85.768],[390.367,-85.548],[390.367,-84.552],[389.754,-85.155],[389.443,-85.153],[389.444,-84.843],[390.367,-83.936],[390.367,-81.013],[389.444,-80.106],[389.443,-79.796],[389.6,-79.73],[389.754,-79.794],[390.367,-80.398],[390.367,-79.401],[390.587,-79.182],[390.807,-79.401],[390.807,-80.398],[391.422,-79.794],[391.576,-79.73],[391.731,-79.796],[391.729,-80.106]],"c":true},"ix":2},"nm":"Path 1","mn":"ADBE Vector Shape - Group","hd":false},{"ty":"fl","c":{"a":0,"k":[0.458823531866,0.839215695858,1,1],"ix":4},"o":{"a":0,"k":100,"ix":5},"r":1,"bm":0,"nm":"Fill 1","mn":"ADBE Vector Graphic - Fill","hd":false},{"ty":"tr","p":{"a":0,"k":[0,0],"ix":2},"a":{"a":0,"k":[0,0],"ix":1},"s":{"a":0,"k":[100,100],"ix":3},"r":{"a":0,"k":0,"ix":6},"o":{"a":0,"k":100,"ix":7},"sk":{"a":0,"k":0,"ix":4},"sa":{"a":0,"k":0,"ix":5},"nm":"Transform"}],"nm":"Group 3","np":2,"cix":2,"bm":0,"ix":3,"mn":"ADBE Vector Group","hd":false}],"ip":7,"op":39,"st":7,"bm":0},{"ddd":0,"ind":6,"ty":4,"nm":"s10","sr":1,"ks":{"o":{"a":1,"k":[{"i":{"x":[0.833],"y":[0.833]},"o":{"x":[0.167],"y":[0.167]},"t":-14,"s":[0]},{"i":{"x":[0.833],"y":[0.833]},"o":{"x":[0.167],"y":[0.167]},"t":-10,"s":[100]},{"i":{"x":[0.833],"y":[0.833]},"o":{"x":[0.167],"y":[0.167]},"t":13,"s":[100]},{"t":18,"s":[0]}],"ix":11},"r":{"a":0,"k":0,"ix":10},"p":{"a":1,"k":[{"i":{"x":0.833,"y":0.833},"o":{"x":0.167,"y":0.167},"t":-14,"s":[253.648,84.644,0],"to":[0,120,0],"ti":[0,-120,0]},{"t":18,"s":[253.648,804.644,0]}],"ix":2},"a":{"a":0,"k":[343.459,-68.433,0],"ix":1},"s":{"a":0,"k":[1200,1200,100],"ix":6}},"ao":0,"shapes":[{"ty":"gr","it":[{"ind":0,"ty":"sh","ix":1,"ks":{"a":0,"k":{"i":[[0.108,0.06],[0,0],[0,0],[0.033,0.116],[0.12,-0.032],[0,0],[0,0],[0,0],[0.12,-0.031],[-0.031,-0.118],[0,0],[0,0],[0.061,-0.105],[-0.107,-0.061],[0,0],[0,0],[-0.033,-0.116],[-0.1,0],[-0.02,0.005],[0,0],[0,0],[0,0],[-0.1,0],[-0.019,0.005],[0.031,0.117],[0,0],[0,0],[-0.039,0],[-0.043,0.071]],"o":[[0,0],[0,0],[0.119,-0.032],[-0.033,-0.117],[0,0],[0,0],[0,0],[-0.031,-0.117],[-0.12,0.03],[0,0],[0,0],[-0.107,-0.061],[-0.062,0.105],[0,0],[0,0],[-0.12,0.032],[0.028,0.098],[0.02,0],[0,0],[0,0],[0,0],[0.025,0.1],[0.018,0],[0.12,-0.03],[0,0],[0,0],[0.036,0.021],[0.077,0],[0.061,-0.105]],"v":[[346.292,-67.085],[345.41,-67.584],[346.259,-67.814],[346.415,-68.084],[346.139,-68.237],[344.865,-67.891],[342.278,-69.354],[341.946,-70.605],[341.674,-70.764],[341.512,-70.495],[341.732,-69.661],[340.851,-70.159],[340.545,-70.079],[340.627,-69.779],[341.508,-69.28],[340.66,-69.052],[340.503,-68.781],[340.721,-68.621],[340.78,-68.628],[342.054,-68.973],[344.641,-67.511],[344.973,-66.26],[345.19,-66.094],[345.246,-66.102],[345.406,-66.369],[345.185,-67.203],[346.067,-66.706],[346.181,-66.675],[346.375,-66.786]],"c":true},"ix":2},"nm":"Path 1","mn":"ADBE Vector Shape - Group","hd":false},{"ty":"fl","c":{"a":0,"k":[0.458823531866,0.839215695858,1,1],"ix":4},"o":{"a":0,"k":100,"ix":5},"r":1,"bm":0,"nm":"Fill 1","mn":"ADBE Vector Graphic - Fill","hd":false},{"ty":"tr","p":{"a":0,"k":[0,0],"ix":2},"a":{"a":0,"k":[0,0],"ix":1},"s":{"a":0,"k":[100,100],"ix":3},"r":{"a":0,"k":0,"ix":6},"o":{"a":0,"k":100,"ix":7},"sk":{"a":0,"k":0,"ix":4},"sa":{"a":0,"k":0,"ix":5},"nm":"Transform"}],"nm":"Group 1","np":2,"cix":2,"bm":0,"ix":1,"mn":"ADBE Vector Group","hd":false},{"ty":"gr","it":[{"ind":0,"ty":"sh","ix":1,"ks":{"a":0,"k":{"i":[[0.119,0.032],[0,0],[0,0],[0.061,0.105],[0.107,-0.061],[0,0],[0,0],[0.12,0.03],[0.03,-0.117],[0,0],[0,0],[0,0],[0.034,-0.117],[-0.12,-0.032],[0,0],[0,0],[-0.062,-0.105],[-0.077,0],[-0.034,0.021],[0,0],[0,0],[-0.12,-0.03],[-0.02,0],[-0.025,0.1],[0,0],[0,0],[0,0],[-0.021,0],[-0.027,0.098]],"o":[[0,0],[0,0],[0.108,-0.061],[-0.062,-0.105],[0,0],[0,0],[0.031,-0.118],[-0.119,-0.031],[0,0],[0,0],[0,0],[-0.12,-0.032],[-0.033,0.116],[0,0],[0,0],[-0.107,0.06],[0.041,0.071],[0.037,0],[0,0],[0,0],[-0.031,0.117],[0.019,0.005],[0.099,0],[0,0],[0,0],[0,0],[0.02,0.005],[0.099,0],[0.033,-0.116]],"v":[[346.259,-69.052],[345.41,-69.28],[346.292,-69.779],[346.375,-70.079],[346.067,-70.159],[345.185,-69.661],[345.406,-70.495],[345.246,-70.764],[344.973,-70.605],[344.641,-69.354],[342.053,-67.891],[340.78,-68.237],[340.503,-68.084],[340.66,-67.814],[341.508,-67.584],[340.627,-67.085],[340.545,-66.786],[340.74,-66.675],[340.851,-66.706],[341.732,-67.203],[341.512,-66.369],[341.674,-66.102],[341.73,-66.094],[341.946,-66.26],[342.278,-67.512],[344.865,-68.973],[346.139,-68.628],[346.199,-68.621],[346.415,-68.781]],"c":true},"ix":2},"nm":"Path 1","mn":"ADBE Vector Shape - Group","hd":false},{"ty":"fl","c":{"a":0,"k":[0.458823531866,0.839215695858,1,1],"ix":4},"o":{"a":0,"k":100,"ix":5},"r":1,"bm":0,"nm":"Fill 1","mn":"ADBE Vector Graphic - Fill","hd":false},{"ty":"tr","p":{"a":0,"k":[0,0],"ix":2},"a":{"a":0,"k":[0,0],"ix":1},"s":{"a":0,"k":[100,100],"ix":3},"r":{"a":0,"k":0,"ix":6},"o":{"a":0,"k":100,"ix":7},"sk":{"a":0,"k":0,"ix":4},"sa":{"a":0,"k":0,"ix":5},"nm":"Transform"}],"nm":"Group 2","np":2,"cix":2,"bm":0,"ix":2,"mn":"ADBE Vector Group","hd":false},{"ty":"gr","it":[{"ind":0,"ty":"sh","ix":1,"ks":{"a":0,"k":{"i":[[0,0],[0,0],[0,0],[0.086,0.087],[0.087,-0.085],[0,0],[0,0],[0.121,0],[0,-0.121],[0,0],[0,0],[0.084,-0.086],[-0.085,-0.085],[0,0],[0,0],[0,0],[-0.086,-0.087],[-0.058,0],[-0.043,0.044],[0,0],[0,0],[-0.12,0],[0,0.122],[0,0],[0,0],[-0.056,0],[-0.043,0.044],[0.087,0.086]],"o":[[0,0],[0,0],[0.087,-0.085],[-0.084,-0.086],[0,0],[0,0],[0,-0.121],[-0.12,0],[0,0],[0,0],[-0.088,-0.085],[-0.086,0.087],[0,0],[0,0],[0,0],[-0.085,0.086],[0.043,0.044],[0.056,0],[0,0],[0,0],[0,0.122],[0.121,0],[0,0],[0,0],[0.043,0.044],[0.056,0],[0.086,-0.087],[0,0]],"v":[[343.679,-66.971],[343.679,-69.895],[344.602,-70.801],[344.604,-71.111],[344.294,-71.113],[343.679,-70.51],[343.679,-71.506],[343.459,-71.726],[343.239,-71.506],[343.239,-70.51],[342.626,-71.113],[342.315,-71.111],[342.316,-70.801],[343.239,-69.895],[343.239,-66.971],[342.316,-66.064],[342.315,-65.754],[342.472,-65.689],[342.626,-65.752],[343.239,-66.355],[343.239,-65.359],[343.459,-65.14],[343.679,-65.359],[343.679,-66.355],[344.294,-65.752],[344.448,-65.689],[344.604,-65.754],[344.602,-66.064]],"c":true},"ix":2},"nm":"Path 1","mn":"ADBE Vector Shape - Group","hd":false},{"ty":"fl","c":{"a":0,"k":[0.458823531866,0.839215695858,1,1],"ix":4},"o":{"a":0,"k":100,"ix":5},"r":1,"bm":0,"nm":"Fill 1","mn":"ADBE Vector Graphic - Fill","hd":false},{"ty":"tr","p":{"a":0,"k":[0,0],"ix":2},"a":{"a":0,"k":[0,0],"ix":1},"s":{"a":0,"k":[100,100],"ix":3},"r":{"a":0,"k":0,"ix":6},"o":{"a":0,"k":100,"ix":7},"sk":{"a":0,"k":0,"ix":4},"sa":{"a":0,"k":0,"ix":5},"nm":"Transform"}],"nm":"Group 3","np":2,"cix":2,"bm":0,"ix":3,"mn":"ADBE Vector Group","hd":false}],"ip":0,"op":18,"st":-14,"bm":0},{"ddd":0,"ind":7,"ty":4,"nm":"s3","sr":1,"ks":{"o":{"a":1,"k":[{"i":{"x":[0.833],"y":[0.833]},"o":{"x":[0.167],"y":[0.167]},"t":33,"s":[0]},{"i":{"x":[0.833],"y":[0.833]},"o":{"x":[0.167],"y":[0.167]},"t":37,"s":[100]},{"i":{"x":[0.833],"y":[0.833]},"o":{"x":[0.167],"y":[0.167]},"t":60,"s":[100]},{"t":65,"s":[0]}],"ix":11},"r":{"a":0,"k":0,"ix":10},"p":{"a":1,"k":[{"i":{"x":0.833,"y":0.833},"o":{"x":0.167,"y":0.167},"t":33,"s":[253.648,84.644,0],"to":[0,120,0],"ti":[0,-120,0]},{"t":65,"s":[253.648,804.644,0]}],"ix":2},"a":{"a":0,"k":[343.459,-68.433,0],"ix":1},"s":{"a":0,"k":[1200,1200,100],"ix":6}},"ao":0,"shapes":[{"ty":"gr","it":[{"ind":0,"ty":"sh","ix":1,"ks":{"a":0,"k":{"i":[[0.108,0.06],[0,0],[0,0],[0.033,0.116],[0.12,-0.032],[0,0],[0,0],[0,0],[0.12,-0.031],[-0.031,-0.118],[0,0],[0,0],[0.061,-0.105],[-0.107,-0.061],[0,0],[0,0],[-0.033,-0.116],[-0.1,0],[-0.02,0.005],[0,0],[0,0],[0,0],[-0.1,0],[-0.019,0.005],[0.031,0.117],[0,0],[0,0],[-0.039,0],[-0.043,0.071]],"o":[[0,0],[0,0],[0.119,-0.032],[-0.033,-0.117],[0,0],[0,0],[0,0],[-0.031,-0.117],[-0.12,0.03],[0,0],[0,0],[-0.107,-0.061],[-0.062,0.105],[0,0],[0,0],[-0.12,0.032],[0.028,0.098],[0.02,0],[0,0],[0,0],[0,0],[0.025,0.1],[0.018,0],[0.12,-0.03],[0,0],[0,0],[0.036,0.021],[0.077,0],[0.061,-0.105]],"v":[[346.292,-67.085],[345.41,-67.584],[346.259,-67.814],[346.415,-68.084],[346.139,-68.237],[344.865,-67.891],[342.278,-69.354],[341.946,-70.605],[341.674,-70.764],[341.512,-70.495],[341.732,-69.661],[340.851,-70.159],[340.545,-70.079],[340.627,-69.779],[341.508,-69.28],[340.66,-69.052],[340.503,-68.781],[340.721,-68.621],[340.78,-68.628],[342.054,-68.973],[344.641,-67.511],[344.973,-66.26],[345.19,-66.094],[345.246,-66.102],[345.406,-66.369],[345.185,-67.203],[346.067,-66.706],[346.181,-66.675],[346.375,-66.786]],"c":true},"ix":2},"nm":"Path 1","mn":"ADBE Vector Shape - Group","hd":false},{"ty":"fl","c":{"a":0,"k":[0.458823531866,0.839215695858,1,1],"ix":4},"o":{"a":0,"k":100,"ix":5},"r":1,"bm":0,"nm":"Fill 1","mn":"ADBE Vector Graphic - Fill","hd":false},{"ty":"tr","p":{"a":0,"k":[0,0],"ix":2},"a":{"a":0,"k":[0,0],"ix":1},"s":{"a":0,"k":[100,100],"ix":3},"r":{"a":0,"k":0,"ix":6},"o":{"a":0,"k":100,"ix":7},"sk":{"a":0,"k":0,"ix":4},"sa":{"a":0,"k":0,"ix":5},"nm":"Transform"}],"nm":"Group 1","np":2,"cix":2,"bm":0,"ix":1,"mn":"ADBE Vector Group","hd":false},{"ty":"gr","it":[{"ind":0,"ty":"sh","ix":1,"ks":{"a":0,"k":{"i":[[0.119,0.032],[0,0],[0,0],[0.061,0.105],[0.107,-0.061],[0,0],[0,0],[0.12,0.03],[0.03,-0.117],[0,0],[0,0],[0,0],[0.034,-0.117],[-0.12,-0.032],[0,0],[0,0],[-0.062,-0.105],[-0.077,0],[-0.034,0.021],[0,0],[0,0],[-0.12,-0.03],[-0.02,0],[-0.025,0.1],[0,0],[0,0],[0,0],[-0.021,0],[-0.027,0.098]],"o":[[0,0],[0,0],[0.108,-0.061],[-0.062,-0.105],[0,0],[0,0],[0.031,-0.118],[-0.119,-0.031],[0,0],[0,0],[0,0],[-0.12,-0.032],[-0.033,0.116],[0,0],[0,0],[-0.107,0.06],[0.041,0.071],[0.037,0],[0,0],[0,0],[-0.031,0.117],[0.019,0.005],[0.099,0],[0,0],[0,0],[0,0],[0.02,0.005],[0.099,0],[0.033,-0.116]],"v":[[346.259,-69.052],[345.41,-69.28],[346.292,-69.779],[346.375,-70.079],[346.067,-70.159],[345.185,-69.661],[345.406,-70.495],[345.246,-70.764],[344.973,-70.605],[344.641,-69.354],[342.053,-67.891],[340.78,-68.237],[340.503,-68.084],[340.66,-67.814],[341.508,-67.584],[340.627,-67.085],[340.545,-66.786],[340.74,-66.675],[340.851,-66.706],[341.732,-67.203],[341.512,-66.369],[341.674,-66.102],[341.73,-66.094],[341.946,-66.26],[342.278,-67.512],[344.865,-68.973],[346.139,-68.628],[346.199,-68.621],[346.415,-68.781]],"c":true},"ix":2},"nm":"Path 1","mn":"ADBE Vector Shape - Group","hd":false},{"ty":"fl","c":{"a":0,"k":[0.458823531866,0.839215695858,1,1],"ix":4},"o":{"a":0,"k":100,"ix":5},"r":1,"bm":0,"nm":"Fill 1","mn":"ADBE Vector Graphic - Fill","hd":false},{"ty":"tr","p":{"a":0,"k":[0,0],"ix":2},"a":{"a":0,"k":[0,0],"ix":1},"s":{"a":0,"k":[100,100],"ix":3},"r":{"a":0,"k":0,"ix":6},"o":{"a":0,"k":100,"ix":7},"sk":{"a":0,"k":0,"ix":4},"sa":{"a":0,"k":0,"ix":5},"nm":"Transform"}],"nm":"Group 2","np":2,"cix":2,"bm":0,"ix":2,"mn":"ADBE Vector Group","hd":false},{"ty":"gr","it":[{"ind":0,"ty":"sh","ix":1,"ks":{"a":0,"k":{"i":[[0,0],[0,0],[0,0],[0.086,0.087],[0.087,-0.085],[0,0],[0,0],[0.121,0],[0,-0.121],[0,0],[0,0],[0.084,-0.086],[-0.085,-0.085],[0,0],[0,0],[0,0],[-0.086,-0.087],[-0.058,0],[-0.043,0.044],[0,0],[0,0],[-0.12,0],[0,0.122],[0,0],[0,0],[-0.056,0],[-0.043,0.044],[0.087,0.086]],"o":[[0,0],[0,0],[0.087,-0.085],[-0.084,-0.086],[0,0],[0,0],[0,-0.121],[-0.12,0],[0,0],[0,0],[-0.088,-0.085],[-0.086,0.087],[0,0],[0,0],[0,0],[-0.085,0.086],[0.043,0.044],[0.056,0],[0,0],[0,0],[0,0.122],[0.121,0],[0,0],[0,0],[0.043,0.044],[0.056,0],[0.086,-0.087],[0,0]],"v":[[343.679,-66.971],[343.679,-69.895],[344.602,-70.801],[344.604,-71.111],[344.294,-71.113],[343.679,-70.51],[343.679,-71.506],[343.459,-71.726],[343.239,-71.506],[343.239,-70.51],[342.626,-71.113],[342.315,-71.111],[342.316,-70.801],[343.239,-69.895],[343.239,-66.971],[342.316,-66.064],[342.315,-65.754],[342.472,-65.689],[342.626,-65.752],[343.239,-66.355],[343.239,-65.359],[343.459,-65.14],[343.679,-65.359],[343.679,-66.355],[344.294,-65.752],[344.448,-65.689],[344.604,-65.754],[344.602,-66.064]],"c":true},"ix":2},"nm":"Path 1","mn":"ADBE Vector Shape - Group","hd":false},{"ty":"fl","c":{"a":0,"k":[0.458823531866,0.839215695858,1,1],"ix":4},"o":{"a":0,"k":100,"ix":5},"r":1,"bm":0,"nm":"Fill 1","mn":"ADBE Vector Graphic - Fill","hd":false},{"ty":"tr","p":{"a":0,"k":[0,0],"ix":2},"a":{"a":0,"k":[0,0],"ix":1},"s":{"a":0,"k":[100,100],"ix":3},"r":{"a":0,"k":0,"ix":6},"o":{"a":0,"k":100,"ix":7},"sk":{"a":0,"k":0,"ix":4},"sa":{"a":0,"k":0,"ix":5},"nm":"Transform"}],"nm":"Group 3","np":2,"cix":2,"bm":0,"ix":3,"mn":"ADBE Vector Group","hd":false}],"ip":33,"op":48,"st":33,"bm":0},{"ddd":0,"ind":8,"ty":4,"nm":"s9","sr":1,"ks":{"o":{"a":1,"k":[{"i":{"x":[0.833],"y":[0.833]},"o":{"x":[0.167],"y":[0.167]},"t":-23,"s":[0]},{"i":{"x":[0.833],"y":[0.833]},"o":{"x":[0.167],"y":[0.167]},"t":-19,"s":[100]},{"i":{"x":[0.833],"y":[0.833]},"o":{"x":[0.167],"y":[0.167]},"t":4,"s":[100]},{"t":9,"s":[0]}],"ix":11},"r":{"a":0,"k":0,"ix":10},"p":{"a":1,"k":[{"i":{"x":0.833,"y":0.833},"o":{"x":0.167,"y":0.167},"t":-23,"s":[759.359,81.598,0],"to":[0,120,0],"ti":[0,-120,0]},{"t":9,"s":[759.359,801.598,0]}],"ix":2},"a":{"a":0,"k":[385.602,-110.186,0],"ix":1},"s":{"a":0,"k":[1200,1200,100],"ix":6}},"ao":0,"shapes":[{"ty":"gr","it":[{"ind":0,"ty":"sh","ix":1,"ks":{"a":0,"k":{"i":[[0.148,0.081],[0,0],[0,0],[0.045,0.159],[0.164,-0.044],[0,0],[0,0],[0,0],[0.164,-0.043],[-0.043,-0.161],[0,0],[0,0],[0.084,-0.144],[-0.146,-0.083],[0,0],[0,0],[-0.045,-0.159],[-0.135,0],[-0.027,0.007],[0,0],[0,0],[0,0],[-0.137,0],[-0.025,0.008],[0.043,0.16],[0,0],[0,0],[-0.053,0],[-0.059,0.097]],"o":[[0,0],[0,0],[0.162,-0.044],[-0.045,-0.16],[0,0],[0,0],[0,0],[-0.043,-0.16],[-0.164,0.041],[0,0],[0,0],[-0.146,-0.082],[-0.084,0.143],[0,0],[0,0],[-0.164,0.044],[0.039,0.134],[0.027,0],[0,0],[0,0],[0,0],[0.035,0.137],[0.023,0],[0.164,-0.041],[0,0],[0,0],[0.049,0.028],[0.105,0],[0.084,-0.144]],"v":[[389.473,-108.345],[388.268,-109.026],[389.428,-109.341],[389.641,-109.71],[389.264,-109.92],[387.523,-109.446],[383.988,-111.445],[383.535,-113.155],[383.162,-113.371],[382.941,-113.005],[383.242,-111.865],[382.037,-112.546],[381.619,-112.436],[381.732,-112.026],[382.935,-111.345],[381.777,-111.032],[381.562,-110.663],[381.859,-110.443],[381.941,-110.453],[383.682,-110.925],[387.217,-108.927],[387.67,-107.218],[387.967,-106.991],[388.043,-107.002],[388.262,-107.367],[387.961,-108.506],[389.166,-107.827],[389.32,-107.785],[389.586,-107.936]],"c":true},"ix":2},"nm":"Path 1","mn":"ADBE Vector Shape - Group","hd":false},{"ty":"fl","c":{"a":0,"k":[0.458823531866,0.839215695858,1,1],"ix":4},"o":{"a":0,"k":100,"ix":5},"r":1,"bm":0,"nm":"Fill 1","mn":"ADBE Vector Graphic - Fill","hd":false},{"ty":"tr","p":{"a":0,"k":[0,0],"ix":2},"a":{"a":0,"k":[0,0],"ix":1},"s":{"a":0,"k":[100,100],"ix":3},"r":{"a":0,"k":0,"ix":6},"o":{"a":0,"k":100,"ix":7},"sk":{"a":0,"k":0,"ix":4},"sa":{"a":0,"k":0,"ix":5},"nm":"Transform"}],"nm":"Group 1","np":2,"cix":2,"bm":0,"ix":1,"mn":"ADBE Vector Group","hd":false},{"ty":"gr","it":[{"ind":0,"ty":"sh","ix":1,"ks":{"a":0,"k":{"i":[[0.162,0.044],[0,0],[0,0],[0.084,0.143],[0.146,-0.082],[0,0],[0,0],[0.164,0.041],[0.041,-0.16],[0,0],[0,0],[0,0],[0.047,-0.16],[-0.164,-0.044],[0,0],[0,0],[-0.084,-0.144],[-0.105,0],[-0.047,0.028],[0,0],[0,0],[-0.164,-0.041],[-0.027,0],[-0.035,0.136],[0,0],[0,0],[0,0],[-0.027,0],[-0.037,0.134]],"o":[[0,0],[0,0],[0.148,-0.083],[-0.086,-0.144],[0,0],[0,0],[0.043,-0.161],[-0.162,-0.043],[0,0],[0,0],[0,0],[-0.164,-0.044],[-0.045,0.159],[0,0],[0,0],[-0.146,0.081],[0.057,0.097],[0.051,0],[0,0],[0,0],[-0.043,0.16],[0.025,0.008],[0.135,0],[0,0],[0,0],[0,0],[0.027,0.007],[0.135,0],[0.045,-0.159]],"v":[[389.428,-111.032],[388.268,-111.345],[389.473,-112.026],[389.586,-112.436],[389.166,-112.546],[387.961,-111.865],[388.262,-113.005],[388.043,-113.371],[387.67,-113.155],[387.217,-111.445],[383.68,-109.446],[381.941,-109.92],[381.562,-109.71],[381.777,-109.341],[382.935,-109.026],[381.732,-108.345],[381.619,-107.936],[381.887,-107.785],[382.037,-107.827],[383.242,-108.506],[382.941,-107.367],[383.162,-107.002],[383.24,-106.991],[383.535,-107.218],[383.988,-108.928],[387.523,-110.925],[389.264,-110.453],[389.346,-110.443],[389.641,-110.663]],"c":true},"ix":2},"nm":"Path 1","mn":"ADBE Vector Shape - Group","hd":false},{"ty":"fl","c":{"a":0,"k":[0.458823531866,0.839215695858,1,1],"ix":4},"o":{"a":0,"k":100,"ix":5},"r":1,"bm":0,"nm":"Fill 1","mn":"ADBE Vector Graphic - Fill","hd":false},{"ty":"tr","p":{"a":0,"k":[0,0],"ix":2},"a":{"a":0,"k":[0,0],"ix":1},"s":{"a":0,"k":[100,100],"ix":3},"r":{"a":0,"k":0,"ix":6},"o":{"a":0,"k":100,"ix":7},"sk":{"a":0,"k":0,"ix":4},"sa":{"a":0,"k":0,"ix":5},"nm":"Transform"}],"nm":"Group 2","np":2,"cix":2,"bm":0,"ix":2,"mn":"ADBE Vector Group","hd":false},{"ty":"gr","it":[{"ind":0,"ty":"sh","ix":1,"ks":{"a":0,"k":{"i":[[0,0],[0,0],[0,0],[0.117,0.118],[0.119,-0.116],[0,0],[0,0],[0.166,0],[0,-0.166],[0,0],[0,0],[0.115,-0.117],[-0.117,-0.115],[0,0],[0,0],[0,0],[-0.117,-0.118],[-0.078,0],[-0.059,0.059],[0,0],[0,0],[-0.164,0],[0,0.167],[0,0],[0,0],[-0.076,0],[-0.059,0.061],[0.119,0.117]],"o":[[0,0],[0,0],[0.119,-0.115],[-0.115,-0.117],[0,0],[0,0],[0,-0.166],[-0.164,0],[0,0],[0,0],[-0.119,-0.116],[-0.117,0.118],[0,0],[0,0],[0,0],[-0.117,0.117],[0.059,0.061],[0.076,0],[0,0],[0,0],[0,0.167],[0.166,0],[0,0],[0,0],[0.059,0.059],[0.076,0],[0.117,-0.118],[0,0]],"v":[[385.902,-108.189],[385.902,-112.185],[387.162,-113.423],[387.166,-113.847],[386.742,-113.85],[385.902,-113.025],[385.902,-114.386],[385.602,-114.686],[385.301,-114.386],[385.301,-113.025],[384.463,-113.85],[384.039,-113.847],[384.041,-113.423],[385.301,-112.184],[385.301,-108.189],[384.041,-106.95],[384.039,-106.526],[384.252,-106.436],[384.463,-106.523],[385.301,-107.348],[385.301,-105.987],[385.602,-105.686],[385.902,-105.987],[385.902,-107.348],[386.742,-106.523],[386.953,-106.436],[387.166,-106.526],[387.162,-106.95]],"c":true},"ix":2},"nm":"Path 1","mn":"ADBE Vector Shape - Group","hd":false},{"ty":"fl","c":{"a":0,"k":[0.458823531866,0.839215695858,1,1],"ix":4},"o":{"a":0,"k":100,"ix":5},"r":1,"bm":0,"nm":"Fill 1","mn":"ADBE Vector Graphic - Fill","hd":false},{"ty":"tr","p":{"a":0,"k":[0,0],"ix":2},"a":{"a":0,"k":[0,0],"ix":1},"s":{"a":0,"k":[100,100],"ix":3},"r":{"a":0,"k":0,"ix":6},"o":{"a":0,"k":100,"ix":7},"sk":{"a":0,"k":0,"ix":4},"sa":{"a":0,"k":0,"ix":5},"nm":"Transform"}],"nm":"Group 3","np":2,"cix":2,"bm":0,"ix":3,"mn":"ADBE Vector Group","hd":false}],"ip":0,"op":9,"st":-23,"bm":0},{"ddd":0,"ind":9,"ty":4,"nm":"s2","sr":1,"ks":{"o":{"a":1,"k":[{"i":{"x":[0.833],"y":[0.833]},"o":{"x":[0.167],"y":[0.167]},"t":24,"s":[0]},{"i":{"x":[0.833],"y":[0.833]},"o":{"x":[0.167],"y":[0.167]},"t":28,"s":[100]},{"i":{"x":[0.833],"y":[0.833]},"o":{"x":[0.167],"y":[0.167]},"t":51,"s":[100]},{"t":56,"s":[0]}],"ix":11},"r":{"a":0,"k":0,"ix":10},"p":{"a":1,"k":[{"i":{"x":0.833,"y":0.833},"o":{"x":0.167,"y":0.167},"t":24,"s":[759.359,81.598,0],"to":[0,120,0],"ti":[0,-120,0]},{"t":56,"s":[759.359,801.598,0]}],"ix":2},"a":{"a":0,"k":[385.602,-110.186,0],"ix":1},"s":{"a":0,"k":[1200,1200,100],"ix":6}},"ao":0,"shapes":[{"ty":"gr","it":[{"ind":0,"ty":"sh","ix":1,"ks":{"a":0,"k":{"i":[[0.148,0.081],[0,0],[0,0],[0.045,0.159],[0.164,-0.044],[0,0],[0,0],[0,0],[0.164,-0.043],[-0.043,-0.161],[0,0],[0,0],[0.084,-0.144],[-0.146,-0.083],[0,0],[0,0],[-0.045,-0.159],[-0.135,0],[-0.027,0.007],[0,0],[0,0],[0,0],[-0.137,0],[-0.025,0.008],[0.043,0.16],[0,0],[0,0],[-0.053,0],[-0.059,0.097]],"o":[[0,0],[0,0],[0.162,-0.044],[-0.045,-0.16],[0,0],[0,0],[0,0],[-0.043,-0.16],[-0.164,0.041],[0,0],[0,0],[-0.146,-0.082],[-0.084,0.143],[0,0],[0,0],[-0.164,0.044],[0.039,0.134],[0.027,0],[0,0],[0,0],[0,0],[0.035,0.137],[0.023,0],[0.164,-0.041],[0,0],[0,0],[0.049,0.028],[0.105,0],[0.084,-0.144]],"v":[[389.473,-108.345],[388.268,-109.026],[389.428,-109.341],[389.641,-109.71],[389.264,-109.92],[387.523,-109.446],[383.988,-111.445],[383.535,-113.155],[383.162,-113.371],[382.941,-113.005],[383.242,-111.865],[382.037,-112.546],[381.619,-112.436],[381.732,-112.026],[382.935,-111.345],[381.777,-111.032],[381.562,-110.663],[381.859,-110.443],[381.941,-110.453],[383.682,-110.925],[387.217,-108.927],[387.67,-107.218],[387.967,-106.991],[388.043,-107.002],[388.262,-107.367],[387.961,-108.506],[389.166,-107.827],[389.32,-107.785],[389.586,-107.936]],"c":true},"ix":2},"nm":"Path 1","mn":"ADBE Vector Shape - Group","hd":false},{"ty":"fl","c":{"a":0,"k":[0.458823531866,0.839215695858,1,1],"ix":4},"o":{"a":0,"k":100,"ix":5},"r":1,"bm":0,"nm":"Fill 1","mn":"ADBE Vector Graphic - Fill","hd":false},{"ty":"tr","p":{"a":0,"k":[0,0],"ix":2},"a":{"a":0,"k":[0,0],"ix":1},"s":{"a":0,"k":[100,100],"ix":3},"r":{"a":0,"k":0,"ix":6},"o":{"a":0,"k":100,"ix":7},"sk":{"a":0,"k":0,"ix":4},"sa":{"a":0,"k":0,"ix":5},"nm":"Transform"}],"nm":"Group 1","np":2,"cix":2,"bm":0,"ix":1,"mn":"ADBE Vector Group","hd":false},{"ty":"gr","it":[{"ind":0,"ty":"sh","ix":1,"ks":{"a":0,"k":{"i":[[0.162,0.044],[0,0],[0,0],[0.084,0.143],[0.146,-0.082],[0,0],[0,0],[0.164,0.041],[0.041,-0.16],[0,0],[0,0],[0,0],[0.047,-0.16],[-0.164,-0.044],[0,0],[0,0],[-0.084,-0.144],[-0.105,0],[-0.047,0.028],[0,0],[0,0],[-0.164,-0.041],[-0.027,0],[-0.035,0.136],[0,0],[0,0],[0,0],[-0.027,0],[-0.037,0.134]],"o":[[0,0],[0,0],[0.148,-0.083],[-0.086,-0.144],[0,0],[0,0],[0.043,-0.161],[-0.162,-0.043],[0,0],[0,0],[0,0],[-0.164,-0.044],[-0.045,0.159],[0,0],[0,0],[-0.146,0.081],[0.057,0.097],[0.051,0],[0,0],[0,0],[-0.043,0.16],[0.025,0.008],[0.135,0],[0,0],[0,0],[0,0],[0.027,0.007],[0.135,0],[0.045,-0.159]],"v":[[389.428,-111.032],[388.268,-111.345],[389.473,-112.026],[389.586,-112.436],[389.166,-112.546],[387.961,-111.865],[388.262,-113.005],[388.043,-113.371],[387.67,-113.155],[387.217,-111.445],[383.68,-109.446],[381.941,-109.92],[381.562,-109.71],[381.777,-109.341],[382.935,-109.026],[381.732,-108.345],[381.619,-107.936],[381.887,-107.785],[382.037,-107.827],[383.242,-108.506],[382.941,-107.367],[383.162,-107.002],[383.24,-106.991],[383.535,-107.218],[383.988,-108.928],[387.523,-110.925],[389.264,-110.453],[389.346,-110.443],[389.641,-110.663]],"c":true},"ix":2},"nm":"Path 1","mn":"ADBE Vector Shape - Group","hd":false},{"ty":"fl","c":{"a":0,"k":[0.458823531866,0.839215695858,1,1],"ix":4},"o":{"a":0,"k":100,"ix":5},"r":1,"bm":0,"nm":"Fill 1","mn":"ADBE Vector Graphic - Fill","hd":false},{"ty":"tr","p":{"a":0,"k":[0,0],"ix":2},"a":{"a":0,"k":[0,0],"ix":1},"s":{"a":0,"k":[100,100],"ix":3},"r":{"a":0,"k":0,"ix":6},"o":{"a":0,"k":100,"ix":7},"sk":{"a":0,"k":0,"ix":4},"sa":{"a":0,"k":0,"ix":5},"nm":"Transform"}],"nm":"Group 2","np":2,"cix":2,"bm":0,"ix":2,"mn":"ADBE Vector Group","hd":false},{"ty":"gr","it":[{"ind":0,"ty":"sh","ix":1,"ks":{"a":0,"k":{"i":[[0,0],[0,0],[0,0],[0.117,0.118],[0.119,-0.116],[0,0],[0,0],[0.166,0],[0,-0.166],[0,0],[0,0],[0.115,-0.117],[-0.117,-0.115],[0,0],[0,0],[0,0],[-0.117,-0.118],[-0.078,0],[-0.059,0.059],[0,0],[0,0],[-0.164,0],[0,0.167],[0,0],[0,0],[-0.076,0],[-0.059,0.061],[0.119,0.117]],"o":[[0,0],[0,0],[0.119,-0.115],[-0.115,-0.117],[0,0],[0,0],[0,-0.166],[-0.164,0],[0,0],[0,0],[-0.119,-0.116],[-0.117,0.118],[0,0],[0,0],[0,0],[-0.117,0.117],[0.059,0.061],[0.076,0],[0,0],[0,0],[0,0.167],[0.166,0],[0,0],[0,0],[0.059,0.059],[0.076,0],[0.117,-0.118],[0,0]],"v":[[385.902,-108.189],[385.902,-112.185],[387.162,-113.423],[387.166,-113.847],[386.742,-113.85],[385.902,-113.025],[385.902,-114.386],[385.602,-114.686],[385.301,-114.386],[385.301,-113.025],[384.463,-113.85],[384.039,-113.847],[384.041,-113.423],[385.301,-112.184],[385.301,-108.189],[384.041,-106.95],[384.039,-106.526],[384.252,-106.436],[384.463,-106.523],[385.301,-107.348],[385.301,-105.987],[385.602,-105.686],[385.902,-105.987],[385.902,-107.348],[386.742,-106.523],[386.953,-106.436],[387.166,-106.526],[387.162,-106.95]],"c":true},"ix":2},"nm":"Path 1","mn":"ADBE Vector Shape - Group","hd":false},{"ty":"fl","c":{"a":0,"k":[0.458823531866,0.839215695858,1,1],"ix":4},"o":{"a":0,"k":100,"ix":5},"r":1,"bm":0,"nm":"Fill 1","mn":"ADBE Vector Graphic - Fill","hd":false},{"ty":"tr","p":{"a":0,"k":[0,0],"ix":2},"a":{"a":0,"k":[0,0],"ix":1},"s":{"a":0,"k":[100,100],"ix":3},"r":{"a":0,"k":0,"ix":6},"o":{"a":0,"k":100,"ix":7},"sk":{"a":0,"k":0,"ix":4},"sa":{"a":0,"k":0,"ix":5},"nm":"Transform"}],"nm":"Group 3","np":2,"cix":2,"bm":0,"ix":3,"mn":"ADBE Vector Group","hd":false}],"ip":24,"op":48,"st":24,"bm":0},{"ddd":0,"ind":10,"ty":4,"nm":"s8","sr":1,"ks":{"o":{"a":1,"k":[{"i":{"x":[0.833],"y":[0.833]},"o":{"x":[0.167],"y":[0.167]},"t":-29,"s":[0]},{"i":{"x":[0.833],"y":[0.833]},"o":{"x":[0.167],"y":[0.167]},"t":-25,"s":[100]},{"i":{"x":[0.833],"y":[0.833]},"o":{"x":[0.167],"y":[0.167]},"t":-2,"s":[100]},{"t":3,"s":[0]}],"ix":11},"r":{"a":0,"k":0,"ix":10},"p":{"a":1,"k":[{"i":{"x":0.833,"y":0.833},"o":{"x":0.167,"y":0.167},"t":-29,"s":[200.621,96.297,0],"to":[0,120,0],"ti":[0,-120,0]},{"t":3,"s":[200.621,816.297,0]}],"ix":2},"a":{"a":0,"k":[339.04,-80.295,0],"ix":1},"s":{"a":0,"k":[1200,1200,100],"ix":6}},"ao":0,"shapes":[{"ty":"gr","it":[{"ind":0,"ty":"sh","ix":1,"ks":{"a":0,"k":{"i":[[0.148,0.081],[0,0],[0,0],[0.045,0.159],[0.164,-0.044],[0,0],[0,0],[0,0],[0.164,-0.043],[-0.043,-0.161],[0,0],[0,0],[0.084,-0.144],[-0.146,-0.083],[0,0],[0,0],[-0.045,-0.159],[-0.135,0],[-0.027,0.007],[0,0],[0,0],[0,0],[-0.137,0],[-0.025,0.008],[0.043,0.16],[0,0],[0,0],[-0.053,0],[-0.059,0.097]],"o":[[0,0],[0,0],[0.162,-0.044],[-0.045,-0.16],[0,0],[0,0],[0,0],[-0.043,-0.16],[-0.164,0.041],[0,0],[0,0],[-0.146,-0.082],[-0.084,0.143],[0,0],[0,0],[-0.164,0.044],[0.039,0.134],[0.027,0],[0,0],[0,0],[0,0],[0.035,0.137],[0.023,0],[0.164,-0.041],[0,0],[0,0],[0.049,0.028],[0.105,0],[0.084,-0.144]],"v":[[342.911,-78.453],[341.706,-79.135],[342.866,-79.449],[343.079,-79.818],[342.702,-80.028],[340.962,-79.555],[337.427,-81.554],[336.974,-83.264],[336.601,-83.48],[336.38,-83.113],[336.681,-81.974],[335.476,-82.654],[335.058,-82.545],[335.171,-82.135],[336.374,-81.453],[335.216,-81.141],[335.001,-80.771],[335.298,-80.552],[335.38,-80.561],[337.12,-81.033],[340.655,-79.035],[341.108,-77.326],[341.405,-77.1],[341.481,-77.11],[341.7,-77.476],[341.399,-78.614],[342.604,-77.936],[342.759,-77.894],[343.024,-78.045]],"c":true},"ix":2},"nm":"Path 1","mn":"ADBE Vector Shape - Group","hd":false},{"ty":"fl","c":{"a":0,"k":[0.65098041296,0.89411765337,1,1],"ix":4},"o":{"a":0,"k":100,"ix":5},"r":1,"bm":0,"nm":"Fill 1","mn":"ADBE Vector Graphic - Fill","hd":false},{"ty":"tr","p":{"a":0,"k":[0,0],"ix":2},"a":{"a":0,"k":[0,0],"ix":1},"s":{"a":0,"k":[100,100],"ix":3},"r":{"a":0,"k":0,"ix":6},"o":{"a":0,"k":100,"ix":7},"sk":{"a":0,"k":0,"ix":4},"sa":{"a":0,"k":0,"ix":5},"nm":"Transform"}],"nm":"Group 1","np":2,"cix":2,"bm":0,"ix":1,"mn":"ADBE Vector Group","hd":false},{"ty":"gr","it":[{"ind":0,"ty":"sh","ix":1,"ks":{"a":0,"k":{"i":[[0.162,0.044],[0,0],[0,0],[0.084,0.143],[0.146,-0.082],[0,0],[0,0],[0.164,0.041],[0.041,-0.16],[0,0],[0,0],[0,0],[0.047,-0.16],[-0.164,-0.044],[0,0],[0,0],[-0.084,-0.144],[-0.105,0],[-0.047,0.028],[0,0],[0,0],[-0.164,-0.041],[-0.027,0],[-0.035,0.136],[0,0],[0,0],[0,0],[-0.027,0],[-0.037,0.134]],"o":[[0,0],[0,0],[0.148,-0.083],[-0.086,-0.144],[0,0],[0,0],[0.043,-0.161],[-0.162,-0.043],[0,0],[0,0],[0,0],[-0.164,-0.044],[-0.045,0.159],[0,0],[0,0],[-0.146,0.081],[0.057,0.097],[0.051,0],[0,0],[0,0],[-0.043,0.16],[0.025,0.008],[0.135,0],[0,0],[0,0],[0,0],[0.027,0.007],[0.135,0],[0.045,-0.159]],"v":[[342.866,-81.141],[341.706,-81.453],[342.911,-82.135],[343.024,-82.545],[342.604,-82.654],[341.399,-81.974],[341.7,-83.113],[341.481,-83.48],[341.108,-83.264],[340.655,-81.554],[337.118,-79.555],[335.38,-80.028],[335.001,-79.818],[335.216,-79.449],[336.374,-79.135],[335.171,-78.453],[335.058,-78.045],[335.325,-77.894],[335.476,-77.936],[336.681,-78.614],[336.38,-77.476],[336.601,-77.11],[336.679,-77.1],[336.974,-77.326],[337.427,-79.036],[340.962,-81.033],[342.702,-80.561],[342.784,-80.552],[343.079,-80.771]],"c":true},"ix":2},"nm":"Path 1","mn":"ADBE Vector Shape - Group","hd":false},{"ty":"fl","c":{"a":0,"k":[0.65098041296,0.89411765337,1,1],"ix":4},"o":{"a":0,"k":100,"ix":5},"r":1,"bm":0,"nm":"Fill 1","mn":"ADBE Vector Graphic - Fill","hd":false},{"ty":"tr","p":{"a":0,"k":[0,0],"ix":2},"a":{"a":0,"k":[0,0],"ix":1},"s":{"a":0,"k":[100,100],"ix":3},"r":{"a":0,"k":0,"ix":6},"o":{"a":0,"k":100,"ix":7},"sk":{"a":0,"k":0,"ix":4},"sa":{"a":0,"k":0,"ix":5},"nm":"Transform"}],"nm":"Group 2","np":2,"cix":2,"bm":0,"ix":2,"mn":"ADBE Vector Group","hd":false},{"ty":"gr","it":[{"ind":0,"ty":"sh","ix":1,"ks":{"a":0,"k":{"i":[[0,0],[0,0],[0,0],[0.117,0.118],[0.119,-0.116],[0,0],[0,0],[0.166,0],[0,-0.166],[0,0],[0,0],[0.115,-0.117],[-0.117,-0.115],[0,0],[0,0],[0,0],[-0.117,-0.118],[-0.078,0],[-0.059,0.059],[0,0],[0,0],[-0.164,0],[0,0.167],[0,0],[0,0],[-0.076,0],[-0.059,0.061],[0.119,0.117]],"o":[[0,0],[0,0],[0.119,-0.115],[-0.115,-0.117],[0,0],[0,0],[0,-0.166],[-0.164,0],[0,0],[0,0],[-0.119,-0.116],[-0.117,0.118],[0,0],[0,0],[0,0],[-0.117,0.117],[0.059,0.061],[0.076,0],[0,0],[0,0],[0,0.167],[0.166,0],[0,0],[0,0],[0.059,0.059],[0.076,0],[0.117,-0.118],[0,0]],"v":[[339.341,-78.297],[339.341,-82.293],[340.601,-83.531],[340.604,-83.955],[340.181,-83.958],[339.341,-83.134],[339.341,-84.494],[339.04,-84.795],[338.739,-84.494],[338.739,-83.134],[337.901,-83.958],[337.477,-83.955],[337.479,-83.531],[338.739,-82.292],[338.739,-78.297],[337.479,-77.059],[337.477,-76.635],[337.69,-76.545],[337.901,-76.632],[338.739,-77.456],[338.739,-76.096],[339.04,-75.795],[339.341,-76.096],[339.341,-77.456],[340.181,-76.632],[340.392,-76.545],[340.604,-76.635],[340.601,-77.059]],"c":true},"ix":2},"nm":"Path 1","mn":"ADBE Vector Shape - Group","hd":false},{"ty":"fl","c":{"a":0,"k":[0.65098041296,0.89411765337,1,1],"ix":4},"o":{"a":0,"k":100,"ix":5},"r":1,"bm":0,"nm":"Fill 1","mn":"ADBE Vector Graphic - Fill","hd":false},{"ty":"tr","p":{"a":0,"k":[0,0],"ix":2},"a":{"a":0,"k":[0,0],"ix":1},"s":{"a":0,"k":[100,100],"ix":3},"r":{"a":0,"k":0,"ix":6},"o":{"a":0,"k":100,"ix":7},"sk":{"a":0,"k":0,"ix":4},"sa":{"a":0,"k":0,"ix":5},"nm":"Transform"}],"nm":"Group 3","np":2,"cix":2,"bm":0,"ix":3,"mn":"ADBE Vector Group","hd":false}],"ip":0,"op":3,"st":-29,"bm":0},{"ddd":0,"ind":11,"ty":4,"nm":"s1","sr":1,"ks":{"o":{"a":1,"k":[{"i":{"x":[0.833],"y":[0.833]},"o":{"x":[0.167],"y":[0.167]},"t":18,"s":[0]},{"i":{"x":[0.833],"y":[0.833]},"o":{"x":[0.167],"y":[0.167]},"t":22,"s":[100]},{"i":{"x":[0.833],"y":[0.833]},"o":{"x":[0.167],"y":[0.167]},"t":45,"s":[100]},{"t":50,"s":[0]}],"ix":11},"r":{"a":0,"k":0,"ix":10},"p":{"a":1,"k":[{"i":{"x":0.833,"y":0.833},"o":{"x":0.167,"y":0.167},"t":18,"s":[200.621,96.297,0],"to":[0,120,0],"ti":[0,-120,0]},{"t":50,"s":[200.621,816.297,0]}],"ix":2},"a":{"a":0,"k":[339.04,-80.295,0],"ix":1},"s":{"a":0,"k":[1200,1200,100],"ix":6}},"ao":0,"shapes":[{"ty":"gr","it":[{"ind":0,"ty":"sh","ix":1,"ks":{"a":0,"k":{"i":[[0.148,0.081],[0,0],[0,0],[0.045,0.159],[0.164,-0.044],[0,0],[0,0],[0,0],[0.164,-0.043],[-0.043,-0.161],[0,0],[0,0],[0.084,-0.144],[-0.146,-0.083],[0,0],[0,0],[-0.045,-0.159],[-0.135,0],[-0.027,0.007],[0,0],[0,0],[0,0],[-0.137,0],[-0.025,0.008],[0.043,0.16],[0,0],[0,0],[-0.053,0],[-0.059,0.097]],"o":[[0,0],[0,0],[0.162,-0.044],[-0.045,-0.16],[0,0],[0,0],[0,0],[-0.043,-0.16],[-0.164,0.041],[0,0],[0,0],[-0.146,-0.082],[-0.084,0.143],[0,0],[0,0],[-0.164,0.044],[0.039,0.134],[0.027,0],[0,0],[0,0],[0,0],[0.035,0.137],[0.023,0],[0.164,-0.041],[0,0],[0,0],[0.049,0.028],[0.105,0],[0.084,-0.144]],"v":[[342.911,-78.453],[341.706,-79.135],[342.866,-79.449],[343.079,-79.818],[342.702,-80.028],[340.962,-79.555],[337.427,-81.554],[336.974,-83.264],[336.601,-83.48],[336.38,-83.113],[336.681,-81.974],[335.476,-82.654],[335.058,-82.545],[335.171,-82.135],[336.374,-81.453],[335.216,-81.141],[335.001,-80.771],[335.298,-80.552],[335.38,-80.561],[337.12,-81.033],[340.655,-79.035],[341.108,-77.326],[341.405,-77.1],[341.481,-77.11],[341.7,-77.476],[341.399,-78.614],[342.604,-77.936],[342.759,-77.894],[343.024,-78.045]],"c":true},"ix":2},"nm":"Path 1","mn":"ADBE Vector Shape - Group","hd":false},{"ty":"fl","c":{"a":0,"k":[0.65098041296,0.89411765337,1,1],"ix":4},"o":{"a":0,"k":100,"ix":5},"r":1,"bm":0,"nm":"Fill 1","mn":"ADBE Vector Graphic - Fill","hd":false},{"ty":"tr","p":{"a":0,"k":[0,0],"ix":2},"a":{"a":0,"k":[0,0],"ix":1},"s":{"a":0,"k":[100,100],"ix":3},"r":{"a":0,"k":0,"ix":6},"o":{"a":0,"k":100,"ix":7},"sk":{"a":0,"k":0,"ix":4},"sa":{"a":0,"k":0,"ix":5},"nm":"Transform"}],"nm":"Group 1","np":2,"cix":2,"bm":0,"ix":1,"mn":"ADBE Vector Group","hd":false},{"ty":"gr","it":[{"ind":0,"ty":"sh","ix":1,"ks":{"a":0,"k":{"i":[[0.162,0.044],[0,0],[0,0],[0.084,0.143],[0.146,-0.082],[0,0],[0,0],[0.164,0.041],[0.041,-0.16],[0,0],[0,0],[0,0],[0.047,-0.16],[-0.164,-0.044],[0,0],[0,0],[-0.084,-0.144],[-0.105,0],[-0.047,0.028],[0,0],[0,0],[-0.164,-0.041],[-0.027,0],[-0.035,0.136],[0,0],[0,0],[0,0],[-0.027,0],[-0.037,0.134]],"o":[[0,0],[0,0],[0.148,-0.083],[-0.086,-0.144],[0,0],[0,0],[0.043,-0.161],[-0.162,-0.043],[0,0],[0,0],[0,0],[-0.164,-0.044],[-0.045,0.159],[0,0],[0,0],[-0.146,0.081],[0.057,0.097],[0.051,0],[0,0],[0,0],[-0.043,0.16],[0.025,0.008],[0.135,0],[0,0],[0,0],[0,0],[0.027,0.007],[0.135,0],[0.045,-0.159]],"v":[[342.866,-81.141],[341.706,-81.453],[342.911,-82.135],[343.024,-82.545],[342.604,-82.654],[341.399,-81.974],[341.7,-83.113],[341.481,-83.48],[341.108,-83.264],[340.655,-81.554],[337.118,-79.555],[335.38,-80.028],[335.001,-79.818],[335.216,-79.449],[336.374,-79.135],[335.171,-78.453],[335.058,-78.045],[335.325,-77.894],[335.476,-77.936],[336.681,-78.614],[336.38,-77.476],[336.601,-77.11],[336.679,-77.1],[336.974,-77.326],[337.427,-79.036],[340.962,-81.033],[342.702,-80.561],[342.784,-80.552],[343.079,-80.771]],"c":true},"ix":2},"nm":"Path 1","mn":"ADBE Vector Shape - Group","hd":false},{"ty":"fl","c":{"a":0,"k":[0.65098041296,0.89411765337,1,1],"ix":4},"o":{"a":0,"k":100,"ix":5},"r":1,"bm":0,"nm":"Fill 1","mn":"ADBE Vector Graphic - Fill","hd":false},{"ty":"tr","p":{"a":0,"k":[0,0],"ix":2},"a":{"a":0,"k":[0,0],"ix":1},"s":{"a":0,"k":[100,100],"ix":3},"r":{"a":0,"k":0,"ix":6},"o":{"a":0,"k":100,"ix":7},"sk":{"a":0,"k":0,"ix":4},"sa":{"a":0,"k":0,"ix":5},"nm":"Transform"}],"nm":"Group 2","np":2,"cix":2,"bm":0,"ix":2,"mn":"ADBE Vector Group","hd":false},{"ty":"gr","it":[{"ind":0,"ty":"sh","ix":1,"ks":{"a":0,"k":{"i":[[0,0],[0,0],[0,0],[0.117,0.118],[0.119,-0.116],[0,0],[0,0],[0.166,0],[0,-0.166],[0,0],[0,0],[0.115,-0.117],[-0.117,-0.115],[0,0],[0,0],[0,0],[-0.117,-0.118],[-0.078,0],[-0.059,0.059],[0,0],[0,0],[-0.164,0],[0,0.167],[0,0],[0,0],[-0.076,0],[-0.059,0.061],[0.119,0.117]],"o":[[0,0],[0,0],[0.119,-0.115],[-0.115,-0.117],[0,0],[0,0],[0,-0.166],[-0.164,0],[0,0],[0,0],[-0.119,-0.116],[-0.117,0.118],[0,0],[0,0],[0,0],[-0.117,0.117],[0.059,0.061],[0.076,0],[0,0],[0,0],[0,0.167],[0.166,0],[0,0],[0,0],[0.059,0.059],[0.076,0],[0.117,-0.118],[0,0]],"v":[[339.341,-78.297],[339.341,-82.293],[340.601,-83.531],[340.604,-83.955],[340.181,-83.958],[339.341,-83.134],[339.341,-84.494],[339.04,-84.795],[338.739,-84.494],[338.739,-83.134],[337.901,-83.958],[337.477,-83.955],[337.479,-83.531],[338.739,-82.292],[338.739,-78.297],[337.479,-77.059],[337.477,-76.635],[337.69,-76.545],[337.901,-76.632],[338.739,-77.456],[338.739,-76.096],[339.04,-75.795],[339.341,-76.096],[339.341,-77.456],[340.181,-76.632],[340.392,-76.545],[340.604,-76.635],[340.601,-77.059]],"c":true},"ix":2},"nm":"Path 1","mn":"ADBE Vector Shape - Group","hd":false},{"ty":"fl","c":{"a":0,"k":[0.65098041296,0.89411765337,1,1],"ix":4},"o":{"a":0,"k":100,"ix":5},"r":1,"bm":0,"nm":"Fill 1","mn":"ADBE Vector Graphic - Fill","hd":false},{"ty":"tr","p":{"a":0,"k":[0,0],"ix":2},"a":{"a":0,"k":[0,0],"ix":1},"s":{"a":0,"k":[100,100],"ix":3},"r":{"a":0,"k":0,"ix":6},"o":{"a":0,"k":100,"ix":7},"sk":{"a":0,"k":0,"ix":4},"sa":{"a":0,"k":0,"ix":5},"nm":"Transform"}],"nm":"Group 3","np":2,"cix":2,"bm":0,"ix":3,"mn":"ADBE Vector Group","hd":false}],"ip":18,"op":48,"st":18,"bm":0},{"ddd":0,"ind":12,"ty":4,"nm":"Layer 8","parent":20,"sr":1,"ks":{"o":{"a":0,"k":100,"ix":11},"r":{"a":0,"k":0,"ix":10},"p":{"a":0,"k":[364.988,-90.911,0],"ix":2},"a":{"a":0,"k":[364.988,-90.911,0],"ix":1},"s":{"a":0,"k":[100,100,100],"ix":6}},"ao":0,"shapes":[{"ty":"gr","it":[{"ind":0,"ty":"sh","ix":1,"ks":{"a":0,"k":{"i":[[-1.794,0.191],[0.253,1.048],[1.661,-0.301],[-0.252,-0.533]],"o":[[0,0],[-1.656,0.317],[0,0.839],[1.602,-0.607]],"v":[[375.921,-82.186],[375.044,-84.795],[370.149,-83.73],[370.726,-80.985]],"c":true},"ix":2},"nm":"Path 1","mn":"ADBE Vector Shape - Group","hd":false},{"ty":"fl","c":{"a":0,"k":[0.909803926945,0.109803922474,0.152941182256,1],"ix":4},"o":{"a":0,"k":100,"ix":5},"r":1,"bm":0,"nm":"Fill 1","mn":"ADBE Vector Graphic - Fill","hd":false},{"ty":"tr","p":{"a":0,"k":[0,0],"ix":2},"a":{"a":0,"k":[0,0],"ix":1},"s":{"a":0,"k":[100,100],"ix":3},"r":{"a":0,"k":0,"ix":6},"o":{"a":0,"k":100,"ix":7},"sk":{"a":0,"k":0,"ix":4},"sa":{"a":0,"k":0,"ix":5},"nm":"Transform"}],"nm":"Group 3","np":2,"cix":2,"bm":0,"ix":1,"mn":"ADBE Vector Group","hd":false},{"ty":"gr","it":[{"ind":0,"ty":"sh","ix":1,"ks":{"a":0,"k":{"i":[[-1.601,0.196],[-0.036,1.021],[1.586,-0.309],[-0.049,-0.997]],"o":[[-0.082,-0.854],[-1.607,0.115],[0.01,0.868],[1.564,-0.334]],"v":[[374.653,-87.177],[374.608,-89.991],[369.823,-89.326],[369.898,-86.496]],"c":true},"ix":2},"nm":"Path 1","mn":"ADBE Vector Shape - Group","hd":false},{"ty":"fl","c":{"a":0,"k":[0.909803926945,0.109803922474,0.152941182256,1],"ix":4},"o":{"a":0,"k":100,"ix":5},"r":1,"bm":0,"nm":"Fill 1","mn":"ADBE Vector Graphic - Fill","hd":false},{"ty":"tr","p":{"a":0,"k":[0,0],"ix":2},"a":{"a":0,"k":[0,0],"ix":1},"s":{"a":0,"k":[100,100],"ix":3},"r":{"a":0,"k":0,"ix":6},"o":{"a":0,"k":100,"ix":7},"sk":{"a":0,"k":0,"ix":4},"sa":{"a":0,"k":0,"ix":5},"nm":"Transform"}],"nm":"Group 4","np":2,"cix":2,"bm":0,"ix":2,"mn":"ADBE Vector Group","hd":false},{"ty":"gr","it":[{"ind":0,"ty":"sh","ix":1,"ks":{"a":0,"k":{"i":[[-0.054,-0.923],[-1.658,0.094],[-0.035,0.247],[0.282,-1.342]],"o":[[1.657,-0.124],[0.027,-0.238],[0.312,-2.239],[0.293,0.015]],"v":[[369.771,-91.59],[374.743,-91.936],[374.817,-92.643],[369.307,-93.102]],"c":true},"ix":2},"nm":"Path 1","mn":"ADBE Vector Shape - Group","hd":false},{"ty":"fl","c":{"a":0,"k":[0.909803926945,0.109803922474,0.152941182256,1],"ix":4},"o":{"a":0,"k":100,"ix":5},"r":1,"bm":0,"nm":"Fill 1","mn":"ADBE Vector Graphic - Fill","hd":false},{"ty":"tr","p":{"a":0,"k":[0,0],"ix":2},"a":{"a":0,"k":[0,0],"ix":1},"s":{"a":0,"k":[100,100],"ix":3},"r":{"a":0,"k":0,"ix":6},"o":{"a":0,"k":100,"ix":7},"sk":{"a":0,"k":0,"ix":4},"sa":{"a":0,"k":0,"ix":5},"nm":"Transform"}],"nm":"Group 5","np":2,"cix":2,"bm":0,"ix":3,"mn":"ADBE Vector Group","hd":false},{"ty":"gr","it":[{"ind":0,"ty":"sh","ix":1,"ks":{"a":0,"k":{"i":[[1.883,0.416],[0.752,1.262],[1.198,0.059],[0.312,-2.239]],"o":[[-3.406,-0.753],[-2.793,-4.688],[0.354,-0.732],[-1.488,10.663]],"v":[[377.046,-79.352],[371.589,-78.999],[369.307,-93.102],[374.817,-92.643]],"c":true},"ix":2},"nm":"Path 1","mn":"ADBE Vector Shape - Group","hd":false},{"ty":"fl","c":{"a":0,"k":[0.690196096897,0.019607843831,0.019607843831,1],"ix":4},"o":{"a":0,"k":100,"ix":5},"r":1,"bm":0,"nm":"Fill 1","mn":"ADBE Vector Graphic - Fill","hd":false},{"ty":"tr","p":{"a":0,"k":[0,0],"ix":2},"a":{"a":0,"k":[0,0],"ix":1},"s":{"a":0,"k":[100,100],"ix":3},"r":{"a":0,"k":0,"ix":6},"o":{"a":0,"k":100,"ix":7},"sk":{"a":0,"k":0,"ix":4},"sa":{"a":0,"k":0,"ix":5},"nm":"Transform"}],"nm":"Group 6","np":2,"cix":2,"bm":0,"ix":4,"mn":"ADBE Vector Group","hd":false},{"ty":"gr","it":[{"ty":"gr","it":[{"ind":0,"ty":"sh","ix":1,"ks":{"a":0,"k":{"i":[[0.65,-0.014],[0,0],[-0.636,0.042],[0,0]],"o":[[0,0],[0.649,-0.018],[0,0],[-0.633,0.032]],"v":[[366.19,-92.958],[366.19,-87.105],[368.122,-87.19],[368.122,-93.023]],"c":true},"ix":2},"nm":"Path 1","mn":"ADBE Vector Shape - Group","hd":false},{"ty":"fl","c":{"a":0,"k":[0.909803926945,0.109803922474,0.152941182256,1],"ix":4},"o":{"a":0,"k":100,"ix":5},"r":1,"bm":0,"nm":"Fill 1","mn":"ADBE Vector Graphic - Fill","hd":false},{"ty":"tr","p":{"a":0,"k":[0,0],"ix":2},"a":{"a":0,"k":[0,0],"ix":1},"s":{"a":0,"k":[100,100],"ix":3},"r":{"a":0,"k":0,"ix":6},"o":{"a":0,"k":100,"ix":7},"sk":{"a":0,"k":0,"ix":4},"sa":{"a":0,"k":0,"ix":5},"nm":"Transform"}],"nm":"Group 1","np":2,"cix":2,"bm":0,"ix":1,"mn":"ADBE Vector Group","hd":false},{"ty":"gr","it":[{"ind":0,"ty":"sh","ix":1,"ks":{"a":0,"k":{"i":[[1.444,-1.213],[0.258,-0.116],[0,0],[-0.295,0.184]],"o":[[-0.156,0.133],[0,0],[0.398,-0.156],[0.709,-0.441]],"v":[[375.932,-94.565],[375.289,-94.197],[375.289,-88.477],[376.351,-88.98]],"c":true},"ix":2},"nm":"Path 1","mn":"ADBE Vector Shape - Group","hd":false},{"ty":"fl","c":{"a":0,"k":[0.909803926945,0.109803922474,0.152941182256,1],"ix":4},"o":{"a":0,"k":100,"ix":5},"r":1,"bm":0,"nm":"Fill 1","mn":"ADBE Vector Graphic - Fill","hd":false},{"ty":"tr","p":{"a":0,"k":[0,0],"ix":2},"a":{"a":0,"k":[0,0],"ix":1},"s":{"a":0,"k":[100,100],"ix":3},"r":{"a":0,"k":0,"ix":6},"o":{"a":0,"k":100,"ix":7},"sk":{"a":0,"k":0,"ix":4},"sa":{"a":0,"k":0,"ix":5},"nm":"Transform"}],"nm":"Group 2","np":2,"cix":2,"bm":0,"ix":2,"mn":"ADBE Vector Group","hd":false},{"ty":"gr","it":[{"ind":0,"ty":"sh","ix":1,"ks":{"a":0,"k":{"i":[[0,0],[0.627,0.031],[0,0],[-0.644,-0.019]],"o":[[-0.645,-0.015],[0,0],[0.63,0.041],[0,0]],"v":[[363.769,-92.975],[361.854,-93.039],[361.854,-87.207],[363.769,-87.12]],"c":true},"ix":2},"nm":"Path 1","mn":"ADBE Vector Shape - Group","hd":false},{"ty":"fl","c":{"a":0,"k":[0.909803926945,0.109803922474,0.152941182256,1],"ix":4},"o":{"a":0,"k":100,"ix":5},"r":1,"bm":0,"nm":"Fill 1","mn":"ADBE Vector Graphic - Fill","hd":false},{"ty":"tr","p":{"a":0,"k":[0,0],"ix":2},"a":{"a":0,"k":[0,0],"ix":1},"s":{"a":0,"k":[100,100],"ix":3},"r":{"a":0,"k":0,"ix":6},"o":{"a":0,"k":100,"ix":7},"sk":{"a":0,"k":0,"ix":4},"sa":{"a":0,"k":0,"ix":5},"nm":"Transform"}],"nm":"Group 3","np":2,"cix":2,"bm":0,"ix":3,"mn":"ADBE Vector Group","hd":false},{"ty":"gr","it":[{"ind":0,"ty":"sh","ix":1,"ks":{"a":0,"k":{"i":[[0,0],[0.602,0.103],[0,0],[-0.682,-0.09]],"o":[[-0.691,-0.073],[0,0],[0.615,0.124],[0,0]],"v":[[359.354,-93.231],[357.403,-93.492],[357.403,-87.749],[359.354,-87.433]],"c":true},"ix":2},"nm":"Path 1","mn":"ADBE Vector Shape - Group","hd":false},{"ty":"fl","c":{"a":0,"k":[0.909803926945,0.109803922474,0.152941182256,1],"ix":4},"o":{"a":0,"k":100,"ix":5},"r":1,"bm":0,"nm":"Fill 1","mn":"ADBE Vector Graphic - Fill","hd":false},{"ty":"tr","p":{"a":0,"k":[0,0],"ix":2},"a":{"a":0,"k":[0,0],"ix":1},"s":{"a":0,"k":[100,100],"ix":3},"r":{"a":0,"k":0,"ix":6},"o":{"a":0,"k":100,"ix":7},"sk":{"a":0,"k":0,"ix":4},"sa":{"a":0,"k":0,"ix":5},"nm":"Transform"}],"nm":"Group 4","np":2,"cix":2,"bm":0,"ix":4,"mn":"ADBE Vector Group","hd":false},{"ty":"gr","it":[{"ind":0,"ty":"sh","ix":1,"ks":{"a":0,"k":{"i":[[0,0],[0.184,0.154],[-0.709,-0.441],[-0.455,-0.171]],"o":[[-0.318,-0.13],[-1.443,-1.215],[0.328,0.205],[0,0]],"v":[[354.825,-94.158],[354.044,-94.581],[353.626,-88.997],[354.825,-88.439]],"c":true},"ix":2},"nm":"Path 1","mn":"ADBE Vector Shape - Group","hd":false},{"ty":"fl","c":{"a":0,"k":[0.909803926945,0.109803922474,0.152941182256,1],"ix":4},"o":{"a":0,"k":100,"ix":5},"r":1,"bm":0,"nm":"Fill 1","mn":"ADBE Vector Graphic - Fill","hd":false},{"ty":"tr","p":{"a":0,"k":[0,0],"ix":2},"a":{"a":0,"k":[0,0],"ix":1},"s":{"a":0,"k":[100,100],"ix":3},"r":{"a":0,"k":0,"ix":6},"o":{"a":0,"k":100,"ix":7},"sk":{"a":0,"k":0,"ix":4},"sa":{"a":0,"k":0,"ix":5},"nm":"Transform"}],"nm":"Group 5","np":2,"cix":2,"bm":0,"ix":5,"mn":"ADBE Vector Group","hd":false},{"ty":"tr","p":{"a":0,"k":[0,0],"ix":2},"a":{"a":0,"k":[0,0],"ix":1},"s":{"a":0,"k":[100,100],"ix":3},"r":{"a":0,"k":0,"ix":6},"o":{"a":0,"k":100,"ix":7},"sk":{"a":0,"k":0,"ix":4},"sa":{"a":0,"k":0,"ix":5},"nm":"Transform"}],"nm":"Group 1","np":5,"cix":2,"bm":0,"ix":5,"mn":"ADBE Vector Group","hd":false},{"ty":"gr","it":[{"ind":0,"ty":"sh","ix":1,"ks":{"a":0,"k":{"i":[[1.444,-1.215],[2.586,2.175],[-0.709,-0.441],[-4.094,2.548]],"o":[[-2.585,2.175],[-1.443,-1.215],[4.093,2.548],[0.709,-0.441]],"v":[[375.932,-94.581],[354.044,-94.581],[353.626,-88.997],[376.351,-88.997]],"c":true},"ix":2},"nm":"Path 1","mn":"ADBE Vector Shape - Group","hd":false},{"ty":"fl","c":{"a":0,"k":[0.690196096897,0.019607843831,0.019607843831,1],"ix":4},"o":{"a":0,"k":100,"ix":5},"r":1,"bm":0,"nm":"Fill 1","mn":"ADBE Vector Graphic - Fill","hd":false},{"ty":"tr","p":{"a":0,"k":[0,0],"ix":2},"a":{"a":0,"k":[0,0],"ix":1},"s":{"a":0,"k":[100,100],"ix":3},"r":{"a":0,"k":0,"ix":6},"o":{"a":0,"k":100,"ix":7},"sk":{"a":0,"k":0,"ix":4},"sa":{"a":0,"k":0,"ix":5},"nm":"Transform"}],"nm":"Group 2","np":2,"cix":2,"bm":0,"ix":6,"mn":"ADBE Vector Group","hd":false}],"ip":0,"op":48,"st":0,"bm":0},{"ddd":0,"ind":13,"ty":4,"nm":"Nose","parent":19,"sr":1,"ks":{"o":{"a":0,"k":100,"ix":11},"r":{"a":0,"k":0,"ix":10},"p":{"a":0,"k":[364.988,-97.557,0],"ix":2},"a":{"a":0,"k":[364.988,-97.557,0],"ix":1},"s":{"a":0,"k":[100,100,100],"ix":6}},"ao":0,"shapes":[{"ty":"gr","it":[{"ind":0,"ty":"sh","ix":1,"ks":{"a":0,"k":{"i":[[0,-2.838],[1.091,-0.002],[0,1.577]],"o":[[0,1.696],[-1.091,-0.002],[0,-2.631]],"v":[[367.284,-99.035],[364.988,-94.026],[362.692,-99.035]],"c":true},"ix":2},"nm":"Path 1","mn":"ADBE Vector Shape - Group","hd":false},{"ty":"gf","o":{"a":0,"k":100,"ix":10},"r":1,"bm":0,"g":{"p":3,"k":{"a":0,"k":[0,1,0.835,0,0.464,1,0.684,0,0.909,1,0.533,0],"ix":9}},"s":{"a":0,"k":[426.723,6.952],"ix":5},"e":{"a":0,"k":[429.145,6.152],"ix":6},"t":2,"h":{"a":0,"k":0,"ix":7},"a":{"a":0,"k":0,"ix":8},"nm":"snowng","mn":"ADBE Vector Graphic - G-Fill","hd":false},{"ty":"tr","p":{"a":0,"k":[0,0],"ix":2},"a":{"a":0,"k":[0,0],"ix":1},"s":{"a":0,"k":[100,100],"ix":3},"r":{"a":0,"k":0,"ix":6},"o":{"a":0,"k":100,"ix":7},"sk":{"a":0,"k":0,"ix":4},"sa":{"a":0,"k":0,"ix":5},"nm":"Transform"}],"nm":"Group 1","np":2,"cix":2,"bm":0,"ix":1,"mn":"ADBE Vector Group","hd":false}],"ip":0,"op":48,"st":0,"bm":0},{"ddd":0,"ind":14,"ty":4,"nm":"L_Arm","parent":20,"sr":1,"ks":{"o":{"a":0,"k":100,"ix":11},"r":{"a":1,"k":[{"i":{"x":[0],"y":[1]},"o":{"x":[0.333],"y":[0]},"t":0,"s":[0]},{"i":{"x":[0],"y":[1]},"o":{"x":[0.333],"y":[0]},"t":24,"s":[-18]},{"t":48,"s":[0]}],"ix":10},"p":{"a":0,"k":[377.822,-83.912,0],"ix":2},"a":{"a":0,"k":[377.822,-83.912,0],"ix":1},"s":{"a":0,"k":[100,100,100],"ix":6}},"ao":0,"shapes":[{"ty":"gr","it":[{"ty":"gr","it":[{"ty":"gr","it":[{"ind":0,"ty":"sh","ix":1,"ks":{"a":0,"k":{"i":[[3.377,2.848],[0.213,2.824],[0.752,-2.75],[-2.879,-0.094]],"o":[[-4.076,-3.439],[-0.137,-1.846],[-0.736,2.701],[2.822,0.09]],"v":[[393.866,-98.423],[387.577,-97.386],[385.31,-97.06],[389.36,-90.915]],"c":true},"ix":2},"nm":"Path 1","mn":"ADBE Vector Shape - Group","hd":false},{"ty":"fl","c":{"a":0,"k":[0,0.427450984716,0.68235296011,1],"ix":4},"o":{"a":0,"k":100,"ix":5},"r":1,"bm":0,"nm":"Fill 1","mn":"ADBE Vector Graphic - Fill","hd":false},{"ty":"tr","p":{"a":0,"k":[0,0],"ix":2},"a":{"a":0,"k":[0,0],"ix":1},"s":{"a":0,"k":[100,100],"ix":3},"r":{"a":0,"k":0,"ix":6},"o":{"a":0,"k":100,"ix":7},"sk":{"a":0,"k":0,"ix":4},"sa":{"a":0,"k":0,"ix":5},"nm":"Transform"}],"nm":"Group 1","np":2,"cix":2,"bm":0,"ix":1,"mn":"ADBE Vector Group","hd":false},{"ty":"gr","it":[{"ind":0,"ty":"sh","ix":1,"ks":{"a":0,"k":{"i":[[4.75,0.365],[-0.142,1.287]],"o":[[-1.33,-0.1],[0.545,-5.062]],"v":[[387.649,-89.276],[383.888,-93.267]],"c":true},"ix":2},"nm":"Path 1","mn":"ADBE Vector Shape - Group","hd":false},{"ty":"fl","c":{"a":0,"k":[0.003921568859,0.301960796118,0.529411792755,1],"ix":4},"o":{"a":0,"k":100,"ix":5},"r":1,"bm":0,"nm":"Fill 1","mn":"ADBE Vector Graphic - Fill","hd":false},{"ty":"tr","p":{"a":0,"k":[0,0],"ix":2},"a":{"a":0,"k":[0,0],"ix":1},"s":{"a":0,"k":[100,100],"ix":3},"r":{"a":0,"k":0,"ix":6},"o":{"a":0,"k":100,"ix":7},"sk":{"a":0,"k":0,"ix":4},"sa":{"a":0,"k":0,"ix":5},"nm":"Transform"}],"nm":"Group 2","np":2,"cix":2,"bm":0,"ix":2,"mn":"ADBE Vector Group","hd":false},{"ty":"tr","p":{"a":0,"k":[0,0],"ix":2},"a":{"a":0,"k":[0,0],"ix":1},"s":{"a":0,"k":[100,100],"ix":3},"r":{"a":0,"k":0,"ix":6},"o":{"a":0,"k":100,"ix":7},"sk":{"a":0,"k":0,"ix":4},"sa":{"a":0,"k":0,"ix":5},"nm":"Transform"}],"nm":"Group 1","np":2,"cix":2,"bm":0,"ix":1,"mn":"ADBE Vector Group","hd":false},{"ty":"gr","it":[{"ty":"gr","it":[{"ind":0,"ty":"sh","ix":1,"ks":{"a":0,"k":{"i":[[0,0],[1.898,-1.891],[-0.517,0.516],[0,0]],"o":[[0,0],[-0.516,0.512],[1.897,-1.887],[0,0]],"v":[[388.896,-95.98],[377.768,-84.903],[379.461,-83.224],[390.587,-94.296]],"c":true},"ix":2},"nm":"Path 1","mn":"ADBE Vector Shape - Group","hd":false},{"ty":"fl","c":{"a":0,"k":[0.61960786581,0.423529416323,0.286274522543,1],"ix":4},"o":{"a":0,"k":100,"ix":5},"r":1,"bm":0,"nm":"Fill 1","mn":"ADBE Vector Graphic - Fill","hd":false},{"ty":"tr","p":{"a":0,"k":[0,0],"ix":2},"a":{"a":0,"k":[0,0],"ix":1},"s":{"a":0,"k":[100,100],"ix":3},"r":{"a":0,"k":0,"ix":6},"o":{"a":0,"k":100,"ix":7},"sk":{"a":0,"k":0,"ix":4},"sa":{"a":0,"k":0,"ix":5},"nm":"Transform"}],"nm":"Group 1","np":2,"cix":2,"bm":0,"ix":1,"mn":"ADBE Vector Group","hd":false},{"ty":"gr","it":[{"ty":"gr","it":[{"ty":"gr","it":[{"ind":0,"ty":"sh","ix":1,"ks":{"a":0,"k":{"i":[[0,0],[0,0]],"o":[[0,0],[0,0]],"v":[[387.286,-91.417],[384.896,-91.417]],"c":false},"ix":2},"nm":"Path 1","mn":"ADBE Vector Shape - Group","hd":false},{"ty":"fl","c":{"a":0,"k":[0.61960786581,0.423529416323,0.286274522543,1],"ix":4},"o":{"a":0,"k":100,"ix":5},"r":1,"bm":0,"nm":"Fill 1","mn":"ADBE Vector Graphic - Fill","hd":false},{"ty":"tr","p":{"a":0,"k":[0,0],"ix":2},"a":{"a":0,"k":[0,0],"ix":1},"s":{"a":0,"k":[100,100],"ix":3},"r":{"a":0,"k":0,"ix":6},"o":{"a":0,"k":100,"ix":7},"sk":{"a":0,"k":0,"ix":4},"sa":{"a":0,"k":0,"ix":5},"nm":"Transform"}],"nm":"Group 1","np":2,"cix":2,"bm":0,"ix":1,"mn":"ADBE Vector Group","hd":false},{"ty":"tr","p":{"a":0,"k":[0,0],"ix":2},"a":{"a":0,"k":[0,0],"ix":1},"s":{"a":0,"k":[100,100],"ix":3},"r":{"a":0,"k":0,"ix":6},"o":{"a":0,"k":100,"ix":7},"sk":{"a":0,"k":0,"ix":4},"sa":{"a":0,"k":0,"ix":5},"nm":"Transform"}],"nm":"Group 1","np":1,"cix":2,"bm":0,"ix":1,"mn":"ADBE Vector Group","hd":false},{"ty":"tr","p":{"a":0,"k":[0,0],"ix":2},"a":{"a":0,"k":[0,0],"ix":1},"s":{"a":0,"k":[100,100],"ix":3},"r":{"a":0,"k":0,"ix":6},"o":{"a":0,"k":100,"ix":7},"sk":{"a":0,"k":0,"ix":4},"sa":{"a":0,"k":0,"ix":5},"nm":"Transform"}],"nm":"Group 2","np":1,"cix":2,"bm":0,"ix":2,"mn":"ADBE Vector Group","hd":false},{"ty":"tr","p":{"a":0,"k":[0,0],"ix":2},"a":{"a":0,"k":[0,0],"ix":1},"s":{"a":0,"k":[100,100],"ix":3},"r":{"a":0,"k":0,"ix":6},"o":{"a":0,"k":100,"ix":7},"sk":{"a":0,"k":0,"ix":4},"sa":{"a":0,"k":0,"ix":5},"nm":"Transform"}],"nm":"Group 2","np":2,"cix":2,"bm":0,"ix":2,"mn":"ADBE Vector Group","hd":false},{"ty":"tr","p":{"a":0,"k":[0,0],"ix":2},"a":{"a":0,"k":[0,0],"ix":1},"s":{"a":0,"k":[100,100],"ix":3},"r":{"a":0,"k":0,"ix":6},"o":{"a":0,"k":100,"ix":7},"sk":{"a":0,"k":0,"ix":4},"sa":{"a":0,"k":0,"ix":5},"nm":"Transform"}],"nm":"Group 2","np":2,"cix":2,"bm":0,"ix":1,"mn":"ADBE Vector Group","hd":false}],"ip":0,"op":48,"st":0,"bm":0},{"ddd":0,"ind":15,"ty":4,"nm":"R_Arm","parent":20,"sr":1,"ks":{"o":{"a":0,"k":100,"ix":11},"r":{"a":1,"k":[{"i":{"x":[0],"y":[1]},"o":{"x":[0.333],"y":[0]},"t":0,"s":[0]},{"i":{"x":[0],"y":[1]},"o":{"x":[0.333],"y":[0]},"t":24,"s":[19]},{"t":48,"s":[0]}],"ix":10},"p":{"a":0,"k":[351.322,-83.412,0],"ix":2},"a":{"a":0,"k":[351.322,-83.412,0],"ix":1},"s":{"a":0,"k":[100,100,100],"ix":6}},"ao":0,"shapes":[{"ty":"gr","it":[{"ty":"gr","it":[{"ty":"gr","it":[{"ind":0,"ty":"sh","ix":1,"ks":{"a":0,"k":{"i":[[-3.377,2.848],[-0.213,2.824],[-0.75,-2.75],[2.879,-0.094]],"o":[[4.075,-3.439],[0.137,-1.846],[0.736,2.701],[-2.821,0.09]],"v":[[336.11,-98.423],[342.398,-97.386],[344.666,-97.06],[340.615,-90.915]],"c":true},"ix":2},"nm":"Path 1","mn":"ADBE Vector Shape - Group","hd":false},{"ty":"fl","c":{"a":0,"k":[0,0.427450984716,0.68235296011,1],"ix":4},"o":{"a":0,"k":100,"ix":5},"r":1,"bm":0,"nm":"Fill 1","mn":"ADBE Vector Graphic - Fill","hd":false},{"ty":"tr","p":{"a":0,"k":[0,0],"ix":2},"a":{"a":0,"k":[0,0],"ix":1},"s":{"a":0,"k":[100,100],"ix":3},"r":{"a":0,"k":0,"ix":6},"o":{"a":0,"k":100,"ix":7},"sk":{"a":0,"k":0,"ix":4},"sa":{"a":0,"k":0,"ix":5},"nm":"Transform"}],"nm":"Group 1","np":2,"cix":2,"bm":0,"ix":1,"mn":"ADBE Vector Group","hd":false},{"ty":"gr","it":[{"ind":0,"ty":"sh","ix":1,"ks":{"a":0,"k":{"i":[[-4.749,0.365],[0.143,1.287]],"o":[[1.33,-0.1],[-0.545,-5.062]],"v":[[342.326,-89.276],[346.088,-93.267]],"c":true},"ix":2},"nm":"Path 1","mn":"ADBE Vector Shape - Group","hd":false},{"ty":"fl","c":{"a":0,"k":[0.003921568859,0.301960796118,0.529411792755,1],"ix":4},"o":{"a":0,"k":100,"ix":5},"r":1,"bm":0,"nm":"Fill 1","mn":"ADBE Vector Graphic - Fill","hd":false},{"ty":"tr","p":{"a":0,"k":[0,0],"ix":2},"a":{"a":0,"k":[0,0],"ix":1},"s":{"a":0,"k":[100,100],"ix":3},"r":{"a":0,"k":0,"ix":6},"o":{"a":0,"k":100,"ix":7},"sk":{"a":0,"k":0,"ix":4},"sa":{"a":0,"k":0,"ix":5},"nm":"Transform"}],"nm":"Group 2","np":2,"cix":2,"bm":0,"ix":2,"mn":"ADBE Vector Group","hd":false},{"ty":"tr","p":{"a":0,"k":[0,0],"ix":2},"a":{"a":0,"k":[0,0],"ix":1},"s":{"a":0,"k":[100,100],"ix":3},"r":{"a":0,"k":0,"ix":6},"o":{"a":0,"k":100,"ix":7},"sk":{"a":0,"k":0,"ix":4},"sa":{"a":0,"k":0,"ix":5},"nm":"Transform"}],"nm":"Group 1","np":2,"cix":2,"bm":0,"ix":1,"mn":"ADBE Vector Group","hd":false},{"ty":"gr","it":[{"ty":"gr","it":[{"ind":0,"ty":"sh","ix":1,"ks":{"a":0,"k":{"i":[[0,0],[-1.898,-1.891],[0.518,0.516],[0,0]],"o":[[0,0],[0.516,0.512],[-1.897,-1.887],[0,0]],"v":[[341.082,-95.98],[352.209,-84.903],[350.516,-83.224],[339.391,-94.296]],"c":true},"ix":2},"nm":"Path 1","mn":"ADBE Vector Shape - Group","hd":false},{"ty":"fl","c":{"a":0,"k":[0.61960786581,0.423529416323,0.286274522543,1],"ix":4},"o":{"a":0,"k":100,"ix":5},"r":1,"bm":0,"nm":"Fill 1","mn":"ADBE Vector Graphic - Fill","hd":false},{"ty":"tr","p":{"a":0,"k":[0,0],"ix":2},"a":{"a":0,"k":[0,0],"ix":1},"s":{"a":0,"k":[100,100],"ix":3},"r":{"a":0,"k":0,"ix":6},"o":{"a":0,"k":100,"ix":7},"sk":{"a":0,"k":0,"ix":4},"sa":{"a":0,"k":0,"ix":5},"nm":"Transform"}],"nm":"Group 1","np":2,"cix":2,"bm":0,"ix":1,"mn":"ADBE Vector Group","hd":false},{"ty":"gr","it":[{"ty":"gr","it":[{"ty":"gr","it":[{"ind":0,"ty":"sh","ix":1,"ks":{"a":0,"k":{"i":[[0,0],[0,0]],"o":[[0,0],[0,0]],"v":[[342.69,-91.417],[345.08,-91.417]],"c":false},"ix":2},"nm":"Path 1","mn":"ADBE Vector Shape - Group","hd":false},{"ty":"fl","c":{"a":0,"k":[0.61960786581,0.423529416323,0.286274522543,1],"ix":4},"o":{"a":0,"k":100,"ix":5},"r":1,"bm":0,"nm":"Fill 1","mn":"ADBE Vector Graphic - Fill","hd":false},{"ty":"tr","p":{"a":0,"k":[0,0],"ix":2},"a":{"a":0,"k":[0,0],"ix":1},"s":{"a":0,"k":[100,100],"ix":3},"r":{"a":0,"k":0,"ix":6},"o":{"a":0,"k":100,"ix":7},"sk":{"a":0,"k":0,"ix":4},"sa":{"a":0,"k":0,"ix":5},"nm":"Transform"}],"nm":"Group 1","np":2,"cix":2,"bm":0,"ix":1,"mn":"ADBE Vector Group","hd":false},{"ty":"tr","p":{"a":0,"k":[0,0],"ix":2},"a":{"a":0,"k":[0,0],"ix":1},"s":{"a":0,"k":[100,100],"ix":3},"r":{"a":0,"k":0,"ix":6},"o":{"a":0,"k":100,"ix":7},"sk":{"a":0,"k":0,"ix":4},"sa":{"a":0,"k":0,"ix":5},"nm":"Transform"}],"nm":"Group 1","np":1,"cix":2,"bm":0,"ix":1,"mn":"ADBE Vector Group","hd":false},{"ty":"tr","p":{"a":0,"k":[0,0],"ix":2},"a":{"a":0,"k":[0,0],"ix":1},"s":{"a":0,"k":[100,100],"ix":3},"r":{"a":0,"k":0,"ix":6},"o":{"a":0,"k":100,"ix":7},"sk":{"a":0,"k":0,"ix":4},"sa":{"a":0,"k":0,"ix":5},"nm":"Transform"}],"nm":"Group 2","np":1,"cix":2,"bm":0,"ix":2,"mn":"ADBE Vector Group","hd":false},{"ty":"tr","p":{"a":0,"k":[0,0],"ix":2},"a":{"a":0,"k":[0,0],"ix":1},"s":{"a":0,"k":[100,100],"ix":3},"r":{"a":0,"k":0,"ix":6},"o":{"a":0,"k":100,"ix":7},"sk":{"a":0,"k":0,"ix":4},"sa":{"a":0,"k":0,"ix":5},"nm":"Transform"}],"nm":"Group 2","np":2,"cix":2,"bm":0,"ix":2,"mn":"ADBE Vector Group","hd":false},{"ty":"tr","p":{"a":0,"k":[0,0],"ix":2},"a":{"a":0,"k":[0,0],"ix":1},"s":{"a":0,"k":[100,100],"ix":3},"r":{"a":0,"k":0,"ix":6},"o":{"a":0,"k":100,"ix":7},"sk":{"a":0,"k":0,"ix":4},"sa":{"a":0,"k":0,"ix":5},"nm":"Transform"}],"nm":"Group 1","np":2,"cix":2,"bm":0,"ix":1,"mn":"ADBE Vector Group","hd":false}],"ip":0,"op":48,"st":0,"bm":0},{"ddd":0,"ind":16,"ty":4,"nm":"Hat","parent":19,"sr":1,"ks":{"o":{"a":0,"k":100,"ix":11},"r":{"a":0,"k":0,"ix":10},"p":{"a":0,"k":[362.523,-114.923,0],"ix":2},"a":{"a":0,"k":[362.523,-114.923,0],"ix":1},"s":{"a":0,"k":[100,100,100],"ix":6}},"ao":0,"shapes":[{"ty":"gr","it":[{"ty":"gr","it":[{"ty":"gr","it":[{"ind":0,"ty":"sh","ix":1,"ks":{"a":0,"k":{"i":[[2.591,0.051],[-1.242,1.164]],"o":[[1.618,0.527],[-2.327,1.146]],"v":[[353.24,-119.082],[367.815,-122.332]],"c":true},"ix":2},"nm":"Path 1","mn":"ADBE Vector Shape - Group","hd":false},{"ty":"fl","c":{"a":0,"k":[0.188235297799,0.172549024224,0.23137255013,1],"ix":4},"o":{"a":0,"k":100,"ix":5},"r":1,"bm":0,"nm":"Fill 1","mn":"ADBE Vector Graphic - Fill","hd":false},{"ty":"tr","p":{"a":0,"k":[0,0],"ix":2},"a":{"a":0,"k":[0,0],"ix":1},"s":{"a":0,"k":[100,100],"ix":3},"r":{"a":0,"k":0,"ix":6},"o":{"a":0,"k":100,"ix":7},"sk":{"a":0,"k":0,"ix":4},"sa":{"a":0,"k":0,"ix":5},"nm":"Transform"}],"nm":"Group 1","np":2,"cix":2,"bm":0,"ix":1,"mn":"ADBE Vector Group","hd":false},{"ty":"gr","it":[{"ind":0,"ty":"sh","ix":1,"ks":{"a":0,"k":{"i":[[-0.424,-1.43],[0.149,1.131]],"o":[[0.344,1.083],[-0.223,-1.473]],"v":[[353.058,-119.24],[367.913,-122.554]],"c":true},"ix":2},"nm":"Path 1","mn":"ADBE Vector Shape - Group","hd":false},{"ty":"fl","c":{"a":0,"k":[0.188235297799,0.172549024224,0.23137255013,1],"ix":4},"o":{"a":0,"k":100,"ix":5},"r":1,"bm":0,"nm":"Fill 1","mn":"ADBE Vector Graphic - Fill","hd":false},{"ty":"tr","p":{"a":0,"k":[0,0],"ix":2},"a":{"a":0,"k":[0,0],"ix":1},"s":{"a":0,"k":[100,100],"ix":3},"r":{"a":0,"k":0,"ix":6},"o":{"a":0,"k":100,"ix":7},"sk":{"a":0,"k":0,"ix":4},"sa":{"a":0,"k":0,"ix":5},"nm":"Transform"}],"nm":"Group 2","np":2,"cix":2,"bm":0,"ix":2,"mn":"ADBE Vector Group","hd":false},{"ty":"gr","it":[{"ind":0,"ty":"sh","ix":1,"ks":{"a":0,"k":{"i":[[0.26,0.069],[2.227,-0.522],[0.241,1.707],[-0.289,-0.885],[-3.941,0.883],[0.081,0.744]],"o":[[0.505,1.645],[-2.237,0.475],[-0.205,0.173],[0.242,0.708],[3.94,-0.876],[-0.111,-0.925]],"v":[[368.934,-114.492],[362.646,-111.18],[355.548,-111.508],[356.173,-109.059],[363.202,-108.689],[369.407,-112.01]],"c":true},"ix":2},"nm":"Path 1","mn":"ADBE Vector Shape - Group","hd":false},{"ty":"fl","c":{"a":0,"k":[0.909803926945,0.109803922474,0.152941182256,1],"ix":4},"o":{"a":0,"k":100,"ix":5},"r":1,"bm":0,"nm":"Fill 1","mn":"ADBE Vector Graphic - Fill","hd":false},{"ty":"tr","p":{"a":0,"k":[0,0],"ix":2},"a":{"a":0,"k":[0,0],"ix":1},"s":{"a":0,"k":[100,100],"ix":3},"r":{"a":0,"k":0,"ix":6},"o":{"a":0,"k":100,"ix":7},"sk":{"a":0,"k":0,"ix":4},"sa":{"a":0,"k":0,"ix":5},"nm":"Transform"}],"nm":"Group 3","np":2,"cix":2,"bm":0,"ix":3,"mn":"ADBE Vector Group","hd":false},{"ty":"gr","it":[{"ind":0,"ty":"sh","ix":1,"ks":{"a":0,"k":{"i":[[-0.006,0.001],[4.905,-1.298],[-1.196,-4.708],[-0.007,-0.048],[1.181,2.576]],"o":[[-4.992,0.911],[0.002,-0.001],[0.023,2.835],[-0.011,-0.047],[-0.911,-4.773]],"v":[[367.913,-122.554],[353.058,-119.24],[355.548,-111.508],[362.828,-110.357],[368.934,-114.492]],"c":true},"ix":2},"nm":"Path 1","mn":"ADBE Vector Shape - Group","hd":false},{"ty":"gf","o":{"a":0,"k":100,"ix":10},"r":1,"bm":0,"g":{"p":7,"k":{"a":0,"k":[0,0.102,0.086,0.149,0.388,0.178,0.163,0.225,0.497,0.255,0.239,0.302,0.603,0.255,0.239,0.302,0.709,0.255,0.239,0.302,0.793,0.178,0.163,0.225,1,0.102,0.086,0.149],"ix":9}},"s":{"a":0,"k":[614.04,103.511],"ix":5},"e":{"a":0,"k":[620.999,100.418],"ix":6},"t":2,"h":{"a":0,"k":0,"ix":7},"a":{"a":0,"k":0,"ix":8},"nm":"snowhatg","mn":"ADBE Vector Graphic - G-Fill","hd":false},{"ty":"tr","p":{"a":0,"k":[0,0],"ix":2},"a":{"a":0,"k":[0,0],"ix":1},"s":{"a":0,"k":[100,100],"ix":3},"r":{"a":0,"k":0,"ix":6},"o":{"a":0,"k":100,"ix":7},"sk":{"a":0,"k":0,"ix":4},"sa":{"a":0,"k":0,"ix":5},"nm":"Transform"}],"nm":"Group 4","np":2,"cix":2,"bm":0,"ix":4,"mn":"ADBE Vector Group","hd":false},{"ty":"tr","p":{"a":0,"k":[0,0],"ix":2},"a":{"a":0,"k":[0,0],"ix":1},"s":{"a":0,"k":[100,100],"ix":3},"r":{"a":0,"k":0,"ix":6},"o":{"a":0,"k":100,"ix":7},"sk":{"a":0,"k":0,"ix":4},"sa":{"a":0,"k":0,"ix":5},"nm":"Transform"}],"nm":"Group 1","np":4,"cix":2,"bm":0,"ix":1,"mn":"ADBE Vector Group","hd":false},{"ty":"gr","it":[{"ty":"gr","it":[{"ind":0,"ty":"sh","ix":1,"ks":{"a":0,"k":{"i":[[6.096,-1.358],[-0.4,-1.794],[-6.659,1.484],[0.34,1.52]],"o":[[-6.098,1.362],[0.338,1.523],[6.656,-1.484],[-0.399,-1.797]],"v":[[362.601,-111.392],[352.099,-109.45],[363.378,-107.898],[372.931,-114.094]],"c":true},"ix":2},"nm":"Path 1","mn":"ADBE Vector Shape - Group","hd":false},{"ty":"fl","c":{"a":0,"k":[0.188235297799,0.172549024224,0.23137255013,1],"ix":4},"o":{"a":0,"k":100,"ix":5},"r":1,"bm":0,"nm":"Fill 1","mn":"ADBE Vector Graphic - Fill","hd":false},{"ty":"tr","p":{"a":0,"k":[0,0],"ix":2},"a":{"a":0,"k":[0,0],"ix":1},"s":{"a":0,"k":[100,100],"ix":3},"r":{"a":0,"k":0,"ix":6},"o":{"a":0,"k":100,"ix":7},"sk":{"a":0,"k":0,"ix":4},"sa":{"a":0,"k":0,"ix":5},"nm":"Transform"}],"nm":"Group 1","np":2,"cix":2,"bm":0,"ix":1,"mn":"ADBE Vector Group","hd":false},{"ty":"gr","it":[{"ind":0,"ty":"sh","ix":1,"ks":{"a":0,"k":{"i":[[3.435,-0.768],[-0.494,-2.214],[-6.997,1.561],[0.422,1.908]],"o":[[-3.435,0.767],[0.424,1.91],[6.995,-1.559],[-0.495,-2.217]],"v":[[362.716,-110.868],[351.903,-109.407],[363.447,-107.581],[373.128,-114.139]],"c":true},"ix":2},"nm":"Path 1","mn":"ADBE Vector Shape - Group","hd":false},{"ty":"fl","c":{"a":0,"k":[0.188235297799,0.172549024224,0.23137255013,1],"ix":4},"o":{"a":0,"k":100,"ix":5},"r":1,"bm":0,"nm":"Fill 1","mn":"ADBE Vector Graphic - Fill","hd":false},{"ty":"tr","p":{"a":0,"k":[0,0],"ix":2},"a":{"a":0,"k":[0,0],"ix":1},"s":{"a":0,"k":[100,100],"ix":3},"r":{"a":0,"k":0,"ix":6},"o":{"a":0,"k":100,"ix":7},"sk":{"a":0,"k":0,"ix":4},"sa":{"a":0,"k":0,"ix":5},"nm":"Transform"}],"nm":"Group 2","np":2,"cix":2,"bm":0,"ix":2,"mn":"ADBE Vector Group","hd":false},{"ty":"tr","p":{"a":0,"k":[0,0],"ix":2},"a":{"a":0,"k":[0,0],"ix":1},"s":{"a":0,"k":[100,100],"ix":3},"r":{"a":0,"k":0,"ix":6},"o":{"a":0,"k":100,"ix":7},"sk":{"a":0,"k":0,"ix":4},"sa":{"a":0,"k":0,"ix":5},"nm":"Transform"}],"nm":"Group 2","np":2,"cix":2,"bm":0,"ix":2,"mn":"ADBE Vector Group","hd":false},{"ty":"tr","p":{"a":0,"k":[0,0],"ix":2},"a":{"a":0,"k":[0,0],"ix":1},"s":{"a":0,"k":[100,100],"ix":3},"r":{"a":0,"k":0,"ix":6},"o":{"a":0,"k":100,"ix":7},"sk":{"a":0,"k":0,"ix":4},"sa":{"a":0,"k":0,"ix":5},"nm":"Transform"}],"nm":"Group 1","np":2,"cix":2,"bm":0,"ix":1,"mn":"ADBE Vector Group","hd":false}],"ip":0,"op":48,"st":0,"bm":0},{"ddd":0,"ind":17,"ty":4,"nm":"Buttons","parent":20,"sr":1,"ks":{"o":{"a":0,"k":100,"ix":11},"r":{"a":0,"k":0,"ix":10},"p":{"a":0,"k":[364.882,-76.592,0],"ix":2},"a":{"a":0,"k":[364.882,-76.592,0],"ix":1},"s":{"a":0,"k":[100,100,100],"ix":6}},"ao":0,"shapes":[{"ty":"gr","it":[{"ind":0,"ty":"sh","ix":1,"ks":{"a":0,"k":{"i":[[2.668,0],[-2.638,-0.388]],"o":[[-2.666,0],[2.001,0.294]],"v":[[364.987,-70.176],[365.008,-73.508]],"c":true},"ix":2},"nm":"Path 1","mn":"ADBE Vector Shape - Group","hd":false},{"ty":"fl","c":{"a":0,"k":[0.188235297799,0.172549024224,0.23137255013,1],"ix":4},"o":{"a":0,"k":100,"ix":5},"r":1,"bm":0,"nm":"Fill 1","mn":"ADBE Vector Graphic - Fill","hd":false},{"ty":"tr","p":{"a":0,"k":[0,0],"ix":2},"a":{"a":0,"k":[0,0],"ix":1},"s":{"a":0,"k":[100,100],"ix":3},"r":{"a":0,"k":0,"ix":6},"o":{"a":0,"k":100,"ix":7},"sk":{"a":0,"k":0,"ix":4},"sa":{"a":0,"k":0,"ix":5},"nm":"Transform"}],"nm":"Group 1","np":2,"cix":2,"bm":0,"ix":1,"mn":"ADBE Vector Group","hd":false},{"ty":"gr","it":[{"ind":0,"ty":"sh","ix":1,"ks":{"a":0,"k":{"i":[[2.668,0],[-2.472,0.641]],"o":[[-2.666,0],[2.583,-0.669]],"v":[[364.861,-78.963],[364.861,-82.942]],"c":true},"ix":2},"nm":"Path 1","mn":"ADBE Vector Shape - Group","hd":false},{"ty":"fl","c":{"a":0,"k":[0.188235297799,0.172549024224,0.23137255013,1],"ix":4},"o":{"a":0,"k":100,"ix":5},"r":1,"bm":0,"nm":"Fill 1","mn":"ADBE Vector Graphic - Fill","hd":false},{"ty":"tr","p":{"a":0,"k":[0,0],"ix":2},"a":{"a":0,"k":[0,0],"ix":1},"s":{"a":0,"k":[100,100],"ix":3},"r":{"a":0,"k":0,"ix":6},"o":{"a":0,"k":100,"ix":7},"sk":{"a":0,"k":0,"ix":4},"sa":{"a":0,"k":0,"ix":5},"nm":"Transform"}],"nm":"Group 2","np":2,"cix":2,"bm":0,"ix":2,"mn":"ADBE Vector Group","hd":false}],"ip":0,"op":48,"st":0,"bm":0},{"ddd":0,"ind":18,"ty":4,"nm":"Eyes","parent":19,"sr":1,"ks":{"o":{"a":0,"k":100,"ix":11},"r":{"a":0,"k":0,"ix":10},"p":{"a":0,"k":[371.372,-103.027,0],"ix":2},"a":{"a":0,"k":[371.372,-103.027,0],"ix":1},"s":{"a":0,"k":[100,100,100],"ix":6}},"ao":0,"shapes":[{"ty":"gr","it":[{"ind":0,"ty":"sh","ix":1,"ks":{"a":0,"k":{"i":[[0,-2.655],[0,2.654]],"o":[[0,2.654],[0,-2.655]],"v":[[373.372,-103.026],[369.372,-103.026]],"c":true},"ix":2},"nm":"Path 1","mn":"ADBE Vector Shape - Group","hd":false},{"ty":"fl","c":{"a":0,"k":[0.188235297799,0.172549024224,0.23137255013,1],"ix":4},"o":{"a":0,"k":100,"ix":5},"r":1,"bm":0,"nm":"Fill 1","mn":"ADBE Vector Graphic - Fill","hd":false},{"ty":"tr","p":{"a":0,"k":[0,0],"ix":2},"a":{"a":0,"k":[0,0],"ix":1},"s":{"a":0,"k":[100,100],"ix":3},"r":{"a":0,"k":0,"ix":6},"o":{"a":0,"k":100,"ix":7},"sk":{"a":0,"k":0,"ix":4},"sa":{"a":0,"k":0,"ix":5},"nm":"Transform"}],"nm":"Group 1","np":2,"cix":2,"bm":0,"ix":1,"mn":"ADBE Vector Group","hd":false},{"ty":"gr","it":[{"ind":0,"ty":"sh","ix":1,"ks":{"a":0,"k":{"i":[[0,-2.655],[0,2.654]],"o":[[0,2.654],[0,-2.655]],"v":[[360.604,-103.026],[356.604,-103.026]],"c":true},"ix":2},"nm":"Path 1","mn":"ADBE Vector Shape - Group","hd":false},{"ty":"fl","c":{"a":0,"k":[0.188235297799,0.172549024224,0.23137255013,1],"ix":4},"o":{"a":0,"k":100,"ix":5},"r":1,"bm":0,"nm":"Fill 1","mn":"ADBE Vector Graphic - Fill","hd":false},{"ty":"tr","p":{"a":0,"k":[0,0],"ix":2},"a":{"a":0,"k":[0,0],"ix":1},"s":{"a":0,"k":[100,100],"ix":3},"r":{"a":0,"k":0,"ix":6},"o":{"a":0,"k":100,"ix":7},"sk":{"a":0,"k":0,"ix":4},"sa":{"a":0,"k":0,"ix":5},"nm":"Transform"}],"nm":"Group 2","np":2,"cix":2,"bm":0,"ix":2,"mn":"ADBE Vector Group","hd":false}],"ip":0,"op":48,"st":0,"bm":0},{"ddd":0,"ind":19,"ty":4,"nm":"Head","parent":20,"sr":1,"ks":{"o":{"a":0,"k":100,"ix":11},"r":{"a":1,"k":[{"i":{"x":[0],"y":[1]},"o":{"x":[0.333],"y":[0]},"t":0,"s":[0]},{"i":{"x":[0],"y":[1]},"o":{"x":[0.333],"y":[0]},"t":23,"s":[18]},{"t":48,"s":[0]}],"ix":10},"p":{"a":0,"k":[364.988,-101.39,0],"ix":2},"a":{"a":0,"k":[364.988,-101.39,0],"ix":1},"s":{"a":0,"k":[100,100,100],"ix":6}},"ao":0,"shapes":[{"ty":"gr","it":[{"ind":0,"ty":"sh","ix":1,"ks":{"a":0,"k":{"i":[[0,-7.203],[7.24,0],[0,7.203],[-7.237,0]],"o":[[0,7.203],[-7.238,0],[0,-7.203],[7.242,0]],"v":[[378.095,-101.392],[364.987,-88.345],[351.882,-101.392],[364.987,-114.436]],"c":true},"ix":2},"nm":"Path 1","mn":"ADBE Vector Shape - Group","hd":false},{"ty":"gf","o":{"a":0,"k":100,"ix":10},"r":1,"bm":0,"g":{"p":3,"k":{"a":0,"k":[0,1,1,1,0.618,0.898,0.916,0.929,1,0.796,0.831,0.859],"ix":9}},"s":{"a":0,"k":[362.809,-105.49],"ix":5},"e":{"a":0,"k":[379.532,-104.74],"ix":6},"t":2,"h":{"a":0,"k":0.131,"ix":7},"a":{"a":0,"k":178.511,"ix":8},"nm":"snowheadg","mn":"ADBE Vector Graphic - G-Fill","hd":false},{"ty":"tr","p":{"a":0,"k":[0,0],"ix":2},"a":{"a":0,"k":[0,0],"ix":1},"s":{"a":0,"k":[100,100],"ix":3},"r":{"a":0,"k":0,"ix":6},"o":{"a":0,"k":100,"ix":7},"sk":{"a":0,"k":0,"ix":4},"sa":{"a":0,"k":0,"ix":5},"nm":"Transform"}],"nm":"Group 1","np":2,"cix":2,"bm":0,"ix":1,"mn":"ADBE Vector Group","hd":false}],"ip":0,"op":48,"st":0,"bm":0},{"ddd":0,"ind":20,"ty":4,"nm":"Body","parent":1,"sr":1,"ks":{"o":{"a":0,"k":100,"ix":11},"r":{"a":0,"k":0,"ix":10},"p":{"a":0,"k":[0,-146,0],"ix":2},"a":{"a":0,"k":[364.988,-77.986,0],"ix":1},"s":{"a":0,"k":[1200,1200,100],"ix":6}},"ao":0,"shapes":[{"ty":"gr","it":[{"ind":0,"ty":"sh","ix":1,"ks":{"a":0,"k":{"i":[[0,-10.045],[9.479,0],[0,12.868],[-9.479,0]],"o":[[0,12.868],[-9.479,0],[0,-10.045],[9.479,0]],"v":[[382.151,-76.866],[364.987,-62.919],[347.825,-76.866],[364.987,-93.054]],"c":true},"ix":2},"nm":"Path 1","mn":"ADBE Vector Shape - Group","hd":false},{"ty":"gf","o":{"a":0,"k":100,"ix":10},"r":1,"bm":0,"g":{"p":3,"k":{"a":0,"k":[0,1,1,1,0.697,0.898,0.916,0.929,1,0.796,0.831,0.859],"ix":9}},"s":{"a":0,"k":[362.607,-81.399],"ix":5},"e":{"a":0,"k":[381.798,-80.779],"ix":6},"t":2,"h":{"a":0,"k":0,"ix":7},"a":{"a":0,"k":0,"ix":8},"nm":"snowbodyg","mn":"ADBE Vector Graphic - G-Fill","hd":false},{"ty":"tr","p":{"a":0,"k":[0,0],"ix":2},"a":{"a":0,"k":[0,0],"ix":1},"s":{"a":0,"k":[100,100],"ix":3},"r":{"a":0,"k":0,"ix":6},"o":{"a":0,"k":100,"ix":7},"sk":{"a":0,"k":0,"ix":4},"sa":{"a":0,"k":0,"ix":5},"nm":"Transform"}],"nm":"Group 1","np":2,"cix":2,"bm":0,"ix":1,"mn":"ADBE Vector Group","hd":false}],"ip":0,"op":48,"st":0,"bm":0}]}],"layers":[{"ddd":0,"ind":1,"ty":0,"nm":"snowman","refId":"comp_0","sr":1,"ks":{"o":{"a":0,"k":100,"ix":11},"r":{"a":0,"k":0,"ix":10},"p":{"a":0,"k":[512,548,0],"ix":2},"a":{"a":0,"k":[512,512,0],"ix":1},"s":{"a":0,"k":[110,110,100],"ix":6}},"ao":0,"w":1024,"h":1024,"ip":0,"op":48,"st":0,"bm":0}],"markers":[]}