{"v":"5.6.2","fr":24,"ip":0,"op":48,"w":1024,"h":1024,"nm":"pancakes","ddd":0,"assets":[{"id":"comp_0","layers":[{"ddd":0,"ind":1,"ty":4,"nm":"Isolation Mode 2","sr":1,"ks":{"o":{"a":1,"k":[{"i":{"x":[0.833],"y":[0.833]},"o":{"x":[0.167],"y":[0.167]},"t":0,"s":[100]},{"t":10,"s":[0]}],"ix":11},"r":{"a":0,"k":0,"ix":10},"p":{"a":0,"k":[545.999,313.171,0],"ix":2},"a":{"a":0,"k":[0,0,0],"ix":1},"s":{"a":0,"k":[100,100,100],"ix":6}},"ao":0,"shapes":[{"ty":"gr","it":[{"ind":0,"ty":"sh","ix":1,"ks":{"a":0,"k":{"i":[[25.671,0],[30.174,-16.585],[-7.559,-3.038],[-24.757,0],[-27.758,23.267],[7.324,4.055]],"o":[[-24.757,0],[-7.293,4.116],[29.866,20.763],[22.179,0],[6.725,-5.69],[-30.186,-16.646]],"v":[[0.001,-83.677],[-126.246,-31.645],[-126.246,9.951],[0.001,83.677],[126.546,10],[126.546,-31.584]],"c":true},"ix":2},"nm":"Path 1","mn":"ADBE Vector Shape - Group","hd":false},{"ty":"gf","o":{"a":0,"k":100,"ix":10},"r":1,"bm":0,"g":{"p":3,"k":{"a":0,"k":[0,1,0.898,0.29,0.521,1,0.925,0.484,0.709,1,0.953,0.678],"ix":9}},"s":{"a":0,"k":[4.321,82.398],"ix":5},"e":{"a":0,"k":[5.267,-81.046],"ix":6},"t":1,"nm":"Gradient Fill 1","mn":"ADBE Vector Graphic - G-Fill","hd":false},{"ty":"tr","p":{"a":0,"k":[0,0],"ix":2},"a":{"a":0,"k":[0,0],"ix":1},"s":{"a":0,"k":[100,100],"ix":3},"r":{"a":0,"k":0,"ix":6},"o":{"a":0,"k":100,"ix":7},"sk":{"a":0,"k":0,"ix":4},"sa":{"a":0,"k":0,"ix":5},"nm":"Transform"}],"nm":"Group 1","np":2,"cix":2,"bm":0,"ix":1,"mn":"ADBE Vector Group","hd":false}],"ip":0,"op":22,"st":0,"bm":0},{"ddd":0,"ind":2,"ty":4,"nm":"Isolation Mode","sr":1,"ks":{"o":{"a":0,"k":100,"ix":11},"r":{"a":0,"k":0,"ix":10},"p":{"a":1,"k":[{"i":{"x":0.833,"y":0.833},"o":{"x":1,"y":0},"t":15,"s":[511.999,-126.829,0],"to":[0,0,0],"ti":[0,0,0]},{"i":{"x":0,"y":1},"o":{"x":0.167,"y":0.167},"t":26,"s":[511.999,293.171,0],"to":[0,0,0],"ti":[0,0,0]},{"t":48,"s":[545.999,313.171,0]}],"ix":2},"a":{"a":0,"k":[0,0,0],"ix":1},"s":{"a":0,"k":[100,100,100],"ix":6}},"ao":0,"shapes":[{"ty":"gr","it":[{"ind":0,"ty":"sh","ix":1,"ks":{"a":0,"k":{"i":[[25.671,0],[30.174,-16.585],[-7.559,-3.038],[-24.757,0],[-27.758,23.267],[7.324,4.055]],"o":[[-24.757,0],[-7.293,4.116],[29.866,20.763],[22.179,0],[6.725,-5.69],[-30.186,-16.646]],"v":[[0.001,-83.677],[-126.246,-31.645],[-126.246,9.951],[0.001,83.677],[126.546,10],[126.546,-31.584]],"c":true},"ix":2},"nm":"Path 1","mn":"ADBE Vector Shape - Group","hd":false},{"ty":"gf","o":{"a":0,"k":100,"ix":10},"r":1,"bm":0,"g":{"p":3,"k":{"a":0,"k":[0,1,0.898,0.29,0.521,1,0.925,0.484,0.709,1,0.953,0.678],"ix":9}},"s":{"a":0,"k":[4.321,82.398],"ix":5},"e":{"a":0,"k":[5.267,-81.046],"ix":6},"t":1,"nm":"Gradient Fill 1","mn":"ADBE Vector Graphic - G-Fill","hd":false},{"ty":"tr","p":{"a":0,"k":[0,0],"ix":2},"a":{"a":0,"k":[0,0],"ix":1},"s":{"a":0,"k":[100,100],"ix":3},"r":{"a":0,"k":0,"ix":6},"o":{"a":0,"k":100,"ix":7},"sk":{"a":0,"k":0,"ix":4},"sa":{"a":0,"k":0,"ix":5},"nm":"Transform"}],"nm":"Group 1","np":2,"cix":2,"bm":0,"ix":1,"mn":"ADBE Vector Group","hd":false}],"ip":15,"op":63,"st":15,"bm":0},{"ddd":0,"ind":3,"ty":4,"nm":"Shape Layer 1","td":1,"sr":1,"ks":{"o":{"a":0,"k":100,"ix":11},"r":{"a":0,"k":0,"ix":10},"p":{"a":0,"k":[512,512,0],"ix":2},"a":{"a":0,"k":[0,0,0],"ix":1},"s":{"a":0,"k":[100,100,100],"ix":6}},"ao":0,"shapes":[{"ty":"gr","it":[{"ty":"rc","d":1,"s":{"a":0,"k":[735.266,524.703],"ix":2},"p":{"a":0,"k":[0,0],"ix":3},"r":{"a":0,"k":0,"ix":4},"nm":"Rectangle Path 1","mn":"ADBE Vector Shape - Rect","hd":false},{"ty":"gf","o":{"a":0,"k":100,"ix":10},"r":1,"bm":0,"g":{"p":3,"k":{"a":0,"k":[0,0.831,0.475,0.024,0.316,0.896,0.547,0.014,0.745,0.961,0.62,0.004,0,1,0.316,0.975,0.745,0.95],"ix":9}},"s":{"a":0,"k":[0,0],"ix":5},"e":{"a":0,"k":[100,0],"ix":6},"t":1,"nm":"PCakes1g","mn":"ADBE Vector Graphic - G-Fill","hd":false},{"ty":"tr","p":{"a":0,"k":[79.633,-409.648],"ix":2},"a":{"a":0,"k":[0,0],"ix":1},"s":{"a":0,"k":[100,100],"ix":3},"r":{"a":0,"k":0,"ix":6},"o":{"a":0,"k":100,"ix":7},"sk":{"a":0,"k":0,"ix":4},"sa":{"a":0,"k":0,"ix":5},"nm":"Transform"}],"nm":"Rectangle 1","np":3,"cix":2,"bm":0,"ix":1,"mn":"ADBE Vector Group","hd":false}],"ip":0,"op":48,"st":0,"bm":0},{"ddd":0,"ind":4,"ty":4,"nm":"Syrup","tt":1,"sr":1,"ks":{"o":{"a":0,"k":100,"ix":11},"r":{"a":0,"k":0,"ix":10},"p":{"a":1,"k":[{"i":{"x":0.833,"y":0.833},"o":{"x":0.167,"y":0.167},"t":8,"s":[512,-36,0],"to":[0,195.333,0],"ti":[0,-195.333,0]},{"t":21,"s":[512,1136,0]}],"ix":2},"a":{"a":0,"k":[0,0,0],"ix":1},"s":{"a":0,"k":[100,100,100],"ix":6}},"ao":0,"shapes":[{"ty":"gr","it":[{"ind":0,"ty":"sh","ix":1,"ks":{"a":0,"k":{"i":[[32,16],[-10,-48],[8,-44],[-4,-30],[-2,-34],[-12,-40],[2,34],[0,28],[6,52],[2,54],[2,30]],"o":[[-32,-16],[10,48],[-8,44],[4,30],[2,34],[12,40],[-2,-34],[0,-28],[-6,-52],[-2,-54],[-2,-30]],"v":[[10,-734],[-8,-558],[-14,-374],[-22,-266],[-8,-158],[-10,-22],[28,-40],[18,-168],[22,-306],[24,-442],[16,-610]],"c":true},"ix":2},"nm":"Path 1","mn":"ADBE Vector Shape - Group","hd":false},{"ty":"gf","o":{"a":0,"k":100,"ix":10},"r":1,"bm":0,"g":{"p":3,"k":{"a":0,"k":[0,0.831,0.475,0.024,0.316,0.896,0.547,0.014,0.745,0.961,0.62,0.004,0,1,0.316,0.975,0.745,0.95],"ix":9}},"s":{"a":0,"k":[0,0],"ix":5},"e":{"a":0,"k":[100,0],"ix":6},"t":1,"nm":"PCakessg","mn":"ADBE Vector Graphic - G-Fill","hd":false},{"ty":"tr","p":{"a":0,"k":[0,0],"ix":2},"a":{"a":0,"k":[0,0],"ix":1},"s":{"a":0,"k":[100,100],"ix":3},"r":{"a":0,"k":0,"ix":6},"o":{"a":0,"k":100,"ix":7},"sk":{"a":0,"k":0,"ix":4},"sa":{"a":0,"k":0,"ix":5},"nm":"Transform"}],"nm":"Shape 1","np":3,"cix":2,"bm":0,"ix":1,"mn":"ADBE Vector Group","hd":false}],"ip":8,"op":21,"st":8,"bm":0},{"ddd":0,"ind":5,"ty":4,"nm":"pancakes 3","sr":1,"ks":{"o":{"a":1,"k":[{"i":{"x":[0.833],"y":[0.833]},"o":{"x":[0.167],"y":[0.167]},"t":0,"s":[80]},{"t":10,"s":[0]}],"ix":11},"r":{"a":0,"k":0,"ix":10},"p":{"a":0,"k":[525.974,504.863,0],"ix":2},"a":{"a":0,"k":[525.974,504.863,0],"ix":1},"s":{"a":0,"k":[100,100,100],"ix":6}},"ao":0,"shapes":[{"ty":"gr","it":[{"ind":0,"ty":"sh","ix":1,"ks":{"a":1,"k":[{"i":{"x":0.667,"y":0.547},"o":{"x":0.333,"y":0},"t":-26,"s":[{"i":[[-20.668,20.765],[-0.869,-10.436],[-5.511,-25.786],[-0.025,10.468]],"o":[[-23.272,12.009],[0.893,10.727],[-5.11,-37.991],[0.025,-10.481]],"v":[[209.494,-22.351],[177.184,29.684],[207.616,73.673],[182.965,24.682]],"c":true}]},{"i":{"x":0,"y":1},"o":{"x":0.333,"y":0.456},"t":-21,"s":[{"i":[[-97.912,36.778],[-4.106,-18.484],[-26.107,-45.671],[-0.112,18.54]],"o":[[-110.247,21.27],[4.231,19],[-24.209,-67.289],[0.116,-18.563]],"v":[[106.037,-81.137],[-47.028,11.026],[97.139,88.937],[-19.642,2.166]],"c":true}]},{"t":-7,"s":[{"i":[[-111.756,39.648],[-4.686,-19.926],[-29.799,-49.235],[-0.128,19.987]],"o":[[-125.835,22.93],[4.83,20.483],[-27.632,-72.54],[0.133,-20.012]],"v":[[87.494,-91.673],[-87.213,7.682],[77.338,91.673],[-55.955,-1.87]],"c":true}]}],"ix":2},"nm":"Path 1","mn":"ADBE Vector Shape - Group","hd":false},{"ty":"fl","c":{"a":0,"k":[0.960784316063,0.780392169952,0.57647061348,1],"ix":4},"o":{"a":0,"k":100,"ix":5},"r":1,"bm":0,"nm":"Fill 1","mn":"ADBE Vector Graphic - Fill","hd":false},{"ty":"tr","p":{"a":0,"k":[278.683,304.351],"ix":2},"a":{"a":0,"k":[0,0],"ix":1},"s":{"a":0,"k":[100,100],"ix":3},"r":{"a":0,"k":0,"ix":6},"o":{"a":0,"k":30,"ix":7},"sk":{"a":0,"k":0,"ix":4},"sa":{"a":0,"k":0,"ix":5},"nm":"Transform"}],"nm":"Group 1","np":2,"cix":2,"bm":0,"ix":1,"mn":"ADBE Vector Group","hd":false},{"ty":"gr","it":[{"ind":0,"ty":"sh","ix":1,"ks":{"a":1,"k":[{"i":{"x":0.667,"y":0.547},"o":{"x":0.333,"y":0},"t":-26,"s":[{"i":[[-0.16,-0.889],[-0.489,0.79],[0.155,0.9],[-0.222,0.982],[-0.073,0.867],[0.375,0.826],[-0.08,0.901],[0.094,0.829],[0.193,0.325],[0.199,0.428],[0.602,1.629],[1.275,1.117],[2.799,2.167],[2.285,2.686],[2.603,2.238],[6.663,0.158],[-3.312,-0.805],[-2.724,-2.236],[-2.304,-2.628],[-2.732,-2.044],[-2.657,-2.406],[-0.693,-1.796],[-0.718,-1.554],[-0.306,-0.47],[-0.05,-0.495],[0.099,-0.893],[-0.301,-0.797],[0.153,-0.936],[0.169,-0.858],[-0.059,-0.953],[0.517,-0.692]],"o":[[-0.201,-0.87],[0.495,-0.752],[-0.081,-0.853],[0.146,-0.934],[0.099,-0.867],[-0.368,-0.901],[0.083,-0.913],[-0.054,-0.408],[-0.181,-0.272],[-0.843,-1.694],[-0.629,-1.58],[-2.544,-2.279],[-2.791,-2.13],[-2.289,-2.68],[-5.207,-4.582],[3.357,-0.075],[3.302,0.824],[2.756,2.203],[2.293,2.645],[2.665,2.096],[1.318,1.17],[0.635,1.761],[0.175,0.391],[0.252,0.449],[0.084,0.997],[-0.095,0.896],[0.354,0.817],[-0.128,0.954],[-0.248,0.857],[0.13,0.954],[-0.506,0.735]],"v":[[-107.75,-46.611],[-107.458,-49.277],[-106.801,-51.768],[-107.145,-54.51],[-106.591,-57.16],[-107.018,-59.67],[-107.267,-62.515],[-107.152,-65.155],[-107.522,-66.264],[-108.26,-67.41],[-110.045,-72.565],[-113.088,-76.556],[-121.587,-82.368],[-129.112,-89.783],[-136.218,-97.428],[-155.027,-103.602],[-144.966,-102.683],[-135.757,-98.079],[-128.452,-90.452],[-121.016,-83.252],[-112.516,-77.322],[-109.244,-72.922],[-107.58,-67.809],[-106.9,-66.699],[-106.454,-65.246],[-106.637,-62.438],[-106.49,-59.891],[-106.103,-57.088],[-106.78,-54.436],[-106.555,-51.796],[-107.354,-49.207]],"c":true}]},{"i":{"x":0,"y":1},"o":{"x":0.333,"y":0.456},"t":-21,"s":[{"i":[[-0.984,-2.345],[-3.005,2.083],[0.953,2.373],[-1.364,2.59],[-0.448,2.287],[2.305,5.074],[-0.489,5.537],[0.579,5.095],[1.184,2],[1.226,2.632],[3.7,10.011],[7.832,6.863],[17.196,13.315],[14.037,16.505],[15.99,13.748],[40.937,0.969],[-20.348,-4.947],[-16.738,-13.737],[-14.153,-16.147],[-16.784,-12.558],[-16.322,-14.779],[-4.258,-11.031],[-4.41,-9.547],[-1.88,-2.884],[-0.305,-3.042],[0.611,-5.484],[-1.852,-4.895],[0.938,-2.467],[1.037,-2.264],[-0.363,-2.513],[3.179,-1.826]],"o":[[-1.232,-2.296],[3.042,-1.984],[-0.5,-2.25],[0.9,-2.463],[0.606,-2.286],[-2.264,-5.537],[0.51,-5.611],[-0.332,-2.505],[-1.111,-1.674],[-5.179,-10.41],[-3.863,-9.706],[-15.632,-14.001],[-17.147,-13.085],[-14.064,-16.464],[-31.99,-28.149],[20.627,-0.464],[20.289,5.064],[16.932,13.536],[14.089,16.253],[16.375,12.875],[8.094,7.19],[3.9,10.821],[1.075,2.4],[1.547,2.758],[0.517,6.127],[-0.584,5.506],[2.174,5.021],[-0.789,2.517],[-1.526,2.26],[0.795,2.517],[-3.111,1.939]],"v":[[120.16,123.669],[121.955,116.638],[125.992,110.067],[123.881,102.836],[127.281,95.845],[124.661,83.464],[123.129,65.99],[123.834,49.769],[121.561,42.958],[117.029,35.915],[106.066,4.242],[87.365,-20.274],[35.153,-55.98],[-11.079,-101.539],[-54.737,-148.508],[-170.291,-186.435],[-108.479,-180.793],[-51.9,-152.508],[-7.026,-105.645],[38.664,-61.413],[90.881,-24.98],[110.981,2.052],[121.207,33.463],[125.382,40.284],[128.123,49.21],[127.002,66.463],[127.902,82.106],[130.281,96.035],[126.123,103.031],[127.502,109.995],[122.597,116.823]],"c":true}]},{"t":-7,"s":[{"i":[[-1.132,-6.283],[-3.456,5.581],[1.096,6.356],[-1.568,6.937],[-0.515,6.126],[2.65,5.835],[-0.563,6.368],[0.666,5.86],[1.361,2.3],[1.409,3.027],[4.255,11.513],[9.007,7.893],[19.776,15.313],[16.143,18.982],[18.389,15.811],[47.08,1.114],[-23.401,-5.689],[-19.25,-15.798],[-16.277,-18.57],[-19.303,-14.442],[-18.771,-16.997],[-4.897,-12.687],[-5.071,-10.98],[-2.162,-3.317],[-0.351,-3.498],[0.703,-6.307],[-2.13,-5.629],[1.078,-6.61],[1.193,-6.066],[-0.418,-6.731],[3.656,-4.89]],"o":[[-1.417,-6.15],[3.498,-5.314],[-0.575,-6.028],[1.035,-6.597],[0.696,-6.125],[-2.603,-6.368],[0.586,-6.452],[-0.382,-2.881],[-1.278,-1.925],[-5.957,-11.973],[-4.443,-11.162],[-17.978,-16.102],[-19.72,-15.048],[-16.174,-18.935],[-36.79,-32.372],[23.722,-0.533],[23.334,5.824],[19.472,15.568],[16.204,18.692],[18.832,14.806],[9.309,8.269],[4.485,12.445],[1.236,2.761],[1.779,3.172],[0.594,7.046],[-0.672,6.332],[2.5,5.774],[-0.907,6.742],[-1.755,6.053],[0.915,6.742],[-3.578,5.194]],"v":[[161.008,201.389],[163.072,182.552],[167.715,164.951],[165.287,145.581],[169.198,126.852],[166.184,109.118],[164.422,89.022],[165.233,70.366],[162.618,62.534],[157.407,54.434],[144.798,18.008],[123.292,-10.187],[63.245,-51.25],[10.076,-103.646],[-40.133,-157.663],[-173.027,-201.281],[-101.94,-194.793],[-36.87,-162.263],[14.737,-108.368],[67.283,-57.498],[127.335,-15.599],[150.451,15.489],[162.212,51.614],[167.013,59.458],[170.165,69.724],[168.876,89.566],[169.911,107.556],[172.647,127.362],[167.866,146.102],[169.451,164.757],[163.811,183.048]],"c":true}]}],"ix":2},"nm":"Path 1","mn":"ADBE Vector Shape - Group","hd":false},{"ty":"fl","c":{"a":0,"k":[0.960784316063,0.780392169952,0.57647061348,1],"ix":4},"o":{"a":0,"k":100,"ix":5},"r":1,"bm":0,"nm":"Fill 1","mn":"ADBE Vector Graphic - Fill","hd":false},{"ty":"tr","p":{"a":0,"k":[694.241,382.677],"ix":2},"a":{"a":0,"k":[0,0],"ix":1},"s":{"a":0,"k":[100,100],"ix":3},"r":{"a":0,"k":0,"ix":6},"o":{"a":0,"k":30,"ix":7},"sk":{"a":0,"k":0,"ix":4},"sa":{"a":0,"k":0,"ix":5},"nm":"Transform"}],"nm":"Group 2","np":2,"cix":2,"bm":0,"ix":2,"mn":"ADBE Vector Group","hd":false},{"ty":"gr","it":[{"ind":0,"ty":"sh","ix":1,"ks":{"a":1,"k":[{"i":{"x":0.667,"y":0.547},"o":{"x":0.333,"y":0},"t":-26,"s":[{"i":[[2.805,-0.216],[0.373,0.452],[0.486,0.219],[0.021,0.262],[-0.378,0.47],[1.003,0.438],[0.2,0.526],[-1.064,0.43],[-0.373,0.217],[-0.489,0.317],[-1.097,0.141],[-0.083,0.198],[-0.007,0.051],[-0.04,0.08],[-0.418,0.127],[-1.353,0.125],[-2.574,0.257],[-5.041,0.524],[-11.992,0.338],[5.187,-0.473],[4.907,-0.551],[5.152,-0.508],[2.511,-0.214],[0.587,-0.174],[-0.01,-0.314],[1.205,-0.141],[0.355,-0.184],[0.528,-0.237],[0.585,-0.22],[-0.225,-0.438],[-0.949,-0.478],[-0.112,-0.113],[0.033,-0.125],[0.244,-0.236],[-0.052,-0.456],[-0.479,-0.238],[-0.044,-0.246]],"o":[[2.673,-0.256],[-0.15,-0.231],[-0.496,-0.21],[-0.141,-0.498],[0.392,-0.48],[-0.839,-0.426],[-0.277,-0.531],[0.566,-0.219],[0.477,-0.219],[0.522,-0.284],[1.167,-0.145],[0.052,-0.047],[-0.007,-0.081],[0.04,-0.156],[0.879,-0.248],[2.8,-0.235],[5.097,-0.495],[9.992,-1.042],[-5.891,0.211],[-5.21,0.47],[-4.907,0.551],[-2.506,0.257],[-1.221,0.114],[-0.667,0.185],[-0.033,0.292],[-1.223,0.154],[-0.326,0.144],[-0.434,0.243],[-1.14,0.445],[0.109,0.443],[0.231,0.118],[0.115,0.135],[-0.073,0.248],[-0.472,0.472],[-0.03,0.223],[0.463,0.232],[0.157,0.484]],"v":[[52.53,-182.331],[55.734,-183.556],[54.675,-184.231],[53.425,-184.94],[54.259,-186.382],[54.007,-187.738],[51.197,-189.126],[53.511,-190.562],[55.003,-191.216],[55.626,-191.927],[58.727,-192.549],[60.639,-193.032],[60.636,-193.183],[60.622,-193.379],[61.381,-193.79],[65.017,-194.326],[72.914,-195.015],[87.974,-196.584],[120.482,-199.035],[103.91,-197.944],[88.815,-196.389],[73.864,-194.771],[65.98,-194.068],[63.079,-193.642],[62.616,-193.008],[60.033,-192.304],[57.522,-191.834],[56.876,-191.135],[55.262,-190.447],[53.006,-189.146],[55.654,-187.821],[56.189,-187.457],[56.29,-187.072],[55.744,-186.348],[54.667,-184.951],[55.699,-184.285],[56.487,-183.563]],"c":true}]},{"i":{"x":0,"y":1},"o":{"x":0.333,"y":0.456},"t":-21,"s":[{"i":[[8.696,-2.201],[1.155,4.609],[1.507,2.238],[0.064,2.668],[-1.188,4.786],[3.11,4.465],[0.62,5.361],[-3.299,4.382],[-1.155,2.212],[-1.517,3.232],[-3.4,1.435],[-0.259,2.014],[-0.021,0.518],[-0.124,0.813],[-1.296,1.29],[-4.194,1.274],[-7.978,2.62],[-15.625,10.665],[-37.174,6.889],[16.08,-9.63],[15.226,-11.192],[15.971,-5.184],[7.784,-2.186],[1.818,-1.771],[-0.032,-3.201],[3.735,-1.435],[1.101,-1.875],[1.636,-2.419],[1.814,-2.248],[-0.696,-4.47],[-2.918,-4.888],[-0.346,-1.15],[0.114,-1.278],[0.756,-2.408],[-0.161,-4.651],[-1.476,-2.434],[-0.136,-2.507]],"o":[[8.285,-2.61],[-0.464,-2.357],[-1.538,-2.144],[-0.438,-5.081],[1.215,-4.895],[-2.601,-4.345],[-0.859,-5.417],[1.754,-2.232],[1.479,-2.238],[1.62,-2.901],[3.616,-1.481],[0.163,-0.482],[-0.021,-0.823],[0.125,-1.59],[2.726,-2.532],[8.68,-2.393],[15.799,-5.045],[30.972,-21.224],[-18.261,4.293],[-16.149,9.578],[-15.211,11.211],[-7.767,2.62],[-3.784,1.16],[-2.067,1.89],[-0.103,2.978],[-3.789,1.574],[-1.009,1.466],[-1.344,2.481],[-3.535,4.537],[0.339,4.516],[0.717,1.202],[0.356,1.378],[-0.227,2.532],[-1.463,4.817],[-0.092,2.274],[1.435,2.367],[0.485,4.931]],"v":[[-90.157,-10.06],[-80.226,-22.552],[-83.508,-29.436],[-87.383,-36.666],[-84.798,-51.364],[-85.581,-65.193],[-94.292,-79.338],[-87.118,-93.985],[-82.493,-100.645],[-80.561,-107.901],[-70.947,-114.235],[-65.021,-119.161],[-65.032,-120.705],[-65.075,-122.698],[-62.721,-126.894],[-51.451,-132.358],[-26.972,-139.381],[19.712,-149.129],[120.482,-199.035],[69.112,-176.817],[22.32,-145.166],[-24.025,-136.895],[-48.465,-129.727],[-57.458,-125.381],[-58.894,-118.917],[-66.899,-111.739],[-74.682,-106.954],[-76.685,-99.827],[-81.688,-92.809],[-88.684,-79.54],[-80.474,-66.032],[-78.817,-62.319],[-78.504,-58.398],[-80.194,-51.018],[-83.535,-36.77],[-80.333,-29.979],[-77.893,-22.625]],"c":true}]},{"t":-7,"s":[{"i":[[9.751,-5.145],[1.295,10.774],[1.69,5.23],[0.072,6.235],[-1.313,11.198],[3.487,10.435],[0.695,12.53],[-3.699,10.242],[-1.295,5.169],[-1.701,7.554],[-3.813,3.353],[-0.29,4.708],[-0.024,1.211],[-0.139,1.9],[-1.453,3.015],[-4.703,2.978],[-8.947,6.125],[-17.523,12.482],[-41.687,8.063],[18.032,-11.271],[17.075,-13.099],[17.911,-12.118],[8.729,-5.109],[2.039,-4.14],[-0.036,-7.483],[4.189,-3.353],[1.235,-4.382],[1.835,-5.654],[2.034,-5.254],[-0.781,-10.448],[-3.3,-11.391],[-0.388,-2.688],[0.115,-2.99],[0.848,-5.629],[-0.181,-10.871],[-1.665,-5.678],[-0.152,-5.86]],"o":[[9.291,-6.1],[-0.521,-5.509],[-1.724,-5.012],[-0.491,-11.876],[1.362,-11.441],[-2.917,-10.156],[-0.963,-12.662],[1.968,-5.218],[1.659,-5.23],[1.816,-6.78],[4.055,-3.462],[0.182,-1.127],[-0.024,-1.924],[0.14,-3.716],[3.057,-5.919],[9.734,-5.593],[17.717,-11.792],[34.733,-24.841],[-20.478,5.024],[-18.11,11.21],[-17.058,13.122],[-8.71,6.125],[-4.243,2.711],[-2.318,4.418],[-0.115,6.961],[-4.25,3.679],[-1.132,3.426],[-1.507,5.798],[-3.964,10.605],[0.381,10.556],[0.805,2.809],[0.399,3.221],[-0.254,5.919],[-1.64,11.259],[-0.103,5.314],[1.609,5.533],[0.544,11.525]],"v":[[-115.731,199.035],[-104.594,169.836],[-108.274,153.746],[-112.619,136.846],[-109.721,102.49],[-110.599,70.166],[-120.367,37.105],[-112.323,2.869],[-107.136,-12.698],[-104.969,-29.659],[-94.188,-44.465],[-87.542,-55.977],[-87.555,-59.586],[-87.603,-64.246],[-84.964,-74.053],[-72.325,-86.824],[-44.875,-103.239],[7.477,-140.623],[120.482,-199.035],[62.875,-173.031],[10.402,-135.986],[-41.57,-97.429],[-68.977,-80.674],[-79.062,-70.517],[-80.672,-55.408],[-89.648,-38.63],[-98.377,-27.444],[-100.623,-10.786],[-106.234,5.618],[-114.078,36.634],[-104.871,68.205],[-103.013,76.885],[-102.662,86.05],[-104.558,103.301],[-108.304,136.605],[-104.714,152.476],[-101.978,169.666]],"c":true}]}],"ix":2},"nm":"Path 1","mn":"ADBE Vector Shape - Group","hd":false},{"ty":"fl","c":{"a":0,"k":[0.960784316063,0.780392169952,0.57647061348,1],"ix":4},"o":{"a":0,"k":100,"ix":5},"r":1,"bm":0,"nm":"Fill 1","mn":"ADBE Vector Graphic - Fill","hd":false},{"ty":"tr","p":{"a":0,"k":[427.081,624.331],"ix":2},"a":{"a":0,"k":[0,0],"ix":1},"s":{"a":0,"k":[100,100],"ix":3},"r":{"a":0,"k":0,"ix":6},"o":{"a":0,"k":30,"ix":7},"sk":{"a":0,"k":0,"ix":4},"sa":{"a":0,"k":0,"ix":5},"nm":"Transform"}],"nm":"Group 3","np":2,"cix":2,"bm":0,"ix":3,"mn":"ADBE Vector Group","hd":false},{"ty":"gr","it":[{"ind":0,"ty":"sh","ix":1,"ks":{"a":1,"k":[{"i":{"x":0.667,"y":0.547},"o":{"x":0.333,"y":0},"t":-26,"s":[{"i":[[-1.094,12.27],[1.786,11.988],[10.922,11.149],[5.489,4.518],[20.793,28.654],[32.489,-9.293],[0,-54.913],[-28.781,-35.688],[5.742,-1.977],[-0.117,-1.36],[0.017,-0.778],[0.554,-0.808],[0.379,-0.889],[0.477,-0.779],[-44.458,5.434],[3.648,2.207],[0.538,0.843],[-0.022,0.816],[0.039,0.731],[0.42,0.974],[-1.797,0.239],[-71.868,0],[-38.914,-12.252],[-21.282,-2.68],[8.213,-8.527],[-8.982,-11.107],[-10.759,13.078]],"o":[[0.628,-7.049],[-1.565,-10.506],[-6.501,-6.636],[-8.74,-7.193],[-25.355,-34.941],[-156.665,44.812],[0,37.324],[17.663,21.96],[-1.462,0.503],[0.053,0.602],[-0.018,0.771],[-0.625,0.912],[-0.254,0.598],[-0.385,0.629],[4.415,-0.54],[-1.196,-0.724],[-0.508,-0.799],[0.017,-0.752],[-0.052,-0.978],[-0.352,-0.818],[11.829,-1.573],[49.181,0],[23.208,7.3],[15.556,1.959],[-6.44,6.686],[17.511,21.654],[6.847,-8.323]],"v":[[177.12,-105.633],[178.592,-127.856],[163.605,-159.512],[138.104,-178.022],[99.381,-207.922],[-2.462,-243.57],[-92.526,-175.335],[-105.473,-124.873],[-125.448,-61.692],[-130.406,-59.411],[-132.599,-57.323],[-136.284,-55.053],[-136.236,-52.84],[-138.212,-50.638],[-94.515,-25.797],[-86.278,-28.407],[-85.692,-31.556],[-87.984,-33.6],[-85.029,-36.11],[-81.352,-37.893],[-76.497,-39.255],[54.021,-79.628],[50.322,-97.539],[105.108,-108.9],[112.734,-90.203],[109.509,-62.256],[163.785,-72.441]],"c":true}]},{"i":{"x":0,"y":1},"o":{"x":0.333,"y":0.456},"t":-21,"s":[{"i":[[7.579,10.834],[8.806,18.462],[10.841,12.365],[5.485,10.029],[28.939,19.744],[142.718,-1.412],[0,-54.913],[-28.781,-35.688],[25.253,-18.428],[-0.529,-12.672],[0.08,-7.251],[2.435,-7.531],[1.66,-8.288],[2.093,-7.262],[-34.985,-7.268],[16.04,20.569],[2.356,7.855],[-0.081,7.603],[0.171,6.816],[1.843,9.081],[-7.902,2.227],[-71.868,0],[-38.914,-12.252],[-21.282,-5.94],[8.213,-8.116],[14.682,-13.559],[4.749,9.893]],"o":[[-3.922,-5.607],[-6.809,-14.284],[-8.262,-9.413],[-8.74,-15.948],[-93.568,-58.745],[-161.993,6.811],[0,37.324],[17.663,21.961],[-6.428,4.691],[0.234,5.608],[-0.079,7.189],[-2.748,8.5],[-1.117,5.577],[-1.691,5.867],[19.46,4.043],[-5.258,-6.743],[-2.233,-7.448],[0.075,-7.013],[-0.229,-9.117],[-1.547,-7.624],[51.999,-14.657],[49.181,0],[23.208,7.3],[15.556,4.343],[-6.44,6.364],[-19.987,18.458],[-4.479,-9.331]],"v":[[316.194,-12.427],[317.666,-33.512],[312.679,-79.307],[295.178,-121.454],[238.456,-170.609],[-0.766,-314.803],[-307.074,-189.751],[-173.314,-117.24],[-194.703,-23.725],[-214.301,-2.464],[-226.136,16.992],[-242.337,38.143],[-242.123,58.777],[-250.811,79.291],[-221.372,115.095],[-185.165,90.771],[-182.586,61.42],[-192.662,42.373],[-179.672,18.977],[-163.509,2.36],[-142.167,-10.333],[54.021,-79.628],[189.396,-60.226],[280.682,-35.827],[288.308,-13.922],[285.083,12.679],[310.359,5.364]],"c":true}]},{"t":-7,"s":[{"i":[[7.592,27.699],[8.807,20.278],[10.841,13.583],[5.484,11.017],[30.399,18.147],[162.474,0],[0,-54.913],[-28.781,-35.688],[28.734,-43.085],[-0.587,-29.599],[0.084,-16.936],[2.773,-17.59],[1.894,-19.357],[2.385,-16.961],[-39.829,-16.973],[18.256,48.049],[2.694,18.341],[-0.109,17.759],[0.193,15.92],[2.1,21.211],[-8.994,5.218],[-71.868,0],[-38.914,-12.252],[-21.282,-6.524],[8.22,-20.749],[14.685,-34.683],[4.758,25.301]],"o":[[-3.922,-14.345],[-6.809,-15.689],[-8.262,-10.339],[-8.74,-17.518],[-105.793,-63.012],[-162.948,0],[0,37.324],[17.663,21.961],[-7.318,10.956],[0.266,13.098],[-0.091,16.791],[-3.129,19.854],[-1.272,13.026],[-1.925,13.703],[22.154,9.443],[-5.986,-15.75],[-2.543,-17.396],[0.086,-16.38],[-0.26,-21.295],[-1.762,-17.808],[59.199,-34.236],[49.181,0],[23.208,7.3],[15.556,4.77],[-6.44,16.283],[-19.987,47.226],[-4.479,-23.873]],"v":[[341.12,30.211],[342.592,-16.603],[337.605,-66.904],[320.104,-113.197],[263.381,-163.922],[-0.462,-327.57],[-345.526,-192.335],[-185.473,-115.873],[-209.177,0.914],[-231.488,50.574],[-244.962,96.019],[-263.405,145.423],[-263.162,193.617],[-273.054,241.534],[-239.538,325.162],[-198.317,268.348],[-195.382,199.792],[-206.852,155.302],[-192.064,100.656],[-173.663,61.843],[-149.367,32.196],[54.021,-79.628],[214.322,-53.539],[305.608,-19.146],[313.234,26.385],[310.009,94.445],[335.285,75.73]],"c":true}]}],"ix":2},"nm":"Path 1","mn":"ADBE Vector Shape - Group","hd":false},{"ty":"gf","o":{"a":0,"k":100,"ix":10},"r":1,"bm":0,"g":{"p":3,"k":{"a":0,"k":[0.442,0.671,0.361,0.063,0.736,0.794,0.447,0.031,1,0.918,0.533,0],"ix":9}},"s":{"a":0,"k":[-0.974,327.137],"ix":5},"e":{"a":0,"k":[-0.974,-328.003],"ix":6},"t":1,"nm":"Gradient Fill 1","mn":"ADBE Vector Graphic - G-Fill","hd":false},{"ty":"tr","p":{"a":0,"k":[525.974,504.863],"ix":2},"a":{"a":0,"k":[0,0],"ix":1},"s":{"a":0,"k":[100,100],"ix":3},"r":{"a":0,"k":0,"ix":6},"o":{"a":0,"k":80,"ix":7},"sk":{"a":0,"k":0,"ix":4},"sa":{"a":0,"k":0,"ix":5},"nm":"Transform"}],"nm":"Group 4","np":2,"cix":2,"bm":0,"ix":4,"mn":"ADBE Vector Group","hd":false}],"ip":-26,"op":22,"st":-26,"bm":0},{"ddd":0,"ind":6,"ty":4,"nm":"pancakes 2","sr":1,"ks":{"o":{"a":0,"k":80,"ix":11},"r":{"a":0,"k":0,"ix":10},"p":{"a":0,"k":[525.974,504.863,0],"ix":2},"a":{"a":0,"k":[525.974,504.863,0],"ix":1},"s":{"a":0,"k":[100,100,100],"ix":6}},"ao":0,"shapes":[{"ty":"gr","it":[{"ind":0,"ty":"sh","ix":1,"ks":{"a":1,"k":[{"i":{"x":0.667,"y":0.547},"o":{"x":0.333,"y":0},"t":14,"s":[{"i":[[-20.668,20.765],[-0.869,-10.436],[-5.511,-25.786],[-0.025,10.468]],"o":[[-23.272,12.009],[0.893,10.727],[-5.11,-37.991],[0.025,-10.481]],"v":[[209.494,-22.351],[177.184,29.684],[207.616,73.673],[182.965,24.682]],"c":true}]},{"i":{"x":0,"y":1},"o":{"x":0.333,"y":0.456},"t":19,"s":[{"i":[[-97.912,36.778],[-4.106,-18.484],[-26.107,-45.671],[-0.112,18.54]],"o":[[-110.247,21.27],[4.231,19],[-24.209,-67.289],[0.116,-18.563]],"v":[[106.037,-81.137],[-47.028,11.026],[97.139,88.937],[-19.642,2.166]],"c":true}]},{"t":33,"s":[{"i":[[-111.756,39.648],[-4.686,-19.926],[-29.799,-49.235],[-0.128,19.987]],"o":[[-125.835,22.93],[4.83,20.483],[-27.632,-72.54],[0.133,-20.012]],"v":[[87.494,-91.673],[-87.213,7.682],[77.338,91.673],[-55.955,-1.87]],"c":true}]}],"ix":2},"nm":"Path 1","mn":"ADBE Vector Shape - Group","hd":false},{"ty":"fl","c":{"a":0,"k":[0.960784316063,0.780392169952,0.57647061348,1],"ix":4},"o":{"a":0,"k":100,"ix":5},"r":1,"bm":0,"nm":"Fill 1","mn":"ADBE Vector Graphic - Fill","hd":false},{"ty":"tr","p":{"a":0,"k":[278.683,304.351],"ix":2},"a":{"a":0,"k":[0,0],"ix":1},"s":{"a":0,"k":[100,100],"ix":3},"r":{"a":0,"k":0,"ix":6},"o":{"a":0,"k":30,"ix":7},"sk":{"a":0,"k":0,"ix":4},"sa":{"a":0,"k":0,"ix":5},"nm":"Transform"}],"nm":"Group 1","np":2,"cix":2,"bm":0,"ix":1,"mn":"ADBE Vector Group","hd":false},{"ty":"gr","it":[{"ind":0,"ty":"sh","ix":1,"ks":{"a":1,"k":[{"i":{"x":0.667,"y":0.547},"o":{"x":0.333,"y":0},"t":14,"s":[{"i":[[-0.16,-0.889],[-0.489,0.79],[0.155,0.9],[-0.222,0.982],[-0.073,0.867],[0.375,0.826],[-0.08,0.901],[0.094,0.829],[0.193,0.325],[0.199,0.428],[0.602,1.629],[1.275,1.117],[2.799,2.167],[2.285,2.686],[2.603,2.238],[6.663,0.158],[-3.312,-0.805],[-2.724,-2.236],[-2.304,-2.628],[-2.732,-2.044],[-2.657,-2.406],[-0.693,-1.796],[-0.718,-1.554],[-0.306,-0.47],[-0.05,-0.495],[0.099,-0.893],[-0.301,-0.797],[0.153,-0.936],[0.169,-0.858],[-0.059,-0.953],[0.517,-0.692]],"o":[[-0.201,-0.87],[0.495,-0.752],[-0.081,-0.853],[0.146,-0.934],[0.099,-0.867],[-0.368,-0.901],[0.083,-0.913],[-0.054,-0.408],[-0.181,-0.272],[-0.843,-1.694],[-0.629,-1.58],[-2.544,-2.279],[-2.791,-2.13],[-2.289,-2.68],[-5.207,-4.582],[3.357,-0.075],[3.302,0.824],[2.756,2.203],[2.293,2.645],[2.665,2.096],[1.318,1.17],[0.635,1.761],[0.175,0.391],[0.252,0.449],[0.084,0.997],[-0.095,0.896],[0.354,0.817],[-0.128,0.954],[-0.248,0.857],[0.13,0.954],[-0.506,0.735]],"v":[[-107.75,-46.611],[-107.458,-49.277],[-106.801,-51.768],[-107.145,-54.51],[-106.591,-57.16],[-107.018,-59.67],[-107.267,-62.515],[-107.152,-65.155],[-107.522,-66.264],[-108.26,-67.41],[-110.045,-72.565],[-113.088,-76.556],[-121.587,-82.368],[-129.112,-89.783],[-136.218,-97.428],[-155.027,-103.602],[-144.966,-102.683],[-135.757,-98.079],[-128.452,-90.452],[-121.016,-83.252],[-112.516,-77.322],[-109.244,-72.922],[-107.58,-67.809],[-106.9,-66.699],[-106.454,-65.246],[-106.637,-62.438],[-106.49,-59.891],[-106.103,-57.088],[-106.78,-54.436],[-106.555,-51.796],[-107.354,-49.207]],"c":true}]},{"i":{"x":0,"y":1},"o":{"x":0.333,"y":0.456},"t":19,"s":[{"i":[[-0.984,-2.345],[-3.005,2.083],[0.953,2.373],[-1.364,2.59],[-0.448,2.287],[2.305,5.074],[-0.489,5.537],[0.579,5.095],[1.184,2],[1.226,2.632],[3.7,10.011],[7.832,6.863],[17.196,13.315],[14.037,16.505],[15.99,13.748],[40.937,0.969],[-20.348,-4.947],[-16.738,-13.737],[-14.153,-16.147],[-16.784,-12.558],[-16.322,-14.779],[-4.258,-11.031],[-4.41,-9.547],[-1.88,-2.884],[-0.305,-3.042],[0.611,-5.484],[-1.852,-4.895],[0.938,-2.467],[1.037,-2.264],[-0.363,-2.513],[3.179,-1.826]],"o":[[-1.232,-2.296],[3.042,-1.984],[-0.5,-2.25],[0.9,-2.463],[0.606,-2.286],[-2.264,-5.537],[0.51,-5.611],[-0.332,-2.505],[-1.111,-1.674],[-5.179,-10.41],[-3.863,-9.706],[-15.632,-14.001],[-17.147,-13.085],[-14.064,-16.464],[-31.99,-28.149],[20.627,-0.464],[20.289,5.064],[16.932,13.536],[14.089,16.253],[16.375,12.875],[8.094,7.19],[3.9,10.821],[1.075,2.4],[1.547,2.758],[0.517,6.127],[-0.584,5.506],[2.174,5.021],[-0.789,2.517],[-1.526,2.26],[0.795,2.517],[-3.111,1.939]],"v":[[120.16,123.669],[121.955,116.638],[125.992,110.067],[123.881,102.836],[127.281,95.845],[124.661,83.464],[123.129,65.99],[123.834,49.769],[121.561,42.958],[117.029,35.915],[106.066,4.242],[87.365,-20.274],[35.153,-55.98],[-11.079,-101.539],[-54.737,-148.508],[-170.291,-186.435],[-108.479,-180.793],[-51.9,-152.508],[-7.026,-105.645],[38.664,-61.413],[90.881,-24.98],[110.981,2.052],[121.207,33.463],[125.382,40.284],[128.123,49.21],[127.002,66.463],[127.902,82.106],[130.281,96.035],[126.123,103.031],[127.502,109.995],[122.597,116.823]],"c":true}]},{"t":33,"s":[{"i":[[-1.132,-6.283],[-3.456,5.581],[1.096,6.356],[-1.568,6.937],[-0.515,6.126],[2.65,5.835],[-0.563,6.368],[0.666,5.86],[1.361,2.3],[1.409,3.027],[4.255,11.513],[9.007,7.893],[19.776,15.313],[16.143,18.982],[18.389,15.811],[47.08,1.114],[-23.401,-5.689],[-19.25,-15.798],[-16.277,-18.57],[-19.303,-14.442],[-18.771,-16.997],[-4.897,-12.687],[-5.071,-10.98],[-2.162,-3.317],[-0.351,-3.498],[0.703,-6.307],[-2.13,-5.629],[1.078,-6.61],[1.193,-6.066],[-0.418,-6.731],[3.656,-4.89]],"o":[[-1.417,-6.15],[3.498,-5.314],[-0.575,-6.028],[1.035,-6.597],[0.696,-6.125],[-2.603,-6.368],[0.586,-6.452],[-0.382,-2.881],[-1.278,-1.925],[-5.957,-11.973],[-4.443,-11.162],[-17.978,-16.102],[-19.72,-15.048],[-16.174,-18.935],[-36.79,-32.372],[23.722,-0.533],[23.334,5.824],[19.472,15.568],[16.204,18.692],[18.832,14.806],[9.309,8.269],[4.485,12.445],[1.236,2.761],[1.779,3.172],[0.594,7.046],[-0.672,6.332],[2.5,5.774],[-0.907,6.742],[-1.755,6.053],[0.915,6.742],[-3.578,5.194]],"v":[[161.008,201.389],[163.072,182.552],[167.715,164.951],[165.287,145.581],[169.198,126.852],[166.184,109.118],[164.422,89.022],[165.233,70.366],[162.618,62.534],[157.407,54.434],[144.798,18.008],[123.292,-10.187],[63.245,-51.25],[10.076,-103.646],[-40.133,-157.663],[-173.027,-201.281],[-101.94,-194.793],[-36.87,-162.263],[14.737,-108.368],[67.283,-57.498],[127.335,-15.599],[150.451,15.489],[162.212,51.614],[167.013,59.458],[170.165,69.724],[168.876,89.566],[169.911,107.556],[172.647,127.362],[167.866,146.102],[169.451,164.757],[163.811,183.048]],"c":true}]}],"ix":2},"nm":"Path 1","mn":"ADBE Vector Shape - Group","hd":false},{"ty":"fl","c":{"a":0,"k":[0.960784316063,0.780392169952,0.57647061348,1],"ix":4},"o":{"a":0,"k":100,"ix":5},"r":1,"bm":0,"nm":"Fill 1","mn":"ADBE Vector Graphic - Fill","hd":false},{"ty":"tr","p":{"a":0,"k":[694.241,382.677],"ix":2},"a":{"a":0,"k":[0,0],"ix":1},"s":{"a":0,"k":[100,100],"ix":3},"r":{"a":0,"k":0,"ix":6},"o":{"a":0,"k":30,"ix":7},"sk":{"a":0,"k":0,"ix":4},"sa":{"a":0,"k":0,"ix":5},"nm":"Transform"}],"nm":"Group 2","np":2,"cix":2,"bm":0,"ix":2,"mn":"ADBE Vector Group","hd":false},{"ty":"gr","it":[{"ind":0,"ty":"sh","ix":1,"ks":{"a":1,"k":[{"i":{"x":0.667,"y":0.547},"o":{"x":0.333,"y":0},"t":14,"s":[{"i":[[2.805,-0.216],[0.373,0.452],[0.486,0.219],[0.021,0.262],[-0.378,0.47],[1.003,0.438],[0.2,0.526],[-1.064,0.43],[-0.373,0.217],[-0.489,0.317],[-1.097,0.141],[-0.083,0.198],[-0.007,0.051],[-0.04,0.08],[-0.418,0.127],[-1.353,0.125],[-2.574,0.257],[-5.041,0.524],[-11.992,0.338],[5.187,-0.473],[4.907,-0.551],[5.152,-0.508],[2.511,-0.214],[0.587,-0.174],[-0.01,-0.314],[1.205,-0.141],[0.355,-0.184],[0.528,-0.237],[0.585,-0.22],[-0.225,-0.438],[-0.949,-0.478],[-0.112,-0.113],[0.033,-0.125],[0.244,-0.236],[-0.052,-0.456],[-0.479,-0.238],[-0.044,-0.246]],"o":[[2.673,-0.256],[-0.15,-0.231],[-0.496,-0.21],[-0.141,-0.498],[0.392,-0.48],[-0.839,-0.426],[-0.277,-0.531],[0.566,-0.219],[0.477,-0.219],[0.522,-0.284],[1.167,-0.145],[0.052,-0.047],[-0.007,-0.081],[0.04,-0.156],[0.879,-0.248],[2.8,-0.235],[5.097,-0.495],[9.992,-1.042],[-5.891,0.211],[-5.21,0.47],[-4.907,0.551],[-2.506,0.257],[-1.221,0.114],[-0.667,0.185],[-0.033,0.292],[-1.223,0.154],[-0.326,0.144],[-0.434,0.243],[-1.14,0.445],[0.109,0.443],[0.231,0.118],[0.115,0.135],[-0.073,0.248],[-0.472,0.472],[-0.03,0.223],[0.463,0.232],[0.157,0.484]],"v":[[52.53,-182.331],[55.734,-183.556],[54.675,-184.231],[53.425,-184.94],[54.259,-186.382],[54.007,-187.738],[51.197,-189.126],[53.511,-190.562],[55.003,-191.216],[55.626,-191.927],[58.727,-192.549],[60.639,-193.032],[60.636,-193.183],[60.622,-193.379],[61.381,-193.79],[65.017,-194.326],[72.914,-195.015],[87.974,-196.584],[120.482,-199.035],[103.91,-197.944],[88.815,-196.389],[73.864,-194.771],[65.98,-194.068],[63.079,-193.642],[62.616,-193.008],[60.033,-192.304],[57.522,-191.834],[56.876,-191.135],[55.262,-190.447],[53.006,-189.146],[55.654,-187.821],[56.189,-187.457],[56.29,-187.072],[55.744,-186.348],[54.667,-184.951],[55.699,-184.285],[56.487,-183.563]],"c":true}]},{"i":{"x":0,"y":1},"o":{"x":0.333,"y":0.456},"t":19,"s":[{"i":[[8.696,-2.201],[1.155,4.609],[1.507,2.238],[0.064,2.668],[-1.188,4.786],[3.11,4.465],[0.62,5.361],[-3.299,4.382],[-1.155,2.212],[-1.517,3.232],[-3.4,1.435],[-0.259,2.014],[-0.021,0.518],[-0.124,0.813],[-1.296,1.29],[-4.194,1.274],[-7.978,2.62],[-15.625,10.665],[-37.174,6.889],[16.08,-9.63],[15.226,-11.192],[15.971,-5.184],[7.784,-2.186],[1.818,-1.771],[-0.032,-3.201],[3.735,-1.435],[1.101,-1.875],[1.636,-2.419],[1.814,-2.248],[-0.696,-4.47],[-2.918,-4.888],[-0.346,-1.15],[0.114,-1.278],[0.756,-2.408],[-0.161,-4.651],[-1.476,-2.434],[-0.136,-2.507]],"o":[[8.285,-2.61],[-0.464,-2.357],[-1.538,-2.144],[-0.438,-5.081],[1.215,-4.895],[-2.601,-4.345],[-0.859,-5.417],[1.754,-2.232],[1.479,-2.238],[1.62,-2.901],[3.616,-1.481],[0.163,-0.482],[-0.021,-0.823],[0.125,-1.59],[2.726,-2.532],[8.68,-2.393],[15.799,-5.045],[30.972,-21.224],[-18.261,4.293],[-16.149,9.578],[-15.211,11.211],[-7.767,2.62],[-3.784,1.16],[-2.067,1.89],[-0.103,2.978],[-3.789,1.574],[-1.009,1.466],[-1.344,2.481],[-3.535,4.537],[0.339,4.516],[0.717,1.202],[0.356,1.378],[-0.227,2.532],[-1.463,4.817],[-0.092,2.274],[1.435,2.367],[0.485,4.931]],"v":[[-90.157,-10.06],[-80.226,-22.552],[-83.508,-29.436],[-87.383,-36.666],[-84.798,-51.364],[-85.581,-65.193],[-94.292,-79.338],[-87.118,-93.985],[-82.493,-100.645],[-80.561,-107.901],[-70.947,-114.235],[-65.021,-119.161],[-65.032,-120.705],[-65.075,-122.698],[-62.721,-126.894],[-51.451,-132.358],[-26.972,-139.381],[19.712,-149.129],[120.482,-199.035],[69.112,-176.817],[22.32,-145.166],[-24.025,-136.895],[-48.465,-129.727],[-57.458,-125.381],[-58.894,-118.917],[-66.899,-111.739],[-74.682,-106.954],[-76.685,-99.827],[-81.688,-92.809],[-88.684,-79.54],[-80.474,-66.032],[-78.817,-62.319],[-78.504,-58.398],[-80.194,-51.018],[-83.535,-36.77],[-80.333,-29.979],[-77.893,-22.625]],"c":true}]},{"t":33,"s":[{"i":[[9.751,-5.145],[1.295,10.774],[1.69,5.23],[0.072,6.235],[-1.313,11.198],[3.487,10.435],[0.695,12.53],[-3.699,10.242],[-1.295,5.169],[-1.701,7.554],[-3.813,3.353],[-0.29,4.708],[-0.024,1.211],[-0.139,1.9],[-1.453,3.015],[-4.703,2.978],[-8.947,6.125],[-17.523,12.482],[-41.687,8.063],[18.032,-11.271],[17.075,-13.099],[17.911,-12.118],[8.729,-5.109],[2.039,-4.14],[-0.036,-7.483],[4.189,-3.353],[1.235,-4.382],[1.835,-5.654],[2.034,-5.254],[-0.781,-10.448],[-3.3,-11.391],[-0.388,-2.688],[0.115,-2.99],[0.848,-5.629],[-0.181,-10.871],[-1.665,-5.678],[-0.152,-5.86]],"o":[[9.291,-6.1],[-0.521,-5.509],[-1.724,-5.012],[-0.491,-11.876],[1.362,-11.441],[-2.917,-10.156],[-0.963,-12.662],[1.968,-5.218],[1.659,-5.23],[1.816,-6.78],[4.055,-3.462],[0.182,-1.127],[-0.024,-1.924],[0.14,-3.716],[3.057,-5.919],[9.734,-5.593],[17.717,-11.792],[34.733,-24.841],[-20.478,5.024],[-18.11,11.21],[-17.058,13.122],[-8.71,6.125],[-4.243,2.711],[-2.318,4.418],[-0.115,6.961],[-4.25,3.679],[-1.132,3.426],[-1.507,5.798],[-3.964,10.605],[0.381,10.556],[0.805,2.809],[0.399,3.221],[-0.254,5.919],[-1.64,11.259],[-0.103,5.314],[1.609,5.533],[0.544,11.525]],"v":[[-115.731,199.035],[-104.594,169.836],[-108.274,153.746],[-112.619,136.846],[-109.721,102.49],[-110.599,70.166],[-120.367,37.105],[-112.323,2.869],[-107.136,-12.698],[-104.969,-29.659],[-94.188,-44.465],[-87.542,-55.977],[-87.555,-59.586],[-87.603,-64.246],[-84.964,-74.053],[-72.325,-86.824],[-44.875,-103.239],[7.477,-140.623],[120.482,-199.035],[62.875,-173.031],[10.402,-135.986],[-41.57,-97.429],[-68.977,-80.674],[-79.062,-70.517],[-80.672,-55.408],[-89.648,-38.63],[-98.377,-27.444],[-100.623,-10.786],[-106.234,5.618],[-114.078,36.634],[-104.871,68.205],[-103.013,76.885],[-102.662,86.05],[-104.558,103.301],[-108.304,136.605],[-104.714,152.476],[-101.978,169.666]],"c":true}]}],"ix":2},"nm":"Path 1","mn":"ADBE Vector Shape - Group","hd":false},{"ty":"fl","c":{"a":0,"k":[0.960784316063,0.780392169952,0.57647061348,1],"ix":4},"o":{"a":0,"k":100,"ix":5},"r":1,"bm":0,"nm":"Fill 1","mn":"ADBE Vector Graphic - Fill","hd":false},{"ty":"tr","p":{"a":0,"k":[427.081,624.331],"ix":2},"a":{"a":0,"k":[0,0],"ix":1},"s":{"a":0,"k":[100,100],"ix":3},"r":{"a":0,"k":0,"ix":6},"o":{"a":0,"k":30,"ix":7},"sk":{"a":0,"k":0,"ix":4},"sa":{"a":0,"k":0,"ix":5},"nm":"Transform"}],"nm":"Group 3","np":2,"cix":2,"bm":0,"ix":3,"mn":"ADBE Vector Group","hd":false},{"ty":"gr","it":[{"ind":0,"ty":"sh","ix":1,"ks":{"a":1,"k":[{"i":{"x":0.667,"y":0.547},"o":{"x":0.333,"y":0},"t":14,"s":[{"i":[[-1.094,12.27],[1.786,11.988],[10.922,11.149],[5.489,4.518],[20.793,28.654],[32.489,-9.293],[0,-54.913],[-28.781,-35.688],[5.742,-1.977],[-0.117,-1.36],[0.017,-0.778],[0.554,-0.808],[0.379,-0.889],[0.477,-0.779],[-44.458,5.434],[3.648,2.207],[0.538,0.843],[-0.022,0.816],[0.039,0.731],[0.42,0.974],[-1.797,0.239],[-71.868,0],[-38.914,-12.252],[-21.282,-2.68],[8.213,-8.527],[-8.982,-11.107],[-10.759,13.078]],"o":[[0.628,-7.049],[-1.565,-10.506],[-6.501,-6.636],[-8.74,-7.193],[-25.355,-34.941],[-156.665,44.812],[0,37.324],[17.663,21.96],[-1.462,0.503],[0.053,0.602],[-0.018,0.771],[-0.625,0.912],[-0.254,0.598],[-0.385,0.629],[4.415,-0.54],[-1.196,-0.724],[-0.508,-0.799],[0.017,-0.752],[-0.052,-0.978],[-0.352,-0.818],[11.829,-1.573],[49.181,0],[23.208,7.3],[15.556,1.959],[-6.44,6.686],[17.511,21.654],[6.847,-8.323]],"v":[[177.12,-105.633],[178.592,-127.856],[163.605,-159.512],[138.104,-178.022],[99.381,-207.922],[-2.462,-243.57],[-92.526,-175.335],[-105.473,-124.873],[-125.448,-61.692],[-130.406,-59.411],[-132.599,-57.323],[-136.284,-55.053],[-136.236,-52.84],[-138.212,-50.638],[-94.515,-25.797],[-86.278,-28.407],[-85.692,-31.556],[-87.984,-33.6],[-85.029,-36.11],[-81.352,-37.893],[-76.497,-39.255],[54.021,-79.628],[50.322,-97.539],[105.108,-108.9],[112.734,-90.203],[109.509,-62.256],[163.785,-72.441]],"c":true}]},{"i":{"x":0,"y":1},"o":{"x":0.333,"y":0.456},"t":19,"s":[{"i":[[7.579,10.834],[8.806,18.462],[10.841,12.365],[5.485,10.029],[28.939,19.744],[142.718,-1.412],[0,-54.913],[-28.781,-35.688],[25.253,-18.428],[-0.529,-12.672],[0.08,-7.251],[2.435,-7.531],[1.66,-8.288],[2.093,-7.262],[-34.985,-7.268],[16.04,20.569],[2.356,7.855],[-0.081,7.603],[0.171,6.816],[1.843,9.081],[-7.902,2.227],[-71.868,0],[-38.914,-12.252],[-21.282,-5.94],[8.213,-8.116],[14.682,-13.559],[4.749,9.893]],"o":[[-3.922,-5.607],[-6.809,-14.284],[-8.262,-9.413],[-8.74,-15.948],[-93.568,-58.745],[-161.993,6.811],[0,37.324],[17.663,21.961],[-6.428,4.691],[0.234,5.608],[-0.079,7.189],[-2.748,8.5],[-1.117,5.577],[-1.691,5.867],[19.46,4.043],[-5.258,-6.743],[-2.233,-7.448],[0.075,-7.013],[-0.229,-9.117],[-1.547,-7.624],[51.999,-14.657],[49.181,0],[23.208,7.3],[15.556,4.343],[-6.44,6.364],[-19.987,18.458],[-4.479,-9.331]],"v":[[316.194,-12.427],[317.666,-33.512],[312.679,-79.307],[295.178,-121.454],[238.456,-170.609],[-0.766,-314.803],[-307.074,-189.751],[-173.314,-117.24],[-194.703,-23.725],[-214.301,-2.464],[-226.136,16.992],[-242.337,38.143],[-242.123,58.777],[-250.811,79.291],[-221.372,115.095],[-185.165,90.771],[-182.586,61.42],[-192.662,42.373],[-179.672,18.977],[-163.509,2.36],[-142.167,-10.333],[54.021,-79.628],[189.396,-60.226],[280.682,-35.827],[288.308,-13.922],[285.083,12.679],[310.359,5.364]],"c":true}]},{"t":33,"s":[{"i":[[7.592,27.699],[8.807,20.278],[10.841,13.583],[5.484,11.017],[30.399,18.147],[162.474,0],[0,-54.913],[-28.781,-35.688],[28.734,-43.085],[-0.587,-29.599],[0.084,-16.936],[2.773,-17.59],[1.894,-19.357],[2.385,-16.961],[-39.829,-16.973],[18.256,48.049],[2.694,18.341],[-0.109,17.759],[0.193,15.92],[2.1,21.211],[-8.994,5.218],[-71.868,0],[-38.914,-12.252],[-21.282,-6.524],[8.22,-20.749],[14.685,-34.683],[4.758,25.301]],"o":[[-3.922,-14.345],[-6.809,-15.689],[-8.262,-10.339],[-8.74,-17.518],[-105.793,-63.012],[-162.948,0],[0,37.324],[17.663,21.961],[-7.318,10.956],[0.266,13.098],[-0.091,16.791],[-3.129,19.854],[-1.272,13.026],[-1.925,13.703],[22.154,9.443],[-5.986,-15.75],[-2.543,-17.396],[0.086,-16.38],[-0.26,-21.295],[-1.762,-17.808],[59.199,-34.236],[49.181,0],[23.208,7.3],[15.556,4.77],[-6.44,16.283],[-19.987,47.226],[-4.479,-23.873]],"v":[[341.12,30.211],[342.592,-16.603],[337.605,-66.904],[320.104,-113.197],[263.381,-163.922],[-0.462,-327.57],[-345.526,-192.335],[-185.473,-115.873],[-209.177,0.914],[-231.488,50.574],[-244.962,96.019],[-263.405,145.423],[-263.162,193.617],[-273.054,241.534],[-239.538,325.162],[-198.317,268.348],[-195.382,199.792],[-206.852,155.302],[-192.064,100.656],[-173.663,61.843],[-149.367,32.196],[54.021,-79.628],[214.322,-53.539],[305.608,-19.146],[313.234,26.385],[310.009,94.445],[335.285,75.73]],"c":true}]}],"ix":2},"nm":"Path 1","mn":"ADBE Vector Shape - Group","hd":false},{"ty":"gf","o":{"a":0,"k":100,"ix":10},"r":1,"bm":0,"g":{"p":3,"k":{"a":0,"k":[0.442,0.671,0.361,0.063,0.736,0.794,0.447,0.031,1,0.918,0.533,0],"ix":9}},"s":{"a":0,"k":[-0.974,327.137],"ix":5},"e":{"a":0,"k":[-0.974,-328.003],"ix":6},"t":1,"nm":"Gradient Fill 1","mn":"ADBE Vector Graphic - G-Fill","hd":false},{"ty":"tr","p":{"a":0,"k":[525.974,504.863],"ix":2},"a":{"a":0,"k":[0,0],"ix":1},"s":{"a":0,"k":[100,100],"ix":3},"r":{"a":0,"k":0,"ix":6},"o":{"a":0,"k":80,"ix":7},"sk":{"a":0,"k":0,"ix":4},"sa":{"a":0,"k":0,"ix":5},"nm":"Transform"}],"nm":"Group 4","np":2,"cix":2,"bm":0,"ix":4,"mn":"ADBE Vector Group","hd":false}],"ip":14,"op":62,"st":14,"bm":0},{"ddd":0,"ind":7,"ty":4,"nm":"pancakes","sr":1,"ks":{"o":{"a":0,"k":100,"ix":11},"r":{"a":0,"k":0,"ix":10},"p":{"a":0,"k":[507.264,519.518,0],"ix":2},"a":{"a":0,"k":[507.264,519.518,0],"ix":1},"s":{"a":0,"k":[100,100,100],"ix":6}},"ao":0,"shapes":[{"ty":"gr","it":[{"ty":"gr","it":[{"ind":0,"ty":"sh","ix":1,"ks":{"a":0,"k":{"i":[[10.381,-238.634],[-31.863,-16.367],[-20.979,-16.779],[-23.733,-8.111],[-58.326,-7.046],[-49.664,-3.183],[-26.954,41.584],[-10.236,17.529],[0,23.619]],"o":[[-1.852,42.443],[22.729,11.683],[20.459,16.355],[56.983,19.502],[49.943,6.017],[43.969,2.857],[11.155,-17.167],[10.362,-17.723],[0,-216.807]],"v":[[-352.751,-23.984],[-271.199,100.793],[-204.931,132.584],[-139.02,165.27],[29.26,191.818],[160.937,165.1],[301.845,95.551],[321.173,37.394],[352.8,-19.02]],"c":true},"ix":2},"nm":"Path 1","mn":"ADBE Vector Shape - Group","hd":false},{"ty":"gf","o":{"a":0,"k":100,"ix":10},"r":1,"bm":0,"g":{"p":3,"k":{"a":0,"k":[0,1,0.788,0.369,0.706,0.925,0.676,0.257,0.964,0.851,0.565,0.145],"ix":9}},"s":{"a":0,"k":[16.144,-10.302],"ix":5},"e":{"a":0,"k":[366.634,-103.087],"ix":6},"t":2,"h":{"a":0,"k":0,"ix":7},"a":{"a":0,"k":0,"ix":8},"nm":"Gradient Fill 1","mn":"ADBE Vector Graphic - G-Fill","hd":false},{"ty":"tr","p":{"a":0,"k":[505.3,384.827],"ix":2},"a":{"a":0,"k":[0,0],"ix":1},"s":{"a":0,"k":[100,100],"ix":3},"r":{"a":0,"k":0,"ix":6},"o":{"a":0,"k":100,"ix":7},"sk":{"a":0,"k":0,"ix":4},"sa":{"a":0,"k":0,"ix":5},"nm":"Transform"}],"nm":"Group 1","np":2,"cix":2,"bm":0,"ix":1,"mn":"ADBE Vector Group","hd":false},{"ty":"gr","it":[{"ind":0,"ty":"sh","ix":1,"ks":{"a":0,"k":{"i":[[0,-255.727],[194.502,0],[0,125.285]],"o":[[0,115.842],[-194.532,0],[0,-255.727]],"v":[[352.194,-8.994],[-0.001,200.79],[-352.194,-8.994]],"c":true},"ix":2},"nm":"Path 1","mn":"ADBE Vector Shape - Group","hd":false},{"ty":"fl","c":{"a":0,"k":[1,0.909803926945,0.733333349228,1],"ix":4},"o":{"a":0,"k":100,"ix":5},"r":1,"bm":0,"nm":"Fill 1","mn":"ADBE Vector Graphic - Fill","hd":false},{"ty":"tr","p":{"a":0,"k":[509.828,398.518],"ix":2},"a":{"a":0,"k":[0,0],"ix":1},"s":{"a":0,"k":[100,100],"ix":3},"r":{"a":0,"k":0,"ix":6},"o":{"a":0,"k":100,"ix":7},"sk":{"a":0,"k":0,"ix":4},"sa":{"a":0,"k":0,"ix":5},"nm":"Transform"}],"nm":"Group 2","np":2,"cix":2,"bm":0,"ix":2,"mn":"ADBE Vector Group","hd":false},{"ty":"gr","it":[{"ind":0,"ty":"sh","ix":1,"ks":{"a":0,"k":{"i":[[-10.386,-238.634],[31.858,-16.392],[20.986,-16.743],[23.734,-8.135],[58.327,-7.034],[49.664,-3.208],[26.954,41.547],[0,23.571]],"o":[[1.847,42.467],[-22.729,11.634],[-20.453,16.38],[-56.982,19.466],[-49.943,6.016],[-43.975,2.821],[-11.149,-17.203],[0,-216.831]],"v":[[352.751,-23.985],[271.199,100.828],[204.924,132.558],[139.013,165.292],[-29.266,191.817],[-160.936,165.122],[-301.851,95.586],[-352.799,-18.998]],"c":true},"ix":2},"nm":"Path 1","mn":"ADBE Vector Shape - Group","hd":false},{"ty":"fl","c":{"a":0,"k":[0.850980401039,0.564705908298,0.145098045468,1],"ix":4},"o":{"a":0,"k":100,"ix":5},"r":1,"bm":0,"nm":"Fill 1","mn":"ADBE Vector Graphic - Fill","hd":false},{"ty":"tr","p":{"a":0,"k":[509.228,446.679],"ix":2},"a":{"a":0,"k":[0,0],"ix":1},"s":{"a":0,"k":[100,100],"ix":3},"r":{"a":0,"k":0,"ix":6},"o":{"a":0,"k":100,"ix":7},"sk":{"a":0,"k":0,"ix":4},"sa":{"a":0,"k":0,"ix":5},"nm":"Transform"}],"nm":"Group 3","np":2,"cix":2,"bm":0,"ix":3,"mn":"ADBE Vector Group","hd":false},{"ty":"gr","it":[{"ind":0,"ty":"sh","ix":1,"ks":{"a":0,"k":{"i":[[0,-255.715],[-194.507,0],[0,125.298]],"o":[[0,115.855],[194.526,0],[0,-255.715]],"v":[[-352.194,-9.006],[0.006,200.792],[352.194,-9.006]],"c":true},"ix":2},"nm":"Path 1","mn":"ADBE Vector Shape - Group","hd":false},{"ty":"fl","c":{"a":0,"k":[1,0.909803926945,0.733333349228,1],"ix":4},"o":{"a":0,"k":100,"ix":5},"r":1,"bm":0,"nm":"Fill 1","mn":"ADBE Vector Graphic - Fill","hd":false},{"ty":"tr","p":{"a":0,"k":[504.695,460.378],"ix":2},"a":{"a":0,"k":[0,0],"ix":1},"s":{"a":0,"k":[100,100],"ix":3},"r":{"a":0,"k":0,"ix":6},"o":{"a":0,"k":100,"ix":7},"sk":{"a":0,"k":0,"ix":4},"sa":{"a":0,"k":0,"ix":5},"nm":"Transform"}],"nm":"Group 4","np":2,"cix":2,"bm":0,"ix":4,"mn":"ADBE Vector Group","hd":false},{"ty":"gr","it":[{"ind":0,"ty":"sh","ix":1,"ks":{"a":0,"k":{"i":[[10.381,-238.646],[-31.863,-16.342],[-20.979,-16.754],[-23.733,-8.111],[-58.326,-7.034],[-49.664,-3.171],[-26.954,41.561],[0,23.632]],"o":[[-1.852,42.443],[22.729,11.683],[20.459,16.367],[56.983,19.491],[49.943,6.028],[43.969,2.845],[11.155,-17.178],[0,-216.795]],"v":[[-352.751,-23.976],[-271.199,100.801],[-204.931,132.567],[-139.02,165.265],[29.26,191.814],[160.937,165.096],[301.845,95.571],[352.8,-19.024]],"c":true},"ix":2},"nm":"Path 1","mn":"ADBE Vector Shape - Group","hd":false},{"ty":"fl","c":{"a":0,"k":[0.850980401039,0.564705908298,0.145098045468,1],"ix":4},"o":{"a":0,"k":100,"ix":5},"r":1,"bm":0,"nm":"Fill 1","mn":"ADBE Vector Graphic - Fill","hd":false},{"ty":"tr","p":{"a":0,"k":[505.3,508.531],"ix":2},"a":{"a":0,"k":[0,0],"ix":1},"s":{"a":0,"k":[100,100],"ix":3},"r":{"a":0,"k":0,"ix":6},"o":{"a":0,"k":100,"ix":7},"sk":{"a":0,"k":0,"ix":4},"sa":{"a":0,"k":0,"ix":5},"nm":"Transform"}],"nm":"Group 5","np":2,"cix":2,"bm":0,"ix":5,"mn":"ADBE Vector Group","hd":false},{"ty":"gr","it":[{"ind":0,"ty":"sh","ix":1,"ks":{"a":0,"k":{"i":[[0,-255.691],[194.502,0],[0,125.286]],"o":[[0,115.879],[-194.532,0],[0,-255.691]],"v":[[352.194,-9.02],[-0.001,200.789],[-352.194,-9.02]],"c":true},"ix":2},"nm":"Path 1","mn":"ADBE Vector Shape - Group","hd":false},{"ty":"fl","c":{"a":0,"k":[1,0.909803926945,0.733333349228,1],"ix":4},"o":{"a":0,"k":100,"ix":5},"r":1,"bm":0,"nm":"Fill 1","mn":"ADBE Vector Graphic - Fill","hd":false},{"ty":"tr","p":{"a":0,"k":[509.828,522.23],"ix":2},"a":{"a":0,"k":[0,0],"ix":1},"s":{"a":0,"k":[100,100],"ix":3},"r":{"a":0,"k":0,"ix":6},"o":{"a":0,"k":100,"ix":7},"sk":{"a":0,"k":0,"ix":4},"sa":{"a":0,"k":0,"ix":5},"nm":"Transform"}],"nm":"Group 6","np":2,"cix":2,"bm":0,"ix":6,"mn":"ADBE Vector Group","hd":false},{"ty":"gr","it":[{"ind":0,"ty":"sh","ix":1,"ks":{"a":0,"k":{"i":[[-10.386,-238.657],[31.858,-16.38],[20.986,-16.755],[23.734,-8.099],[58.327,-7.021],[49.664,-3.232],[26.954,41.572],[10.236,17.505],[0,23.596]],"o":[[1.847,42.445],[-22.729,11.645],[-20.453,16.367],[-56.982,19.515],[-49.943,6.028],[-43.975,2.809],[-11.149,-17.19],[-10.357,-17.759],[0,-216.818]],"v":[[352.751,-23.966],[271.199,100.811],[204.924,132.577],[139.013,165.263],[-29.266,191.812],[-160.936,165.142],[-301.851,95.569],[-321.178,37.424],[-352.799,-19.003]],"c":true},"ix":2},"nm":"Path 1","mn":"ADBE Vector Shape - Group","hd":false},{"ty":"fl","c":{"a":0,"k":[0.850980401039,0.564705908298,0.145098045468,1],"ix":4},"o":{"a":0,"k":100,"ix":5},"r":1,"bm":0,"nm":"Fill 1","mn":"ADBE Vector Graphic - Fill","hd":false},{"ty":"tr","p":{"a":0,"k":[509.228,570.371],"ix":2},"a":{"a":0,"k":[0,0],"ix":1},"s":{"a":0,"k":[100,100],"ix":3},"r":{"a":0,"k":0,"ix":6},"o":{"a":0,"k":100,"ix":7},"sk":{"a":0,"k":0,"ix":4},"sa":{"a":0,"k":0,"ix":5},"nm":"Transform"}],"nm":"Group 7","np":2,"cix":2,"bm":0,"ix":7,"mn":"ADBE Vector Group","hd":false},{"ty":"gr","it":[{"ind":0,"ty":"sh","ix":1,"ks":{"a":0,"k":{"i":[[0,-255.716],[-194.507,0],[0,125.297]],"o":[[0,115.855],[194.526,0],[0,-255.716]],"v":[[-352.194,-9.017],[0.006,200.804],[352.194,-9.017]],"c":true},"ix":2},"nm":"Path 1","mn":"ADBE Vector Shape - Group","hd":false},{"ty":"fl","c":{"a":0,"k":[1,0.909803926945,0.733333349228,1],"ix":4},"o":{"a":0,"k":100,"ix":5},"r":1,"bm":0,"nm":"Fill 1","mn":"ADBE Vector Graphic - Fill","hd":false},{"ty":"tr","p":{"a":0,"k":[504.695,584.077],"ix":2},"a":{"a":0,"k":[0,0],"ix":1},"s":{"a":0,"k":[100,100],"ix":3},"r":{"a":0,"k":0,"ix":6},"o":{"a":0,"k":100,"ix":7},"sk":{"a":0,"k":0,"ix":4},"sa":{"a":0,"k":0,"ix":5},"nm":"Transform"}],"nm":"Group 8","np":2,"cix":2,"bm":0,"ix":8,"mn":"ADBE Vector Group","hd":false},{"ty":"gr","it":[{"ind":0,"ty":"sh","ix":1,"ks":{"a":0,"k":{"i":[[10.381,-238.621],[-31.863,-16.367],[-20.979,-16.766],[-23.733,-8.111],[-58.326,-7.046],[-49.664,-3.183],[-26.954,41.572],[0,23.619]],"o":[[-1.852,42.456],[22.729,11.683],[20.459,16.344],[56.983,19.491],[49.943,6.017],[43.969,2.834],[11.155,-17.167],[0,-216.807]],"v":[[-352.751,-23.995],[-271.199,100.794],[-204.931,132.572],[-139.02,165.271],[29.26,191.819],[160.937,165.101],[301.845,95.552],[352.8,-19.019]],"c":true},"ix":2},"nm":"Path 1","mn":"ADBE Vector Shape - Group","hd":false},{"ty":"fl","c":{"a":0,"k":[0.850980401039,0.564705908298,0.145098045468,1],"ix":4},"o":{"a":0,"k":100,"ix":5},"r":1,"bm":0,"nm":"Fill 1","mn":"ADBE Vector Graphic - Fill","hd":false},{"ty":"tr","p":{"a":0,"k":[505.3,632.237],"ix":2},"a":{"a":0,"k":[0,0],"ix":1},"s":{"a":0,"k":[100,100],"ix":3},"r":{"a":0,"k":0,"ix":6},"o":{"a":0,"k":100,"ix":7},"sk":{"a":0,"k":0,"ix":4},"sa":{"a":0,"k":0,"ix":5},"nm":"Transform"}],"nm":"Group 9","np":2,"cix":2,"bm":0,"ix":9,"mn":"ADBE Vector Group","hd":false},{"ty":"gr","it":[{"ind":0,"ty":"sh","ix":1,"ks":{"a":0,"k":{"i":[[0,-255.727],[194.502,0],[0,125.297]],"o":[[0,115.855],[-194.532,0],[0,-255.727]],"v":[[352.194,-8.995],[-0.001,200.791],[-352.194,-8.995]],"c":true},"ix":2},"nm":"Path 1","mn":"ADBE Vector Shape - Group","hd":false},{"ty":"fl","c":{"a":0,"k":[1,0.909803926945,0.733333349228,1],"ix":4},"o":{"a":0,"k":100,"ix":5},"r":1,"bm":0,"nm":"Fill 1","mn":"ADBE Vector Graphic - Fill","hd":false},{"ty":"tr","p":{"a":0,"k":[509.828,645.917],"ix":2},"a":{"a":0,"k":[0,0],"ix":1},"s":{"a":0,"k":[100,100],"ix":3},"r":{"a":0,"k":0,"ix":6},"o":{"a":0,"k":100,"ix":7},"sk":{"a":0,"k":0,"ix":4},"sa":{"a":0,"k":0,"ix":5},"nm":"Transform"}],"nm":"Group 10","np":2,"cix":2,"bm":0,"ix":10,"mn":"ADBE Vector Group","hd":false},{"ty":"tr","p":{"a":0,"k":[509.828,645.917],"ix":2},"a":{"a":0,"k":[509.828,645.917],"ix":1},"s":{"a":0,"k":[100,100],"ix":3},"r":{"a":0,"k":0,"ix":6},"o":{"a":0,"k":100,"ix":7},"sk":{"a":0,"k":0,"ix":4},"sa":{"a":0,"k":0,"ix":5},"nm":"Transform"}],"nm":"Group 2","np":10,"cix":2,"bm":0,"ix":1,"mn":"ADBE Vector Group","hd":false}],"ip":0,"op":48,"st":0,"bm":0}]}],"layers":[{"ddd":0,"ind":1,"ty":0,"nm":"pancakes","refId":"comp_0","sr":1,"ks":{"o":{"a":0,"k":100,"ix":11},"r":{"a":0,"k":0,"ix":10},"p":{"a":0,"k":[512,572,0],"ix":2},"a":{"a":0,"k":[512,512,0],"ix":1},"s":{"a":0,"k":[100,100,100],"ix":6}},"ao":0,"w":1024,"h":1024,"ip":0,"op":48,"st":0,"bm":0}],"markers":[]}