{"v":"5.6.2","fr":24,"ip":0,"op":48,"w":1024,"h":1024,"nm":"popcorn","ddd":0,"assets":[{"id":"comp_0","layers":[{"ddd":0,"ind":1,"ty":4,"nm":"Base","sr":1,"ks":{"o":{"a":0,"k":100,"ix":11},"r":{"a":0,"k":0,"ix":10},"p":{"a":0,"k":[510,856,0],"ix":2},"a":{"a":0,"k":[232.765,-207.625,0],"ix":1},"s":{"a":1,"k":[{"i":{"x":[0,0,0.667],"y":[1,1,1]},"o":{"x":[0.167,0.167,0.167],"y":[0.167,0.167,-183.333]},"t":0,"s":[1200,1200,100]},{"i":{"x":[0.833,0.833,0.833],"y":[0.833,0.833,1]},"o":{"x":[0.333,0.333,0.333],"y":[0,0,0]},"t":6,"s":[1426,962,100]},{"i":{"x":[0,0,0.667],"y":[1,1,1]},"o":{"x":[0.167,0.167,0.167],"y":[0.167,0.167,0]},"t":9,"s":[1167,1270,100]},{"t":24,"s":[1200,1200,100]}],"ix":6}},"ao":0,"shapes":[{"ty":"gr","it":[{"ind":0,"ty":"sh","ix":1,"ks":{"a":0,"k":{"i":[[0.092,-1.648],[0.967,-11.818],[-0.555,0.322],[-1.146,11.257]],"o":[[-1.066,11.818],[0.552,-0.322],[1.044,-11.257],[0.107,-1.648]],"v":[[251.13,-244.582],[247.91,-209.166],[249.569,-210.133],[252.855,-243.904]],"c":true},"ix":2},"nm":"Path 1","mn":"ADBE Vector Shape - Group","hd":false},{"ty":"fl","c":{"a":0,"k":[0.760784327984,0.078431375325,0.074509806931,1],"ix":4},"o":{"a":0,"k":100,"ix":5},"r":1,"bm":0,"nm":"Fill 1","mn":"ADBE Vector Graphic - Fill","hd":false},{"ty":"tr","p":{"a":0,"k":[0,0],"ix":2},"a":{"a":0,"k":[0,0],"ix":1},"s":{"a":0,"k":[100,100],"ix":3},"r":{"a":0,"k":0,"ix":6},"o":{"a":0,"k":100,"ix":7},"sk":{"a":0,"k":0,"ix":4},"sa":{"a":0,"k":0,"ix":5},"nm":"Transform"}],"nm":"Group 1","np":2,"cix":2,"bm":0,"ix":1,"mn":"ADBE Vector Group","hd":false},{"ty":"gr","it":[{"ind":0,"ty":"sh","ix":1,"ks":{"a":0,"k":{"i":[[0.085,-2.092],[0.671,-13.012],[-0.609,0.358],[-0.909,12.356]],"o":[[-0.722,13.012],[0.604,-0.358],[0.831,-12.356],[0.108,-2.092]],"v":[[246.976,-246.207],[244.589,-207.211],[246.407,-208.285],[249.213,-245.352]],"c":true},"ix":2},"nm":"Path 1","mn":"ADBE Vector Shape - Group","hd":false},{"ty":"fl","c":{"a":0,"k":[0.760784327984,0.078431375325,0.074509806931,1],"ix":4},"o":{"a":0,"k":100,"ix":5},"r":1,"bm":0,"nm":"Fill 1","mn":"ADBE Vector Graphic - Fill","hd":false},{"ty":"tr","p":{"a":0,"k":[0,0],"ix":2},"a":{"a":0,"k":[0,0],"ix":1},"s":{"a":0,"k":[100,100],"ix":3},"r":{"a":0,"k":0,"ix":6},"o":{"a":0,"k":100,"ix":7},"sk":{"a":0,"k":0,"ix":4},"sa":{"a":0,"k":0,"ix":5},"nm":"Transform"}],"nm":"Group 2","np":2,"cix":2,"bm":0,"ix":2,"mn":"ADBE Vector Group","hd":false},{"ty":"gr","it":[{"ty":"gr","it":[{"ind":0,"ty":"sh","ix":1,"ks":{"a":0,"k":{"i":[[-0.096,-2.385],[-0.01,-13.555],[-1.644,-0.067],[-0.635,13.702]],"o":[[0.088,13.555],[1.647,0.067],[0.602,-13.702],[-0.018,-2.385]],"v":[[237.587,-246.935],[237.734,-206.271],[242.671,-206.068],[244.526,-247.175]],"c":true},"ix":2},"nm":"Path 1","mn":"ADBE Vector Shape - Group","hd":false},{"ty":"fl","c":{"a":0,"k":[0.909803926945,0.109803922474,0.152941182256,1],"ix":4},"o":{"a":0,"k":100,"ix":5},"r":1,"bm":0,"nm":"Fill 1","mn":"ADBE Vector Graphic - Fill","hd":false},{"ty":"tr","p":{"a":0,"k":[0,0],"ix":2},"a":{"a":0,"k":[0,0],"ix":1},"s":{"a":0,"k":[100,100],"ix":3},"r":{"a":0,"k":0,"ix":6},"o":{"a":0,"k":100,"ix":7},"sk":{"a":0,"k":0,"ix":4},"sa":{"a":0,"k":0,"ix":5},"nm":"Transform"}],"nm":"Group 1","np":2,"cix":2,"bm":0,"ix":1,"mn":"ADBE Vector Group","hd":false},{"ty":"gr","it":[{"ind":0,"ty":"sh","ix":1,"ks":{"a":0,"k":{"i":[[-0.225,-2.586],[-1.099,-13.269],[-1.667,-0.068],[0.751,13.415]],"o":[[1.357,13.269],[1.67,0.068],[-0.574,-13.415],[-0.14,-2.587]],"v":[[224.366,-246.477],[228.049,-206.67],[233.054,-206.464],[231.067,-246.709]],"c":true},"ix":2},"nm":"Path 1","mn":"ADBE Vector Shape - Group","hd":false},{"ty":"fl","c":{"a":0,"k":[0.909803926945,0.109803922474,0.152941182256,1],"ix":4},"o":{"a":0,"k":100,"ix":5},"r":1,"bm":0,"nm":"Fill 1","mn":"ADBE Vector Graphic - Fill","hd":false},{"ty":"tr","p":{"a":0,"k":[0,0],"ix":2},"a":{"a":0,"k":[0,0],"ix":1},"s":{"a":0,"k":[100,100],"ix":3},"r":{"a":0,"k":0,"ix":6},"o":{"a":0,"k":100,"ix":7},"sk":{"a":0,"k":0,"ix":4},"sa":{"a":0,"k":0,"ix":5},"nm":"Transform"}],"nm":"Group 2","np":2,"cix":2,"bm":0,"ix":2,"mn":"ADBE Vector Group","hd":false},{"ty":"gr","it":[{"ind":0,"ty":"sh","ix":1,"ks":{"a":0,"k":{"i":[[-0.301,-2.385],[-1.98,-13.012],[-1.477,-0.061],[1.862,13.141]],"o":[[2.363,13.012],[1.479,0.061],[-1.54,-13.141],[-0.236,-2.386]],"v":[[212.682,-246.069],[219.197,-207.033],[223.631,-206.852],[218.527,-246.273]],"c":true},"ix":2},"nm":"Path 1","mn":"ADBE Vector Shape - Group","hd":false},{"ty":"fl","c":{"a":0,"k":[0.909803926945,0.109803922474,0.152941182256,1],"ix":4},"o":{"a":0,"k":100,"ix":5},"r":1,"bm":0,"nm":"Fill 1","mn":"ADBE Vector Graphic - Fill","hd":false},{"ty":"tr","p":{"a":0,"k":[0,0],"ix":2},"a":{"a":0,"k":[0,0],"ix":1},"s":{"a":0,"k":[100,100],"ix":3},"r":{"a":0,"k":0,"ix":6},"o":{"a":0,"k":100,"ix":7},"sk":{"a":0,"k":0,"ix":4},"sa":{"a":0,"k":0,"ix":5},"nm":"Transform"}],"nm":"Group 3","np":2,"cix":2,"bm":0,"ix":3,"mn":"ADBE Vector Group","hd":false},{"ty":"tr","p":{"a":0,"k":[0,0],"ix":2},"a":{"a":0,"k":[0,0],"ix":1},"s":{"a":0,"k":[100,100],"ix":3},"r":{"a":0,"k":0,"ix":6},"o":{"a":0,"k":100,"ix":7},"sk":{"a":0,"k":0,"ix":4},"sa":{"a":0,"k":0,"ix":5},"nm":"Transform"}],"nm":"Group 3","np":3,"cix":2,"bm":0,"ix":3,"mn":"ADBE Vector Group","hd":false},{"ty":"gr","it":[{"ind":0,"ty":"sh","ix":1,"ks":{"a":0,"k":{"i":[[0.095,-0.001],[0.095,-1.955],[0,0],[0.782,0.297],[-0.02,-1.905],[0.48,-13.7],[-1.768,1.032]],"o":[[0.114,-1.958],[0,0],[-0.778,-0.297],[0.178,-1.886],[-0.496,13.7],[1.726,-1.032],[4.696,-28.804]],"v":[[251.13,-244.582],[249.213,-245.352],[249.213,-245.352],[246.976,-246.207],[244.526,-247.17],[242.671,-206.068],[247.91,-209.166]],"c":true},"ix":2},"nm":"Path 1","mn":"ADBE Vector Shape - Group","hd":false},{"ty":"fl","c":{"a":0,"k":[0.701960802078,0.760784327984,0.776470601559,1],"ix":4},"o":{"a":0,"k":100,"ix":5},"r":1,"bm":0,"nm":"Fill 1","mn":"ADBE Vector Graphic - Fill","hd":false},{"ty":"tr","p":{"a":0,"k":[0,0],"ix":2},"a":{"a":0,"k":[0,0],"ix":1},"s":{"a":0,"k":[100,100],"ix":3},"r":{"a":0,"k":0,"ix":6},"o":{"a":0,"k":100,"ix":7},"sk":{"a":0,"k":0,"ix":4},"sa":{"a":0,"k":0,"ix":5},"nm":"Transform"}],"nm":"Group 4","np":2,"cix":2,"bm":0,"ix":4,"mn":"ADBE Vector Group","hd":false},{"ty":"gr","it":[{"ind":0,"ty":"sh","ix":1,"ks":{"a":0,"k":{"i":[[0.525,0],[2.311,-0.08],[-0.165,-2.655],[2.232,-0.077],[0,0],[-0.209,-2.363],[-5.258,-30.44],[-6.327,-0.261]],"o":[[-2.314,0.08],[-0.085,-2.658],[-2.236,0.077],[0,0],[-0.186,-2.376],[-0.118,-0.001],[6.367,0.261],[15.35,-31.971]],"v":[[244.526,-247.175],[237.587,-246.935],[231.067,-246.709],[224.366,-246.477],[224.366,-246.477],[218.531,-246.273],[223.631,-206.852],[242.671,-206.068]],"c":true},"ix":2},"nm":"Path 1","mn":"ADBE Vector Shape - Group","hd":false},{"ty":"fl","c":{"a":0,"k":[0.949019610882,0.960784316063,0.96862745285,1],"ix":4},"o":{"a":0,"k":100,"ix":5},"r":1,"bm":0,"nm":"Fill 1","mn":"ADBE Vector Graphic - Fill","hd":false},{"ty":"tr","p":{"a":0,"k":[0,0],"ix":2},"a":{"a":0,"k":[0,0],"ix":1},"s":{"a":0,"k":[100,100],"ix":3},"r":{"a":0,"k":0,"ix":6},"o":{"a":0,"k":100,"ix":7},"sk":{"a":0,"k":0,"ix":4},"sa":{"a":0,"k":0,"ix":5},"nm":"Transform"}],"nm":"Group 5","np":2,"cix":2,"bm":0,"ix":5,"mn":"ADBE Vector Group","hd":false}],"ip":0,"op":48,"st":0,"bm":0},{"ddd":0,"ind":2,"ty":4,"nm":"popcorn 17","parent":1,"sr":1,"ks":{"o":{"a":0,"k":100,"ix":11},"r":{"a":0,"k":0,"ix":10},"p":{"a":1,"k":[{"i":{"x":0.833,"y":0.833},"o":{"x":1,"y":0},"t":24,"s":[216.548,-285.911,0],"to":[0,6.111,0],"ti":[0,-6.111,0]},{"t":31,"s":[216.548,-249.244,0]}],"ix":2},"a":{"a":0,"k":[0,0,0],"ix":1},"s":{"a":0,"k":[8.333,8.333,100],"ix":6}},"ao":0,"shapes":[{"ty":"gr","it":[{"ind":0,"ty":"sh","ix":1,"ks":{"a":0,"k":{"i":[[6.435,5.025],[0,9.655],[0,-40.516],[-0.017,-0.438],[0,-24.157],[-17.811,7.735],[0,35.92]],"o":[[5.228,-5.058],[0,-40.516],[0,0.439],[-17.312,-4.674],[0,26.221],[10.724,27.801],[0,-10.96]],"v":[[39.63,-0.905],[48.352,-22.914],[-11.923,-22.914],[-11.802,-21.663],[-50.546,7.454],[-7.507,35.08],[50.546,22.968]],"c":true},"ix":2},"nm":"Path 1","mn":"ADBE Vector Shape - Group","hd":false},{"ty":"gf","o":{"a":0,"k":100,"ix":10},"r":1,"bm":0,"g":{"p":3,"k":{"a":0,"k":[0.206,1,0.922,0.831,0.736,1,0.861,0.7,1,1,0.8,0.569],"ix":9}},"s":{"a":0,"k":[-29.388,-33.567],"ix":5},"e":{"a":0,"k":[66.734,-33.567],"ix":6},"t":2,"h":{"a":0,"k":0,"ix":7},"a":{"a":0,"k":0,"ix":8},"nm":"popc01Gradient Fill 1","mn":"ADBE Vector Graphic - G-Fill","hd":false},{"ty":"tr","p":{"a":0,"k":[0,0],"ix":2},"a":{"a":0,"k":[0,0],"ix":1},"s":{"a":0,"k":[100,100],"ix":3},"r":{"a":0,"k":0,"ix":6},"o":{"a":0,"k":100,"ix":7},"sk":{"a":0,"k":0,"ix":4},"sa":{"a":0,"k":0,"ix":5},"nm":"Transform"}],"nm":"Group 1","np":2,"cix":2,"bm":0,"ix":1,"mn":"ADBE Vector Group","hd":false}],"ip":24,"op":72,"st":24,"bm":0},{"ddd":0,"ind":3,"ty":4,"nm":"popcorn 16","parent":1,"sr":1,"ks":{"o":{"a":0,"k":100,"ix":11},"r":{"a":0,"k":0,"ix":10},"p":{"a":1,"k":[{"i":{"x":0.833,"y":0.833},"o":{"x":1,"y":0},"t":25,"s":[237.407,-287.209,0],"to":[0,6.111,0],"ti":[0,-6.111,0]},{"t":32,"s":[237.407,-250.543,0]}],"ix":2},"a":{"a":0,"k":[565.699,340.987,0],"ix":1},"s":{"a":0,"k":[8.333,8.333,100],"ix":6}},"ao":0,"shapes":[{"ty":"gr","it":[{"ind":0,"ty":"sh","ix":1,"ks":{"a":0,"k":{"i":[[-15.25,2.304],[-3.259,-6.759],[-28.569,-9.709],[-12.387,-7.965]],"o":[[-14.306,-23.566],[-18.969,-17.181],[-4.915,-15.172],[-4.959,-11.585]],"v":[[27.172,-12.664],[-3.229,-8.035],[-12.566,23.441],[10.946,7.719]],"c":true},"ix":2},"nm":"Path 1","mn":"ADBE Vector Shape - Group","hd":false},{"ty":"fl","c":{"a":0,"k":[0.878431379795,0.509803950787,0,1],"ix":4},"o":{"a":0,"k":100,"ix":5},"r":1,"bm":0,"nm":"Fill 1","mn":"ADBE Vector Graphic - Fill","hd":false},{"ty":"tr","p":{"a":0,"k":[565.607,335.149],"ix":2},"a":{"a":0,"k":[0,0],"ix":1},"s":{"a":0,"k":[100,100],"ix":3},"r":{"a":0,"k":0,"ix":6},"o":{"a":0,"k":100,"ix":7},"sk":{"a":0,"k":0,"ix":4},"sa":{"a":0,"k":0,"ix":5},"nm":"Transform"}],"nm":"Group 1","np":2,"cix":2,"bm":0,"ix":1,"mn":"ADBE Vector Group","hd":false},{"ty":"gr","it":[{"ind":0,"ty":"sh","ix":1,"ks":{"a":0,"k":{"i":[[14.838,-26.287],[4.548,-27.154],[-8.677,-4.477],[1.031,-6.165],[-8.585,51.192],[1.618,5.518],[-2.282,13.626]],"o":[[-9.809,-18.608],[-2.2,13.166],[-2.727,4.344],[-8.557,51.181],[1.174,-7.01],[9.84,-2.765],[5.963,-35.644]],"v":[[-4.221,-41.102],[-51.364,-32.698],[-38.693,-5.819],[-44.508,9.891],[31.671,22.848],[30.7,4.099],[51.287,-19.972]],"c":true},"ix":2},"nm":"Path 1","mn":"ADBE Vector Shape - Group","hd":false},{"ty":"gf","o":{"a":0,"k":100,"ix":10},"r":1,"bm":0,"g":{"p":3,"k":{"a":0,"k":[0.206,1,0.922,0.831,0.736,1,0.861,0.7,1,1,0.8,0.569],"ix":9}},"s":{"a":0,"k":[-1.699,-26.987],"ix":5},"e":{"a":0,"k":[71.248,-26.987],"ix":6},"t":2,"h":{"a":0,"k":0,"ix":7},"a":{"a":0,"k":0,"ix":8},"nm":"popc02Gradient Fill 1","mn":"ADBE Vector Graphic - G-Fill","hd":false},{"ty":"tr","p":{"a":0,"k":[565.699,340.987],"ix":2},"a":{"a":0,"k":[0,0],"ix":1},"s":{"a":0,"k":[100,100],"ix":3},"r":{"a":0,"k":0,"ix":6},"o":{"a":0,"k":100,"ix":7},"sk":{"a":0,"k":0,"ix":4},"sa":{"a":0,"k":0,"ix":5},"nm":"Transform"}],"nm":"Group 2","np":2,"cix":2,"bm":0,"ix":2,"mn":"ADBE Vector Group","hd":false}],"ip":25,"op":73,"st":25,"bm":0},{"ddd":0,"ind":4,"ty":4,"nm":"popcorn 15","parent":1,"sr":1,"ks":{"o":{"a":0,"k":100,"ix":11},"r":{"a":0,"k":0,"ix":10},"p":{"a":1,"k":[{"i":{"x":0.833,"y":0.833},"o":{"x":1,"y":0},"t":26,"s":[223.968,-286.803,0],"to":[0,6.111,0],"ti":[0,-6.111,0]},{"t":33,"s":[223.968,-250.137,0]}],"ix":2},"a":{"a":0,"k":[404.435,345.859,0],"ix":1},"s":{"a":0,"k":[8.333,8.333,100],"ix":6}},"ao":0,"shapes":[{"ty":"gr","it":[{"ind":0,"ty":"sh","ix":1,"ks":{"a":0,"k":{"i":[[-6.538,-30.082],[-14.954,-8.053],[-14.8,-12.517],[-6.736,-6.188]],"o":[[-13.143,4.433],[1.185,-21.251],[-2.085,-10.74],[6.38,-40.857]],"v":[[-15.008,-7.642],[-19.451,29.167],[11.586,12.82],[27.625,2.782]],"c":true},"ix":2},"nm":"Path 1","mn":"ADBE Vector Shape - Group","hd":false},{"ty":"fl","c":{"a":0,"k":[0.878431379795,0.509803950787,0,1],"ix":4},"o":{"a":0,"k":100,"ix":5},"r":1,"bm":0,"nm":"Fill 1","mn":"ADBE Vector Graphic - Fill","hd":false},{"ty":"tr","p":{"a":0,"k":[403.883,345.222],"ix":2},"a":{"a":0,"k":[0,0],"ix":1},"s":{"a":0,"k":[100,100],"ix":3},"r":{"a":0,"k":0,"ix":6},"o":{"a":0,"k":100,"ix":7},"sk":{"a":0,"k":0,"ix":4},"sa":{"a":0,"k":0,"ix":5},"nm":"Transform"}],"nm":"Group 1","np":2,"cix":2,"bm":0,"ix":1,"mn":"ADBE Vector Group","hd":false},{"ty":"gr","it":[{"ind":0,"ty":"sh","ix":1,"ks":{"a":0,"k":{"i":[[5.199,4.651],[0,14.526],[16.785,-24.97],[0,-24.553],[-3.137,-3.752],[0,-15.183],[-19.754,17.335],[0,30.773]],"o":[[9.226,-5.552],[0,-38.695],[-11.887,-14.504],[0,6.407],[-9.875,5.376],[0,35.119],[13.159,20.077],[0,-9.314]],"v":[[42.555,8.223],[58.478,-21.861],[-5.587,-42.366],[-46.465,-27.368],[-41.281,-12.227],[-58.478,18.535],[0.283,45.173],[51.227,29.188]],"c":true},"ix":2},"nm":"Path 1","mn":"ADBE Vector Shape - Group","hd":false},{"ty":"gf","o":{"a":0,"k":100,"ix":10},"r":1,"bm":0,"g":{"p":3,"k":{"a":0,"k":[0.206,1,0.922,0.831,0.736,1,0.861,0.7,1,1,0.8,0.569],"ix":9}},"s":{"a":0,"k":[-22.435,-20.859],"ix":5},"e":{"a":0,"k":[59.831,-20.859],"ix":6},"t":2,"h":{"a":0,"k":0,"ix":7},"a":{"a":0,"k":0,"ix":8},"nm":"popc03Gradient Fill 1","mn":"ADBE Vector Graphic - G-Fill","hd":false},{"ty":"tr","p":{"a":0,"k":[404.435,345.859],"ix":2},"a":{"a":0,"k":[0,0],"ix":1},"s":{"a":0,"k":[100,100],"ix":3},"r":{"a":0,"k":0,"ix":6},"o":{"a":0,"k":100,"ix":7},"sk":{"a":0,"k":0,"ix":4},"sa":{"a":0,"k":0,"ix":5},"nm":"Transform"}],"nm":"Group 2","np":2,"cix":2,"bm":0,"ix":2,"mn":"ADBE Vector Group","hd":false}],"ip":26,"op":74,"st":26,"bm":0},{"ddd":0,"ind":5,"ty":4,"nm":"popcorn 14","parent":1,"sr":1,"ks":{"o":{"a":0,"k":100,"ix":11},"r":{"a":0,"k":0,"ix":10},"p":{"a":1,"k":[{"i":{"x":0.833,"y":0.833},"o":{"x":1,"y":0},"t":27,"s":[243.719,-286.229,0],"to":[0,6.111,0],"ti":[0,-6.111,0]},{"t":34,"s":[243.719,-249.563,0]}],"ix":2},"a":{"a":0,"k":[0,0,0],"ix":1},"s":{"a":0,"k":[8.333,8.333,100],"ix":6}},"ao":0,"shapes":[{"ty":"gr","it":[{"ind":0,"ty":"sh","ix":1,"ks":{"a":0,"k":{"i":[[21.953,-14.427],[4.24,-30.489],[-4.509,-5.332],[2.002,-14.383],[-20.06,22.37],[-3.384,24.301],[2.595,4.158],[-2.095,15.041]],"o":[[-10.269,-21.734],[-1.294,9.216],[-9.907,4.213],[-5.337,38.312],[9.77,16.017],[0.883,-6.341],[10.527,-3.939],[4.833,-34.778]],"v":[[6.165,-41.495],[-46.469,-32.806],[-40.78,-10.842],[-60.704,16.729],[-0.084,46],[42.462,36.893],[39.412,21.161],[60.707,-6.892]],"c":true},"ix":2},"nm":"Path 1","mn":"ADBE Vector Shape - Group","hd":false},{"ty":"gf","o":{"a":0,"k":100,"ix":10},"r":1,"bm":0,"g":{"p":3,"k":{"a":0,"k":[0.206,1,0.922,0.831,0.736,1,0.861,0.7,1,1,0.8,0.569],"ix":9}},"s":{"a":0,"k":[-23.447,-20.746],"ix":5},"e":{"a":0,"k":[60.629,-20.746],"ix":6},"t":2,"h":{"a":0,"k":0,"ix":7},"a":{"a":0,"k":0,"ix":8},"nm":"popc04Gradient Fill 1","mn":"ADBE Vector Graphic - G-Fill","hd":false},{"ty":"tr","p":{"a":0,"k":[0,0],"ix":2},"a":{"a":0,"k":[0,0],"ix":1},"s":{"a":0,"k":[100,100],"ix":3},"r":{"a":0,"k":0,"ix":6},"o":{"a":0,"k":100,"ix":7},"sk":{"a":0,"k":0,"ix":4},"sa":{"a":0,"k":0,"ix":5},"nm":"Transform"}],"nm":"Group 1","np":2,"cix":2,"bm":0,"ix":1,"mn":"ADBE Vector Group","hd":false}],"ip":27,"op":75,"st":27,"bm":0},{"ddd":0,"ind":6,"ty":4,"nm":"popcorn 13","parent":1,"sr":1,"ks":{"o":{"a":0,"k":100,"ix":11},"r":{"a":0,"k":0,"ix":10},"p":{"a":1,"k":[{"i":{"x":0.833,"y":0.833},"o":{"x":1,"y":0},"t":28,"s":[249.585,-284.071,0],"to":[0,6.111,0],"ti":[0,-6.111,0]},{"t":35,"s":[249.585,-247.404,0]}],"ix":2},"a":{"a":0,"k":[711.841,378.649,0],"ix":1},"s":{"a":0,"k":[8.333,8.333,100],"ix":6}},"ao":0,"shapes":[{"ty":"gr","it":[{"ind":0,"ty":"sh","ix":1,"ks":{"a":0,"k":{"i":[[-18.157,3.752],[-3.258,4.762],[32.875,13.56],[3.5,-14.766]],"o":[[-1.305,7.537],[0.208,30.676],[7.822,-14.987],[-15.502,-1.393]],"v":[[-8.099,0.608],[0.458,6.555],[10.321,-3.801],[-12.071,-12.963]],"c":true},"ix":2},"nm":"Path 1","mn":"ADBE Vector Shape - Group","hd":false},{"ty":"fl","c":{"a":0,"k":[0.878431379795,0.509803950787,0,1],"ix":4},"o":{"a":0,"k":100,"ix":5},"r":1,"bm":0,"nm":"Fill 1","mn":"ADBE Vector Graphic - Fill","hd":false},{"ty":"tr","p":{"a":0,"k":[713.611,385.135],"ix":2},"a":{"a":0,"k":[0,0],"ix":1},"s":{"a":0,"k":[100,100],"ix":3},"r":{"a":0,"k":0,"ix":6},"o":{"a":0,"k":100,"ix":7},"sk":{"a":0,"k":0,"ix":4},"sa":{"a":0,"k":0,"ix":5},"nm":"Transform"}],"nm":"Group 1","np":2,"cix":2,"bm":0,"ix":1,"mn":"ADBE Vector Group","hd":false},{"ty":"gr","it":[{"ind":0,"ty":"sh","ix":1,"ks":{"a":0,"k":{"i":[[14.268,9.577],[27.055,-18.783],[0.411,-7.362],[7.082,-4.915],[-29.277,18.541],[-17.723,12.31]],"o":[[17.795,-22.052],[-8.019,5.573],[-6.363,-1.327],[-29.243,20.329],[5.364,15.272],[18.931,-13.154]],"v":[[34.236,-3.415],[-2.753,-42.275],[-14.678,-22.011],[-35.238,-17.304],[-5.802,28.247],[35.251,42.28]],"c":true},"ix":2},"nm":"Path 1","mn":"ADBE Vector Shape - Group","hd":false},{"ty":"gf","o":{"a":0,"k":100,"ix":10},"r":1,"bm":0,"g":{"p":3,"k":{"a":0,"k":[0.206,1,0.922,0.831,0.736,1,0.861,0.7,1,1,0.8,0.569],"ix":9}},"s":{"a":0,"k":[-27.841,-29.649],"ix":5},"e":{"a":0,"k":[59.906,-29.649],"ix":6},"t":2,"h":{"a":0,"k":0,"ix":7},"a":{"a":0,"k":0,"ix":8},"nm":"popc05Gradient Fill 1","mn":"ADBE Vector Graphic - G-Fill","hd":false},{"ty":"tr","p":{"a":0,"k":[711.841,378.649],"ix":2},"a":{"a":0,"k":[0,0],"ix":1},"s":{"a":0,"k":[100,100],"ix":3},"r":{"a":0,"k":0,"ix":6},"o":{"a":0,"k":100,"ix":7},"sk":{"a":0,"k":0,"ix":4},"sa":{"a":0,"k":0,"ix":5},"nm":"Transform"}],"nm":"Group 2","np":2,"cix":2,"bm":0,"ix":2,"mn":"ADBE Vector Group","hd":false}],"ip":28,"op":76,"st":28,"bm":0},{"ddd":0,"ind":7,"ty":4,"nm":"popcorn 12","parent":1,"sr":1,"ks":{"o":{"a":0,"k":100,"ix":11},"r":{"a":0,"k":0,"ix":10},"p":{"a":1,"k":[{"i":{"x":0.833,"y":0.833},"o":{"x":1,"y":0},"t":29,"s":[231.086,-286.856,0],"to":[0,6.111,0],"ti":[0,-6.111,0]},{"t":36,"s":[231.086,-250.189,0]}],"ix":2},"a":{"a":0,"k":[489.841,345.227,0],"ix":1},"s":{"a":0,"k":[8.333,8.333,100],"ix":6}},"ao":0,"shapes":[{"ty":"gr","it":[{"ind":0,"ty":"sh","ix":1,"ks":{"a":0,"k":{"i":[[3.193,16.928],[26.078,-12.331],[4.849,-3.95],[-34.153,-34.888]],"o":[[17.268,10.357],[5.737,-6.626],[24.071,-44.981],[-12.409,13.955]],"v":[[5.557,20.724],[3.791,12.792],[-2.715,2.896],[-11.02,3.072]],"c":true},"ix":2},"nm":"Path 1","mn":"ADBE Vector Shape - Group","hd":false},{"ty":"fl","c":{"a":0,"k":[0.749019622803,0.435294121504,0,1],"ix":4},"o":{"a":0,"k":100,"ix":5},"r":1,"bm":0,"nm":"Fill 1","mn":"ADBE Vector Graphic - Fill","hd":false},{"ty":"tr","p":{"a":0,"k":[495.514,342.803],"ix":2},"a":{"a":0,"k":[0,0],"ix":1},"s":{"a":0,"k":[100,100],"ix":3},"r":{"a":0,"k":0,"ix":6},"o":{"a":0,"k":100,"ix":7},"sk":{"a":0,"k":0,"ix":4},"sa":{"a":0,"k":0,"ix":5},"nm":"Transform"}],"nm":"Group 1","np":2,"cix":2,"bm":0,"ix":1,"mn":"ADBE Vector Group","hd":false},{"ty":"gr","it":[{"ind":0,"ty":"sh","ix":1,"ks":{"a":0,"k":{"i":[[12.184,4.86],[-1.53,4.915],[12.924,0.021],[10.258,-32.902],[-3.669,-5.945],[3.516,-11.278],[-20.96,12.639],[-9.798,31.432]],"o":[[3.132,-2.458],[5.195,-16.631],[4.289,-30.993],[-2.765,8.888],[-8.376,2.612],[-9.605,30.807],[2.057,27.186],[5.239,-16.797]],"v":[[33.764,7.637],[41.016,-3.302],[20.177,-31.168],[-32.633,-42.249],[-30.384,-19.78],[-49.649,0.494],[-4.448,36.545],[49.815,41.801]],"c":true},"ix":2},"nm":"Path 1","mn":"ADBE Vector Shape - Group","hd":false},{"ty":"gf","o":{"a":0,"k":100,"ix":10},"r":1,"bm":0,"g":{"p":3,"k":{"a":0,"k":[0.206,1,0.922,0.831,0.736,1,0.861,0.7,1,1,0.8,0.569],"ix":9}},"s":{"a":0,"k":[-36.841,-27.227],"ix":5},"e":{"a":0,"k":[56.789,-27.227],"ix":6},"t":2,"h":{"a":0,"k":0,"ix":7},"a":{"a":0,"k":0,"ix":8},"nm":"popc06Gradient Fill 1","mn":"ADBE Vector Graphic - G-Fill","hd":false},{"ty":"tr","p":{"a":0,"k":[489.841,345.227],"ix":2},"a":{"a":0,"k":[0,0],"ix":1},"s":{"a":0,"k":[100,100],"ix":3},"r":{"a":0,"k":0,"ix":6},"o":{"a":0,"k":100,"ix":7},"sk":{"a":0,"k":0,"ix":4},"sa":{"a":0,"k":0,"ix":5},"nm":"Transform"}],"nm":"Group 2","np":2,"cix":2,"bm":0,"ix":2,"mn":"ADBE Vector Group","hd":false}],"ip":29,"op":77,"st":29,"bm":0},{"ddd":0,"ind":8,"ty":4,"nm":"popcorn 34","parent":1,"sr":1,"ks":{"o":{"a":0,"k":100,"ix":11},"r":{"a":0,"k":0,"ix":10},"p":{"a":1,"k":[{"i":{"x":0.833,"y":0.833},"o":{"x":0.167,"y":0.167},"t":6,"s":[216.548,-249.244,0],"to":[-6.613,0.165,0],"ti":[6.613,-0.165,0]},{"t":15,"s":[176.869,-248.254,0]}],"ix":2},"a":{"a":0,"k":[0,0,0],"ix":1},"s":{"a":0,"k":[8.333,8.333,100],"ix":6}},"ao":0,"shapes":[{"ty":"gr","it":[{"ind":0,"ty":"sh","ix":1,"ks":{"a":0,"k":{"i":[[6.435,5.025],[0,9.655],[0,-40.516],[-0.017,-0.438],[0,-24.157],[-17.811,7.735],[0,35.92]],"o":[[5.228,-5.058],[0,-40.516],[0,0.439],[-17.312,-4.674],[0,26.221],[10.724,27.801],[0,-10.96]],"v":[[39.63,-0.905],[48.352,-22.914],[-11.923,-22.914],[-11.802,-21.663],[-50.546,7.454],[-7.507,35.08],[50.546,22.968]],"c":true},"ix":2},"nm":"Path 1","mn":"ADBE Vector Shape - Group","hd":false},{"ty":"gf","o":{"a":0,"k":100,"ix":10},"r":1,"bm":0,"g":{"p":3,"k":{"a":0,"k":[0.206,1,0.922,0.831,0.736,1,0.861,0.7,1,1,0.8,0.569],"ix":9}},"s":{"a":0,"k":[-29.388,-33.567],"ix":5},"e":{"a":0,"k":[66.734,-33.567],"ix":6},"t":2,"h":{"a":0,"k":0,"ix":7},"a":{"a":0,"k":0,"ix":8},"nm":"popc07Gradient Fill 1","mn":"ADBE Vector Graphic - G-Fill","hd":false},{"ty":"tr","p":{"a":0,"k":[0,0],"ix":2},"a":{"a":0,"k":[0,0],"ix":1},"s":{"a":0,"k":[100,100],"ix":3},"r":{"a":0,"k":0,"ix":6},"o":{"a":0,"k":100,"ix":7},"sk":{"a":0,"k":0,"ix":4},"sa":{"a":0,"k":0,"ix":5},"nm":"Transform"}],"nm":"Group 1","np":2,"cix":2,"bm":0,"ix":1,"mn":"ADBE Vector Group","hd":false}],"ip":-24,"op":24,"st":-24,"bm":0},{"ddd":0,"ind":9,"ty":4,"nm":"popcorn 33","parent":1,"sr":1,"ks":{"o":{"a":0,"k":100,"ix":11},"r":{"a":0,"k":0,"ix":10},"p":{"a":1,"k":[{"i":{"x":0.833,"y":0.833},"o":{"x":0.167,"y":0.167},"t":6,"s":[237.407,-250.543,0],"to":[8.65,-1.073,0],"ti":[-8.65,1.073,0]},{"t":15,"s":[289.308,-256.981,0]}],"ix":2},"a":{"a":0,"k":[565.699,340.987,0],"ix":1},"s":{"a":0,"k":[8.333,8.333,100],"ix":6}},"ao":0,"shapes":[{"ty":"gr","it":[{"ind":0,"ty":"sh","ix":1,"ks":{"a":0,"k":{"i":[[-15.25,2.304],[-3.259,-6.759],[-28.569,-9.709],[-12.387,-7.965]],"o":[[-14.306,-23.566],[-18.969,-17.181],[-4.915,-15.172],[-4.959,-11.585]],"v":[[27.172,-12.664],[-3.229,-8.035],[-12.566,23.441],[10.946,7.719]],"c":true},"ix":2},"nm":"Path 1","mn":"ADBE Vector Shape - Group","hd":false},{"ty":"fl","c":{"a":0,"k":[0.878431379795,0.509803950787,0,1],"ix":4},"o":{"a":0,"k":100,"ix":5},"r":1,"bm":0,"nm":"Fill 1","mn":"ADBE Vector Graphic - Fill","hd":false},{"ty":"tr","p":{"a":0,"k":[565.607,335.149],"ix":2},"a":{"a":0,"k":[0,0],"ix":1},"s":{"a":0,"k":[100,100],"ix":3},"r":{"a":0,"k":0,"ix":6},"o":{"a":0,"k":100,"ix":7},"sk":{"a":0,"k":0,"ix":4},"sa":{"a":0,"k":0,"ix":5},"nm":"Transform"}],"nm":"Group 1","np":2,"cix":2,"bm":0,"ix":1,"mn":"ADBE Vector Group","hd":false},{"ty":"gr","it":[{"ind":0,"ty":"sh","ix":1,"ks":{"a":0,"k":{"i":[[14.838,-26.287],[4.548,-27.154],[-8.677,-4.477],[1.031,-6.165],[-8.585,51.192],[1.618,5.518],[-2.282,13.626]],"o":[[-9.809,-18.608],[-2.2,13.166],[-2.727,4.344],[-8.557,51.181],[1.174,-7.01],[9.84,-2.765],[5.963,-35.644]],"v":[[-4.221,-41.102],[-51.364,-32.698],[-38.693,-5.819],[-44.508,9.891],[31.671,22.848],[30.7,4.099],[51.287,-19.972]],"c":true},"ix":2},"nm":"Path 1","mn":"ADBE Vector Shape - Group","hd":false},{"ty":"gf","o":{"a":0,"k":100,"ix":10},"r":1,"bm":0,"g":{"p":3,"k":{"a":0,"k":[0.206,1,0.922,0.831,0.736,1,0.861,0.7,1,1,0.8,0.569],"ix":9}},"s":{"a":0,"k":[-1.699,-26.987],"ix":5},"e":{"a":0,"k":[71.248,-26.987],"ix":6},"t":2,"h":{"a":0,"k":0,"ix":7},"a":{"a":0,"k":0,"ix":8},"nm":"popc08Gradient Fill 1","mn":"ADBE Vector Graphic - G-Fill","hd":false},{"ty":"tr","p":{"a":0,"k":[565.699,340.987],"ix":2},"a":{"a":0,"k":[0,0],"ix":1},"s":{"a":0,"k":[100,100],"ix":3},"r":{"a":0,"k":0,"ix":6},"o":{"a":0,"k":100,"ix":7},"sk":{"a":0,"k":0,"ix":4},"sa":{"a":0,"k":0,"ix":5},"nm":"Transform"}],"nm":"Group 2","np":2,"cix":2,"bm":0,"ix":2,"mn":"ADBE Vector Group","hd":false}],"ip":-23,"op":25,"st":-23,"bm":0},{"ddd":0,"ind":10,"ty":4,"nm":"popcorn 32","parent":1,"sr":1,"ks":{"o":{"a":0,"k":100,"ix":11},"r":{"a":0,"k":0,"ix":10},"p":{"a":1,"k":[{"i":{"x":0.833,"y":0.833},"o":{"x":0.167,"y":0.167},"t":6,"s":[223.968,-250.137,0],"to":[-8.622,-3.604,0],"ti":[8.622,3.604,0]},{"t":15,"s":[172.235,-271.763,0]}],"ix":2},"a":{"a":0,"k":[404.435,345.859,0],"ix":1},"s":{"a":0,"k":[8.333,8.333,100],"ix":6}},"ao":0,"shapes":[{"ty":"gr","it":[{"ind":0,"ty":"sh","ix":1,"ks":{"a":0,"k":{"i":[[-6.538,-30.082],[-14.954,-8.053],[-14.8,-12.517],[-6.736,-6.188]],"o":[[-13.143,4.433],[1.185,-21.251],[-2.085,-10.74],[6.38,-40.857]],"v":[[-15.008,-7.642],[-19.451,29.167],[11.586,12.82],[27.625,2.782]],"c":true},"ix":2},"nm":"Path 1","mn":"ADBE Vector Shape - Group","hd":false},{"ty":"fl","c":{"a":0,"k":[0.878431379795,0.509803950787,0,1],"ix":4},"o":{"a":0,"k":100,"ix":5},"r":1,"bm":0,"nm":"Fill 1","mn":"ADBE Vector Graphic - Fill","hd":false},{"ty":"tr","p":{"a":0,"k":[403.883,345.222],"ix":2},"a":{"a":0,"k":[0,0],"ix":1},"s":{"a":0,"k":[100,100],"ix":3},"r":{"a":0,"k":0,"ix":6},"o":{"a":0,"k":100,"ix":7},"sk":{"a":0,"k":0,"ix":4},"sa":{"a":0,"k":0,"ix":5},"nm":"Transform"}],"nm":"Group 1","np":2,"cix":2,"bm":0,"ix":1,"mn":"ADBE Vector Group","hd":false},{"ty":"gr","it":[{"ind":0,"ty":"sh","ix":1,"ks":{"a":0,"k":{"i":[[5.199,4.651],[0,14.526],[16.785,-24.97],[0,-24.553],[-3.137,-3.752],[0,-15.183],[-19.754,17.335],[0,30.773]],"o":[[9.226,-5.552],[0,-38.695],[-11.887,-14.504],[0,6.407],[-9.875,5.376],[0,35.119],[13.159,20.077],[0,-9.314]],"v":[[42.555,8.223],[58.478,-21.861],[-5.587,-42.366],[-46.465,-27.368],[-41.281,-12.227],[-58.478,18.535],[0.283,45.173],[51.227,29.188]],"c":true},"ix":2},"nm":"Path 1","mn":"ADBE Vector Shape - Group","hd":false},{"ty":"gf","o":{"a":0,"k":100,"ix":10},"r":1,"bm":0,"g":{"p":3,"k":{"a":0,"k":[0.206,1,0.922,0.831,0.736,1,0.861,0.7,1,1,0.8,0.569],"ix":9}},"s":{"a":0,"k":[-22.435,-20.859],"ix":5},"e":{"a":0,"k":[59.831,-20.859],"ix":6},"t":2,"h":{"a":0,"k":0,"ix":7},"a":{"a":0,"k":0,"ix":8},"nm":"popc09Gradient Fill 1","mn":"ADBE Vector Graphic - G-Fill","hd":false},{"ty":"tr","p":{"a":0,"k":[404.435,345.859],"ix":2},"a":{"a":0,"k":[0,0],"ix":1},"s":{"a":0,"k":[100,100],"ix":3},"r":{"a":0,"k":0,"ix":6},"o":{"a":0,"k":100,"ix":7},"sk":{"a":0,"k":0,"ix":4},"sa":{"a":0,"k":0,"ix":5},"nm":"Transform"}],"nm":"Group 2","np":2,"cix":2,"bm":0,"ix":2,"mn":"ADBE Vector Group","hd":false}],"ip":-22,"op":26,"st":-22,"bm":0},{"ddd":0,"ind":11,"ty":4,"nm":"popcorn 31","parent":1,"sr":1,"ks":{"o":{"a":0,"k":100,"ix":11},"r":{"a":0,"k":0,"ix":10},"p":{"a":1,"k":[{"i":{"x":0.833,"y":0.833},"o":{"x":0.167,"y":0.167},"t":6,"s":[243.719,-249.563,0],"to":[10.38,-0.633,0],"ti":[-10.38,0.633,0]},{"t":15,"s":[306.001,-253.36,0]}],"ix":2},"a":{"a":0,"k":[0,0,0],"ix":1},"s":{"a":0,"k":[8.333,8.333,100],"ix":6}},"ao":0,"shapes":[{"ty":"gr","it":[{"ind":0,"ty":"sh","ix":1,"ks":{"a":0,"k":{"i":[[21.953,-14.427],[4.24,-30.489],[-4.509,-5.332],[2.002,-14.383],[-20.06,22.37],[-3.384,24.301],[2.595,4.158],[-2.095,15.041]],"o":[[-10.269,-21.734],[-1.294,9.216],[-9.907,4.213],[-5.337,38.312],[9.77,16.017],[0.883,-6.341],[10.527,-3.939],[4.833,-34.778]],"v":[[6.165,-41.495],[-46.469,-32.806],[-40.78,-10.842],[-60.704,16.729],[-0.084,46],[42.462,36.893],[39.412,21.161],[60.707,-6.892]],"c":true},"ix":2},"nm":"Path 1","mn":"ADBE Vector Shape - Group","hd":false},{"ty":"gf","o":{"a":0,"k":100,"ix":10},"r":1,"bm":0,"g":{"p":3,"k":{"a":0,"k":[0.206,1,0.922,0.831,0.736,1,0.861,0.7,1,1,0.8,0.569],"ix":9}},"s":{"a":0,"k":[-23.447,-20.746],"ix":5},"e":{"a":0,"k":[60.629,-20.746],"ix":6},"t":2,"h":{"a":0,"k":0,"ix":7},"a":{"a":0,"k":0,"ix":8},"nm":"popc10Gradient Fill 1","mn":"ADBE Vector Graphic - G-Fill","hd":false},{"ty":"tr","p":{"a":0,"k":[0,0],"ix":2},"a":{"a":0,"k":[0,0],"ix":1},"s":{"a":0,"k":[100,100],"ix":3},"r":{"a":0,"k":0,"ix":6},"o":{"a":0,"k":100,"ix":7},"sk":{"a":0,"k":0,"ix":4},"sa":{"a":0,"k":0,"ix":5},"nm":"Transform"}],"nm":"Group 1","np":2,"cix":2,"bm":0,"ix":1,"mn":"ADBE Vector Group","hd":false}],"ip":-21,"op":27,"st":-21,"bm":0},{"ddd":0,"ind":12,"ty":4,"nm":"popcorn 30","parent":1,"sr":1,"ks":{"o":{"a":0,"k":100,"ix":11},"r":{"a":0,"k":0,"ix":10},"p":{"a":1,"k":[{"i":{"x":0.833,"y":0.833},"o":{"x":0.167,"y":0.167},"t":6,"s":[249.585,-247.404,0],"to":[7.785,-3.935,0],"ti":[-7.785,3.935,0]},{"t":15,"s":[296.296,-271.011,0]}],"ix":2},"a":{"a":0,"k":[711.841,378.649,0],"ix":1},"s":{"a":0,"k":[8.333,8.333,100],"ix":6}},"ao":0,"shapes":[{"ty":"gr","it":[{"ind":0,"ty":"sh","ix":1,"ks":{"a":0,"k":{"i":[[-18.157,3.752],[-3.258,4.762],[32.875,13.56],[3.5,-14.766]],"o":[[-1.305,7.537],[0.208,30.676],[7.822,-14.987],[-15.502,-1.393]],"v":[[-8.099,0.608],[0.458,6.555],[10.321,-3.801],[-12.071,-12.963]],"c":true},"ix":2},"nm":"Path 1","mn":"ADBE Vector Shape - Group","hd":false},{"ty":"fl","c":{"a":0,"k":[0.878431379795,0.509803950787,0,1],"ix":4},"o":{"a":0,"k":100,"ix":5},"r":1,"bm":0,"nm":"Fill 1","mn":"ADBE Vector Graphic - Fill","hd":false},{"ty":"tr","p":{"a":0,"k":[713.611,385.135],"ix":2},"a":{"a":0,"k":[0,0],"ix":1},"s":{"a":0,"k":[100,100],"ix":3},"r":{"a":0,"k":0,"ix":6},"o":{"a":0,"k":100,"ix":7},"sk":{"a":0,"k":0,"ix":4},"sa":{"a":0,"k":0,"ix":5},"nm":"Transform"}],"nm":"Group 1","np":2,"cix":2,"bm":0,"ix":1,"mn":"ADBE Vector Group","hd":false},{"ty":"gr","it":[{"ind":0,"ty":"sh","ix":1,"ks":{"a":0,"k":{"i":[[14.268,9.577],[27.055,-18.783],[0.411,-7.362],[7.082,-4.915],[-29.277,18.541],[-17.723,12.31]],"o":[[17.795,-22.052],[-8.019,5.573],[-6.363,-1.327],[-29.243,20.329],[5.364,15.272],[18.931,-13.154]],"v":[[34.236,-3.415],[-2.753,-42.275],[-14.678,-22.011],[-35.238,-17.304],[-5.802,28.247],[35.251,42.28]],"c":true},"ix":2},"nm":"Path 1","mn":"ADBE Vector Shape - Group","hd":false},{"ty":"gf","o":{"a":0,"k":100,"ix":10},"r":1,"bm":0,"g":{"p":3,"k":{"a":0,"k":[0.206,1,0.922,0.831,0.736,1,0.861,0.7,1,1,0.8,0.569],"ix":9}},"s":{"a":0,"k":[-27.841,-29.649],"ix":5},"e":{"a":0,"k":[59.906,-29.649],"ix":6},"t":2,"h":{"a":0,"k":0,"ix":7},"a":{"a":0,"k":0,"ix":8},"nm":"popc11Gradient Fill 1","mn":"ADBE Vector Graphic - G-Fill","hd":false},{"ty":"tr","p":{"a":0,"k":[711.841,378.649],"ix":2},"a":{"a":0,"k":[0,0],"ix":1},"s":{"a":0,"k":[100,100],"ix":3},"r":{"a":0,"k":0,"ix":6},"o":{"a":0,"k":100,"ix":7},"sk":{"a":0,"k":0,"ix":4},"sa":{"a":0,"k":0,"ix":5},"nm":"Transform"}],"nm":"Group 2","np":2,"cix":2,"bm":0,"ix":2,"mn":"ADBE Vector Group","hd":false}],"ip":-20,"op":28,"st":-20,"bm":0},{"ddd":0,"ind":13,"ty":4,"nm":"popcorn 29","parent":1,"sr":1,"ks":{"o":{"a":0,"k":100,"ix":11},"r":{"a":0,"k":0,"ix":10},"p":{"a":1,"k":[{"i":{"x":0.833,"y":0.833},"o":{"x":0.167,"y":0.167},"t":6,"s":[231.086,-250.189,0],"to":[-8.092,-5.173,0],"ti":[8.092,5.173,0]},{"t":15,"s":[182.533,-281.225,0]}],"ix":2},"a":{"a":0,"k":[489.841,345.227,0],"ix":1},"s":{"a":0,"k":[8.333,8.333,100],"ix":6}},"ao":0,"shapes":[{"ty":"gr","it":[{"ind":0,"ty":"sh","ix":1,"ks":{"a":0,"k":{"i":[[3.193,16.928],[26.078,-12.331],[4.849,-3.95],[-34.153,-34.888]],"o":[[17.268,10.357],[5.737,-6.626],[24.071,-44.981],[-12.409,13.955]],"v":[[5.557,20.724],[3.791,12.792],[-2.715,2.896],[-11.02,3.072]],"c":true},"ix":2},"nm":"Path 1","mn":"ADBE Vector Shape - Group","hd":false},{"ty":"fl","c":{"a":0,"k":[0.749019622803,0.435294121504,0,1],"ix":4},"o":{"a":0,"k":100,"ix":5},"r":1,"bm":0,"nm":"Fill 1","mn":"ADBE Vector Graphic - Fill","hd":false},{"ty":"tr","p":{"a":0,"k":[495.514,342.803],"ix":2},"a":{"a":0,"k":[0,0],"ix":1},"s":{"a":0,"k":[100,100],"ix":3},"r":{"a":0,"k":0,"ix":6},"o":{"a":0,"k":100,"ix":7},"sk":{"a":0,"k":0,"ix":4},"sa":{"a":0,"k":0,"ix":5},"nm":"Transform"}],"nm":"Group 1","np":2,"cix":2,"bm":0,"ix":1,"mn":"ADBE Vector Group","hd":false},{"ty":"gr","it":[{"ind":0,"ty":"sh","ix":1,"ks":{"a":0,"k":{"i":[[12.184,4.86],[-1.53,4.915],[12.924,0.021],[10.258,-32.902],[-3.669,-5.945],[3.516,-11.278],[-20.96,12.639],[-9.798,31.432]],"o":[[3.132,-2.458],[5.195,-16.631],[4.289,-30.993],[-2.765,8.888],[-8.376,2.612],[-9.605,30.807],[2.057,27.186],[5.239,-16.797]],"v":[[33.764,7.637],[41.016,-3.302],[20.177,-31.168],[-32.633,-42.249],[-30.384,-19.78],[-49.649,0.494],[-4.448,36.545],[49.815,41.801]],"c":true},"ix":2},"nm":"Path 1","mn":"ADBE Vector Shape - Group","hd":false},{"ty":"gf","o":{"a":0,"k":100,"ix":10},"r":1,"bm":0,"g":{"p":3,"k":{"a":0,"k":[0.206,1,0.922,0.831,0.736,1,0.861,0.7,1,1,0.8,0.569],"ix":9}},"s":{"a":0,"k":[-36.841,-27.227],"ix":5},"e":{"a":0,"k":[56.789,-27.227],"ix":6},"t":2,"h":{"a":0,"k":0,"ix":7},"a":{"a":0,"k":0,"ix":8},"nm":"popc12Gradient Fill 1","mn":"ADBE Vector Graphic - G-Fill","hd":false},{"ty":"tr","p":{"a":0,"k":[489.841,345.227],"ix":2},"a":{"a":0,"k":[0,0],"ix":1},"s":{"a":0,"k":[100,100],"ix":3},"r":{"a":0,"k":0,"ix":6},"o":{"a":0,"k":100,"ix":7},"sk":{"a":0,"k":0,"ix":4},"sa":{"a":0,"k":0,"ix":5},"nm":"Transform"}],"nm":"Group 2","np":2,"cix":2,"bm":0,"ix":2,"mn":"ADBE Vector Group","hd":false}],"ip":-19,"op":29,"st":-19,"bm":0},{"ddd":0,"ind":14,"ty":4,"nm":"popcorn 28","parent":1,"sr":1,"ks":{"o":{"a":0,"k":100,"ix":11},"r":{"a":0,"k":0,"ix":10},"p":{"a":1,"k":[{"i":{"x":0.833,"y":0.833},"o":{"x":0.167,"y":0.167},"t":6,"s":[247.045,-254.16,0],"to":[3.125,-5.063,0],"ti":[-3.125,5.063,0]},{"t":15,"s":[265.796,-284.536,0]}],"ix":2},"a":{"a":0,"k":[681.351,297.579,0],"ix":1},"s":{"a":0,"k":[8.333,8.333,100],"ix":6}},"ao":0,"shapes":[{"ty":"gr","it":[{"ind":0,"ty":"sh","ix":1,"ks":{"a":0,"k":{"i":[[5.65,-18.486],[5.178,-2.906],[10.576,35.503],[-15.436,2.161]],"o":[[7.844,-0.581],[31.344,3.248],[-16.128,6.627],[0.121,-16.248]],"v":[[1.855,-8.527],[7.088,0.974],[-4.464,10.201],[-11.64,-13.979]],"c":true},"ix":2},"nm":"Path 1","mn":"ADBE Vector Shape - Group","hd":false},{"ty":"fl","c":{"a":0,"k":[0.878431379795,0.509803950787,0,1],"ix":4},"o":{"a":0,"k":100,"ix":5},"r":1,"bm":0,"nm":"Fill 1","mn":"ADBE Vector Graphic - Fill","hd":false},{"ty":"tr","p":{"a":0,"k":[688.999,298.965],"ix":2},"a":{"a":0,"k":[0,0],"ix":1},"s":{"a":0,"k":[100,100],"ix":3},"r":{"a":0,"k":0,"ix":6},"o":{"a":0,"k":100,"ix":7},"sk":{"a":0,"k":0,"ix":4},"sa":{"a":0,"k":0,"ix":5},"nm":"Transform"}],"nm":"Group 1","np":2,"cix":2,"bm":0,"ix":1,"mn":"ADBE Vector Group","hd":false},{"ty":"gr","it":[{"ind":0,"ty":"sh","ix":1,"ks":{"a":0,"k":{"i":[[15.084,7.11],[23.681,-28.371],[-0.714,-6.736],[6.5,-7.789],[-24.322,16.325],[-15.327,18.366]],"o":[[21.871,-28.568],[-5.732,6.868],[-7.56,-0.318],[-21.915,26.254],[8.393,15.776],[14.329,-17.181]],"v":[[31.089,-4.476],[-12.56,-39.572],[-19.421,-18.683],[-41.348,-8.304],[-5.258,33.99],[41.374,39.585]],"c":true},"ix":2},"nm":"Path 1","mn":"ADBE Vector Shape - Group","hd":false},{"ty":"gf","o":{"a":0,"k":100,"ix":10},"r":1,"bm":0,"g":{"p":3,"k":{"a":0,"k":[0.206,1,0.922,0.831,0.736,1,0.861,0.7,1,1,0.8,0.569],"ix":9}},"s":{"a":0,"k":[-28.351,-31.579],"ix":5},"e":{"a":0,"k":[62.812,-31.579],"ix":6},"t":2,"h":{"a":0,"k":0,"ix":7},"a":{"a":0,"k":0,"ix":8},"nm":"popc13Gradient Fill 1","mn":"ADBE Vector Graphic - G-Fill","hd":false},{"ty":"tr","p":{"a":0,"k":[681.351,297.579],"ix":2},"a":{"a":0,"k":[0,0],"ix":1},"s":{"a":0,"k":[100,100],"ix":3},"r":{"a":0,"k":0,"ix":6},"o":{"a":0,"k":100,"ix":7},"sk":{"a":0,"k":0,"ix":4},"sa":{"a":0,"k":0,"ix":5},"nm":"Transform"}],"nm":"Group 2","np":2,"cix":2,"bm":0,"ix":2,"mn":"ADBE Vector Group","hd":false}],"ip":-18,"op":30,"st":-18,"bm":0},{"ddd":0,"ind":15,"ty":4,"nm":"popcorn 27","parent":1,"sr":1,"ks":{"o":{"a":0,"k":100,"ix":11},"r":{"a":0,"k":0,"ix":10},"p":{"a":1,"k":[{"i":{"x":0.833,"y":0.833},"o":{"x":0.167,"y":0.167},"t":6,"s":[217.89,-254.57,0],"to":[-5.637,-1.458,0],"ti":[5.637,1.458,0]},{"t":15,"s":[184.07,-263.32,0]}],"ix":2},"a":{"a":0,"k":[331.491,292.654,0],"ix":1},"s":{"a":0,"k":[8.333,8.333,100],"ix":6}},"ao":0,"shapes":[{"ty":"gr","it":[{"ind":0,"ty":"sh","ix":1,"ks":{"a":0,"k":{"i":[[16.402,5.255],[2.546,4.729],[-31.652,9.292],[-1.821,-13.977]],"o":[[0.472,7.099],[-3.149,28.328],[-5.781,-14.614],[14.448,0.23]],"v":[[7.563,1.762],[-0.906,6.415],[-9.014,-4.095],[12.545,-10.361]],"c":true},"ix":2},"nm":"Path 1","mn":"ADBE Vector Shape - Group","hd":false},{"ty":"fl","c":{"a":0,"k":[0.878431379795,0.509803950787,0,1],"ix":4},"o":{"a":0,"k":100,"ix":5},"r":1,"bm":0,"nm":"Fill 1","mn":"ADBE Vector Graphic - Fill","hd":false},{"ty":"tr","p":{"a":0,"k":[334.597,292],"ix":2},"a":{"a":0,"k":[0,0],"ix":1},"s":{"a":0,"k":[100,100],"ix":3},"r":{"a":0,"k":0,"ix":6},"o":{"a":0,"k":100,"ix":7},"sk":{"a":0,"k":0,"ix":4},"sa":{"a":0,"k":0,"ix":5},"nm":"Transform"}],"nm":"Group 1","np":2,"cix":2,"bm":0,"ix":1,"mn":"ADBE Vector Group","hd":false},{"ty":"gr","it":[{"ind":0,"ty":"sh","ix":1,"ks":{"a":0,"k":{"i":[[0.027,0.055],[-0.011,0],[-0.011,-0.055]],"o":[[0.01,0],[0.017,0.055],[-0.028,-0.055]],"v":[[-1.437,6.605],[-1.405,6.605],[-1.35,6.759]],"c":true},"ix":2},"nm":"Path 1","mn":"ADBE Vector Shape - Group","hd":false},{"ind":1,"ty":"sh","ix":2,"ks":{"a":0,"k":{"i":[[25.399,21.943],[5.036,0.242],[4.647,4.015],[-13.368,-22.042],[-20.445,-17.641],[5.343,20.812],[-2.502,-2.173]],"o":[[-4.975,-4.289],[-1.163,-4.641],[-22.956,-19.803],[-20.719,-1.065],[20.812,17.971],[1.438,2.424],[25.42,21.921]],"v":[[39.72,-18.596],[24.465,-25.047],[15.99,-38.266],[-22.288,-6.626],[-39.721,38.257],[1.343,12.924],[7.071,19.847]],"c":true},"ix":2},"nm":"Path 2","mn":"ADBE Vector Shape - Group","hd":false},{"ty":"gf","o":{"a":0,"k":100,"ix":10},"r":1,"bm":0,"g":{"p":3,"k":{"a":0,"k":[0.206,1,0.922,0.831,0.736,1,0.861,0.7,1,1,0.8,0.569],"ix":9}},"s":{"a":0,"k":[-28.491,-27.654],"ix":5},"e":{"a":0,"k":[58.179,-27.654],"ix":6},"t":2,"h":{"a":0,"k":0,"ix":7},"a":{"a":0,"k":0,"ix":8},"nm":"popc14Gradient Fill 1","mn":"ADBE Vector Graphic - G-Fill","hd":false},{"ty":"tr","p":{"a":0,"k":[331.491,292.654],"ix":2},"a":{"a":0,"k":[0,0],"ix":1},"s":{"a":0,"k":[100,100],"ix":3},"r":{"a":0,"k":0,"ix":6},"o":{"a":0,"k":100,"ix":7},"sk":{"a":0,"k":0,"ix":4},"sa":{"a":0,"k":0,"ix":5},"nm":"Transform"}],"nm":"Group 2","np":3,"cix":2,"bm":0,"ix":2,"mn":"ADBE Vector Group","hd":false}],"ip":-17,"op":31,"st":-17,"bm":0},{"ddd":0,"ind":16,"ty":4,"nm":"popcorn 26","parent":1,"sr":1,"ks":{"o":{"a":0,"k":100,"ix":11},"r":{"a":0,"k":0,"ix":10},"p":{"a":1,"k":[{"i":{"x":0.833,"y":0.833},"o":{"x":0.167,"y":0.167},"t":6,"s":[223.865,-256.629,0],"to":[-4.604,-4.76,0],"ti":[4.604,4.76,0]},{"t":15,"s":[196.24,-285.189,0]}],"ix":2},"a":{"a":0,"k":[0,0,0],"ix":1},"s":{"a":0,"k":[8.333,8.333,100],"ix":6}},"ao":0,"shapes":[{"ty":"gr","it":[{"ind":0,"ty":"sh","ix":1,"ks":{"a":0,"k":{"i":[[8.745,4.85],[0.301,8.656],[11.569,-19.057],[-1.113,-32.584],[-9.341,-4.663],[-0.202,-5.935],[-10.571,13.845],[1.235,35.886]],"o":[[4.679,-4.498],[-0.976,-28.535],[-18.881,-15.459],[0.489,14.098],[-2.792,3.576],[0.78,22.787],[16.363,22.623],[-0.461,-13.484]],"v":[[39.175,-8.25],[46.548,-27.998],[-1.221,-41.153],[-54.919,-14.537],[-37.952,13.451],[-42.28,27.669],[-3.875,40.253],[54.919,19.156]],"c":true},"ix":2},"nm":"Path 1","mn":"ADBE Vector Shape - Group","hd":false},{"ty":"gf","o":{"a":0,"k":100,"ix":10},"r":1,"bm":0,"g":{"p":3,"k":{"a":0,"k":[0.206,1,0.922,0.831,0.736,1,0.861,0.7,1,1,0.8,0.569],"ix":9}},"s":{"a":0,"k":[-21.189,-19.948],"ix":5},"e":{"a":0,"k":[55.653,-19.948],"ix":6},"t":2,"h":{"a":0,"k":0,"ix":7},"a":{"a":0,"k":0,"ix":8},"nm":"popc15Gradient Fill 1","mn":"ADBE Vector Graphic - G-Fill","hd":false},{"ty":"tr","p":{"a":0,"k":[0,0],"ix":2},"a":{"a":0,"k":[0,0],"ix":1},"s":{"a":0,"k":[100,100],"ix":3},"r":{"a":0,"k":0,"ix":6},"o":{"a":0,"k":100,"ix":7},"sk":{"a":0,"k":0,"ix":4},"sa":{"a":0,"k":0,"ix":5},"nm":"Transform"}],"nm":"Group 1","np":2,"cix":2,"bm":0,"ix":1,"mn":"ADBE Vector Group","hd":false}],"ip":-16,"op":32,"st":-16,"bm":0},{"ddd":0,"ind":17,"ty":4,"nm":"popcorn 25","parent":1,"sr":1,"ks":{"o":{"a":0,"k":100,"ix":11},"r":{"a":0,"k":0,"ix":10},"p":{"a":1,"k":[{"i":{"x":0.833,"y":0.833},"o":{"x":0.167,"y":0.167},"t":6,"s":[230.395,-255.868,0],"to":[-4.744,-5.64,0],"ti":[4.744,5.64,0]},{"t":15,"s":[201.933,-289.71,0]}],"ix":2},"a":{"a":0,"k":[481.554,277.082,0],"ix":1},"s":{"a":0,"k":[8.333,8.333,100],"ix":6}},"ao":0,"shapes":[{"ty":"gr","it":[{"ind":0,"ty":"sh","ix":1,"ks":{"a":0,"k":{"i":[[13.857,3.62],[3.676,-5.935],[27.296,-6.165],[12.199,-6.155]],"o":[[15.502,-20.351],[19.177,-14.021],[5.99,-13.537],[5.682,-10.203]],"v":[[-24.287,-14.353],[3.338,-7.08],[8.944,22.882],[-11.253,6.064]],"c":true},"ix":2},"nm":"Path 1","mn":"ADBE Vector Shape - Group","hd":false},{"ty":"fl","c":{"a":0,"k":[0.878431379795,0.509803950787,0,1],"ix":4},"o":{"a":0,"k":100,"ix":5},"r":1,"bm":0,"nm":"Fill 1","mn":"ADBE Vector Graphic - Fill","hd":false},{"ty":"tr","p":{"a":0,"k":[480.047,270.134],"ix":2},"a":{"a":0,"k":[0,0],"ix":1},"s":{"a":0,"k":[100,100],"ix":3},"r":{"a":0,"k":0,"ix":6},"o":{"a":0,"k":100,"ix":7},"sk":{"a":0,"k":0,"ix":4},"sa":{"a":0,"k":0,"ix":5},"nm":"Transform"}],"nm":"Group 1","np":2,"cix":2,"bm":0,"ix":1,"mn":"ADBE Vector Group","hd":false},{"ty":"gr","it":[{"ind":0,"ty":"sh","ix":1,"ks":{"a":0,"k":{"i":[[0.746,12.057],[10.834,-16.237],[-2.068,-33.517],[-11.109,-2.184],[-0.5,-8.009],[2.985,48.119],[3.758,5.178]],"o":[[-1.586,-25.519],[-11.168,-25.738],[0.943,15.228],[-2.978,5.551],[2.984,48.119],[-0.504,-8.163],[8.135,-3.423]],"v":[[48.009,-26.721],[5.292,-39.085],[-47.999,-25.01],[-26.167,0.751],[-30.358,21.003],[41.228,16.505],[34.371,-3.363]],"c":true},"ix":2},"nm":"Path 1","mn":"ADBE Vector Shape - Group","hd":false},{"ty":"gf","o":{"a":0,"k":100,"ix":10},"r":1,"bm":0,"g":{"p":3,"k":{"a":0,"k":[0.206,1,0.922,0.831,0.736,1,0.861,0.7,1,1,0.8,0.569],"ix":9}},"s":{"a":0,"k":[-1.554,-27.082],"ix":5},"e":{"a":0,"k":[69.442,-27.082],"ix":6},"t":2,"h":{"a":0,"k":0,"ix":7},"a":{"a":0,"k":0,"ix":8},"nm":"popc16Gradient Fill 1","mn":"ADBE Vector Graphic - G-Fill","hd":false},{"ty":"tr","p":{"a":0,"k":[481.554,277.082],"ix":2},"a":{"a":0,"k":[0,0],"ix":1},"s":{"a":0,"k":[100,100],"ix":3},"r":{"a":0,"k":0,"ix":6},"o":{"a":0,"k":100,"ix":7},"sk":{"a":0,"k":0,"ix":4},"sa":{"a":0,"k":0,"ix":5},"nm":"Transform"}],"nm":"Group 2","np":2,"cix":2,"bm":0,"ix":2,"mn":"ADBE Vector Group","hd":false}],"ip":-15,"op":33,"st":-15,"bm":0},{"ddd":0,"ind":18,"ty":4,"nm":"popcorn 24","parent":1,"sr":1,"ks":{"o":{"a":0,"k":100,"ix":11},"r":{"a":0,"k":0,"ix":10},"p":{"a":1,"k":[{"i":{"x":0.833,"y":0.833},"o":{"x":0.167,"y":0.167},"t":6,"s":[241.724,-256.326,0],"to":[6.39,-3.824,0],"ti":[-6.39,3.824,0]},{"t":15,"s":[280.064,-279.273,0]}],"ix":2},"a":{"a":0,"k":[617.506,271.58,0],"ix":1},"s":{"a":0,"k":[8.333,8.333,100],"ix":6}},"ao":0,"shapes":[{"ty":"gr","it":[{"ind":0,"ty":"sh","ix":1,"ks":{"a":0,"k":{"i":[[19.628,-20.648],[15.699,0.91],[17.729,-2.677],[8.317,-1.612]],"o":[[8.272,9.918],[9.259,-17.434],[6.813,-7.46],[14.57,-35.469]],"v":[[16.9,-0.826],[2.748,30.497],[-13.983,2.377],[-21.872,-13.399]],"c":true},"ix":2},"nm":"Path 1","mn":"ADBE Vector Shape - Group","hd":false},{"ty":"fl","c":{"a":0,"k":[0.878431379795,0.509803950787,0,1],"ix":4},"o":{"a":0,"k":100,"ix":5},"r":1,"bm":0,"nm":"Fill 1","mn":"ADBE Vector Graphic - Fill","hd":false},{"ty":"tr","p":{"a":0,"k":[619.592,274.775],"ix":2},"a":{"a":0,"k":[0,0],"ix":1},"s":{"a":0,"k":[100,100],"ix":3},"r":{"a":0,"k":0,"ix":6},"o":{"a":0,"k":100,"ix":7},"sk":{"a":0,"k":0,"ix":4},"sa":{"a":0,"k":0,"ix":5},"nm":"Transform"}],"nm":"Group 1","np":2,"cix":2,"bm":0,"ix":1,"mn":"ADBE Vector Group","hd":false},{"ty":"gr","it":[{"ind":0,"ty":"sh","ix":1,"ks":{"a":0,"k":{"i":[[16.385,-5.695],[18.579,-30.632],[-4.652,-8.909],[4.476,-7.383],[-20.083,9.501],[-16.868,27.822],[5.24,9.083],[-3.077,5.069]],"o":[[-1.305,-27.966],[-6.978,11.509],[-6.363,1.14],[-14.806,24.389],[7.318,23.39],[7.301,-12.024],[4.285,-1.438],[11.794,-19.43]],"v":[[27.455,-29.513],[-33.132,-44.554],[-34.97,-12.935],[-51.914,-0.572],[-19.242,36.95],[40.105,44.542],[41.257,11.783],[52.645,2.314]],"c":true},"ix":2},"nm":"Path 1","mn":"ADBE Vector Shape - Group","hd":false},{"ty":"gf","o":{"a":0,"k":100,"ix":10},"r":1,"bm":0,"g":{"p":3,"k":{"a":0,"k":[0.206,1,0.922,0.831,0.736,1,0.861,0.7,1,1,0.8,0.569],"ix":9}},"s":{"a":0,"k":[-21.506,-22.58],"ix":5},"e":{"a":0,"k":[61.615,-22.58],"ix":6},"t":2,"h":{"a":0,"k":0,"ix":7},"a":{"a":0,"k":0,"ix":8},"nm":"popc17","mn":"ADBE Vector Graphic - G-Fill","hd":false},{"ty":"tr","p":{"a":0,"k":[617.506,271.58],"ix":2},"a":{"a":0,"k":[0,0],"ix":1},"s":{"a":0,"k":[100,100],"ix":3},"r":{"a":0,"k":0,"ix":6},"o":{"a":0,"k":100,"ix":7},"sk":{"a":0,"k":0,"ix":4},"sa":{"a":0,"k":0,"ix":5},"nm":"Transform"}],"nm":"Group 2","np":2,"cix":2,"bm":0,"ix":2,"mn":"ADBE Vector Group","hd":false}],"ip":-14,"op":34,"st":-14,"bm":0},{"ddd":0,"ind":19,"ty":4,"nm":"popcorn 23","parent":1,"sr":1,"ks":{"o":{"a":0,"k":100,"ix":11},"r":{"a":0,"k":0,"ix":10},"p":{"a":1,"k":[{"i":{"x":0.833,"y":0.833},"o":{"x":0.167,"y":0.167},"t":6,"s":[236.028,-256.984,0],"to":[0.53,-5.393,0],"ti":[-0.53,5.393,0]},{"t":15,"s":[239.209,-289.341,0]}],"ix":2},"a":{"a":0,"k":[0,0,0],"ix":1},"s":{"a":0,"k":[8.333,8.333,100],"ix":6}},"ao":0,"shapes":[{"ty":"gr","it":[{"ind":0,"ty":"sh","ix":1,"ks":{"a":0,"k":{"i":[[5.404,26.846],[5.705,3.686],[1.52,7.547],[2.331,-26.287],[-3.446,-17.137],[-2.945,-2.611],[-2.666,-13.276],[-8.376,20.625]],"o":[[-1.782,-8.865],[3.132,-4.915],[-6.056,-30.171],[-12.545,-3.138],[1.003,5.024],[-8.837,4.795],[5.623,27.987],[18.551,8.338]],"v":[[44.69,5.116],[32.671,-13.492],[35.765,-32.241],[-13.928,-30.42],[-38.651,-7.249],[-32.431,4.106],[-44.763,31.754],[4.471,36.943]],"c":true},"ix":2},"nm":"Path 1","mn":"ADBE Vector Shape - Group","hd":false},{"ty":"gf","o":{"a":0,"k":100,"ix":10},"r":1,"bm":0,"g":{"p":3,"k":{"a":0,"k":[0.206,1,0.922,0.831,0.736,1,0.861,0.7,1,1,0.8,0.569],"ix":9}},"s":{"a":0,"k":[-32.147,-23.688],"ix":5},"e":{"a":0,"k":[49.284,-23.688],"ix":6},"t":2,"h":{"a":0,"k":0,"ix":7},"a":{"a":0,"k":0,"ix":8},"nm":"popc18","mn":"ADBE Vector Graphic - G-Fill","hd":false},{"ty":"tr","p":{"a":0,"k":[0,0],"ix":2},"a":{"a":0,"k":[0,0],"ix":1},"s":{"a":0,"k":[100,100],"ix":3},"r":{"a":0,"k":0,"ix":6},"o":{"a":0,"k":100,"ix":7},"sk":{"a":0,"k":0,"ix":4},"sa":{"a":0,"k":0,"ix":5},"nm":"Transform"}],"nm":"Group 1","np":2,"cix":2,"bm":0,"ix":1,"mn":"ADBE Vector Group","hd":false}],"ip":-13,"op":35,"st":-13,"bm":0},{"ddd":0,"ind":20,"ty":4,"nm":"popcorn 22","parent":1,"sr":1,"ks":{"o":{"a":0,"k":100,"ix":11},"r":{"a":0,"k":0,"ix":10},"p":{"a":1,"k":[{"i":{"x":0.833,"y":0.833},"o":{"x":0.167,"y":0.167},"t":6,"s":[244.128,-260.315,0],"to":[2.818,-5.475,0],"ti":[-2.818,5.475,0]},{"t":15,"s":[261.038,-293.167,0]}],"ix":2},"a":{"a":0,"k":[646.35,223.717,0],"ix":1},"s":{"a":0,"k":[8.333,8.333,100],"ix":6}},"ao":0,"shapes":[{"ty":"gr","it":[{"ind":0,"ty":"sh","ix":1,"ks":{"a":0,"k":{"i":[[22.446,-6.374],[5.431,-11.849],[8.787,-11.915],[4.378,-5.441]],"o":[[-3.927,-9.896],[16.105,-0.033],[8.009,-2.096],[31.147,3.084]],"v":[[5.428,-12.077],[-22.559,-13.854],[-8.824,9.241],[-0.541,21.088]],"c":true},"ix":2},"nm":"Path 1","mn":"ADBE Vector Shape - Group","hd":false},{"ty":"fl","c":{"a":0,"k":[0.749019622803,0.435294121504,0,1],"ix":4},"o":{"a":0,"k":100,"ix":5},"r":1,"bm":0,"nm":"Fill 1","mn":"ADBE Vector Graphic - Fill","hd":false},{"ty":"tr","p":{"a":0,"k":[645.229,223.567],"ix":2},"a":{"a":0,"k":[0,0],"ix":1},"s":{"a":0,"k":[100,100],"ix":3},"r":{"a":0,"k":0,"ix":6},"o":{"a":0,"k":100,"ix":7},"sk":{"a":0,"k":0,"ix":4},"sa":{"a":0,"k":0,"ix":5},"nm":"Transform"}],"nm":"Group 1","np":2,"cix":2,"bm":0,"ix":1,"mn":"ADBE Vector Group","hd":false},{"ty":"gr","it":[{"ty":"gr","it":[{"ind":0,"ty":"sh","ix":1,"ks":{"a":0,"k":{"i":[[19.588,11.771],[18.537,-1.098],[2.694,-2.578],[11.465,-0.68],[-35.502,2.085],[-1.728,0.417],[-22.14,1.307]],"o":[[10.422,-9.775],[-4.843,0.285],[-4.498,-7.339],[-35.503,2.084],[1.964,-0.12],[-4.57,16.039],[29.205,-1.722]],"v":[[30.511,-6.094],[17.372,-36.802],[6.149,-32.14],[-17.844,-43.966],[-14.729,9.704],[-9.232,8.838],[17.878,43.967]],"c":true},"ix":2},"nm":"Path 1","mn":"ADBE Vector Shape - Group","hd":false},{"ty":"gf","o":{"a":0,"k":100,"ix":10},"r":1,"bm":0,"g":{"p":3,"k":{"a":0,"k":[0.206,1,0.922,0.831,0.736,1,0.861,0.7,1,1,0.8,0.569],"ix":9}},"s":{"a":0,"k":[-21.35,24.283],"ix":5},"e":{"a":0,"k":[51.232,24.283],"ix":6},"t":2,"h":{"a":0,"k":0,"ix":7},"a":{"a":0,"k":0,"ix":8},"nm":"popc19Gradient Fill 1","mn":"ADBE Vector Graphic - G-Fill","hd":false},{"ty":"tr","p":{"a":0,"k":[0,0],"ix":2},"a":{"a":0,"k":[0,0],"ix":1},"s":{"a":0,"k":[100,100],"ix":3},"r":{"a":0,"k":0,"ix":6},"o":{"a":0,"k":100,"ix":7},"sk":{"a":0,"k":0,"ix":4},"sa":{"a":0,"k":0,"ix":5},"nm":"Transform"}],"nm":"Group 1","np":2,"cix":2,"bm":0,"ix":1,"mn":"ADBE Vector Group","hd":false},{"ty":"tr","p":{"a":0,"k":[646.35,223.717],"ix":2},"a":{"a":0,"k":[0,0],"ix":1},"s":{"a":0,"k":[100,100],"ix":3},"r":{"a":0,"k":0,"ix":6},"o":{"a":0,"k":100,"ix":7},"sk":{"a":0,"k":0,"ix":4},"sa":{"a":0,"k":0,"ix":5},"nm":"Transform"}],"nm":"Group 2","np":1,"cix":2,"bm":0,"ix":2,"mn":"ADBE Vector Group","hd":false}],"ip":-12,"op":36,"st":-12,"bm":0},{"ddd":0,"ind":21,"ty":4,"nm":"popcorn 21","parent":1,"sr":1,"ks":{"o":{"a":0,"k":100,"ix":11},"r":{"a":0,"k":0,"ix":10},"p":{"a":1,"k":[{"i":{"x":0.833,"y":0.833},"o":{"x":0.167,"y":0.167},"t":6,"s":[222.431,-261.568,0],"to":[-2.093,-5.063,0],"ti":[2.093,5.063,0]},{"t":15,"s":[209.874,-291.944,0]}],"ix":2},"a":{"a":0,"k":[385.984,208.677,0],"ix":1},"s":{"a":0,"k":[8.333,8.333,100],"ix":6}},"ao":0,"shapes":[{"ty":"gr","it":[{"ind":0,"ty":"sh","ix":1,"ks":{"a":0,"k":{"i":[[7.153,-16.973],[-2.019,-5.332],[-29.336,19.331],[9.961,11.147]],"o":[[-5.353,-5.278],[-24.861,-17.017],[7.724,14.789],[9.83,-11.904]],"v":[[6.113,-7.068],[-3.475,-3.382],[-0.667,10.507],[19.268,-2.724]],"c":true},"ix":2},"nm":"Path 1","mn":"ADBE Vector Shape - Group","hd":false},{"ty":"fl","c":{"a":0,"k":[0.749019622803,0.435294121504,0,1],"ix":4},"o":{"a":0,"k":100,"ix":5},"r":1,"bm":0,"nm":"Fill 1","mn":"ADBE Vector Graphic - Fill","hd":false},{"ty":"tr","p":{"a":0,"k":[387.764,213.567],"ix":2},"a":{"a":0,"k":[0,0],"ix":1},"s":{"a":0,"k":[100,100],"ix":3},"r":{"a":0,"k":0,"ix":6},"o":{"a":0,"k":100,"ix":7},"sk":{"a":0,"k":0,"ix":4},"sa":{"a":0,"k":0,"ix":5},"nm":"Transform"}],"nm":"Group 1","np":2,"cix":2,"bm":0,"ix":1,"mn":"ADBE Vector Group","hd":false},{"ty":"gr","it":[{"ind":0,"ty":"sh","ix":1,"ks":{"a":0,"k":{"i":[[1.454,-34.362],[0,-21.405],[-1.442,34.372],[0,21.394]],"o":[[-15.321,-4.148],[0,35.359],[15.326,4.147],[0,-35.349]],"v":[[-9.463,-13.599],[-43.758,12.182],[9.451,13.587],[43.758,-12.185]],"c":true},"ix":2},"nm":"Path 1","mn":"ADBE Vector Shape - Group","hd":false},{"ty":"gf","o":{"a":0,"k":100,"ix":10},"r":1,"bm":0,"g":{"p":3,"k":{"a":0,"k":[0.206,1,0.922,0.831,0.736,1,0.861,0.7,1,1,0.8,0.569],"ix":9}},"s":{"a":0,"k":[-12.984,14.323],"ix":5},"e":{"a":0,"k":[43.887,14.323],"ix":6},"t":2,"h":{"a":0,"k":0,"ix":7},"a":{"a":0,"k":0,"ix":8},"nm":"popc20Gradient Fill 1","mn":"ADBE Vector Graphic - G-Fill","hd":false},{"ty":"tr","p":{"a":0,"k":[385.984,208.677],"ix":2},"a":{"a":0,"k":[0,0],"ix":1},"s":{"a":0,"k":[100,100],"ix":3},"r":{"a":0,"k":0,"ix":6},"o":{"a":0,"k":100,"ix":7},"sk":{"a":0,"k":0,"ix":4},"sa":{"a":0,"k":0,"ix":5},"nm":"Transform"}],"nm":"Group 2","np":2,"cix":2,"bm":0,"ix":2,"mn":"ADBE Vector Group","hd":false}],"ip":-11,"op":37,"st":-11,"bm":0},{"ddd":0,"ind":22,"ty":4,"nm":"popcorn 20","parent":1,"sr":1,"ks":{"o":{"a":0,"k":100,"ix":11},"r":{"a":0,"k":0,"ix":10},"p":{"a":1,"k":[{"i":{"x":0.833,"y":0.833},"o":{"x":0.167,"y":0.167},"t":6,"s":[228.454,-261.743,0],"to":[-0.195,-7.346,0],"ti":[0.195,7.346,0]},{"t":15,"s":[227.282,-305.821,0]}],"ix":2},"a":{"a":0,"k":[0,0,0],"ix":1},"s":{"a":0,"k":[8.333,8.333,100],"ix":6}},"ao":0,"shapes":[{"ty":"gr","it":[{"ind":0,"ty":"sh","ix":1,"ks":{"a":0,"k":{"i":[[3.977,3.555],[0,11.08],[12.803,-19.023],[0,-18.705],[-2.397,-2.864],[0,-11.575],[-15.063,13.221],[0,23.479]],"o":[[7.043,-4.224],[0,-29.49],[-9.068,-11.048],[0,4.893],[-7.532,4.103],[0,26.769],[10.038,15.316],[0,-7.109]],"v":[[32.445,6.256],[44.595,-16.684],[-4.259,-32.318],[-35.433,-20.886],[-31.473,-9.322],[-44.595,14.134],[0.222,34.441],[39.077,22.252]],"c":true},"ix":2},"nm":"Path 1","mn":"ADBE Vector Shape - Group","hd":false},{"ty":"gf","o":{"a":0,"k":100,"ix":10},"r":1,"bm":0,"g":{"p":3,"k":{"a":0,"k":[0.206,1,0.922,0.831,0.736,1,0.861,0.7,1,1,0.8,0.569],"ix":9}},"s":{"a":0,"k":[-17.264,-16.583],"ix":5},"e":{"a":0,"k":[45.469,-16.583],"ix":6},"t":2,"h":{"a":0,"k":0,"ix":7},"a":{"a":0,"k":0,"ix":8},"nm":"popc21Gradient Fill 1","mn":"ADBE Vector Graphic - G-Fill","hd":false},{"ty":"tr","p":{"a":0,"k":[0,0],"ix":2},"a":{"a":0,"k":[0,0],"ix":1},"s":{"a":0,"k":[100,100],"ix":3},"r":{"a":0,"k":0,"ix":6},"o":{"a":0,"k":100,"ix":7},"sk":{"a":0,"k":0,"ix":4},"sa":{"a":0,"k":0,"ix":5},"nm":"Transform"}],"nm":"Group 1","np":2,"cix":2,"bm":0,"ix":1,"mn":"ADBE Vector Group","hd":false}],"ip":-10,"op":38,"st":-10,"bm":0},{"ddd":0,"ind":23,"ty":4,"nm":"popcorn 19","parent":1,"sr":1,"ks":{"o":{"a":0,"k":100,"ix":11},"r":{"a":0,"k":0,"ix":10},"p":{"a":1,"k":[{"i":{"x":0.833,"y":0.833},"o":{"x":0.167,"y":0.167},"t":6,"s":[234.445,-262.281,0],"to":[2.149,-6.548,0],"ti":[-2.149,6.548,0]},{"t":15,"s":[247.337,-301.572,0]}],"ix":2},"a":{"a":0,"k":[530.155,200.121,0],"ix":1},"s":{"a":0,"k":[8.333,8.333,100],"ix":6}},"ao":0,"shapes":[{"ty":"gr","it":[{"ind":0,"ty":"sh","ix":1,"ks":{"a":0,"k":{"i":[[6.956,13.088],[18.322,-16.928],[2.963,-4.52],[-37.039,-19.803]],"o":[[16.852,4.004],[3.039,-6.923],[8.262,-43.259],[-6.616,14.711]],"v":[[10.056,14.824],[6.545,8.745],[-1.321,2.305],[-8.123,4.621]],"c":true},"ix":2},"nm":"Path 1","mn":"ADBE Vector Shape - Group","hd":false},{"ty":"fl","c":{"a":0,"k":[0.878431379795,0.509803950787,0,1],"ix":4},"o":{"a":0,"k":100,"ix":5},"r":1,"bm":0,"nm":"Fill 1","mn":"ADBE Vector Graphic - Fill","hd":false},{"ty":"tr","p":{"a":0,"k":[528.547,199.585],"ix":2},"a":{"a":0,"k":[0,0],"ix":1},"s":{"a":0,"k":[100,100],"ix":3},"r":{"a":0,"k":0,"ix":6},"o":{"a":0,"k":100,"ix":7},"sk":{"a":0,"k":0,"ix":4},"sa":{"a":0,"k":0,"ix":5},"nm":"Transform"}],"nm":"Group 1","np":2,"cix":2,"bm":0,"ix":1,"mn":"ADBE Vector Group","hd":false},{"ty":"gr","it":[{"ind":0,"ty":"sh","ix":1,"ks":{"a":0,"k":{"i":[[11.267,0.823],[0,4.432],[10.637,-3.347],[0,-29.753],[-4.536,-3.916],[0,-10.203],[-14.005,15.864],[0,28.404]],"o":[[1.947,-2.841],[0,-15.042],[-4.421,-26.627],[0,8.02],[-6.22,4.345],[0,27.844],[8.662,21.822],[0,-15.184]],"v":[[24.24,-0.359],[27.405,-11.242],[3.121,-28.741],[-43.16,-24.09],[-35.558,-6.207],[-46.21,15.506],[0.231,33.378],[46.21,23.559]],"c":true},"ix":2},"nm":"Path 1","mn":"ADBE Vector Shape - Group","hd":false},{"ty":"gf","o":{"a":0,"k":100,"ix":10},"r":1,"bm":0,"g":{"p":3,"k":{"a":0,"k":[0.206,1,0.922,0.831,0.736,1,0.861,0.7,1,1,0.8,0.569],"ix":9}},"s":{"a":0,"k":[-33.155,-21.121],"ix":5},"e":{"a":0,"k":[45.384,-21.121],"ix":6},"t":2,"h":{"a":0,"k":0,"ix":7},"a":{"a":0,"k":0,"ix":8},"nm":"popc22Gradient Fill 1","mn":"ADBE Vector Graphic - G-Fill","hd":false},{"ty":"tr","p":{"a":0,"k":[530.155,200.121],"ix":2},"a":{"a":0,"k":[0,0],"ix":1},"s":{"a":0,"k":[100,100],"ix":3},"r":{"a":0,"k":0,"ix":6},"o":{"a":0,"k":100,"ix":7},"sk":{"a":0,"k":0,"ix":4},"sa":{"a":0,"k":0,"ix":5},"nm":"Transform"}],"nm":"Group 2","np":2,"cix":2,"bm":0,"ix":2,"mn":"ADBE Vector Group","hd":false}],"ip":-9,"op":39,"st":-9,"bm":0},{"ddd":0,"ind":24,"ty":4,"nm":"popcorn 18","parent":1,"sr":1,"ks":{"o":{"a":0,"k":100,"ix":11},"r":{"a":0,"k":0,"ix":10},"p":{"a":1,"k":[{"i":{"x":0.833,"y":0.833},"o":{"x":0.167,"y":0.167},"t":6,"s":[238.774,-261.741,0],"to":[2.232,-4.705,0],"ti":[-2.232,4.705,0]},{"t":15,"s":[252.168,-289.971,0]}],"ix":2},"a":{"a":0,"k":[582.1,206.602,0],"ix":1},"s":{"a":0,"k":[8.333,8.333,100],"ix":6}},"ao":0,"shapes":[{"ty":"gr","it":[{"ind":0,"ty":"sh","ix":1,"ks":{"a":0,"k":{"i":[[-10.142,3.335],[-3.028,-4.235],[-20.538,-3.292],[-9.347,-4.004]],"o":[[-12.435,-14.372],[-14.899,-9.512],[-5.069,-9.754],[-4.685,-7.306]],"v":[[17.585,-11.741],[-2.574,-5.059],[-5.371,17.443],[8.847,4.024]],"c":true},"ix":2},"nm":"Path 1","mn":"ADBE Vector Shape - Group","hd":false},{"ty":"fl","c":{"a":0,"k":[0.749019622803,0.435294121504,0,1],"ix":4},"o":{"a":0,"k":100,"ix":5},"r":1,"bm":0,"nm":"Fill 1","mn":"ADBE Vector Graphic - Fill","hd":false},{"ty":"tr","p":{"a":0,"k":[583.888,203.461],"ix":2},"a":{"a":0,"k":[0,0],"ix":1},"s":{"a":0,"k":[100,100],"ix":3},"r":{"a":0,"k":0,"ix":6},"o":{"a":0,"k":100,"ix":7},"sk":{"a":0,"k":0,"ix":4},"sa":{"a":0,"k":0,"ix":5},"nm":"Transform"}],"nm":"Group 1","np":2,"cix":2,"bm":0,"ix":1,"mn":"ADBE Vector Group","hd":false},{"ty":"gr","it":[{"ind":0,"ty":"sh","ix":1,"ks":{"a":0,"k":{"i":[[0,9.545],[7.115,-19.595],[0,-19.012],[-6.424,-2.04],[0,-4.323],[0,35.821],[1.728,3.566]],"o":[[0,-24.948],[-8.804,-11.52],[0,9.217],[-1.36,3.269],[0,35.821],[0,-4.915],[6.386,-3.028]],"v":[[35.664,-18.688],[-4.522,-26.653],[-35.664,-15.452],[-23.964,1.378],[-26.131,12.744],[27.195,12.744],[24.397,0.094]],"c":true},"ix":2},"nm":"Path 1","mn":"ADBE Vector Shape - Group","hd":false},{"ty":"gf","o":{"a":0,"k":100,"ix":10},"r":1,"bm":0,"g":{"p":3,"k":{"a":0,"k":[0.206,1,0.922,0.831,0.736,1,0.861,0.7,1,1,0.8,0.569],"ix":9}},"s":{"a":0,"k":[-1.1,-19.602],"ix":5},"e":{"a":0,"k":[50.505,-19.602],"ix":6},"t":2,"h":{"a":0,"k":0,"ix":7},"a":{"a":0,"k":0,"ix":8},"nm":"popc23Gradient Fill 1","mn":"ADBE Vector Graphic - G-Fill","hd":false},{"ty":"tr","p":{"a":0,"k":[582.1,206.602],"ix":2},"a":{"a":0,"k":[0,0],"ix":1},"s":{"a":0,"k":[100,100],"ix":3},"r":{"a":0,"k":0,"ix":6},"o":{"a":0,"k":100,"ix":7},"sk":{"a":0,"k":0,"ix":4},"sa":{"a":0,"k":0,"ix":5},"nm":"Transform"}],"nm":"Group 2","np":2,"cix":2,"bm":0,"ix":2,"mn":"ADBE Vector Group","hd":false}],"ip":-8,"op":40,"st":-8,"bm":0},{"ddd":0,"ind":25,"ty":4,"nm":"popcorn 11","parent":1,"sr":1,"ks":{"o":{"a":0,"k":100,"ix":11},"r":{"a":0,"k":0,"ix":10},"p":{"a":1,"k":[{"i":{"x":0.833,"y":0.833},"o":{"x":1,"y":0},"t":30,"s":[247.045,-290.826,0],"to":[0,6.111,0],"ti":[0,-6.111,0]},{"t":37,"s":[247.045,-254.16,0]}],"ix":2},"a":{"a":0,"k":[681.351,297.579,0],"ix":1},"s":{"a":0,"k":[8.333,8.333,100],"ix":6}},"ao":0,"shapes":[{"ty":"gr","it":[{"ind":0,"ty":"sh","ix":1,"ks":{"a":0,"k":{"i":[[5.65,-18.486],[5.178,-2.906],[10.576,35.503],[-15.436,2.161]],"o":[[7.844,-0.581],[31.344,3.248],[-16.128,6.627],[0.121,-16.248]],"v":[[1.855,-8.527],[7.088,0.974],[-4.464,10.201],[-11.64,-13.979]],"c":true},"ix":2},"nm":"Path 1","mn":"ADBE Vector Shape - Group","hd":false},{"ty":"fl","c":{"a":0,"k":[0.878431379795,0.509803950787,0,1],"ix":4},"o":{"a":0,"k":100,"ix":5},"r":1,"bm":0,"nm":"Fill 1","mn":"ADBE Vector Graphic - Fill","hd":false},{"ty":"tr","p":{"a":0,"k":[688.999,298.965],"ix":2},"a":{"a":0,"k":[0,0],"ix":1},"s":{"a":0,"k":[100,100],"ix":3},"r":{"a":0,"k":0,"ix":6},"o":{"a":0,"k":100,"ix":7},"sk":{"a":0,"k":0,"ix":4},"sa":{"a":0,"k":0,"ix":5},"nm":"Transform"}],"nm":"Group 1","np":2,"cix":2,"bm":0,"ix":1,"mn":"ADBE Vector Group","hd":false},{"ty":"gr","it":[{"ind":0,"ty":"sh","ix":1,"ks":{"a":0,"k":{"i":[[15.084,7.11],[23.681,-28.371],[-0.714,-6.736],[6.5,-7.789],[-24.322,16.325],[-15.327,18.366]],"o":[[21.871,-28.568],[-5.732,6.868],[-7.56,-0.318],[-21.915,26.254],[8.393,15.776],[14.329,-17.181]],"v":[[31.089,-4.476],[-12.56,-39.572],[-19.421,-18.683],[-41.348,-8.304],[-5.258,33.99],[41.374,39.585]],"c":true},"ix":2},"nm":"Path 1","mn":"ADBE Vector Shape - Group","hd":false},{"ty":"gf","o":{"a":0,"k":100,"ix":10},"r":1,"bm":0,"g":{"p":3,"k":{"a":0,"k":[0.206,1,0.922,0.831,0.736,1,0.861,0.7,1,1,0.8,0.569],"ix":9}},"s":{"a":0,"k":[-28.351,-31.579],"ix":5},"e":{"a":0,"k":[62.812,-31.579],"ix":6},"t":2,"h":{"a":0,"k":0,"ix":7},"a":{"a":0,"k":0,"ix":8},"nm":"popc24Gradient Fill 1","mn":"ADBE Vector Graphic - G-Fill","hd":false},{"ty":"tr","p":{"a":0,"k":[681.351,297.579],"ix":2},"a":{"a":0,"k":[0,0],"ix":1},"s":{"a":0,"k":[100,100],"ix":3},"r":{"a":0,"k":0,"ix":6},"o":{"a":0,"k":100,"ix":7},"sk":{"a":0,"k":0,"ix":4},"sa":{"a":0,"k":0,"ix":5},"nm":"Transform"}],"nm":"Group 2","np":2,"cix":2,"bm":0,"ix":2,"mn":"ADBE Vector Group","hd":false}],"ip":30,"op":78,"st":30,"bm":0},{"ddd":0,"ind":26,"ty":4,"nm":"popcorn 10","parent":1,"sr":1,"ks":{"o":{"a":0,"k":100,"ix":11},"r":{"a":0,"k":0,"ix":10},"p":{"a":1,"k":[{"i":{"x":0.833,"y":0.833},"o":{"x":1,"y":0},"t":31,"s":[217.89,-291.237,0],"to":[0,6.111,0],"ti":[0,-6.111,0]},{"t":38,"s":[217.89,-254.57,0]}],"ix":2},"a":{"a":0,"k":[331.491,292.654,0],"ix":1},"s":{"a":0,"k":[8.333,8.333,100],"ix":6}},"ao":0,"shapes":[{"ty":"gr","it":[{"ind":0,"ty":"sh","ix":1,"ks":{"a":0,"k":{"i":[[16.402,5.255],[2.546,4.729],[-31.652,9.292],[-1.821,-13.977]],"o":[[0.472,7.099],[-3.149,28.328],[-5.781,-14.614],[14.448,0.23]],"v":[[7.563,1.762],[-0.906,6.415],[-9.014,-4.095],[12.545,-10.361]],"c":true},"ix":2},"nm":"Path 1","mn":"ADBE Vector Shape - Group","hd":false},{"ty":"fl","c":{"a":0,"k":[0.878431379795,0.509803950787,0,1],"ix":4},"o":{"a":0,"k":100,"ix":5},"r":1,"bm":0,"nm":"Fill 1","mn":"ADBE Vector Graphic - Fill","hd":false},{"ty":"tr","p":{"a":0,"k":[334.597,292],"ix":2},"a":{"a":0,"k":[0,0],"ix":1},"s":{"a":0,"k":[100,100],"ix":3},"r":{"a":0,"k":0,"ix":6},"o":{"a":0,"k":100,"ix":7},"sk":{"a":0,"k":0,"ix":4},"sa":{"a":0,"k":0,"ix":5},"nm":"Transform"}],"nm":"Group 1","np":2,"cix":2,"bm":0,"ix":1,"mn":"ADBE Vector Group","hd":false},{"ty":"gr","it":[{"ind":0,"ty":"sh","ix":1,"ks":{"a":0,"k":{"i":[[0.027,0.055],[-0.011,0],[-0.011,-0.055]],"o":[[0.01,0],[0.017,0.055],[-0.028,-0.055]],"v":[[-1.437,6.605],[-1.405,6.605],[-1.35,6.759]],"c":true},"ix":2},"nm":"Path 1","mn":"ADBE Vector Shape - Group","hd":false},{"ind":1,"ty":"sh","ix":2,"ks":{"a":0,"k":{"i":[[25.399,21.943],[5.036,0.242],[4.647,4.015],[-13.368,-22.042],[-20.445,-17.641],[5.343,20.812],[-2.502,-2.173]],"o":[[-4.975,-4.289],[-1.163,-4.641],[-22.956,-19.803],[-20.719,-1.065],[20.812,17.971],[1.438,2.424],[25.42,21.921]],"v":[[39.72,-18.596],[24.465,-25.047],[15.99,-38.266],[-22.288,-6.626],[-39.721,38.257],[1.343,12.924],[7.071,19.847]],"c":true},"ix":2},"nm":"Path 2","mn":"ADBE Vector Shape - Group","hd":false},{"ty":"gf","o":{"a":0,"k":100,"ix":10},"r":1,"bm":0,"g":{"p":3,"k":{"a":0,"k":[0.206,1,0.922,0.831,0.736,1,0.861,0.7,1,1,0.8,0.569],"ix":9}},"s":{"a":0,"k":[-28.491,-27.654],"ix":5},"e":{"a":0,"k":[58.179,-27.654],"ix":6},"t":2,"h":{"a":0,"k":0,"ix":7},"a":{"a":0,"k":0,"ix":8},"nm":"popc25Gradient Fill 1","mn":"ADBE Vector Graphic - G-Fill","hd":false},{"ty":"tr","p":{"a":0,"k":[331.491,292.654],"ix":2},"a":{"a":0,"k":[0,0],"ix":1},"s":{"a":0,"k":[100,100],"ix":3},"r":{"a":0,"k":0,"ix":6},"o":{"a":0,"k":100,"ix":7},"sk":{"a":0,"k":0,"ix":4},"sa":{"a":0,"k":0,"ix":5},"nm":"Transform"}],"nm":"Group 2","np":3,"cix":2,"bm":0,"ix":2,"mn":"ADBE Vector Group","hd":false}],"ip":31,"op":79,"st":31,"bm":0},{"ddd":0,"ind":27,"ty":4,"nm":"popcorn 9","parent":1,"sr":1,"ks":{"o":{"a":0,"k":100,"ix":11},"r":{"a":0,"k":0,"ix":10},"p":{"a":1,"k":[{"i":{"x":0.833,"y":0.833},"o":{"x":1,"y":0},"t":32,"s":[223.865,-293.296,0],"to":[0,6.111,0],"ti":[0,-6.111,0]},{"t":39,"s":[223.865,-256.629,0]}],"ix":2},"a":{"a":0,"k":[0,0,0],"ix":1},"s":{"a":0,"k":[8.333,8.333,100],"ix":6}},"ao":0,"shapes":[{"ty":"gr","it":[{"ind":0,"ty":"sh","ix":1,"ks":{"a":0,"k":{"i":[[8.745,4.85],[0.301,8.656],[11.569,-19.057],[-1.113,-32.584],[-9.341,-4.663],[-0.202,-5.935],[-10.571,13.845],[1.235,35.886]],"o":[[4.679,-4.498],[-0.976,-28.535],[-18.881,-15.459],[0.489,14.098],[-2.792,3.576],[0.78,22.787],[16.363,22.623],[-0.461,-13.484]],"v":[[39.175,-8.25],[46.548,-27.998],[-1.221,-41.153],[-54.919,-14.537],[-37.952,13.451],[-42.28,27.669],[-3.875,40.253],[54.919,19.156]],"c":true},"ix":2},"nm":"Path 1","mn":"ADBE Vector Shape - Group","hd":false},{"ty":"gf","o":{"a":0,"k":100,"ix":10},"r":1,"bm":0,"g":{"p":3,"k":{"a":0,"k":[0.206,1,0.922,0.831,0.736,1,0.861,0.7,1,1,0.8,0.569],"ix":9}},"s":{"a":0,"k":[-21.189,-19.948],"ix":5},"e":{"a":0,"k":[55.653,-19.948],"ix":6},"t":2,"h":{"a":0,"k":0,"ix":7},"a":{"a":0,"k":0,"ix":8},"nm":"popc26Gradient Fill 1","mn":"ADBE Vector Graphic - G-Fill","hd":false},{"ty":"tr","p":{"a":0,"k":[0,0],"ix":2},"a":{"a":0,"k":[0,0],"ix":1},"s":{"a":0,"k":[100,100],"ix":3},"r":{"a":0,"k":0,"ix":6},"o":{"a":0,"k":100,"ix":7},"sk":{"a":0,"k":0,"ix":4},"sa":{"a":0,"k":0,"ix":5},"nm":"Transform"}],"nm":"Group 1","np":2,"cix":2,"bm":0,"ix":1,"mn":"ADBE Vector Group","hd":false}],"ip":32,"op":80,"st":32,"bm":0},{"ddd":0,"ind":28,"ty":4,"nm":"popcorn 8","parent":1,"sr":1,"ks":{"o":{"a":0,"k":100,"ix":11},"r":{"a":0,"k":0,"ix":10},"p":{"a":1,"k":[{"i":{"x":0.833,"y":0.833},"o":{"x":1,"y":0},"t":33,"s":[230.395,-292.535,0],"to":[0,6.111,0],"ti":[0,-6.111,0]},{"t":40,"s":[230.395,-255.868,0]}],"ix":2},"a":{"a":0,"k":[481.554,277.082,0],"ix":1},"s":{"a":0,"k":[8.333,8.333,100],"ix":6}},"ao":0,"shapes":[{"ty":"gr","it":[{"ind":0,"ty":"sh","ix":1,"ks":{"a":0,"k":{"i":[[13.857,3.62],[3.676,-5.935],[27.296,-6.165],[12.199,-6.155]],"o":[[15.502,-20.351],[19.177,-14.021],[5.99,-13.537],[5.682,-10.203]],"v":[[-24.287,-14.353],[3.338,-7.08],[8.944,22.882],[-11.253,6.064]],"c":true},"ix":2},"nm":"Path 1","mn":"ADBE Vector Shape - Group","hd":false},{"ty":"fl","c":{"a":0,"k":[0.878431379795,0.509803950787,0,1],"ix":4},"o":{"a":0,"k":100,"ix":5},"r":1,"bm":0,"nm":"Fill 1","mn":"ADBE Vector Graphic - Fill","hd":false},{"ty":"tr","p":{"a":0,"k":[480.047,270.134],"ix":2},"a":{"a":0,"k":[0,0],"ix":1},"s":{"a":0,"k":[100,100],"ix":3},"r":{"a":0,"k":0,"ix":6},"o":{"a":0,"k":100,"ix":7},"sk":{"a":0,"k":0,"ix":4},"sa":{"a":0,"k":0,"ix":5},"nm":"Transform"}],"nm":"Group 1","np":2,"cix":2,"bm":0,"ix":1,"mn":"ADBE Vector Group","hd":false},{"ty":"gr","it":[{"ind":0,"ty":"sh","ix":1,"ks":{"a":0,"k":{"i":[[0.746,12.057],[10.834,-16.237],[-2.068,-33.517],[-11.109,-2.184],[-0.5,-8.009],[2.985,48.119],[3.758,5.178]],"o":[[-1.586,-25.519],[-11.168,-25.738],[0.943,15.228],[-2.978,5.551],[2.984,48.119],[-0.504,-8.163],[8.135,-3.423]],"v":[[48.009,-26.721],[5.292,-39.085],[-47.999,-25.01],[-26.167,0.751],[-30.358,21.003],[41.228,16.505],[34.371,-3.363]],"c":true},"ix":2},"nm":"Path 1","mn":"ADBE Vector Shape - Group","hd":false},{"ty":"gf","o":{"a":0,"k":100,"ix":10},"r":1,"bm":0,"g":{"p":3,"k":{"a":0,"k":[0.206,1,0.922,0.831,0.736,1,0.861,0.7,1,1,0.8,0.569],"ix":9}},"s":{"a":0,"k":[-1.554,-27.082],"ix":5},"e":{"a":0,"k":[69.442,-27.082],"ix":6},"t":2,"h":{"a":0,"k":0,"ix":7},"a":{"a":0,"k":0,"ix":8},"nm":"popc27Gradient Fill 1","mn":"ADBE Vector Graphic - G-Fill","hd":false},{"ty":"tr","p":{"a":0,"k":[481.554,277.082],"ix":2},"a":{"a":0,"k":[0,0],"ix":1},"s":{"a":0,"k":[100,100],"ix":3},"r":{"a":0,"k":0,"ix":6},"o":{"a":0,"k":100,"ix":7},"sk":{"a":0,"k":0,"ix":4},"sa":{"a":0,"k":0,"ix":5},"nm":"Transform"}],"nm":"Group 2","np":2,"cix":2,"bm":0,"ix":2,"mn":"ADBE Vector Group","hd":false}],"ip":33,"op":81,"st":33,"bm":0},{"ddd":0,"ind":29,"ty":4,"nm":"popcorn 7","parent":1,"sr":1,"ks":{"o":{"a":0,"k":100,"ix":11},"r":{"a":0,"k":0,"ix":10},"p":{"a":1,"k":[{"i":{"x":0.833,"y":0.833},"o":{"x":1,"y":0},"t":34,"s":[241.724,-292.993,0],"to":[0,6.111,0],"ti":[0,-6.111,0]},{"t":41,"s":[241.724,-256.326,0]}],"ix":2},"a":{"a":0,"k":[617.506,271.58,0],"ix":1},"s":{"a":0,"k":[8.333,8.333,100],"ix":6}},"ao":0,"shapes":[{"ty":"gr","it":[{"ind":0,"ty":"sh","ix":1,"ks":{"a":0,"k":{"i":[[19.628,-20.648],[15.699,0.91],[17.729,-2.677],[8.317,-1.612]],"o":[[8.272,9.918],[9.259,-17.434],[6.813,-7.46],[14.57,-35.469]],"v":[[16.9,-0.826],[2.748,30.497],[-13.983,2.377],[-21.872,-13.399]],"c":true},"ix":2},"nm":"Path 1","mn":"ADBE Vector Shape - Group","hd":false},{"ty":"fl","c":{"a":0,"k":[0.878431379795,0.509803950787,0,1],"ix":4},"o":{"a":0,"k":100,"ix":5},"r":1,"bm":0,"nm":"Fill 1","mn":"ADBE Vector Graphic - Fill","hd":false},{"ty":"tr","p":{"a":0,"k":[619.592,274.775],"ix":2},"a":{"a":0,"k":[0,0],"ix":1},"s":{"a":0,"k":[100,100],"ix":3},"r":{"a":0,"k":0,"ix":6},"o":{"a":0,"k":100,"ix":7},"sk":{"a":0,"k":0,"ix":4},"sa":{"a":0,"k":0,"ix":5},"nm":"Transform"}],"nm":"Group 1","np":2,"cix":2,"bm":0,"ix":1,"mn":"ADBE Vector Group","hd":false},{"ty":"gr","it":[{"ind":0,"ty":"sh","ix":1,"ks":{"a":0,"k":{"i":[[16.385,-5.695],[18.579,-30.632],[-4.652,-8.909],[4.476,-7.383],[-20.083,9.501],[-16.868,27.822],[5.24,9.083],[-3.077,5.069]],"o":[[-1.305,-27.966],[-6.978,11.509],[-6.363,1.14],[-14.806,24.389],[7.318,23.39],[7.301,-12.024],[4.285,-1.438],[11.794,-19.43]],"v":[[27.455,-29.513],[-33.132,-44.554],[-34.97,-12.935],[-51.914,-0.572],[-19.242,36.95],[40.105,44.542],[41.257,11.783],[52.645,2.314]],"c":true},"ix":2},"nm":"Path 1","mn":"ADBE Vector Shape - Group","hd":false},{"ty":"gf","o":{"a":0,"k":100,"ix":10},"r":1,"bm":0,"g":{"p":3,"k":{"a":0,"k":[0.206,1,0.922,0.831,0.736,1,0.861,0.7,1,1,0.8,0.569],"ix":9}},"s":{"a":0,"k":[-21.506,-22.58],"ix":5},"e":{"a":0,"k":[61.615,-22.58],"ix":6},"t":2,"h":{"a":0,"k":0,"ix":7},"a":{"a":0,"k":0,"ix":8},"nm":"popc28Gradient Fill 1","mn":"ADBE Vector Graphic - G-Fill","hd":false},{"ty":"tr","p":{"a":0,"k":[617.506,271.58],"ix":2},"a":{"a":0,"k":[0,0],"ix":1},"s":{"a":0,"k":[100,100],"ix":3},"r":{"a":0,"k":0,"ix":6},"o":{"a":0,"k":100,"ix":7},"sk":{"a":0,"k":0,"ix":4},"sa":{"a":0,"k":0,"ix":5},"nm":"Transform"}],"nm":"Group 2","np":2,"cix":2,"bm":0,"ix":2,"mn":"ADBE Vector Group","hd":false}],"ip":34,"op":82,"st":34,"bm":0},{"ddd":0,"ind":30,"ty":4,"nm":"popcorn 6","parent":1,"sr":1,"ks":{"o":{"a":0,"k":100,"ix":11},"r":{"a":0,"k":0,"ix":10},"p":{"a":1,"k":[{"i":{"x":0.833,"y":0.833},"o":{"x":1,"y":0},"t":35,"s":[236.028,-293.651,0],"to":[0,6.111,0],"ti":[0,-6.111,0]},{"t":42,"s":[236.028,-256.984,0]}],"ix":2},"a":{"a":0,"k":[0,0,0],"ix":1},"s":{"a":0,"k":[8.333,8.333,100],"ix":6}},"ao":0,"shapes":[{"ty":"gr","it":[{"ind":0,"ty":"sh","ix":1,"ks":{"a":0,"k":{"i":[[5.404,26.846],[5.705,3.686],[1.52,7.547],[2.331,-26.287],[-3.446,-17.137],[-2.945,-2.611],[-2.666,-13.276],[-8.376,20.625]],"o":[[-1.782,-8.865],[3.132,-4.915],[-6.056,-30.171],[-12.545,-3.138],[1.003,5.024],[-8.837,4.795],[5.623,27.987],[18.551,8.338]],"v":[[44.69,5.116],[32.671,-13.492],[35.765,-32.241],[-13.928,-30.42],[-38.651,-7.249],[-32.431,4.106],[-44.763,31.754],[4.471,36.943]],"c":true},"ix":2},"nm":"Path 1","mn":"ADBE Vector Shape - Group","hd":false},{"ty":"gf","o":{"a":0,"k":100,"ix":10},"r":1,"bm":0,"g":{"p":3,"k":{"a":0,"k":[0.206,1,0.922,0.831,0.736,1,0.861,0.7,1,1,0.8,0.569],"ix":9}},"s":{"a":0,"k":[-32.147,-23.688],"ix":5},"e":{"a":0,"k":[49.284,-23.688],"ix":6},"t":2,"h":{"a":0,"k":0,"ix":7},"a":{"a":0,"k":0,"ix":8},"nm":"popc29Gradient Fill 1","mn":"ADBE Vector Graphic - G-Fill","hd":false},{"ty":"tr","p":{"a":0,"k":[0,0],"ix":2},"a":{"a":0,"k":[0,0],"ix":1},"s":{"a":0,"k":[100,100],"ix":3},"r":{"a":0,"k":0,"ix":6},"o":{"a":0,"k":100,"ix":7},"sk":{"a":0,"k":0,"ix":4},"sa":{"a":0,"k":0,"ix":5},"nm":"Transform"}],"nm":"Group 1","np":2,"cix":2,"bm":0,"ix":1,"mn":"ADBE Vector Group","hd":false}],"ip":35,"op":83,"st":35,"bm":0},{"ddd":0,"ind":31,"ty":4,"nm":"popcorn 5","parent":1,"sr":1,"ks":{"o":{"a":0,"k":100,"ix":11},"r":{"a":0,"k":0,"ix":10},"p":{"a":1,"k":[{"i":{"x":0.833,"y":0.833},"o":{"x":1,"y":0},"t":36,"s":[244.128,-296.982,0],"to":[0,6.111,0],"ti":[0,-6.111,0]},{"t":43,"s":[244.128,-260.315,0]}],"ix":2},"a":{"a":0,"k":[646.35,223.717,0],"ix":1},"s":{"a":0,"k":[8.333,8.333,100],"ix":6}},"ao":0,"shapes":[{"ty":"gr","it":[{"ind":0,"ty":"sh","ix":1,"ks":{"a":0,"k":{"i":[[22.446,-6.374],[5.431,-11.849],[8.787,-11.915],[4.378,-5.441]],"o":[[-3.927,-9.896],[16.105,-0.033],[8.009,-2.096],[31.147,3.084]],"v":[[5.428,-12.077],[-22.559,-13.854],[-8.824,9.241],[-0.541,21.088]],"c":true},"ix":2},"nm":"Path 1","mn":"ADBE Vector Shape - Group","hd":false},{"ty":"fl","c":{"a":0,"k":[0.749019622803,0.435294121504,0,1],"ix":4},"o":{"a":0,"k":100,"ix":5},"r":1,"bm":0,"nm":"Fill 1","mn":"ADBE Vector Graphic - Fill","hd":false},{"ty":"tr","p":{"a":0,"k":[645.229,223.567],"ix":2},"a":{"a":0,"k":[0,0],"ix":1},"s":{"a":0,"k":[100,100],"ix":3},"r":{"a":0,"k":0,"ix":6},"o":{"a":0,"k":100,"ix":7},"sk":{"a":0,"k":0,"ix":4},"sa":{"a":0,"k":0,"ix":5},"nm":"Transform"}],"nm":"Group 1","np":2,"cix":2,"bm":0,"ix":1,"mn":"ADBE Vector Group","hd":false},{"ty":"gr","it":[{"ty":"gr","it":[{"ind":0,"ty":"sh","ix":1,"ks":{"a":0,"k":{"i":[[19.588,11.771],[18.537,-1.098],[2.694,-2.578],[11.465,-0.68],[-35.502,2.085],[-1.728,0.417],[-22.14,1.307]],"o":[[10.422,-9.775],[-4.843,0.285],[-4.498,-7.339],[-35.503,2.084],[1.964,-0.12],[-4.57,16.039],[29.205,-1.722]],"v":[[30.511,-6.094],[17.372,-36.802],[6.149,-32.14],[-17.844,-43.966],[-14.729,9.704],[-9.232,8.838],[17.878,43.967]],"c":true},"ix":2},"nm":"Path 1","mn":"ADBE Vector Shape - Group","hd":false},{"ty":"gf","o":{"a":0,"k":100,"ix":10},"r":1,"bm":0,"g":{"p":3,"k":{"a":0,"k":[0.206,1,0.922,0.831,0.736,1,0.861,0.7,1,1,0.8,0.569],"ix":9}},"s":{"a":0,"k":[-21.35,24.283],"ix":5},"e":{"a":0,"k":[51.232,24.283],"ix":6},"t":2,"h":{"a":0,"k":0,"ix":7},"a":{"a":0,"k":0,"ix":8},"nm":"popc30Gradient Fill 1","mn":"ADBE Vector Graphic - G-Fill","hd":false},{"ty":"tr","p":{"a":0,"k":[0,0],"ix":2},"a":{"a":0,"k":[0,0],"ix":1},"s":{"a":0,"k":[100,100],"ix":3},"r":{"a":0,"k":0,"ix":6},"o":{"a":0,"k":100,"ix":7},"sk":{"a":0,"k":0,"ix":4},"sa":{"a":0,"k":0,"ix":5},"nm":"Transform"}],"nm":"Group 1","np":2,"cix":2,"bm":0,"ix":1,"mn":"ADBE Vector Group","hd":false},{"ty":"tr","p":{"a":0,"k":[646.35,223.717],"ix":2},"a":{"a":0,"k":[0,0],"ix":1},"s":{"a":0,"k":[100,100],"ix":3},"r":{"a":0,"k":0,"ix":6},"o":{"a":0,"k":100,"ix":7},"sk":{"a":0,"k":0,"ix":4},"sa":{"a":0,"k":0,"ix":5},"nm":"Transform"}],"nm":"Group 2","np":1,"cix":2,"bm":0,"ix":2,"mn":"ADBE Vector Group","hd":false}],"ip":36,"op":84,"st":36,"bm":0},{"ddd":0,"ind":32,"ty":4,"nm":"popcorn 4","parent":1,"sr":1,"ks":{"o":{"a":0,"k":100,"ix":11},"r":{"a":0,"k":0,"ix":10},"p":{"a":1,"k":[{"i":{"x":0.833,"y":0.833},"o":{"x":1,"y":0},"t":37,"s":[222.431,-298.235,0],"to":[0,6.111,0],"ti":[0,-6.111,0]},{"t":44,"s":[222.431,-261.568,0]}],"ix":2},"a":{"a":0,"k":[385.984,208.677,0],"ix":1},"s":{"a":0,"k":[8.333,8.333,100],"ix":6}},"ao":0,"shapes":[{"ty":"gr","it":[{"ind":0,"ty":"sh","ix":1,"ks":{"a":0,"k":{"i":[[7.153,-16.973],[-2.019,-5.332],[-29.336,19.331],[9.961,11.147]],"o":[[-5.353,-5.278],[-24.861,-17.017],[7.724,14.789],[9.83,-11.904]],"v":[[6.113,-7.068],[-3.475,-3.382],[-0.667,10.507],[19.268,-2.724]],"c":true},"ix":2},"nm":"Path 1","mn":"ADBE Vector Shape - Group","hd":false},{"ty":"fl","c":{"a":0,"k":[0.749019622803,0.435294121504,0,1],"ix":4},"o":{"a":0,"k":100,"ix":5},"r":1,"bm":0,"nm":"Fill 1","mn":"ADBE Vector Graphic - Fill","hd":false},{"ty":"tr","p":{"a":0,"k":[387.764,213.567],"ix":2},"a":{"a":0,"k":[0,0],"ix":1},"s":{"a":0,"k":[100,100],"ix":3},"r":{"a":0,"k":0,"ix":6},"o":{"a":0,"k":100,"ix":7},"sk":{"a":0,"k":0,"ix":4},"sa":{"a":0,"k":0,"ix":5},"nm":"Transform"}],"nm":"Group 1","np":2,"cix":2,"bm":0,"ix":1,"mn":"ADBE Vector Group","hd":false},{"ty":"gr","it":[{"ind":0,"ty":"sh","ix":1,"ks":{"a":0,"k":{"i":[[1.454,-34.362],[0,-21.405],[-1.442,34.372],[0,21.394]],"o":[[-15.321,-4.148],[0,35.359],[15.326,4.147],[0,-35.349]],"v":[[-9.463,-13.599],[-43.758,12.182],[9.451,13.587],[43.758,-12.185]],"c":true},"ix":2},"nm":"Path 1","mn":"ADBE Vector Shape - Group","hd":false},{"ty":"gf","o":{"a":0,"k":100,"ix":10},"r":1,"bm":0,"g":{"p":3,"k":{"a":0,"k":[0.206,1,0.922,0.831,0.736,1,0.861,0.7,1,1,0.8,0.569],"ix":9}},"s":{"a":0,"k":[-12.984,14.323],"ix":5},"e":{"a":0,"k":[43.887,14.323],"ix":6},"t":2,"h":{"a":0,"k":0,"ix":7},"a":{"a":0,"k":0,"ix":8},"nm":"popc31Gradient Fill 1","mn":"ADBE Vector Graphic - G-Fill","hd":false},{"ty":"tr","p":{"a":0,"k":[385.984,208.677],"ix":2},"a":{"a":0,"k":[0,0],"ix":1},"s":{"a":0,"k":[100,100],"ix":3},"r":{"a":0,"k":0,"ix":6},"o":{"a":0,"k":100,"ix":7},"sk":{"a":0,"k":0,"ix":4},"sa":{"a":0,"k":0,"ix":5},"nm":"Transform"}],"nm":"Group 2","np":2,"cix":2,"bm":0,"ix":2,"mn":"ADBE Vector Group","hd":false}],"ip":37,"op":85,"st":37,"bm":0},{"ddd":0,"ind":33,"ty":4,"nm":"popcorn 3","parent":1,"sr":1,"ks":{"o":{"a":0,"k":100,"ix":11},"r":{"a":0,"k":0,"ix":10},"p":{"a":1,"k":[{"i":{"x":0.833,"y":0.833},"o":{"x":1,"y":0},"t":38,"s":[228.454,-298.409,0],"to":[0,6.111,0],"ti":[0,-6.111,0]},{"t":45,"s":[228.454,-261.743,0]}],"ix":2},"a":{"a":0,"k":[0,0,0],"ix":1},"s":{"a":0,"k":[8.333,8.333,100],"ix":6}},"ao":0,"shapes":[{"ty":"gr","it":[{"ind":0,"ty":"sh","ix":1,"ks":{"a":0,"k":{"i":[[3.977,3.555],[0,11.08],[12.803,-19.023],[0,-18.705],[-2.397,-2.864],[0,-11.575],[-15.063,13.221],[0,23.479]],"o":[[7.043,-4.224],[0,-29.49],[-9.068,-11.048],[0,4.893],[-7.532,4.103],[0,26.769],[10.038,15.316],[0,-7.109]],"v":[[32.445,6.256],[44.595,-16.684],[-4.259,-32.318],[-35.433,-20.886],[-31.473,-9.322],[-44.595,14.134],[0.222,34.441],[39.077,22.252]],"c":true},"ix":2},"nm":"Path 1","mn":"ADBE Vector Shape - Group","hd":false},{"ty":"gf","o":{"a":0,"k":100,"ix":10},"r":1,"bm":0,"g":{"p":3,"k":{"a":0,"k":[0.206,1,0.922,0.831,0.736,1,0.861,0.7,1,1,0.8,0.569],"ix":9}},"s":{"a":0,"k":[-17.264,-16.583],"ix":5},"e":{"a":0,"k":[45.469,-16.583],"ix":6},"t":2,"h":{"a":0,"k":0,"ix":7},"a":{"a":0,"k":0,"ix":8},"nm":"popc32Gradient Fill 1","mn":"ADBE Vector Graphic - G-Fill","hd":false},{"ty":"tr","p":{"a":0,"k":[0,0],"ix":2},"a":{"a":0,"k":[0,0],"ix":1},"s":{"a":0,"k":[100,100],"ix":3},"r":{"a":0,"k":0,"ix":6},"o":{"a":0,"k":100,"ix":7},"sk":{"a":0,"k":0,"ix":4},"sa":{"a":0,"k":0,"ix":5},"nm":"Transform"}],"nm":"Group 1","np":2,"cix":2,"bm":0,"ix":1,"mn":"ADBE Vector Group","hd":false}],"ip":38,"op":86,"st":38,"bm":0},{"ddd":0,"ind":34,"ty":4,"nm":"popcorn 2","parent":1,"sr":1,"ks":{"o":{"a":0,"k":100,"ix":11},"r":{"a":0,"k":0,"ix":10},"p":{"a":1,"k":[{"i":{"x":0.833,"y":0.833},"o":{"x":1,"y":0},"t":39,"s":[234.445,-298.948,0],"to":[0,6.111,0],"ti":[0,-6.111,0]},{"t":46,"s":[234.445,-262.281,0]}],"ix":2},"a":{"a":0,"k":[530.155,200.121,0],"ix":1},"s":{"a":0,"k":[8.333,8.333,100],"ix":6}},"ao":0,"shapes":[{"ty":"gr","it":[{"ind":0,"ty":"sh","ix":1,"ks":{"a":0,"k":{"i":[[6.956,13.088],[18.322,-16.928],[2.963,-4.52],[-37.039,-19.803]],"o":[[16.852,4.004],[3.039,-6.923],[8.262,-43.259],[-6.616,14.711]],"v":[[10.056,14.824],[6.545,8.745],[-1.321,2.305],[-8.123,4.621]],"c":true},"ix":2},"nm":"Path 1","mn":"ADBE Vector Shape - Group","hd":false},{"ty":"fl","c":{"a":0,"k":[0.878431379795,0.509803950787,0,1],"ix":4},"o":{"a":0,"k":100,"ix":5},"r":1,"bm":0,"nm":"Fill 1","mn":"ADBE Vector Graphic - Fill","hd":false},{"ty":"tr","p":{"a":0,"k":[528.547,199.585],"ix":2},"a":{"a":0,"k":[0,0],"ix":1},"s":{"a":0,"k":[100,100],"ix":3},"r":{"a":0,"k":0,"ix":6},"o":{"a":0,"k":100,"ix":7},"sk":{"a":0,"k":0,"ix":4},"sa":{"a":0,"k":0,"ix":5},"nm":"Transform"}],"nm":"Group 1","np":2,"cix":2,"bm":0,"ix":1,"mn":"ADBE Vector Group","hd":false},{"ty":"gr","it":[{"ind":0,"ty":"sh","ix":1,"ks":{"a":0,"k":{"i":[[11.267,0.823],[0,4.432],[10.637,-3.347],[0,-29.753],[-4.536,-3.916],[0,-10.203],[-14.005,15.864],[0,28.404]],"o":[[1.947,-2.841],[0,-15.042],[-4.421,-26.627],[0,8.02],[-6.22,4.345],[0,27.844],[8.662,21.822],[0,-15.184]],"v":[[24.24,-0.359],[27.405,-11.242],[3.121,-28.741],[-43.16,-24.09],[-35.558,-6.207],[-46.21,15.506],[0.231,33.378],[46.21,23.559]],"c":true},"ix":2},"nm":"Path 1","mn":"ADBE Vector Shape - Group","hd":false},{"ty":"gf","o":{"a":0,"k":100,"ix":10},"r":1,"bm":0,"g":{"p":3,"k":{"a":0,"k":[0.206,1,0.922,0.831,0.736,1,0.861,0.7,1,1,0.8,0.569],"ix":9}},"s":{"a":0,"k":[-33.155,-21.121],"ix":5},"e":{"a":0,"k":[45.384,-21.121],"ix":6},"t":2,"h":{"a":0,"k":0,"ix":7},"a":{"a":0,"k":0,"ix":8},"nm":"popc33Gradient Fill 1","mn":"ADBE Vector Graphic - G-Fill","hd":false},{"ty":"tr","p":{"a":0,"k":[530.155,200.121],"ix":2},"a":{"a":0,"k":[0,0],"ix":1},"s":{"a":0,"k":[100,100],"ix":3},"r":{"a":0,"k":0,"ix":6},"o":{"a":0,"k":100,"ix":7},"sk":{"a":0,"k":0,"ix":4},"sa":{"a":0,"k":0,"ix":5},"nm":"Transform"}],"nm":"Group 2","np":2,"cix":2,"bm":0,"ix":2,"mn":"ADBE Vector Group","hd":false}],"ip":39,"op":87,"st":39,"bm":0},{"ddd":0,"ind":35,"ty":4,"nm":"popcorn","parent":1,"sr":1,"ks":{"o":{"a":0,"k":100,"ix":11},"r":{"a":0,"k":0,"ix":10},"p":{"a":1,"k":[{"i":{"x":0.833,"y":0.833},"o":{"x":1,"y":0},"t":40,"s":[238.774,-298.408,0],"to":[0,6.111,0],"ti":[0,-6.111,0]},{"t":47,"s":[238.774,-261.741,0]}],"ix":2},"a":{"a":0,"k":[582.1,206.602,0],"ix":1},"s":{"a":0,"k":[8.333,8.333,100],"ix":6}},"ao":0,"shapes":[{"ty":"gr","it":[{"ind":0,"ty":"sh","ix":1,"ks":{"a":0,"k":{"i":[[-10.142,3.335],[-3.028,-4.235],[-20.538,-3.292],[-9.347,-4.004]],"o":[[-12.435,-14.372],[-14.899,-9.512],[-5.069,-9.754],[-4.685,-7.306]],"v":[[17.585,-11.741],[-2.574,-5.059],[-5.371,17.443],[8.847,4.024]],"c":true},"ix":2},"nm":"Path 1","mn":"ADBE Vector Shape - Group","hd":false},{"ty":"fl","c":{"a":0,"k":[0.749019622803,0.435294121504,0,1],"ix":4},"o":{"a":0,"k":100,"ix":5},"r":1,"bm":0,"nm":"Fill 1","mn":"ADBE Vector Graphic - Fill","hd":false},{"ty":"tr","p":{"a":0,"k":[583.888,203.461],"ix":2},"a":{"a":0,"k":[0,0],"ix":1},"s":{"a":0,"k":[100,100],"ix":3},"r":{"a":0,"k":0,"ix":6},"o":{"a":0,"k":100,"ix":7},"sk":{"a":0,"k":0,"ix":4},"sa":{"a":0,"k":0,"ix":5},"nm":"Transform"}],"nm":"Group 1","np":2,"cix":2,"bm":0,"ix":1,"mn":"ADBE Vector Group","hd":false},{"ty":"gr","it":[{"ind":0,"ty":"sh","ix":1,"ks":{"a":0,"k":{"i":[[0,9.545],[7.115,-19.595],[0,-19.012],[-6.424,-2.04],[0,-4.323],[0,35.821],[1.728,3.566]],"o":[[0,-24.948],[-8.804,-11.52],[0,9.217],[-1.36,3.269],[0,35.821],[0,-4.915],[6.386,-3.028]],"v":[[35.664,-18.688],[-4.522,-26.653],[-35.664,-15.452],[-23.964,1.378],[-26.131,12.744],[27.195,12.744],[24.397,0.094]],"c":true},"ix":2},"nm":"Path 1","mn":"ADBE Vector Shape - Group","hd":false},{"ty":"gf","o":{"a":0,"k":100,"ix":10},"r":1,"bm":0,"g":{"p":3,"k":{"a":0,"k":[0.206,1,0.922,0.831,0.736,1,0.861,0.7,1,1,0.8,0.569],"ix":9}},"s":{"a":0,"k":[-1.1,-19.602],"ix":5},"e":{"a":0,"k":[50.505,-19.602],"ix":6},"t":2,"h":{"a":0,"k":0,"ix":7},"a":{"a":0,"k":0,"ix":8},"nm":"popc34Gradient Fill 1","mn":"ADBE Vector Graphic - G-Fill","hd":false},{"ty":"tr","p":{"a":0,"k":[582.1,206.602],"ix":2},"a":{"a":0,"k":[0,0],"ix":1},"s":{"a":0,"k":[100,100],"ix":3},"r":{"a":0,"k":0,"ix":6},"o":{"a":0,"k":100,"ix":7},"sk":{"a":0,"k":0,"ix":4},"sa":{"a":0,"k":0,"ix":5},"nm":"Transform"}],"nm":"Group 2","np":2,"cix":2,"bm":0,"ix":2,"mn":"ADBE Vector Group","hd":false}],"ip":40,"op":88,"st":40,"bm":0}]}],"layers":[{"ddd":0,"ind":1,"ty":0,"nm":"popcorn","refId":"comp_0","sr":1,"ks":{"o":{"a":0,"k":100,"ix":11},"r":{"a":0,"k":0,"ix":10},"p":{"a":0,"k":[512,520,0],"ix":2},"a":{"a":0,"k":[512,512,0],"ix":1},"s":{"a":0,"k":[100,100,100],"ix":6}},"ao":0,"w":1024,"h":1024,"ip":0,"op":48,"st":0,"bm":0}],"markers":[]}