{"v":"5.6.2","fr":24,"ip":0,"op":24,"w":1024,"h":1024,"nm":"hot_beverage","ddd":0,"assets":[{"id":"comp_0","layers":[{"ddd":0,"ind":1,"ty":3,"nm":"Null 115","sr":1,"ks":{"o":{"a":0,"k":0,"ix":11},"r":{"a":0,"k":0,"ix":10},"p":{"a":0,"k":[532,512,0],"ix":2},"a":{"a":0,"k":[50,50,0],"ix":1},"s":{"a":0,"k":[1163,1163,100],"ix":6}},"ao":0,"ip":0,"op":24,"st":0,"bm":0},{"ddd":0,"ind":2,"ty":4,"nm":"Coffee 3","parent":1,"td":1,"sr":1,"ks":{"o":{"a":0,"k":100,"ix":11},"r":{"a":0,"k":0,"ix":10},"p":{"a":0,"k":[44.54,50.785,0],"ix":2},"a":{"a":0,"k":[-5.46,0.785,0],"ix":1},"s":{"a":0,"k":[100,100,100],"ix":6}},"ao":0,"shapes":[{"ty":"gr","it":[{"ind":0,"ty":"sh","ix":1,"ks":{"a":0,"k":{"i":[[-10.61,0],[-2.08,4.269],[10.61,0],[2.08,-4.271]],"o":[[10.61,0],[-2.07,-4.271],[-10.61,0],[2.08,4.269]],"v":[[-5.46,8.256],[16.08,0.977],[-5.46,-6.685],[-27,0.977]],"c":true},"ix":2},"nm":"Path 1","mn":"ADBE Vector Shape - Group","hd":false},{"ty":"gf","o":{"a":0,"k":100,"ix":10},"r":1,"bm":0,"g":{"p":9,"k":{"a":0,"k":[0,0.451,0.231,0.137,0.134,0.441,0.225,0.133,0.268,0.431,0.22,0.129,0.417,0.406,0.206,0.12,0.566,0.38,0.192,0.11,0.722,0.337,0.167,0.094,0.877,0.294,0.141,0.078,0.939,0.273,0.129,0.071,1,0.251,0.118,0.063],"ix":9}},"s":{"a":0,"k":[-5.323,8.785],"ix":5},"e":{"a":0,"k":[15.025,8.029],"ix":6},"t":2,"h":{"a":0,"k":0,"ix":7},"a":{"a":0,"k":0,"ix":8},"nm":"Gradient Fill 1","mn":"ADBE Vector Graphic - G-Fill","hd":false},{"ty":"tr","p":{"a":0,"k":[0,0],"ix":2},"a":{"a":0,"k":[0,0],"ix":1},"s":{"a":0,"k":[100,100],"ix":3},"r":{"a":0,"k":0,"ix":6},"o":{"a":0,"k":100,"ix":7},"sk":{"a":0,"k":0,"ix":4},"sa":{"a":0,"k":0,"ix":5},"nm":"Transform"}],"nm":"Group 1","np":2,"cix":2,"bm":0,"ix":1,"mn":"ADBE Vector Group","hd":false}],"ip":0,"op":24,"st":0,"bm":0},{"ddd":0,"ind":3,"ty":4,"nm":"Ripple 2","parent":1,"tt":1,"sr":1,"ks":{"o":{"a":1,"k":[{"i":{"x":[0.667],"y":[1]},"o":{"x":[0.333],"y":[0]},"t":0,"s":[0]},{"i":{"x":[0.667],"y":[1]},"o":{"x":[0.333],"y":[0]},"t":12,"s":[20]},{"t":24,"s":[2]}],"ix":11},"r":{"a":0,"k":0,"ix":10},"p":{"a":0,"k":[44.54,51.645,0],"ix":2},"a":{"a":0,"k":[-5.46,0.786,0],"ix":1},"s":{"a":1,"k":[{"i":{"x":[0.667,0.667,0.667],"y":[1,1,1]},"o":{"x":[0.333,0.333,0.333],"y":[0,0,0]},"t":9,"s":[17,17,100]},{"t":24,"s":[204.282,246,100]}],"ix":6}},"ao":0,"shapes":[{"ty":"gr","it":[{"ind":0,"ty":"sh","ix":1,"ks":{"a":0,"k":{"i":[[5.196,0],[0,1.449],[-5.196,0],[0,-1.449]],"o":[[-5.196,0],[0,-1.449],[5.196,0],[0,1.449]],"v":[[-5.46,3.048],[-14.869,0.423],[-5.46,-2.201],[3.949,0.423]],"c":true},"ix":2},"nm":"Path 1","mn":"ADBE Vector Shape - Group","hd":false},{"ind":1,"ty":"sh","ix":2,"ks":{"a":0,"k":{"i":[[6.14,0],[0,-1.949],[-6.14,0],[0,1.949]],"o":[[-6.14,0],[0,1.949],[6.14,0],[0,-1.949]],"v":[[-5.46,-2.743],[-16.578,0.786],[-5.46,4.314],[5.658,0.786]],"c":true},"ix":2},"nm":"Path 2","mn":"ADBE Vector Shape - Group","hd":false},{"ty":"fl","c":{"a":0,"k":[0.309803932905,0.180392161012,0.121568627656,1],"ix":4},"o":{"a":0,"k":100,"ix":5},"r":1,"bm":0,"nm":"Fill 1","mn":"ADBE Vector Graphic - Fill","hd":false},{"ty":"tr","p":{"a":0,"k":[0,0],"ix":2},"a":{"a":0,"k":[0,0],"ix":1},"s":{"a":0,"k":[100,100],"ix":3},"r":{"a":0,"k":0,"ix":6},"o":{"a":0,"k":100,"ix":7},"sk":{"a":0,"k":0,"ix":4},"sa":{"a":0,"k":0,"ix":5},"nm":"Transform"}],"nm":"Group 1","np":3,"cix":2,"bm":0,"ix":1,"mn":"ADBE Vector Group","hd":false}],"ip":0,"op":24,"st":0,"bm":1},{"ddd":0,"ind":4,"ty":4,"nm":"Coffee 2","parent":1,"td":1,"sr":1,"ks":{"o":{"a":0,"k":100,"ix":11},"r":{"a":0,"k":0,"ix":10},"p":{"a":0,"k":[44.54,50.785,0],"ix":2},"a":{"a":0,"k":[-5.46,0.785,0],"ix":1},"s":{"a":0,"k":[100,100,100],"ix":6}},"ao":0,"shapes":[{"ty":"gr","it":[{"ind":0,"ty":"sh","ix":1,"ks":{"a":0,"k":{"i":[[-10.61,0],[-2.08,4.269],[10.61,0],[2.08,-4.271]],"o":[[10.61,0],[-2.07,-4.271],[-10.61,0],[2.08,4.269]],"v":[[-5.46,8.256],[16.08,0.977],[-5.46,-6.685],[-27,0.977]],"c":true},"ix":2},"nm":"Path 1","mn":"ADBE Vector Shape - Group","hd":false},{"ty":"gf","o":{"a":0,"k":100,"ix":10},"r":1,"bm":0,"g":{"p":9,"k":{"a":0,"k":[0,0.451,0.231,0.137,0.134,0.441,0.225,0.133,0.268,0.431,0.22,0.129,0.417,0.406,0.206,0.12,0.566,0.38,0.192,0.11,0.722,0.337,0.167,0.094,0.877,0.294,0.141,0.078,0.939,0.273,0.129,0.071,1,0.251,0.118,0.063],"ix":9}},"s":{"a":0,"k":[-5.323,8.785],"ix":5},"e":{"a":0,"k":[15.025,8.029],"ix":6},"t":2,"h":{"a":0,"k":0,"ix":7},"a":{"a":0,"k":0,"ix":8},"nm":"Gradient Fill 1","mn":"ADBE Vector Graphic - G-Fill","hd":false},{"ty":"tr","p":{"a":0,"k":[0,0],"ix":2},"a":{"a":0,"k":[0,0],"ix":1},"s":{"a":0,"k":[100,100],"ix":3},"r":{"a":0,"k":0,"ix":6},"o":{"a":0,"k":100,"ix":7},"sk":{"a":0,"k":0,"ix":4},"sa":{"a":0,"k":0,"ix":5},"nm":"Transform"}],"nm":"Group 1","np":2,"cix":2,"bm":0,"ix":1,"mn":"ADBE Vector Group","hd":false}],"ip":0,"op":24,"st":0,"bm":0},{"ddd":0,"ind":5,"ty":4,"nm":"Ripple","parent":1,"tt":1,"sr":1,"ks":{"o":{"a":1,"k":[{"i":{"x":[0.667],"y":[1]},"o":{"x":[0.333],"y":[0]},"t":0,"s":[0]},{"i":{"x":[0.667],"y":[1]},"o":{"x":[0.333],"y":[0]},"t":12,"s":[20]},{"t":24,"s":[2]}],"ix":11},"r":{"a":0,"k":0,"ix":10},"p":{"a":0,"k":[44.54,51.645,0],"ix":2},"a":{"a":0,"k":[-5.46,0.786,0],"ix":1},"s":{"a":1,"k":[{"i":{"x":[0.667,0.667,0.667],"y":[1,1,1]},"o":{"x":[0.333,0.333,0.333],"y":[0,0,0]},"t":0,"s":[17,17,100]},{"t":24,"s":[204.282,246,100]}],"ix":6}},"ao":0,"shapes":[{"ty":"gr","it":[{"ind":0,"ty":"sh","ix":1,"ks":{"a":0,"k":{"i":[[5.196,0],[0,1.449],[-5.196,0],[0,-1.449]],"o":[[-5.196,0],[0,-1.449],[5.196,0],[0,1.449]],"v":[[-5.46,3.048],[-14.869,0.423],[-5.46,-2.201],[3.949,0.423]],"c":true},"ix":2},"nm":"Path 1","mn":"ADBE Vector Shape - Group","hd":false},{"ind":1,"ty":"sh","ix":2,"ks":{"a":0,"k":{"i":[[6.14,0],[0,-1.949],[-6.14,0],[0,1.949]],"o":[[-6.14,0],[0,1.949],[6.14,0],[0,-1.949]],"v":[[-5.46,-2.743],[-16.578,0.786],[-5.46,4.314],[5.658,0.786]],"c":true},"ix":2},"nm":"Path 2","mn":"ADBE Vector Shape - Group","hd":false},{"ty":"fl","c":{"a":0,"k":[0.309803932905,0.180392161012,0.121568627656,1],"ix":4},"o":{"a":0,"k":100,"ix":5},"r":1,"bm":0,"nm":"Fill 1","mn":"ADBE Vector Graphic - Fill","hd":false},{"ty":"tr","p":{"a":0,"k":[0,0],"ix":2},"a":{"a":0,"k":[0,0],"ix":1},"s":{"a":0,"k":[100,100],"ix":3},"r":{"a":0,"k":0,"ix":6},"o":{"a":0,"k":100,"ix":7},"sk":{"a":0,"k":0,"ix":4},"sa":{"a":0,"k":0,"ix":5},"nm":"Transform"}],"nm":"Group 1","np":3,"cix":2,"bm":0,"ix":1,"mn":"ADBE Vector Group","hd":false}],"ip":0,"op":24,"st":0,"bm":1},{"ddd":0,"ind":6,"ty":4,"nm":"Smoke_10","parent":1,"sr":1,"ks":{"o":{"a":1,"k":[{"i":{"x":[0.833],"y":[0.833]},"o":{"x":[0.167],"y":[0.167]},"t":-17,"s":[0]},{"i":{"x":[0.833],"y":[0.833]},"o":{"x":[0.167],"y":[0.167]},"t":-11,"s":[60]},{"i":{"x":[0.833],"y":[0.833]},"o":{"x":[0.167],"y":[0.167]},"t":-1,"s":[60]},{"t":7,"s":[0]}],"ix":11},"r":{"a":0,"k":0,"ix":10},"p":{"a":0,"k":[36.335,35.722,0],"ix":2},"a":{"a":0,"k":[3.102,-15.826,0],"ix":1},"s":{"a":0,"k":[99,99,100],"ix":6}},"ao":0,"shapes":[{"ty":"gr","it":[{"ind":0,"ty":"sh","ix":1,"ks":{"a":1,"k":[{"i":{"x":0.649,"y":0.626},"o":{"x":0.3,"y":0},"t":-17,"s":[{"i":[[2.324,4.407],[2.873,-5.151],[-1.545,-4.484],[-1.263,2.991]],"o":[[0,0],[-2.819,5.055],[0,0],[2.315,-5.483]],"v":[[2.061,-17.218],[5.571,-10.902],[4.125,-1.105],[1.726,-8.103]],"c":true}]},{"i":{"x":0.666,"y":0.822},"o":{"x":0.324,"y":0.345},"t":-11,"s":[{"i":[[-2.073,6.086],[-3.035,-3.721],[-0.773,-3.762],[-0.933,3.106]],"o":[[0,0],[0.83,4.844],[0,0],[1.264,-4.211]],"v":[[1.199,-20.334],[5.098,-13.912],[3.265,-4.33],[2.996,-10.706]],"c":true}]},{"i":{"x":0.833,"y":0.833},"o":{"x":0.356,"y":0.189},"t":-5,"s":[{"i":[[-6.47,7.765],[-4.101,-4.239],[2.179,-2.062],[0.641,2.012]],"o":[[0,0],[4.479,4.632],[0,0],[-1.394,-4.376]],"v":[[2.405,-24.097],[4.625,-16.921],[2.405,-7.554],[3.361,-12.339]],"c":true}]},{"i":{"x":0.642,"y":1},"o":{"x":0.167,"y":0.167},"t":1,"s":[{"i":[[1.015,4.56],[2.739,-4.878],[-2.347,-3.449],[-1.529,2.864]],"o":[[0,0],[-1.156,5.066],[0,0],[2.161,-4.053]],"v":[[2.405,-28.205],[2.879,-20.447],[4.603,-11.921],[0.042,-19.191]],"c":true}]},{"t":7,"s":[{"i":[[2.324,5.008],[3.745,-4.556],[2.324,-3.108],[-1.529,2.864]],"o":[[0,0],[-4.367,5.313],[0,0],[2.161,-4.053]],"v":[[2.405,-30.546],[4.625,-23.37],[2.405,-14.003],[0.78,-21.774]],"c":true}]}],"ix":2},"nm":"Path 1","mn":"ADBE Vector Shape - Group","hd":false},{"ty":"gf","o":{"a":0,"k":100,"ix":10},"r":1,"bm":0,"g":{"p":7,"k":{"a":0,"k":[0,0.663,0.69,0.702,0.158,0.702,0.729,0.741,0.316,0.741,0.769,0.78,0.639,0.839,0.867,0.884,0.961,0.937,0.965,0.988,0.981,0.943,0.971,0.994,1,0.949,0.976,1],"ix":9}},"s":{"a":0,"k":[3,-41.651],"ix":5},"e":{"a":0,"k":[3.727,-6.082],"ix":6},"t":1,"nm":"S10G","mn":"ADBE Vector Graphic - G-Fill","hd":false},{"ty":"tr","p":{"a":0,"k":[0,0],"ix":2},"a":{"a":0,"k":[0,0],"ix":1},"s":{"a":0,"k":[100,100],"ix":3},"r":{"a":0,"k":0,"ix":6},"o":{"a":0,"k":100,"ix":7},"sk":{"a":0,"k":0,"ix":4},"sa":{"a":0,"k":0,"ix":5},"nm":"Transform"}],"nm":"Group 1","np":2,"cix":2,"bm":0,"ix":1,"mn":"ADBE Vector Group","hd":false}],"ip":0,"op":7,"st":-17,"bm":0},{"ddd":0,"ind":7,"ty":4,"nm":"Smoke_08","parent":1,"sr":1,"ks":{"o":{"a":1,"k":[{"i":{"x":[0.833],"y":[0.833]},"o":{"x":[0.167],"y":[0.167]},"t":7,"s":[0]},{"i":{"x":[0.833],"y":[0.833]},"o":{"x":[0.167],"y":[0.167]},"t":13,"s":[60]},{"i":{"x":[0.833],"y":[0.833]},"o":{"x":[0.167],"y":[0.167]},"t":23,"s":[60]},{"t":31,"s":[0]}],"ix":11},"r":{"a":0,"k":0,"ix":10},"p":{"a":0,"k":[36.335,35.722,0],"ix":2},"a":{"a":0,"k":[3.102,-15.826,0],"ix":1},"s":{"a":0,"k":[99,99,100],"ix":6}},"ao":0,"shapes":[{"ty":"gr","it":[{"ind":0,"ty":"sh","ix":1,"ks":{"a":1,"k":[{"i":{"x":0.649,"y":0.626},"o":{"x":0.3,"y":0},"t":7,"s":[{"i":[[2.324,4.407],[2.873,-5.151],[-1.545,-4.484],[-1.263,2.991]],"o":[[0,0],[-2.819,5.055],[0,0],[2.315,-5.483]],"v":[[2.061,-17.218],[5.571,-10.902],[4.125,-1.105],[1.726,-8.103]],"c":true}]},{"i":{"x":0.666,"y":0.822},"o":{"x":0.324,"y":0.345},"t":13,"s":[{"i":[[-2.073,6.086],[-3.035,-3.721],[-0.773,-3.762],[-0.933,3.106]],"o":[[0,0],[0.83,4.844],[0,0],[1.264,-4.211]],"v":[[1.199,-20.334],[5.098,-13.912],[3.265,-4.33],[2.996,-10.706]],"c":true}]},{"i":{"x":0.833,"y":0.833},"o":{"x":0.356,"y":0.189},"t":19,"s":[{"i":[[-6.47,7.765],[-4.101,-4.239],[2.179,-2.062],[0.641,2.012]],"o":[[0,0],[4.479,4.632],[0,0],[-1.394,-4.376]],"v":[[2.405,-24.097],[4.625,-16.921],[2.405,-7.554],[3.361,-12.339]],"c":true}]},{"i":{"x":0.642,"y":1},"o":{"x":0.167,"y":0.167},"t":25,"s":[{"i":[[1.015,4.56],[2.739,-4.878],[-2.347,-3.449],[-1.529,2.864]],"o":[[0,0],[-1.156,5.066],[0,0],[2.161,-4.053]],"v":[[2.405,-28.205],[2.879,-20.447],[4.603,-11.921],[0.042,-19.191]],"c":true}]},{"t":31,"s":[{"i":[[2.324,5.008],[3.745,-4.556],[2.324,-3.108],[-1.529,2.864]],"o":[[0,0],[-4.367,5.313],[0,0],[2.161,-4.053]],"v":[[2.405,-30.546],[4.625,-23.37],[2.405,-14.003],[0.78,-21.774]],"c":true}]}],"ix":2},"nm":"Path 1","mn":"ADBE Vector Shape - Group","hd":false},{"ty":"gf","o":{"a":0,"k":100,"ix":10},"r":1,"bm":0,"g":{"p":7,"k":{"a":0,"k":[0,0.663,0.69,0.702,0.158,0.702,0.729,0.741,0.316,0.741,0.769,0.78,0.639,0.839,0.867,0.884,0.961,0.937,0.965,0.988,0.981,0.943,0.971,0.994,1,0.949,0.976,1],"ix":9}},"s":{"a":0,"k":[3,-41.651],"ix":5},"e":{"a":0,"k":[3.187,-3.426],"ix":6},"t":1,"nm":"S08G","mn":"ADBE Vector Graphic - G-Fill","hd":false},{"ty":"tr","p":{"a":0,"k":[0,0],"ix":2},"a":{"a":0,"k":[0,0],"ix":1},"s":{"a":0,"k":[100,100],"ix":3},"r":{"a":0,"k":0,"ix":6},"o":{"a":0,"k":100,"ix":7},"sk":{"a":0,"k":0,"ix":4},"sa":{"a":0,"k":0,"ix":5},"nm":"Transform"}],"nm":"Group 1","np":2,"cix":2,"bm":0,"ix":1,"mn":"ADBE Vector Group","hd":false}],"ip":7,"op":24,"st":7,"bm":0},{"ddd":0,"ind":8,"ty":4,"nm":"Smoke_09","parent":1,"sr":1,"ks":{"o":{"a":1,"k":[{"i":{"x":[0.833],"y":[0.833]},"o":{"x":[0.167],"y":[0.167]},"t":-10,"s":[0]},{"i":{"x":[0.833],"y":[0.833]},"o":{"x":[0.167],"y":[0.167]},"t":-4,"s":[60]},{"i":{"x":[0.833],"y":[0.833]},"o":{"x":[0.167],"y":[0.167]},"t":6,"s":[60]},{"t":14,"s":[0]}],"ix":11},"r":{"a":0,"k":0,"ix":10},"p":{"a":0,"k":[53.532,35.722,0],"ix":2},"a":{"a":0,"k":[3.102,-15.826,0],"ix":1},"s":{"a":0,"k":[99,99,100],"ix":6}},"ao":0,"shapes":[{"ty":"gr","it":[{"ind":0,"ty":"sh","ix":1,"ks":{"a":1,"k":[{"i":{"x":0.649,"y":0.626},"o":{"x":0.3,"y":0},"t":-10,"s":[{"i":[[2.324,4.407],[2.873,-5.151],[-1.545,-4.484],[-1.263,2.991]],"o":[[0,0],[-2.819,5.055],[0,0],[2.315,-5.483]],"v":[[2.061,-17.218],[5.571,-10.902],[4.125,-1.105],[1.726,-8.103]],"c":true}]},{"i":{"x":0.666,"y":0.822},"o":{"x":0.324,"y":0.345},"t":-4,"s":[{"i":[[-2.073,6.086],[-3.035,-3.721],[-0.773,-3.762],[-0.933,3.106]],"o":[[0,0],[0.83,4.844],[0,0],[1.264,-4.211]],"v":[[1.199,-20.334],[5.098,-13.912],[3.265,-4.33],[2.996,-10.706]],"c":true}]},{"i":{"x":0.833,"y":0.833},"o":{"x":0.356,"y":0.189},"t":2,"s":[{"i":[[-6.47,7.765],[-4.101,-4.239],[2.179,-2.062],[0.641,2.012]],"o":[[0,0],[4.479,4.632],[0,0],[-1.394,-4.376]],"v":[[2.405,-24.097],[4.625,-16.921],[2.405,-7.554],[3.361,-12.339]],"c":true}]},{"i":{"x":0.642,"y":1},"o":{"x":0.167,"y":0.167},"t":8,"s":[{"i":[[1.015,4.56],[2.739,-4.878],[-2.347,-3.449],[-1.529,2.864]],"o":[[0,0],[-1.156,5.066],[0,0],[2.161,-4.053]],"v":[[2.405,-28.205],[2.879,-20.447],[4.603,-11.921],[0.042,-19.191]],"c":true}]},{"t":14,"s":[{"i":[[2.324,5.008],[3.745,-4.556],[2.324,-3.108],[-1.529,2.864]],"o":[[0,0],[-4.367,5.313],[0,0],[2.161,-4.053]],"v":[[2.405,-30.546],[4.625,-23.37],[2.405,-14.003],[0.78,-21.774]],"c":true}]}],"ix":2},"nm":"Path 1","mn":"ADBE Vector Shape - Group","hd":false},{"ty":"gf","o":{"a":0,"k":100,"ix":10},"r":1,"bm":0,"g":{"p":7,"k":{"a":0,"k":[0,0.663,0.69,0.702,0.158,0.702,0.729,0.741,0.316,0.741,0.769,0.78,0.639,0.839,0.867,0.884,0.961,0.937,0.965,0.988,0.981,0.943,0.971,0.994,1,0.949,0.976,1],"ix":9}},"s":{"a":0,"k":[3,-41.651],"ix":5},"e":{"a":0,"k":[3.203,-6.974],"ix":6},"t":1,"nm":"S09G","mn":"ADBE Vector Graphic - G-Fill","hd":false},{"ty":"tr","p":{"a":0,"k":[0,0],"ix":2},"a":{"a":0,"k":[0,0],"ix":1},"s":{"a":0,"k":[100,100],"ix":3},"r":{"a":0,"k":0,"ix":6},"o":{"a":0,"k":100,"ix":7},"sk":{"a":0,"k":0,"ix":4},"sa":{"a":0,"k":0,"ix":5},"nm":"Transform"}],"nm":"Group 1","np":2,"cix":2,"bm":0,"ix":1,"mn":"ADBE Vector Group","hd":false}],"ip":0,"op":14,"st":-10,"bm":0},{"ddd":0,"ind":9,"ty":4,"nm":"Smoke_07","parent":1,"sr":1,"ks":{"o":{"a":1,"k":[{"i":{"x":[0.833],"y":[0.833]},"o":{"x":[0.167],"y":[0.167]},"t":14,"s":[0]},{"i":{"x":[0.833],"y":[0.833]},"o":{"x":[0.167],"y":[0.167]},"t":20,"s":[60]},{"i":{"x":[0.833],"y":[0.833]},"o":{"x":[0.167],"y":[0.167]},"t":30,"s":[60]},{"t":38,"s":[0]}],"ix":11},"r":{"a":0,"k":0,"ix":10},"p":{"a":0,"k":[53.532,35.722,0],"ix":2},"a":{"a":0,"k":[3.102,-15.826,0],"ix":1},"s":{"a":0,"k":[99,99,100],"ix":6}},"ao":0,"shapes":[{"ty":"gr","it":[{"ind":0,"ty":"sh","ix":1,"ks":{"a":1,"k":[{"i":{"x":0.649,"y":0.626},"o":{"x":0.3,"y":0},"t":14,"s":[{"i":[[2.324,4.407],[2.873,-5.151],[-1.545,-4.484],[-1.263,2.991]],"o":[[0,0],[-2.819,5.055],[0,0],[2.315,-5.483]],"v":[[2.061,-17.218],[5.571,-10.902],[4.125,-1.105],[1.726,-8.103]],"c":true}]},{"i":{"x":0.666,"y":0.822},"o":{"x":0.324,"y":0.345},"t":20,"s":[{"i":[[-2.073,6.086],[-3.035,-3.721],[-0.773,-3.762],[-0.933,3.106]],"o":[[0,0],[0.83,4.844],[0,0],[1.264,-4.211]],"v":[[1.199,-20.334],[5.098,-13.912],[3.265,-4.33],[2.996,-10.706]],"c":true}]},{"i":{"x":0.833,"y":0.833},"o":{"x":0.356,"y":0.189},"t":26,"s":[{"i":[[-6.47,7.765],[-4.101,-4.239],[2.179,-2.062],[0.641,2.012]],"o":[[0,0],[4.479,4.632],[0,0],[-1.394,-4.376]],"v":[[2.405,-24.097],[4.625,-16.921],[2.405,-7.554],[3.361,-12.339]],"c":true}]},{"i":{"x":0.642,"y":1},"o":{"x":0.167,"y":0.167},"t":32,"s":[{"i":[[1.015,4.56],[2.739,-4.878],[-2.347,-3.449],[-1.529,2.864]],"o":[[0,0],[-1.156,5.066],[0,0],[2.161,-4.053]],"v":[[2.405,-28.205],[2.879,-20.447],[4.603,-11.921],[0.042,-19.191]],"c":true}]},{"t":38,"s":[{"i":[[2.324,5.008],[3.745,-4.556],[2.324,-3.108],[-1.529,2.864]],"o":[[0,0],[-4.367,5.313],[0,0],[2.161,-4.053]],"v":[[2.405,-30.546],[4.625,-23.37],[2.405,-14.003],[0.78,-21.774]],"c":true}]}],"ix":2},"nm":"Path 1","mn":"ADBE Vector Shape - Group","hd":false},{"ty":"gf","o":{"a":0,"k":100,"ix":10},"r":1,"bm":0,"g":{"p":7,"k":{"a":0,"k":[0,0.663,0.69,0.702,0.158,0.702,0.729,0.741,0.316,0.741,0.769,0.78,0.639,0.839,0.867,0.884,0.961,0.937,0.965,0.988,0.981,0.943,0.971,0.994,1,0.949,0.976,1],"ix":9}},"s":{"a":0,"k":[3,-41.651],"ix":5},"e":{"a":0,"k":[3.225,-7.372],"ix":6},"t":1,"nm":"S07G","mn":"ADBE Vector Graphic - G-Fill","hd":false},{"ty":"tr","p":{"a":0,"k":[0,0],"ix":2},"a":{"a":0,"k":[0,0],"ix":1},"s":{"a":0,"k":[100,100],"ix":3},"r":{"a":0,"k":0,"ix":6},"o":{"a":0,"k":100,"ix":7},"sk":{"a":0,"k":0,"ix":4},"sa":{"a":0,"k":0,"ix":5},"nm":"Transform"}],"nm":"Group 1","np":2,"cix":2,"bm":0,"ix":1,"mn":"ADBE Vector Group","hd":false}],"ip":14,"op":24,"st":14,"bm":0},{"ddd":0,"ind":10,"ty":4,"nm":"Smoke_05","parent":1,"sr":1,"ks":{"o":{"a":1,"k":[{"i":{"x":[0.833],"y":[0.833]},"o":{"x":[0.167],"y":[0.167]},"t":0,"s":[0]},{"i":{"x":[0.833],"y":[0.833]},"o":{"x":[0.167],"y":[0.167]},"t":6,"s":[60]},{"i":{"x":[0.833],"y":[0.833]},"o":{"x":[0.167],"y":[0.167]},"t":16,"s":[60]},{"t":24,"s":[0]}],"ix":11},"r":{"a":0,"k":0,"ix":10},"p":{"a":0,"k":[43.987,32.369,0],"ix":2},"a":{"a":0,"k":[3.102,-15.826,0],"ix":1},"s":{"a":0,"k":[133,133,100],"ix":6}},"ao":0,"shapes":[{"ty":"gr","it":[{"ind":0,"ty":"sh","ix":1,"ks":{"a":1,"k":[{"i":{"x":0.649,"y":0.626},"o":{"x":0.3,"y":0},"t":0,"s":[{"i":[[2.324,4.407],[2.873,-5.151],[-1.545,-4.484],[-1.263,2.991]],"o":[[0,0],[-2.819,5.055],[0,0],[2.315,-5.483]],"v":[[2.061,-17.218],[5.571,-10.902],[4.125,-1.105],[1.726,-8.103]],"c":true}]},{"i":{"x":0.666,"y":0.822},"o":{"x":0.324,"y":0.345},"t":6,"s":[{"i":[[-2.073,6.086],[-3.035,-3.721],[-0.773,-3.762],[-0.933,3.106]],"o":[[0,0],[0.83,4.844],[0,0],[1.264,-4.211]],"v":[[1.199,-20.334],[5.098,-13.912],[3.265,-4.33],[2.996,-10.706]],"c":true}]},{"i":{"x":0.833,"y":0.833},"o":{"x":0.356,"y":0.189},"t":12,"s":[{"i":[[-6.47,7.765],[-4.101,-4.239],[2.179,-2.062],[0.641,2.012]],"o":[[0,0],[4.479,4.632],[0,0],[-1.394,-4.376]],"v":[[2.405,-24.097],[4.625,-16.921],[2.405,-7.554],[3.361,-12.339]],"c":true}]},{"i":{"x":0.642,"y":1},"o":{"x":0.167,"y":0.167},"t":18,"s":[{"i":[[1.015,4.56],[2.739,-4.878],[-2.347,-3.449],[-1.529,2.864]],"o":[[0,0],[-1.156,5.066],[0,0],[2.161,-4.053]],"v":[[2.405,-28.205],[2.879,-20.447],[4.603,-11.921],[0.042,-19.191]],"c":true}]},{"t":24,"s":[{"i":[[2.324,5.008],[3.745,-4.556],[2.324,-3.108],[-1.529,2.864]],"o":[[0,0],[-4.367,5.313],[0,0],[2.161,-4.053]],"v":[[2.405,-30.546],[4.625,-23.37],[2.405,-14.003],[0.78,-21.774]],"c":true}]}],"ix":2},"nm":"Path 1","mn":"ADBE Vector Shape - Group","hd":false},{"ty":"gf","o":{"a":0,"k":100,"ix":10},"r":1,"bm":0,"g":{"p":7,"k":{"a":0,"k":[0,0.663,0.69,0.702,0.158,0.702,0.729,0.741,0.316,0.741,0.769,0.78,0.639,0.839,0.867,0.884,0.961,0.937,0.965,0.988,0.981,0.943,0.971,0.994,1,0.949,0.976,1],"ix":9}},"s":{"a":0,"k":[3.03,-23.878],"ix":5},"e":{"a":0,"k":[2.837,-3.555],"ix":6},"t":1,"nm":"S05G","mn":"ADBE Vector Graphic - G-Fill","hd":false},{"ty":"tr","p":{"a":0,"k":[0,0],"ix":2},"a":{"a":0,"k":[0,0],"ix":1},"s":{"a":0,"k":[100,100],"ix":3},"r":{"a":0,"k":0,"ix":6},"o":{"a":0,"k":100,"ix":7},"sk":{"a":0,"k":0,"ix":4},"sa":{"a":0,"k":0,"ix":5},"nm":"Transform"}],"nm":"Group 1","np":2,"cix":2,"bm":0,"ix":1,"mn":"ADBE Vector Group","hd":false}],"ip":0,"op":24,"st":0,"bm":0},{"ddd":0,"ind":11,"ty":4,"nm":"Coffee","parent":1,"sr":1,"ks":{"o":{"a":0,"k":100,"ix":11},"r":{"a":0,"k":0,"ix":10},"p":{"a":0,"k":[44.54,50.785,0],"ix":2},"a":{"a":0,"k":[-5.46,0.785,0],"ix":1},"s":{"a":0,"k":[100,100,100],"ix":6}},"ao":0,"shapes":[{"ty":"gr","it":[{"ind":0,"ty":"sh","ix":1,"ks":{"a":0,"k":{"i":[[-10.61,0],[-2.08,4.269],[10.61,0],[2.08,-4.271]],"o":[[10.61,0],[-2.07,-4.271],[-10.61,0],[2.08,4.269]],"v":[[-5.46,8.256],[16.08,0.977],[-5.46,-6.685],[-27,0.977]],"c":true},"ix":2},"nm":"Path 1","mn":"ADBE Vector Shape - Group","hd":false},{"ty":"gf","o":{"a":0,"k":100,"ix":10},"r":1,"bm":0,"g":{"p":9,"k":{"a":0,"k":[0,0.451,0.231,0.137,0.134,0.441,0.225,0.133,0.268,0.431,0.22,0.129,0.417,0.406,0.206,0.12,0.566,0.38,0.192,0.11,0.722,0.337,0.167,0.094,0.877,0.294,0.141,0.078,0.939,0.273,0.129,0.071,1,0.251,0.118,0.063],"ix":9}},"s":{"a":0,"k":[-5.323,8.785],"ix":5},"e":{"a":0,"k":[15.025,8.029],"ix":6},"t":2,"h":{"a":0,"k":0,"ix":7},"a":{"a":0,"k":0,"ix":8},"nm":"CoffeeG","mn":"ADBE Vector Graphic - G-Fill","hd":false},{"ty":"tr","p":{"a":0,"k":[0,0],"ix":2},"a":{"a":0,"k":[0,0],"ix":1},"s":{"a":0,"k":[100,100],"ix":3},"r":{"a":0,"k":0,"ix":6},"o":{"a":0,"k":100,"ix":7},"sk":{"a":0,"k":0,"ix":4},"sa":{"a":0,"k":0,"ix":5},"nm":"Transform"}],"nm":"Group 1","np":2,"cix":2,"bm":0,"ix":1,"mn":"ADBE Vector Group","hd":false}],"ip":0,"op":24,"st":0,"bm":0},{"ddd":0,"ind":12,"ty":0,"nm":"Mug","refId":"comp_1","sr":1,"ks":{"o":{"a":0,"k":100,"ix":11},"r":{"a":0,"k":0,"ix":10},"p":{"a":0,"k":[512,512,0],"ix":2},"a":{"a":0,"k":[512,512,0],"ix":1},"s":{"a":0,"k":[100,100,100],"ix":6}},"ao":0,"w":1024,"h":1024,"ip":0,"op":70,"st":0,"bm":0}]},{"id":"comp_1","layers":[{"ddd":0,"ind":1,"ty":4,"nm":"Layer 6","sr":1,"ks":{"o":{"a":0,"k":100,"ix":11},"r":{"a":0,"k":0,"ix":10},"p":{"a":0,"k":[468.5,457.455,0],"ix":2},"a":{"a":0,"k":[-5.46,-4.69,0],"ix":1},"s":{"a":0,"k":[1163,1163,100],"ix":6}},"ao":0,"shapes":[{"ty":"gr","it":[{"ind":0,"ty":"sh","ix":1,"ks":{"a":0,"k":{"i":[[-10.61,0],[-2.08,-4.27],[0,0.673],[12.149,0],[0,-5.2],[-0.3,-0.621]],"o":[[10.61,0],[0.3,-0.589],[0,-5.2],[-12.149,0],[0,0.662],[2.08,-4.27]],"v":[[-5.46,-6.686],[16.08,0.976],[16.54,-0.948],[-5.46,-10.356],[-27.46,-0.948],[-27,0.976]],"c":true},"ix":2},"nm":"Path 1","mn":"ADBE Vector Shape - Group","hd":false},{"ty":"gf","o":{"a":0,"k":100,"ix":10},"r":1,"bm":0,"g":{"p":7,"k":{"a":0,"k":[0,0.702,0.761,0.776,0.126,0.727,0.78,0.796,0.252,0.753,0.8,0.816,0.435,0.775,0.818,0.835,0.618,0.796,0.835,0.855,0.809,0.804,0.841,0.861,1,0.812,0.847,0.867],"ix":9}},"s":{"a":0,"k":[-28,-16.38],"ix":5},"e":{"a":0,"k":[16,-16.38],"ix":6},"t":1,"nm":"MG2","mn":"ADBE Vector Graphic - G-Fill","hd":false},{"ty":"tr","p":{"a":0,"k":[0,0],"ix":2},"a":{"a":0,"k":[0,0],"ix":1},"s":{"a":0,"k":[100,100],"ix":3},"r":{"a":0,"k":0,"ix":6},"o":{"a":0,"k":100,"ix":7},"sk":{"a":0,"k":0,"ix":4},"sa":{"a":0,"k":0,"ix":5},"nm":"Transform"}],"nm":"Group 1","np":2,"cix":2,"bm":0,"ix":1,"mn":"ADBE Vector Group","hd":false}],"ip":0,"op":70,"st":0,"bm":0},{"ddd":0,"ind":2,"ty":4,"nm":"Layer 5","sr":1,"ks":{"o":{"a":0,"k":100,"ix":11},"r":{"a":0,"k":0,"ix":10},"p":{"a":0,"k":[468.5,508.435,0],"ix":2},"a":{"a":0,"k":[-5.46,-0.306,0],"ix":1},"s":{"a":0,"k":[1163,1163,100],"ix":6}},"ao":0,"shapes":[{"ty":"gr","it":[{"ind":0,"ty":"sh","ix":1,"ks":{"a":0,"k":{"i":[[-13.554,0],[0,-5.835],[16.22,0],[0,5.837]],"o":[[13.554,0],[0,5.837],[-16.22,0],[0,-5.835]],"v":[[-5.46,-11.39],[19.08,-0.824],[-5.46,10.777],[-30,-0.823]],"c":true},"ix":2},"nm":"Path 1","mn":"ADBE Vector Shape - Group","hd":false},{"ty":"fl","c":{"a":0,"k":[0.901960790157,0.921568632126,0.937254905701,1],"ix":4},"o":{"a":0,"k":100,"ix":5},"r":1,"bm":0,"nm":"Fill 1","mn":"ADBE Vector Graphic - Fill","hd":false},{"ty":"tr","p":{"a":0,"k":[0,0],"ix":2},"a":{"a":0,"k":[0,0],"ix":1},"s":{"a":0,"k":[100,100],"ix":3},"r":{"a":0,"k":0,"ix":6},"o":{"a":0,"k":100,"ix":7},"sk":{"a":0,"k":0,"ix":4},"sa":{"a":0,"k":0,"ix":5},"nm":"Transform"}],"nm":"Group 1","np":2,"cix":2,"bm":0,"ix":1,"mn":"ADBE Vector Group","hd":false}],"ip":0,"op":70,"st":0,"bm":0},{"ddd":0,"ind":3,"ty":4,"nm":"Layer 4","sr":1,"ks":{"o":{"a":0,"k":100,"ix":11},"r":{"a":0,"k":0,"ix":10},"p":{"a":0,"k":[468.5,682.502,0],"ix":2},"a":{"a":0,"k":[-5.46,14.66,0],"ix":1},"s":{"a":0,"k":[1163,1163,100],"ix":6}},"ao":0,"shapes":[{"ty":"gr","it":[{"ind":0,"ty":"sh","ix":1,"ks":{"a":0,"k":{"i":[[0,0],[0,0],[-6.548,-9.781],[-9.16,0],[-2.42,3.62]],"o":[[0,0],[0,0],[2.42,3.62],[9.16,0],[6.548,-9.769]],"v":[[19.08,-0.679],[-30,-0.679],[-22.811,21.189],[-5.46,30],[11.891,21.189]],"c":true},"ix":2},"nm":"Path 1","mn":"ADBE Vector Shape - Group","hd":false},{"ty":"gf","o":{"a":0,"k":100,"ix":10},"r":1,"bm":0,"g":{"p":9,"k":{"a":0,"k":[0,0.902,0.922,0.937,0.143,0.894,0.916,0.931,0.286,0.886,0.91,0.925,0.423,0.865,0.892,0.908,0.561,0.843,0.875,0.89,0.695,0.804,0.843,0.859,0.83,0.765,0.812,0.827,0.915,0.733,0.786,0.802,1,0.702,0.761,0.776],"ix":9}},"s":{"a":0,"k":[-30,41.321],"ix":5},"e":{"a":0,"k":[19.08,41.321],"ix":6},"t":1,"nm":"MG1","mn":"ADBE Vector Graphic - G-Fill","hd":false},{"ty":"tr","p":{"a":0,"k":[0,0],"ix":2},"a":{"a":0,"k":[0,0],"ix":1},"s":{"a":0,"k":[100,100],"ix":3},"r":{"a":0,"k":0,"ix":6},"o":{"a":0,"k":100,"ix":7},"sk":{"a":0,"k":0,"ix":4},"sa":{"a":0,"k":0,"ix":5},"nm":"Transform"}],"nm":"Group 1","np":2,"cix":2,"bm":0,"ix":1,"mn":"ADBE Vector Group","hd":false}],"ip":0,"op":70,"st":0,"bm":0},{"ddd":0,"ind":4,"ty":4,"nm":"hot_beverage","sr":1,"ks":{"o":{"a":0,"k":100,"ix":11},"r":{"a":0,"k":0,"ix":10},"p":{"a":0,"k":[762.088,657.482,0],"ix":2},"a":{"a":0,"k":[752.088,661.482,0],"ix":1},"s":{"a":0,"k":[98,98,100],"ix":6}},"ao":0,"shapes":[{"ty":"gr","it":[{"ind":0,"ty":"sh","ix":1,"ks":{"a":0,"k":{"i":[[0,0],[0,0],[-15.59,14.372],[0,-44.751],[40.023,-29.007],[0,0],[-3.242,2.864],[0,97.511],[70.215,-26.001],[0,0]],"o":[[0,0],[0,0],[19.885,-18.343],[0,73.726],[-16.785,12.145],[0,0],[61.119,-52.145],[0,-47.702],[-4.915,1.876],[0,0]],"v":[[-34.1,-48.963],[-14.556,-53.669],[4.26,-87.121],[91.255,-56.763],[-83.46,68.625],[-119.412,118.422],[-101.682,118.422],[119.412,-52.923],[-0.42,-111.038],[-24.386,-111.038]],"c":true},"ix":2},"nm":"Path 1","mn":"ADBE Vector Shape - Group","hd":false},{"ty":"gf","o":{"a":0,"k":100,"ix":10},"r":1,"bm":0,"g":{"p":3,"k":{"a":0,"k":[0,0.702,0.761,0.776,0.397,0.802,0.841,0.857,1,0.902,0.922,0.937],"ix":9}},"s":{"a":0,"k":[-79.088,-22.396],"ix":5},"e":{"a":0,"k":[87.992,49.508],"ix":6},"t":1,"nm":"handler1Gradient Fill 1","mn":"ADBE Vector Graphic - G-Fill","hd":false},{"ty":"tr","p":{"a":0,"k":[752.088,672.396],"ix":2},"a":{"a":0,"k":[0,0],"ix":1},"s":{"a":0,"k":[100,100],"ix":3},"r":{"a":0,"k":0,"ix":6},"o":{"a":0,"k":100,"ix":7},"sk":{"a":0,"k":0,"ix":4},"sa":{"a":0,"k":0,"ix":5},"nm":"Transform"}],"nm":"Group 1","np":2,"cix":2,"bm":0,"ix":1,"mn":"ADBE Vector Group","hd":false},{"ty":"gr","it":[{"ind":0,"ty":"sh","ix":1,"ks":{"a":0,"k":{"i":[[-167.648,111.148],[0,0],[39.908,-28.887]],"o":[[31.41,-20.834],[0,57.599],[-23.593,24.411]],"v":[[76.026,-9.473],[86.219,-67.323],[-84.673,42.07]],"c":true},"ix":2},"nm":"Path 1","mn":"ADBE Vector Shape - Group","hd":false},{"ty":"gf","o":{"a":0,"k":100,"ix":10},"r":1,"bm":0,"g":{"p":3,"k":{"a":0,"k":[0,0.702,0.765,0.78,0.473,0.778,0.831,0.845,1,0.855,0.898,0.91],"ix":9}},"s":{"a":0,"k":[-93.762,-0.259],"ix":5},"e":{"a":0,"k":[92.689,-0.259],"ix":6},"t":1,"nm":"handler2","mn":"ADBE Vector Graphic - G-Fill","hd":false},{"ty":"tr","p":{"a":0,"k":[756.762,678.259],"ix":2},"a":{"a":0,"k":[0,0],"ix":1},"s":{"a":0,"k":[100,100],"ix":3},"r":{"a":0,"k":0,"ix":6},"o":{"a":0,"k":100,"ix":7},"sk":{"a":0,"k":0,"ix":4},"sa":{"a":0,"k":0,"ix":5},"nm":"Transform"}],"nm":"Group 2","np":2,"cix":2,"bm":0,"ix":2,"mn":"ADBE Vector Group","hd":false},{"ty":"gr","it":[{"ind":0,"ty":"sh","ix":1,"ks":{"a":0,"k":{"i":[[0,0],[119.831,-32.584],[0,0],[0,0],[-73.933,-105.937]],"o":[[0,0],[-5.035,1.492],[0,0],[0.116,0],[0,0]],"v":[[76.814,45.413],[-43.018,-39.711],[-63.511,-40.457],[-76.814,26.335],[76.814,45.413]],"c":false},"ix":2},"nm":"Path 1","mn":"ADBE Vector Shape - Group","hd":false},{"ty":"gf","o":{"a":0,"k":100,"ix":10},"r":1,"bm":0,"g":{"p":3,"k":{"a":0,"k":[0.091,0.702,0.761,0.776,0.271,0.802,0.841,0.857,0.545,0.902,0.922,0.937],"ix":9}},"s":{"a":0,"k":[-77.686,-0.286],"ix":5},"e":{"a":0,"k":[75.942,-0.286],"ix":6},"t":1,"nm":"handler3Gradient Fill 1","mn":"ADBE Vector Graphic - G-Fill","hd":false},{"ty":"tr","p":{"a":0,"k":[794.686,576.286],"ix":2},"a":{"a":0,"k":[0,0],"ix":1},"s":{"a":0,"k":[100,100],"ix":3},"r":{"a":0,"k":0,"ix":6},"o":{"a":0,"k":100,"ix":7},"sk":{"a":0,"k":0,"ix":4},"sa":{"a":0,"k":0,"ix":5},"nm":"Transform"}],"nm":"Group 3","np":2,"cix":2,"bm":0,"ix":3,"mn":"ADBE Vector Group","hd":false}],"ip":0,"op":70,"st":0,"bm":0}]}],"layers":[{"ddd":0,"ind":1,"ty":0,"nm":"hot_beverage","refId":"comp_0","sr":1,"ks":{"o":{"a":0,"k":100,"ix":11},"r":{"a":0,"k":0,"ix":10},"p":{"a":0,"k":[512,512,0],"ix":2},"a":{"a":0,"k":[512,512,0],"ix":1},"s":{"a":0,"k":[115,115,100],"ix":6}},"ao":0,"w":1024,"h":1024,"ip":0,"op":24,"st":0,"bm":0}],"markers":[]}