{"v":"5.6.2","fr":24,"ip":0,"op":48,"w":1024,"h":1024,"nm":"clinking_beer_mugs","ddd":0,"assets":[{"id":"comp_0","layers":[{"ddd":0,"ind":1,"ty":4,"nm":"Foam drop 3","parent":7,"sr":1,"ks":{"o":{"a":1,"k":[{"i":{"x":[0.833],"y":[0.833]},"o":{"x":[0.167],"y":[0.167]},"t":29,"s":[100]},{"t":35,"s":[0]}],"ix":11},"r":{"a":0,"k":-3.495,"ix":10},"p":{"a":0,"k":[-244.886,178.148,0],"ix":2},"a":{"a":0,"k":[-11.79,-7.225,0],"ix":1},"s":{"a":0,"k":[83.333,83.333,100],"ix":6}},"ao":0,"shapes":[{"ty":"gr","it":[{"ind":0,"ty":"sh","ix":1,"ks":{"a":1,"k":[{"i":{"x":0.667,"y":1},"o":{"x":0.333,"y":0},"t":-22,"s":[{"i":[[-2.142,-2.48],[-0.201,-0.474],[-0.263,0.116],[-0.618,0.184]],"o":[[0.205,0.235],[0.201,0.474],[0.263,-0.116],[3.992,-1.426]],"v":[[-12.756,-11.595],[-12.195,-10.515],[-11.133,-10.193],[-10.125,-10.652]],"c":true}]},{"i":{"x":0.667,"y":1},"o":{"x":0.333,"y":0},"t":-18,"s":[{"i":[[-1.502,-2.913],[0.057,-1.038],[0.004,0.826],[-1.707,0.848]],"o":[[1,1.943],[-0.057,1.038],[-0.004,-0.826],[4.105,-2.039]],"v":[[-12.756,-11.595],[-12.727,-8.153],[-11.413,-8.222],[-10.125,-10.652]],"c":true}]},{"i":{"x":0.667,"y":1},"o":{"x":0.333,"y":0},"t":-8,"s":[{"i":[[-1.502,-2.913],[0.176,-2.009],[-0.211,2.401],[-1.707,0.848]],"o":[[1,1.943],[-0.236,2.715],[0.188,-2.138],[4.105,-2.039]],"v":[[-12.756,-11.595],[-13.436,-4.867],[-11.311,-4.681],[-10.125,-10.652]],"c":true}]},{"i":{"x":0.833,"y":0.833},"o":{"x":0.333,"y":0},"t":-5,"s":[{"i":[[0.007,-1.077],[0.176,-2.009],[-0.211,2.401],[-0.778,1.413]],"o":[[0,1.464],[-0.236,2.715],[0.188,-2.138],[0.489,-0.888]],"v":[[-12.349,-9.004],[-13.625,-3.743],[-11.5,-3.557],[-10.854,-8.754]],"c":true}]},{"i":{"x":0.667,"y":1},"o":{"x":0.167,"y":0.167},"t":9,"s":[{"i":[[0.349,-0.852],[0.176,-2.009],[-0.211,2.401],[0.021,0.934]],"o":[[-0.521,1.354],[-0.236,2.715],[0.188,-2.138],[0.128,-1.03]],"v":[[-13.57,-2.907],[-14.382,0.754],[-12.257,0.94],[-12.152,-2.579]],"c":true}]},{"t":24,"s":[{"i":[[0.129,-0.079],[-0.145,-0.172],[-0.124,0.14],[0.076,0.152]],"o":[[-0.126,0.105],[0.161,0.19],[0.091,-0.12],[-0.066,-0.144]],"v":[[-14.465,12.368],[-14.544,12.853],[-14.068,12.895],[-14.016,12.423]],"c":true}]}],"ix":2},"nm":"Path 1","mn":"ADBE Vector Shape - Group","hd":false},{"ty":"fl","c":{"a":0,"k":[1,0.952941179276,0.890196084976,1],"ix":4},"o":{"a":0,"k":100,"ix":5},"r":1,"bm":0,"nm":"Fill 1","mn":"ADBE Vector Graphic - Fill","hd":false},{"ty":"tr","p":{"a":0,"k":[0,0],"ix":2},"a":{"a":0,"k":[0,0],"ix":1},"s":{"a":0,"k":[100,100],"ix":3},"r":{"a":0,"k":0,"ix":6},"o":{"a":0,"k":100,"ix":7},"sk":{"a":0,"k":0,"ix":4},"sa":{"a":0,"k":0,"ix":5},"nm":"Transform"}],"nm":"Foam drop","np":2,"cix":2,"bm":0,"ix":1,"mn":"ADBE Vector Group","hd":false}],"ip":0,"op":26,"st":-22,"bm":0},{"ddd":0,"ind":2,"ty":4,"nm":"Foam drop 2","parent":7,"sr":1,"ks":{"o":{"a":1,"k":[{"i":{"x":[0.833],"y":[0.833]},"o":{"x":[0.167],"y":[0.167]},"t":77,"s":[100]},{"t":83,"s":[0]}],"ix":11},"r":{"a":0,"k":-3.495,"ix":10},"p":{"a":0,"k":[-244.886,178.148,0],"ix":2},"a":{"a":0,"k":[-11.79,-7.225,0],"ix":1},"s":{"a":0,"k":[83.333,83.333,100],"ix":6}},"ao":0,"shapes":[{"ty":"gr","it":[{"ind":0,"ty":"sh","ix":1,"ks":{"a":1,"k":[{"i":{"x":0.667,"y":1},"o":{"x":0.333,"y":0},"t":26,"s":[{"i":[[-2.142,-2.48],[-0.201,-0.474],[-0.263,0.116],[-0.618,0.184]],"o":[[0.205,0.235],[0.201,0.474],[0.263,-0.116],[3.992,-1.426]],"v":[[-12.756,-11.595],[-12.195,-10.515],[-11.133,-10.193],[-10.125,-10.652]],"c":true}]},{"i":{"x":0.667,"y":1},"o":{"x":0.333,"y":0},"t":30,"s":[{"i":[[-1.502,-2.913],[0.057,-1.038],[0.004,0.826],[-1.707,0.848]],"o":[[1,1.943],[-0.057,1.038],[-0.004,-0.826],[4.105,-2.039]],"v":[[-12.756,-11.595],[-12.727,-8.153],[-11.413,-8.222],[-10.125,-10.652]],"c":true}]},{"i":{"x":0.667,"y":1},"o":{"x":0.333,"y":0},"t":40,"s":[{"i":[[-1.502,-2.913],[0.176,-2.009],[-0.211,2.401],[-1.707,0.848]],"o":[[1,1.943],[-0.236,2.715],[0.188,-2.138],[4.105,-2.039]],"v":[[-12.756,-11.595],[-13.436,-4.867],[-11.311,-4.681],[-10.125,-10.652]],"c":true}]},{"i":{"x":0.833,"y":0.833},"o":{"x":0.333,"y":0},"t":43,"s":[{"i":[[0.007,-1.077],[0.176,-2.009],[-0.211,2.401],[-0.778,1.413]],"o":[[0,1.464],[-0.236,2.715],[0.188,-2.138],[0.489,-0.888]],"v":[[-12.349,-9.004],[-13.625,-3.743],[-11.5,-3.557],[-10.854,-8.754]],"c":true}]},{"i":{"x":0.667,"y":1},"o":{"x":0.167,"y":0.167},"t":57,"s":[{"i":[[0.349,-0.852],[0.176,-2.009],[-0.211,2.401],[0.021,0.934]],"o":[[-0.521,1.354],[-0.236,2.715],[0.188,-2.138],[0.128,-1.03]],"v":[[-13.57,-2.907],[-14.382,0.754],[-12.257,0.94],[-12.152,-2.579]],"c":true}]},{"t":72,"s":[{"i":[[0.129,-0.079],[-0.145,-0.172],[-0.124,0.14],[0.076,0.152]],"o":[[-0.126,0.105],[0.161,0.19],[0.091,-0.12],[-0.066,-0.144]],"v":[[-14.465,12.368],[-14.544,12.853],[-14.068,12.895],[-14.016,12.423]],"c":true}]}],"ix":2},"nm":"Path 1","mn":"ADBE Vector Shape - Group","hd":false},{"ty":"fl","c":{"a":0,"k":[1,0.952941179276,0.890196084976,1],"ix":4},"o":{"a":0,"k":100,"ix":5},"r":1,"bm":0,"nm":"Fill 1","mn":"ADBE Vector Graphic - Fill","hd":false},{"ty":"tr","p":{"a":0,"k":[0,0],"ix":2},"a":{"a":0,"k":[0,0],"ix":1},"s":{"a":0,"k":[100,100],"ix":3},"r":{"a":0,"k":0,"ix":6},"o":{"a":0,"k":100,"ix":7},"sk":{"a":0,"k":0,"ix":4},"sa":{"a":0,"k":0,"ix":5},"nm":"Transform"}],"nm":"Foam drop","np":2,"cix":2,"bm":0,"ix":1,"mn":"ADBE Vector Group","hd":false}],"ip":26,"op":48,"st":26,"bm":0},{"ddd":0,"ind":3,"ty":4,"nm":"Foam drop","parent":5,"sr":1,"ks":{"o":{"a":1,"k":[{"i":{"x":[0.833],"y":[0.833]},"o":{"x":[0.167],"y":[0.167]},"t":51,"s":[100]},{"t":57,"s":[0]}],"ix":11},"r":{"a":0,"k":-1.53,"ix":10},"p":{"a":0,"k":[-245.025,179.541,0],"ix":2},"a":{"a":0,"k":[-11.79,-7.225,0],"ix":1},"s":{"a":0,"k":[83.333,83.333,100],"ix":6}},"ao":0,"shapes":[{"ty":"gr","it":[{"ind":0,"ty":"sh","ix":1,"ks":{"a":1,"k":[{"i":{"x":0.667,"y":1},"o":{"x":0.333,"y":0},"t":0,"s":[{"i":[[-2.142,-2.48],[-0.201,-0.474],[-0.263,0.116],[-0.618,0.184]],"o":[[0.205,0.235],[0.201,0.474],[0.263,-0.116],[3.992,-1.426]],"v":[[-12.756,-11.595],[-12.195,-10.515],[-11.133,-10.193],[-10.125,-10.652]],"c":true}]},{"i":{"x":0.667,"y":1},"o":{"x":0.333,"y":0},"t":4,"s":[{"i":[[-1.502,-2.913],[0.057,-1.038],[0.004,0.826],[-1.707,0.848]],"o":[[1,1.943],[-0.057,1.038],[-0.004,-0.826],[4.105,-2.039]],"v":[[-12.756,-11.595],[-12.727,-8.153],[-11.413,-8.222],[-10.125,-10.652]],"c":true}]},{"i":{"x":0.667,"y":1},"o":{"x":0.333,"y":0},"t":14,"s":[{"i":[[-1.502,-2.913],[0.176,-2.009],[-0.211,2.401],[-1.707,0.848]],"o":[[1,1.943],[-0.236,2.715],[0.188,-2.138],[4.105,-2.039]],"v":[[-12.756,-11.595],[-13.436,-4.867],[-11.311,-4.681],[-10.125,-10.652]],"c":true}]},{"i":{"x":0.833,"y":0.833},"o":{"x":0.333,"y":0},"t":17,"s":[{"i":[[0.007,-1.077],[0.176,-2.009],[-0.211,2.401],[-0.778,1.413]],"o":[[0,1.464],[-0.236,2.715],[0.188,-2.138],[0.489,-0.888]],"v":[[-12.349,-9.004],[-13.625,-3.743],[-11.5,-3.557],[-10.854,-8.754]],"c":true}]},{"i":{"x":0.667,"y":1},"o":{"x":0.167,"y":0.167},"t":31,"s":[{"i":[[0.349,-0.852],[0.176,-2.009],[-0.211,2.401],[0.021,0.934]],"o":[[-0.521,1.354],[-0.236,2.715],[0.188,-2.138],[0.128,-1.03]],"v":[[-13.57,-2.907],[-14.382,0.754],[-12.257,0.94],[-12.152,-2.579]],"c":true}]},{"t":46,"s":[{"i":[[0.129,-0.079],[-0.145,-0.172],[-0.124,0.14],[0.076,0.152]],"o":[[-0.126,0.105],[0.161,0.19],[0.091,-0.12],[-0.066,-0.144]],"v":[[-14.465,12.368],[-14.544,12.853],[-14.068,12.895],[-14.016,12.423]],"c":true}]}],"ix":2},"nm":"Path 1","mn":"ADBE Vector Shape - Group","hd":false},{"ty":"fl","c":{"a":0,"k":[1,0.952941179276,0.890196084976,1],"ix":4},"o":{"a":0,"k":100,"ix":5},"r":1,"bm":0,"nm":"Fill 1","mn":"ADBE Vector Graphic - Fill","hd":false},{"ty":"tr","p":{"a":0,"k":[0,0],"ix":2},"a":{"a":0,"k":[0,0],"ix":1},"s":{"a":0,"k":[100,100],"ix":3},"r":{"a":0,"k":0,"ix":6},"o":{"a":0,"k":100,"ix":7},"sk":{"a":0,"k":0,"ix":4},"sa":{"a":0,"k":0,"ix":5},"nm":"Transform"}],"nm":"Foam drop","np":2,"cix":2,"bm":0,"ix":1,"mn":"ADBE Vector Group","hd":false}],"ip":0,"op":70,"st":0,"bm":0},{"ddd":0,"ind":4,"ty":4,"nm":"Ref","sr":1,"ks":{"o":{"a":1,"k":[{"i":{"x":[0],"y":[1]},"o":{"x":[0.167],"y":[0.167]},"t":0,"s":[0]},{"i":{"x":[0.833],"y":[1]},"o":{"x":[0.167],"y":[0]},"t":10,"s":[100]},{"t":18,"s":[0]}],"ix":11},"r":{"a":0,"k":0,"ix":10},"p":{"a":0,"k":[357.061,262.044,0],"ix":2},"a":{"a":0,"k":[-242.994,173.766,0],"ix":1},"s":{"a":1,"k":[{"i":{"x":[0,0,0.667],"y":[1,1,1]},"o":{"x":[0.167,0.167,0.167],"y":[0.167,0.167,16.667]},"t":0,"s":[0,0,100]},{"t":18,"s":[1200,1200,100]}],"ix":6}},"ao":0,"shapes":[{"ty":"gr","it":[{"ind":0,"ty":"sh","ix":1,"ks":{"a":0,"k":{"i":[[3.587,-2.071],[-0.282,0.164]],"o":[[-3.588,2.07],[0.284,-0.164]],"v":[[-253.791,159.371],[-249.003,167.666]],"c":true},"ix":2},"nm":"Path 1","mn":"ADBE Vector Shape - Group","hd":false},{"ty":"fl","c":{"a":0,"k":[0.058823529631,0.705882370472,0.831372559071,1],"ix":4},"o":{"a":0,"k":100,"ix":5},"r":1,"bm":0,"nm":"Fill 1","mn":"ADBE Vector Graphic - Fill","hd":false},{"ty":"tr","p":{"a":0,"k":[0,0],"ix":2},"a":{"a":0,"k":[0,0],"ix":1},"s":{"a":0,"k":[100,100],"ix":3},"r":{"a":0,"k":0,"ix":6},"o":{"a":0,"k":100,"ix":7},"sk":{"a":0,"k":0,"ix":4},"sa":{"a":0,"k":0,"ix":5},"nm":"Transform"}],"nm":"Group 1","np":2,"cix":2,"bm":0,"ix":1,"mn":"ADBE Vector Group","hd":false},{"ty":"gr","it":[{"ind":0,"ty":"sh","ix":1,"ks":{"a":0,"k":{"i":[[-4.144,0],[0.327,0]],"o":[[4.138,0.001],[-0.328,0]],"v":[[-245.202,157.058],[-245.204,166.637]],"c":true},"ix":2},"nm":"Path 1","mn":"ADBE Vector Shape - Group","hd":false},{"ty":"fl","c":{"a":0,"k":[0.058823529631,0.705882370472,0.831372559071,1],"ix":4},"o":{"a":0,"k":100,"ix":5},"r":1,"bm":0,"nm":"Fill 1","mn":"ADBE Vector Graphic - Fill","hd":false},{"ty":"tr","p":{"a":0,"k":[0,0],"ix":2},"a":{"a":0,"k":[0,0],"ix":1},"s":{"a":0,"k":[100,100],"ix":3},"r":{"a":0,"k":0,"ix":6},"o":{"a":0,"k":100,"ix":7},"sk":{"a":0,"k":0,"ix":4},"sa":{"a":0,"k":0,"ix":5},"nm":"Transform"}],"nm":"Group 2","np":2,"cix":2,"bm":0,"ix":2,"mn":"ADBE Vector Group","hd":false},{"ty":"gr","it":[{"ind":0,"ty":"sh","ix":1,"ks":{"a":0,"k":{"i":[[2.072,-3.59],[-0.162,0.284]],"o":[[-2.069,3.584],[0.165,-0.282]],"v":[[-260.088,165.652],[-251.792,170.44]],"c":true},"ix":2},"nm":"Path 1","mn":"ADBE Vector Shape - Group","hd":false},{"ty":"fl","c":{"a":0,"k":[0.058823529631,0.705882370472,0.831372559071,1],"ix":4},"o":{"a":0,"k":100,"ix":5},"r":1,"bm":0,"nm":"Fill 1","mn":"ADBE Vector Graphic - Fill","hd":false},{"ty":"tr","p":{"a":0,"k":[0,0],"ix":2},"a":{"a":0,"k":[0,0],"ix":1},"s":{"a":0,"k":[100,100],"ix":3},"r":{"a":0,"k":0,"ix":6},"o":{"a":0,"k":100,"ix":7},"sk":{"a":0,"k":0,"ix":4},"sa":{"a":0,"k":0,"ix":5},"nm":"Transform"}],"nm":"Group 3","np":2,"cix":2,"bm":0,"ix":3,"mn":"ADBE Vector Group","hd":false}],"ip":0,"op":48,"st":0,"bm":0},{"ddd":0,"ind":5,"ty":4,"nm":"R_Mug","sr":1,"ks":{"o":{"a":0,"k":100,"ix":11},"r":{"a":1,"k":[{"i":{"x":[0],"y":[1]},"o":{"x":[0.167],"y":[0.167]},"t":0,"s":[0]},{"i":{"x":[0],"y":[0.923]},"o":{"x":[0.333],"y":[0]},"t":19,"s":[-13]},{"i":{"x":[0.833],"y":[0.833]},"o":{"x":[0.333],"y":[0]},"t":38,"s":[0]},{"i":{"x":[0.833],"y":[0.833]},"o":{"x":[0.167],"y":[0.167]},"t":45,"s":[12.274]},{"t":48,"s":[0]}],"ix":10},"p":{"a":1,"k":[{"i":{"x":0.667,"y":1},"o":{"x":0.167,"y":0.167},"t":0,"s":[286.274,497.559,0],"to":[0,-3.333,0],"ti":[21.667,0,0]},{"i":{"x":0,"y":0.992},"o":{"x":0.333,"y":0},"t":19,"s":[286.274,477.559,0],"to":[-21.667,0,0],"ti":[0,-3.333,0]},{"i":{"x":0.833,"y":0.833},"o":{"x":0.333,"y":0},"t":38,"s":[156.274,497.559,0],"to":[0,3.333,0],"ti":[-84.333,63,0]},{"t":48,"s":[286.274,497.559,0]}],"ix":2},"a":{"a":0,"k":[-251.226,182.559,0],"ix":1},"s":{"a":0,"k":[1200,1200,100],"ix":6}},"ao":0,"shapes":[{"ty":"gr","it":[{"ty":"gr","it":[{"ind":0,"ty":"sh","ix":1,"ks":{"a":0,"k":{"i":[[2.055,0.306],[0,0],[0,0],[-2.613,-0.229],[-1.941,-0.355]],"o":[[0.824,0.757],[-3.654,-1.85],[2.777,0.004],[2.057,0.18],[-1.562,-0.545]],"v":[[-234.897,171.932],[-234.121,173.082],[-240.701,172.156],[-234.852,173.879],[-230.973,173.814]],"c":true},"ix":2},"nm":"Path 1","mn":"ADBE Vector Shape - Group","hd":false},{"ty":"fl","c":{"a":0,"k":[1,1,1,1],"ix":4},"o":{"a":0,"k":100,"ix":5},"r":1,"bm":0,"nm":"Fill 1","mn":"ADBE Vector Graphic - Fill","hd":false},{"ty":"tr","p":{"a":0,"k":[0,0],"ix":2},"a":{"a":0,"k":[0,0],"ix":1},"s":{"a":0,"k":[100,100],"ix":3},"r":{"a":0,"k":0,"ix":6},"o":{"a":0,"k":100,"ix":7},"sk":{"a":0,"k":0,"ix":4},"sa":{"a":0,"k":0,"ix":5},"nm":"Transform"}],"nm":"Group 1","np":2,"cix":2,"bm":0,"ix":1,"mn":"ADBE Vector Group","hd":false},{"ty":"gr","it":[{"ind":0,"ty":"sh","ix":1,"ks":{"a":0,"k":{"i":[[0.33,1.535],[0,0]],"o":[[-0.328,-1.534],[0.787,0.849]],"v":[[-224.701,175.576],[-227.807,174.003]],"c":true},"ix":2},"nm":"Path 1","mn":"ADBE Vector Shape - Group","hd":false},{"ty":"fl","c":{"a":0,"k":[1,1,1,1],"ix":4},"o":{"a":0,"k":100,"ix":5},"r":1,"bm":0,"nm":"Fill 1","mn":"ADBE Vector Graphic - Fill","hd":false},{"ty":"tr","p":{"a":0,"k":[0,0],"ix":2},"a":{"a":0,"k":[0,0],"ix":1},"s":{"a":0,"k":[100,100],"ix":3},"r":{"a":0,"k":0,"ix":6},"o":{"a":0,"k":100,"ix":7},"sk":{"a":0,"k":0,"ix":4},"sa":{"a":0,"k":0,"ix":5},"nm":"Transform"}],"nm":"Group 3","np":2,"cix":2,"bm":0,"ix":2,"mn":"ADBE Vector Group","hd":false},{"ty":"gr","it":[{"ind":0,"ty":"sh","ix":1,"ks":{"a":0,"k":{"i":[[1.539,-1.966],[3.506,-3.514],[4.105,-2.039],[1,1.942],[0.724,-0.913],[-5.211,-1.894],[-3.342,-1.322],[-1.607,-0.506],[0.109,-2.951]],"o":[[-2.666,3.405],[-2.492,2.494],[-1.707,0.849],[-1.502,-2.913],[-1.639,-2.204],[2.713,0.986],[2.441,0.966],[1.57,0.495],[-0.084,2.244]],"v":[[-228.522,176.413],[-235.184,177.346],[-243.459,176.405],[-246.09,175.462],[-250.304,174.605],[-240.703,170.58],[-231.555,170.925],[-227.131,173.356],[-224.123,176.758]],"c":true},"ix":2},"nm":"Path 1","mn":"ADBE Vector Shape - Group","hd":false},{"ty":"fl","c":{"a":0,"k":[1,0.952941179276,0.890196084976,1],"ix":4},"o":{"a":0,"k":100,"ix":5},"r":1,"bm":0,"nm":"Fill 1","mn":"ADBE Vector Graphic - Fill","hd":false},{"ty":"tr","p":{"a":0,"k":[0,0],"ix":2},"a":{"a":0,"k":[0,0],"ix":1},"s":{"a":0,"k":[100,100],"ix":3},"r":{"a":0,"k":0,"ix":6},"o":{"a":0,"k":100,"ix":7},"sk":{"a":0,"k":0,"ix":4},"sa":{"a":0,"k":0,"ix":5},"nm":"Transform"}],"nm":"Group 4","np":2,"cix":2,"bm":0,"ix":3,"mn":"ADBE Vector Group","hd":false},{"ty":"tr","p":{"a":0,"k":[0,0],"ix":2},"a":{"a":0,"k":[0,0],"ix":1},"s":{"a":0,"k":[100,100],"ix":3},"r":{"a":0,"k":0,"ix":6},"o":{"a":0,"k":100,"ix":7},"sk":{"a":0,"k":0,"ix":4},"sa":{"a":0,"k":0,"ix":5},"nm":"Transform"}],"nm":"Group 1","np":3,"cix":2,"bm":0,"ix":1,"mn":"ADBE Vector Group","hd":false},{"ty":"gr","it":[{"ind":0,"ty":"sh","ix":1,"ks":{"a":0,"k":{"i":[[0,0],[0.037,-7.389],[-0.1,1.568],[-0.826,8.657]],"o":[[-0.98,9.357],[-0.006,1.025],[0.453,-7.181],[0,0]],"v":[[-227.356,179.451],[-229.756,205.756],[-232.76,205.592],[-230.342,179.19]],"c":true},"ix":2},"nm":"Path 1","mn":"ADBE Vector Shape - Group","hd":false},{"ty":"gf","o":{"a":0,"k":100,"ix":10},"r":1,"bm":0,"g":{"p":3,"k":{"a":0,"k":[0,1,1,1,0.23,1,1,1,1,1,1,1,0,0,0.23,0.5,1,1],"ix":9}},"s":{"a":0,"k":[-227.482,205.913],"ix":5},"e":{"a":0,"k":[-223.89,179.119],"ix":6},"t":1,"nm":"g11G","mn":"ADBE Vector Graphic - G-Fill","hd":false},{"ty":"tr","p":{"a":0,"k":[0,0],"ix":2},"a":{"a":0,"k":[0,0],"ix":1},"s":{"a":0,"k":[100,100],"ix":3},"r":{"a":0,"k":0,"ix":6},"o":{"a":0,"k":50,"ix":7},"sk":{"a":0,"k":0,"ix":4},"sa":{"a":0,"k":0,"ix":5},"nm":"Transform"}],"nm":"Group 2","np":2,"cix":2,"bm":0,"ix":2,"mn":"ADBE Vector Group","hd":false},{"ty":"gr","it":[{"ind":0,"ty":"sh","ix":1,"ks":{"a":0,"k":{"i":[[0.09,-1.033],[-0.09,1.033]],"o":[[-0.09,1.034],[0.092,-1.033]],"v":[[-233.34,189.748],[-234.891,189.613]],"c":true},"ix":2},"nm":"Path 1","mn":"ADBE Vector Shape - Group","hd":false},{"ty":"fl","c":{"a":0,"k":[0.831372559071,0.466666668653,0.023529412225,1],"ix":4},"o":{"a":0,"k":100,"ix":5},"r":1,"bm":0,"nm":"Fill 1","mn":"ADBE Vector Graphic - Fill","hd":false},{"ty":"tr","p":{"a":1,"k":[{"i":{"x":0.833,"y":0.833},"o":{"x":0.333,"y":0},"t":0,"s":[-2,4],"to":[0.333,-0.667],"ti":[-0.167,1.5]},{"i":{"x":0.667,"y":1},"o":{"x":0.167,"y":0.167},"t":7,"s":[0,0],"to":[0.167,-1.5],"ti":[0.167,0.833]},{"t":19,"s":[-1,-5]}],"ix":2},"a":{"a":0,"k":[0,0],"ix":1},"s":{"a":0,"k":[100,100],"ix":3},"r":{"a":0,"k":0,"ix":6},"o":{"a":1,"k":[{"i":{"x":[0.833],"y":[0.833]},"o":{"x":[0.333],"y":[0]},"t":0,"s":[0]},{"i":{"x":[0.667],"y":[1]},"o":{"x":[0.167],"y":[0.167]},"t":7,"s":[100]},{"t":19,"s":[0]}],"ix":7},"sk":{"a":0,"k":0,"ix":4},"sa":{"a":0,"k":0,"ix":5},"nm":"Transform"}],"nm":"Group 5","np":2,"cix":2,"bm":0,"ix":3,"mn":"ADBE Vector Group","hd":false},{"ty":"gr","it":[{"ind":0,"ty":"sh","ix":1,"ks":{"a":0,"k":{"i":[[0.18,-2.066],[-0.182,2.067]],"o":[[-0.182,2.067],[0.18,-2.067]],"v":[[-236.047,193.906],[-239.148,193.635]],"c":true},"ix":2},"nm":"Path 1","mn":"ADBE Vector Shape - Group","hd":false},{"ty":"fl","c":{"a":0,"k":[0.831372559071,0.466666668653,0.023529412225,1],"ix":4},"o":{"a":0,"k":100,"ix":5},"r":1,"bm":0,"nm":"Fill 1","mn":"ADBE Vector Graphic - Fill","hd":false},{"ty":"tr","p":{"a":1,"k":[{"i":{"x":0.833,"y":0.833},"o":{"x":0.333,"y":0},"t":0,"s":[3,7],"to":[-0.5,-1.167],"ti":[0.333,3.167]},{"i":{"x":0.667,"y":1},"o":{"x":0.167,"y":0.167},"t":7,"s":[0,0],"to":[-0.333,-3.167],"ti":[-0.167,2]},{"t":19,"s":[1,-12]}],"ix":2},"a":{"a":0,"k":[0,0],"ix":1},"s":{"a":0,"k":[100,100],"ix":3},"r":{"a":0,"k":0,"ix":6},"o":{"a":1,"k":[{"i":{"x":[0.833],"y":[0.833]},"o":{"x":[0.333],"y":[0]},"t":0,"s":[0]},{"i":{"x":[0.667],"y":[1]},"o":{"x":[0.167],"y":[0.167]},"t":7,"s":[100]},{"t":19,"s":[0]}],"ix":7},"sk":{"a":0,"k":0,"ix":4},"sa":{"a":0,"k":0,"ix":5},"nm":"Transform"}],"nm":"Group 6","np":2,"cix":2,"bm":0,"ix":4,"mn":"ADBE Vector Group","hd":false},{"ty":"gr","it":[{"ind":0,"ty":"sh","ix":1,"ks":{"a":0,"k":{"i":[[0.137,-1.55],[-0.137,1.55]],"o":[[-0.135,1.551],[0.135,-1.551]],"v":[[-233.537,196.47],[-235.863,196.267]],"c":true},"ix":2},"nm":"Path 1","mn":"ADBE Vector Shape - Group","hd":false},{"ty":"fl","c":{"a":0,"k":[0.831372559071,0.466666668653,0.023529412225,1],"ix":4},"o":{"a":0,"k":100,"ix":5},"r":1,"bm":0,"nm":"Fill 1","mn":"ADBE Vector Graphic - Fill","hd":false},{"ty":"tr","p":{"a":1,"k":[{"i":{"x":0.833,"y":0.833},"o":{"x":0.333,"y":0},"t":0,"s":[-4,12],"to":[0.667,-2],"ti":[-1.333,4]},{"i":{"x":0.667,"y":1},"o":{"x":0.167,"y":0.167},"t":7,"s":[0,0],"to":[1.333,-4],"ti":[-0.667,2]},{"t":19,"s":[4,-12]}],"ix":2},"a":{"a":0,"k":[0,0],"ix":1},"s":{"a":0,"k":[100,100],"ix":3},"r":{"a":0,"k":0,"ix":6},"o":{"a":1,"k":[{"i":{"x":[0.833],"y":[0.833]},"o":{"x":[0.333],"y":[0]},"t":0,"s":[0]},{"i":{"x":[0.667],"y":[1]},"o":{"x":[0.167],"y":[0.167]},"t":7,"s":[100]},{"t":19,"s":[0]}],"ix":7},"sk":{"a":0,"k":0,"ix":4},"sa":{"a":0,"k":0,"ix":5},"nm":"Transform"}],"nm":"Group 7","np":2,"cix":2,"bm":0,"ix":5,"mn":"ADBE Vector Group","hd":false},{"ty":"gr","it":[{"ind":0,"ty":"sh","ix":1,"ks":{"a":0,"k":{"i":[[0.225,-2.584],[-0.227,2.586]],"o":[[-0.227,2.584],[0.227,-2.584]],"v":[[-235.426,202.436],[-239.303,202.096]],"c":true},"ix":2},"nm":"Path 1","mn":"ADBE Vector Shape - Group","hd":false},{"ty":"fl","c":{"a":0,"k":[0.831372559071,0.466666668653,0.023529412225,1],"ix":4},"o":{"a":0,"k":100,"ix":5},"r":1,"bm":0,"nm":"Fill 1","mn":"ADBE Vector Graphic - Fill","hd":false},{"ty":"tr","p":{"a":1,"k":[{"i":{"x":0.833,"y":0.833},"o":{"x":0.333,"y":0},"t":0,"s":[3,5],"to":[-0.5,-0.833],"ti":[1,3.5]},{"i":{"x":0.667,"y":1},"o":{"x":0.167,"y":0.167},"t":7,"s":[0,0],"to":[-1,-3.5],"ti":[0.5,2.667]},{"t":19,"s":[-3,-16]}],"ix":2},"a":{"a":0,"k":[0,0],"ix":1},"s":{"a":0,"k":[100,100],"ix":3},"r":{"a":0,"k":0,"ix":6},"o":{"a":1,"k":[{"i":{"x":[0.833],"y":[0.833]},"o":{"x":[0.333],"y":[0]},"t":0,"s":[0]},{"i":{"x":[0.667],"y":[1]},"o":{"x":[0.167],"y":[0.167]},"t":7,"s":[100]},{"t":19,"s":[0]}],"ix":7},"sk":{"a":0,"k":0,"ix":4},"sa":{"a":0,"k":0,"ix":5},"nm":"Transform"}],"nm":"Group 8","np":2,"cix":2,"bm":0,"ix":6,"mn":"ADBE Vector Group","hd":false},{"ty":"gr","it":[{"ind":0,"ty":"sh","ix":1,"ks":{"a":1,"k":[{"i":{"x":0.667,"y":1},"o":{"x":0.333,"y":0},"t":0,"s":[{"i":[[0.066,-0.751],[0.336,-3.836],[-8.846,-1.034],[0,0]],"o":[[0,0],[8.891,0.518],[0.336,-3.838],[0.066,-0.751]],"v":[[-249.342,173.279],[-249.914,179.818],[-225.879,181.922],[-225.307,175.382]],"c":true}]},{"i":{"x":0.667,"y":1},"o":{"x":0.333,"y":0},"t":7,"s":[{"i":[[0.066,-0.751],[0.336,-3.836],[-9.11,-0.375],[0,0]],"o":[[0,0],[8.957,-0.954],[0.336,-3.838],[0.066,-0.751]],"v":[[-249.342,173.279],[-249.956,182.428],[-225.794,178.626],[-225.307,175.382]],"c":true}]},{"i":{"x":0.667,"y":1},"o":{"x":0.333,"y":0},"t":19,"s":[{"i":[[0.066,-0.751],[0.336,-3.836],[-6.07,-2.347],[0,0]],"o":[[0,0],[8.149,2.252],[0.336,-3.838],[0.066,-0.751]],"v":[[-249.342,173.279],[-249.59,175.554],[-226.57,186.867],[-225.307,175.382]],"c":true}]},{"i":{"x":0.667,"y":1},"o":{"x":0.333,"y":0},"t":36,"s":[{"i":[[0.066,-0.751],[0.336,-3.836],[-8.846,-1.034],[0,0]],"o":[[0,0],[8.891,0.518],[0.336,-3.838],[0.066,-0.751]],"v":[[-249.342,173.279],[-249.914,179.818],[-225.879,181.922],[-225.307,175.382]],"c":true}]},{"t":45,"s":[{"i":[[0.066,-0.751],[0.336,-3.836],[-8.846,-1.034],[0,0]],"o":[[0,0],[6.613,-0.694],[0.336,-3.838],[0.066,-0.751]],"v":[[-249.342,173.279],[-249.949,181.32],[-225.593,179.353],[-225.307,175.382]],"c":true}]}],"ix":2},"nm":"Path 1","mn":"ADBE Vector Shape - Group","hd":false},{"ty":"fl","c":{"a":0,"k":[1,0.909803926945,0.78823530674,1],"ix":4},"o":{"a":0,"k":100,"ix":5},"r":1,"bm":0,"nm":"Fill 1","mn":"ADBE Vector Graphic - Fill","hd":false},{"ty":"tr","p":{"a":0,"k":[0,0],"ix":2},"a":{"a":0,"k":[0,0],"ix":1},"s":{"a":0,"k":[100,100],"ix":3},"r":{"a":0,"k":0,"ix":6},"o":{"a":0,"k":100,"ix":7},"sk":{"a":0,"k":0,"ix":4},"sa":{"a":0,"k":0,"ix":5},"nm":"Transform"}],"nm":"Group 9","np":2,"cix":2,"bm":0,"ix":7,"mn":"ADBE Vector Group","hd":false},{"ty":"gr","it":[{"ind":0,"ty":"sh","ix":1,"ks":{"a":1,"k":[{"i":{"x":0.667,"y":1},"o":{"x":0.333,"y":0},"t":0,"s":[{"i":[[0.219,-1.047],[-0.914,-0.568],[0,0],[-4.643,-0.396],[-0.879,0.914],[0,0],[0,0]],"o":[[0,0],[0,0],[0.706,1.053],[4.639,0.416],[0,0],[0.998,-0.4],[-0.033,-1.07]],"v":[[-249.914,179.818],[-250.461,207.865],[-250.447,207.865],[-240.463,210.209],[-230.221,209.635],[-230.209,209.637],[-225.879,181.922]],"c":true}]},{"i":{"x":0.667,"y":1},"o":{"x":0.333,"y":0},"t":7,"s":[{"i":[[0.219,-1.047],[-0.914,-0.568],[0,0],[-4.643,-0.396],[-0.879,0.914],[0,0],[0,0]],"o":[[0,0],[0,0],[0.706,1.053],[4.639,0.416],[0,0],[0.998,-0.4],[-0.033,-1.07]],"v":[[-249.939,182.428],[-250.461,207.865],[-250.447,207.865],[-240.463,210.209],[-230.221,209.635],[-230.197,209.597],[-225.675,178.452]],"c":true}]},{"i":{"x":0.667,"y":1},"o":{"x":0.333,"y":0},"t":19,"s":[{"i":[[0.219,-1.047],[-0.914,-0.568],[0,0],[-4.643,-0.396],[-0.879,0.914],[0,0],[0,0]],"o":[[0,0],[0,0],[0.706,1.053],[4.639,0.416],[0,0],[0.998,-0.4],[-0.033,-1.07]],"v":[[-249.565,175.68],[-250.461,207.865],[-250.447,207.865],[-240.463,210.209],[-230.221,209.635],[-230.187,209.499],[-226.637,186.813]],"c":true}]},{"i":{"x":0.833,"y":1},"o":{"x":0.333,"y":0},"t":36,"s":[{"i":[[0.219,-1.047],[-0.914,-0.568],[0,0],[-4.643,-0.396],[-0.879,0.914],[0,0],[0,0]],"o":[[0,0],[0,0],[0.706,1.053],[4.639,0.416],[0,0],[0.998,-0.4],[-0.033,-1.07]],"v":[[-249.914,179.818],[-250.461,207.865],[-250.447,207.865],[-240.463,210.209],[-230.221,209.635],[-230.209,209.637],[-225.879,181.922]],"c":true}]},{"t":46,"s":[{"i":[[0.219,-1.047],[-0.914,-0.568],[0,0],[-4.643,-0.396],[-0.879,0.914],[0,0],[0,0]],"o":[[0,0],[0,0],[0.706,1.053],[4.639,0.416],[0,0],[0.998,-0.4],[-0.033,-1.07]],"v":[[-249.84,181.319],[-250.461,207.865],[-250.447,207.865],[-240.463,210.209],[-230.221,209.635],[-230.301,209.563],[-225.586,179.126]],"c":true}]}],"ix":2},"nm":"Path 1","mn":"ADBE Vector Shape - Group","hd":false},{"ty":"gf","o":{"a":0,"k":100,"ix":10},"r":1,"bm":0,"g":{"p":3,"k":{"a":0,"k":[0,0.961,0.62,0.004,0.77,0.896,0.543,0.014,1,0.831,0.467,0.024],"ix":9}},"s":{"a":0,"k":[-238.689,210.896],"ix":5},"e":{"a":0,"k":[-237.823,180.593],"ix":6},"t":1,"nm":"g10G","mn":"ADBE Vector Graphic - G-Fill","hd":false},{"ty":"tr","p":{"a":0,"k":[0,0],"ix":2},"a":{"a":0,"k":[0,0],"ix":1},"s":{"a":0,"k":[100,100],"ix":3},"r":{"a":0,"k":0,"ix":6},"o":{"a":0,"k":100,"ix":7},"sk":{"a":0,"k":0,"ix":4},"sa":{"a":0,"k":0,"ix":5},"nm":"Transform"}],"nm":"Group 10","np":2,"cix":2,"bm":0,"ix":8,"mn":"ADBE Vector Group","hd":false}],"ip":0,"op":48,"st":0,"bm":0},{"ddd":0,"ind":6,"ty":4,"nm":"R_Mug","parent":5,"sr":1,"ks":{"o":{"a":0,"k":100,"ix":11},"r":{"a":0,"k":0,"ix":10},"p":{"a":0,"k":[-274.332,216.843,0],"ix":2},"a":{"a":0,"k":[-933.282,878.966,0],"ix":1},"s":{"a":0,"k":[8.333,8.333,100],"ix":6}},"ao":0,"shapes":[{"ty":"gr","it":[{"ind":0,"ty":"sh","ix":1,"ks":{"a":0,"k":{"i":[[-81.35,-3.237],[76.72,33.023]],"o":[[-77.482,15.47],[80.341,9.864]],"v":[[119.378,12.153],[-119.378,-18.599]],"c":true},"ix":2},"nm":"Path 1","mn":"ADBE Vector Shape - Group","hd":false},{"ty":"fl","c":{"a":0,"k":[0.698039233685,0.75686275959,0.819607853889,1],"ix":4},"o":{"a":0,"k":100,"ix":5},"r":1,"bm":0,"nm":"Fill 1","mn":"ADBE Vector Graphic - Fill","hd":false},{"ty":"tr","p":{"a":0,"k":[-548.053,832.402],"ix":2},"a":{"a":0,"k":[0,0],"ix":1},"s":{"a":0,"k":[100,100],"ix":3},"r":{"a":0,"k":0,"ix":6},"o":{"a":0,"k":100,"ix":7},"sk":{"a":0,"k":0,"ix":4},"sa":{"a":0,"k":0,"ix":5},"nm":"Transform"}],"nm":"Group 1","np":2,"cix":2,"bm":0,"ix":1,"mn":"ADBE Vector Group","hd":false},{"ty":"gr","it":[{"ind":0,"ty":"sh","ix":1,"ks":{"a":0,"k":{"i":[[-94.504,4.18],[129.063,53.835]],"o":[[-118.942,23.39],[99.524,18.29]],"v":[[135.629,4.603],[-135.629,-21.213]],"c":true},"ix":2},"nm":"Path 1","mn":"ADBE Vector Shape - Group","hd":false},{"ty":"fl","c":{"a":0,"k":[0.698039233685,0.75686275959,0.819607853889,1],"ix":4},"o":{"a":0,"k":100,"ix":5},"r":1,"bm":0,"nm":"Fill 1","mn":"ADBE Vector Graphic - Fill","hd":false},{"ty":"tr","p":{"a":0,"k":[-520.052,821.477],"ix":2},"a":{"a":0,"k":[0,0],"ix":1},"s":{"a":0,"k":[100,100],"ix":3},"r":{"a":0,"k":0,"ix":6},"o":{"a":0,"k":100,"ix":7},"sk":{"a":0,"k":0,"ix":4},"sa":{"a":0,"k":0,"ix":5},"nm":"Transform"}],"nm":"Group 2","np":2,"cix":2,"bm":0,"ix":2,"mn":"ADBE Vector Group","hd":false},{"ty":"gr","it":[{"ind":0,"ty":"sh","ix":1,"ks":{"a":0,"k":{"i":[[0,0],[0,0],[1.031,-11.859],[0,0],[2.738,-31.597],[-4.658,53.911]],"o":[[0,0],[1.026,-11.871],[0,0],[0,0],[-4.657,53.923],[2.737,-31.597]],"v":[[-173.518,164.491],[-137.199,-255.766],[179.715,-227.702],[143.401,192.565],[143.171,229.768],[-179.668,201.177]],"c":true},"ix":2},"nm":"Path 1","mn":"ADBE Vector Shape - Group","hd":false},{"ty":"fl","c":{"a":0,"k":[0.772549033165,0.843137264252,0.909803926945,1],"ix":4},"o":{"a":0,"k":100,"ix":5},"r":1,"bm":0,"nm":"Fill 1","mn":"ADBE Vector Graphic - Fill","hd":false},{"ty":"tr","p":{"a":0,"k":[-511.675,612.867],"ix":2},"a":{"a":0,"k":[0,0],"ix":1},"s":{"a":0,"k":[100,100],"ix":3},"r":{"a":0,"k":0,"ix":6},"o":{"a":0,"k":100,"ix":7},"sk":{"a":0,"k":0,"ix":4},"sa":{"a":0,"k":0,"ix":5},"nm":"Transform"}],"nm":"Group 3","np":2,"cix":2,"bm":0,"ix":3,"mn":"ADBE Vector Group","hd":false},{"ty":"gr","it":[{"ty":"gr","it":[{"ty":"gr","it":[{"ty":"gr","it":[{"ind":0,"ty":"sh","ix":1,"ks":{"a":0,"k":{"i":[[9.628,3.555],[4.438,28.163],[-16.462,11.706],[-10.944,-1.756],[-7.285,-5.726],[-1.981,-4.148],[0,0],[5.145,0.702],[0,0],[19.989,-20.307],[-14.509,-67.845],[-73.078,-34.351],[-2.879,-8.481],[0,0]],"o":[[-56.408,-20.823],[-7.417,-47.12],[9.863,-7.021],[17.96,2.885],[3.203,2.491],[0,0],[-3.313,3.104],[0,0],[-70.182,-9.282],[-11.931,12.134],[9.967,46.528],[5.452,2.545],[0,0],[-3.28,6.704]],"v":[[34.339,95.898],[-42.398,-22.03],[-24.619,-138.948],[15.995,-142.316],[59.556,-127.495],[68.728,-114.636],[75.887,-157.609],[62.793,-152.179],[53.852,-153.353],[-55.19,-144.795],[-69.573,-11.464],[40.313,128.921],[52.935,149.272],[54.948,83.347]],"c":true},"ix":2},"nm":"Path 1","mn":"ADBE Vector Shape - Group","hd":false},{"ind":1,"ty":"sh","ix":2,"ks":{"a":0,"k":{"i":[[0,0],[6.051,2.852],[10.148,47.449],[-14.936,15.184],[-70.215,-9.237],[0,0],[-1.87,2.907],[0,0],[0,0],[0,0],[4.521,3.555],[16.96,2.721],[6.22,-4.433],[-7.093,-45.059],[-53.77,-21.042],[-0.526,-0.088],[-1.322,6.276],[0,0],[0,0]],"o":[[-2.331,-11.026],[-74.745,-35.13],[-13.978,-65.278],[21.57,-21.919],[0,0],[5.722,0.747],[0,0],[0,0],[0,0],[-1.196,-3.686],[-6.62,-5.157],[-17.373,-2.797],[-15.074,10.751],[4.322,27.428],[0.537,0.198],[8.536,1.382],[0,0],[0,0],[0,0]],"v":[[52.649,165.104],[38.332,132.607],[-74.367,-13.9],[-60.643,-158.06],[52.32,-167.934],[61.273,-166.727],[75.004,-176.228],[80.391,-184.5],[69.644,-96.918],[66.485,-106.759],[56.676,-124.378],[15.321,-138.213],[-21.799,-135.656],[-36.27,-34.492],[37.691,80.11],[39.297,80.55],[54.872,57.96],[59.359,58.465],[56.72,184.5]],"c":true},"ix":2},"nm":"Path 2","mn":"ADBE Vector Shape - Group","hd":false},{"ty":"gf","o":{"a":0,"k":100,"ix":10},"r":1,"bm":0,"g":{"p":3,"k":{"a":0,"k":[0,0.722,0.792,0.851,0.23,0.765,0.835,0.9,1,0.808,0.878,0.949],"ix":9}},"s":{"a":0,"k":[-2.506,114.884],"ix":5},"e":{"a":0,"k":[28.717,-173.271],"ix":6},"t":1,"nm":"mug_01_Gradient Fill 1","mn":"ADBE Vector Graphic - G-Fill","hd":false},{"ty":"tr","p":{"a":0,"k":[0,0],"ix":2},"a":{"a":0,"k":[0,0],"ix":1},"s":{"a":0,"k":[100,100],"ix":3},"r":{"a":0,"k":0,"ix":6},"o":{"a":0,"k":100,"ix":7},"sk":{"a":0,"k":0,"ix":4},"sa":{"a":0,"k":0,"ix":5},"nm":"Transform"}],"nm":"Group 1","np":3,"cix":2,"bm":0,"ix":1,"mn":"ADBE Vector Group","hd":false},{"ty":"tr","p":{"a":0,"k":[-727.108,609.599],"ix":2},"a":{"a":0,"k":[0,0],"ix":1},"s":{"a":0,"k":[100,100],"ix":3},"r":{"a":0,"k":0,"ix":6},"o":{"a":0,"k":100,"ix":7},"sk":{"a":0,"k":0,"ix":4},"sa":{"a":0,"k":0,"ix":5},"nm":"Transform"}],"nm":"Group 1","np":1,"cix":2,"bm":0,"ix":1,"mn":"ADBE Vector Group","hd":false},{"ty":"tr","p":{"a":0,"k":[1.478,1.748],"ix":2},"a":{"a":0,"k":[0,0],"ix":1},"s":{"a":0,"k":[100,100],"ix":3},"r":{"a":0,"k":0,"ix":6},"o":{"a":0,"k":100,"ix":7},"sk":{"a":0,"k":0,"ix":4},"sa":{"a":0,"k":0,"ix":5},"nm":"Transform"}],"nm":"Group 1","np":1,"cix":2,"bm":0,"ix":1,"mn":"ADBE Vector Group","hd":false},{"ty":"gr","it":[{"ty":"gr","it":[{"ind":0,"ty":"sh","ix":1,"ks":{"a":0,"k":{"i":[[0,0],[0,0],[6.04,4.717],[16.243,-11.575],[-88.191,-34.504],[0,0],[0,0],[9.341,4.378],[-25.228,25.65],[-77.9,-10.258]],"o":[[0,0],[0,0],[-12.918,-10.093],[-31.766,22.611],[14.125,5.54],[0,0],[0,0],[-148.46,-69.754],[21.641,-21.997],[8.492,1.13]],"v":[[77.527,-169.947],[69.216,-102.113],[58.683,-120.753],[-22.629,-132.107],[37.411,87.193],[57.663,63.582],[55.442,169.947],[39.885,135.947],[-58.383,-151.461],[61.553,-159.491]],"c":true},"ix":2},"nm":"Path 1","mn":"ADBE Vector Shape - Group","hd":false},{"ty":"gf","o":{"a":0,"k":100,"ix":10},"r":1,"bm":0,"g":{"p":3,"k":{"a":0,"k":[0,0.722,0.792,0.851,0.23,0.747,0.818,0.88,1,0.773,0.843,0.91],"ix":9}},"s":{"a":0,"k":[-34.9,110.713],"ix":5},"e":{"a":0,"k":[6.326,-165.565],"ix":6},"t":1,"nm":"Mug_02_Gradient Fill 1","mn":"ADBE Vector Graphic - G-Fill","hd":false},{"ty":"tr","p":{"a":0,"k":[0,0],"ix":2},"a":{"a":0,"k":[0,0],"ix":1},"s":{"a":0,"k":[100,100],"ix":3},"r":{"a":0,"k":0,"ix":6},"o":{"a":0,"k":100,"ix":7},"sk":{"a":0,"k":0,"ix":4},"sa":{"a":0,"k":0,"ix":5},"nm":"Transform"}],"nm":"Group 1","np":2,"cix":2,"bm":0,"ix":1,"mn":"ADBE Vector Group","hd":false},{"ty":"tr","p":{"a":0,"k":[-727.673,604.416],"ix":2},"a":{"a":0,"k":[0,0],"ix":1},"s":{"a":0,"k":[100,100],"ix":3},"r":{"a":0,"k":0,"ix":6},"o":{"a":0,"k":100,"ix":7},"sk":{"a":0,"k":0,"ix":4},"sa":{"a":0,"k":0,"ix":5},"nm":"Transform"}],"nm":"Group 2","np":1,"cix":2,"bm":0,"ix":2,"mn":"ADBE Vector Group","hd":false},{"ty":"tr","p":{"a":0,"k":[-726.603,604.916],"ix":2},"a":{"a":0,"k":[-727.673,604.416],"ix":1},"s":{"a":0,"k":[100,100],"ix":3},"r":{"a":0,"k":0,"ix":6},"o":{"a":0,"k":100,"ix":7},"sk":{"a":0,"k":0,"ix":4},"sa":{"a":0,"k":0,"ix":5},"nm":"Transform"}],"nm":"Group 4","np":2,"cix":2,"bm":0,"ix":4,"mn":"ADBE Vector Group","hd":false}],"ip":0,"op":48,"st":0,"bm":0},{"ddd":0,"ind":7,"ty":4,"nm":"L_Mug","sr":1,"ks":{"o":{"a":0,"k":100,"ix":11},"r":{"a":1,"k":[{"i":{"x":[0],"y":[1]},"o":{"x":[0.167],"y":[0.167]},"t":0,"s":[0]},{"i":{"x":[0],"y":[1.077]},"o":{"x":[0.333],"y":[0]},"t":19,"s":[13]},{"i":{"x":[0.667],"y":[1]},"o":{"x":[0.333],"y":[0]},"t":38,"s":[0]},{"i":{"x":[0.833],"y":[0.833]},"o":{"x":[0.333],"y":[0]},"t":45,"s":[-24]},{"t":48,"s":[0]}],"ix":10},"p":{"a":1,"k":[{"i":{"x":0.667,"y":1},"o":{"x":0.167,"y":0.167},"t":0,"s":[704.274,339.559,0],"to":[0,-3.333,0],"ti":[-24.333,0,0]},{"i":{"x":0,"y":0.993},"o":{"x":0.333,"y":0},"t":19,"s":[704.274,319.559,0],"to":[24.333,0,0],"ti":[0,-3.333,0]},{"i":{"x":0.833,"y":0.833},"o":{"x":0.333,"y":0},"t":38,"s":[850.274,339.559,0],"to":[0,3.333,0],"ti":[65.667,42,0]},{"t":48,"s":[704.274,339.559,0]}],"ix":2},"a":{"a":0,"k":[-250.226,182.559,0],"ix":1},"s":{"a":0,"k":[-1200,1200,100],"ix":6}},"ao":0,"shapes":[{"ty":"gr","it":[{"ty":"gr","it":[{"ind":0,"ty":"sh","ix":1,"ks":{"a":0,"k":{"i":[[2.055,0.306],[0,0],[0,0],[-2.613,-0.229],[-1.941,-0.355]],"o":[[0.824,0.757],[-3.654,-1.85],[2.777,0.004],[2.057,0.18],[-1.562,-0.545]],"v":[[-234.897,171.932],[-234.121,173.082],[-240.701,172.156],[-234.852,173.879],[-230.973,173.814]],"c":true},"ix":2},"nm":"Path 1","mn":"ADBE Vector Shape - Group","hd":false},{"ty":"fl","c":{"a":0,"k":[1,1,1,1],"ix":4},"o":{"a":0,"k":100,"ix":5},"r":1,"bm":0,"nm":"Fill 1","mn":"ADBE Vector Graphic - Fill","hd":false},{"ty":"tr","p":{"a":0,"k":[0,0],"ix":2},"a":{"a":0,"k":[0,0],"ix":1},"s":{"a":0,"k":[100,100],"ix":3},"r":{"a":0,"k":0,"ix":6},"o":{"a":0,"k":100,"ix":7},"sk":{"a":0,"k":0,"ix":4},"sa":{"a":0,"k":0,"ix":5},"nm":"Transform"}],"nm":"Group 1","np":2,"cix":2,"bm":0,"ix":1,"mn":"ADBE Vector Group","hd":false},{"ty":"gr","it":[{"ind":0,"ty":"sh","ix":1,"ks":{"a":0,"k":{"i":[[0.33,1.535],[0,0]],"o":[[-0.328,-1.534],[0.787,0.849]],"v":[[-224.701,175.576],[-227.807,174.003]],"c":true},"ix":2},"nm":"Path 1","mn":"ADBE Vector Shape - Group","hd":false},{"ty":"fl","c":{"a":0,"k":[1,1,1,1],"ix":4},"o":{"a":0,"k":100,"ix":5},"r":1,"bm":0,"nm":"Fill 1","mn":"ADBE Vector Graphic - Fill","hd":false},{"ty":"tr","p":{"a":0,"k":[0,0],"ix":2},"a":{"a":0,"k":[0,0],"ix":1},"s":{"a":0,"k":[100,100],"ix":3},"r":{"a":0,"k":0,"ix":6},"o":{"a":0,"k":100,"ix":7},"sk":{"a":0,"k":0,"ix":4},"sa":{"a":0,"k":0,"ix":5},"nm":"Transform"}],"nm":"Group 3","np":2,"cix":2,"bm":0,"ix":2,"mn":"ADBE Vector Group","hd":false},{"ty":"gr","it":[{"ind":0,"ty":"sh","ix":1,"ks":{"a":0,"k":{"i":[[1.539,-1.966],[3.506,-3.514],[4.105,-2.039],[1,1.942],[0.724,-0.913],[-5.211,-1.894],[-3.342,-1.322],[-1.607,-0.506],[0.109,-2.951]],"o":[[-2.666,3.405],[-2.492,2.494],[-1.707,0.849],[-1.502,-2.913],[-1.639,-2.204],[2.713,0.986],[2.441,0.966],[1.57,0.495],[-0.084,2.244]],"v":[[-228.522,176.413],[-235.184,177.346],[-243.459,176.405],[-246.09,175.462],[-250.304,174.605],[-240.703,170.58],[-231.555,170.925],[-227.131,173.356],[-224.123,176.758]],"c":true},"ix":2},"nm":"Path 1","mn":"ADBE Vector Shape - Group","hd":false},{"ty":"fl","c":{"a":0,"k":[1,0.952941179276,0.890196084976,1],"ix":4},"o":{"a":0,"k":100,"ix":5},"r":1,"bm":0,"nm":"Fill 1","mn":"ADBE Vector Graphic - Fill","hd":false},{"ty":"tr","p":{"a":0,"k":[0,0],"ix":2},"a":{"a":0,"k":[0,0],"ix":1},"s":{"a":0,"k":[100,100],"ix":3},"r":{"a":0,"k":0,"ix":6},"o":{"a":0,"k":100,"ix":7},"sk":{"a":0,"k":0,"ix":4},"sa":{"a":0,"k":0,"ix":5},"nm":"Transform"}],"nm":"Group 4","np":2,"cix":2,"bm":0,"ix":3,"mn":"ADBE Vector Group","hd":false},{"ty":"tr","p":{"a":0,"k":[0,0],"ix":2},"a":{"a":0,"k":[0,0],"ix":1},"s":{"a":0,"k":[100,100],"ix":3},"r":{"a":0,"k":0,"ix":6},"o":{"a":0,"k":100,"ix":7},"sk":{"a":0,"k":0,"ix":4},"sa":{"a":0,"k":0,"ix":5},"nm":"Transform"}],"nm":"Group 1","np":3,"cix":2,"bm":0,"ix":1,"mn":"ADBE Vector Group","hd":false},{"ty":"gr","it":[{"ind":0,"ty":"sh","ix":1,"ks":{"a":0,"k":{"i":[[0,0],[0.037,-7.389],[-0.1,1.568],[-0.826,8.657]],"o":[[-0.98,9.357],[-0.006,1.025],[0.453,-7.181],[0,0]],"v":[[-227.356,179.451],[-229.756,205.756],[-232.76,205.592],[-230.342,179.19]],"c":true},"ix":2},"nm":"Path 1","mn":"ADBE Vector Shape - Group","hd":false},{"ty":"gf","o":{"a":0,"k":100,"ix":10},"r":1,"bm":0,"g":{"p":3,"k":{"a":0,"k":[0,1,1,1,0.23,1,1,1,1,1,1,1,0,0,0.23,0.5,1,1],"ix":9}},"s":{"a":0,"k":[-227.482,205.913],"ix":5},"e":{"a":0,"k":[-223.89,179.119],"ix":6},"t":1,"nm":"G22G","mn":"ADBE Vector Graphic - G-Fill","hd":false},{"ty":"tr","p":{"a":0,"k":[0,0],"ix":2},"a":{"a":0,"k":[0,0],"ix":1},"s":{"a":0,"k":[100,100],"ix":3},"r":{"a":0,"k":0,"ix":6},"o":{"a":0,"k":50,"ix":7},"sk":{"a":0,"k":0,"ix":4},"sa":{"a":0,"k":0,"ix":5},"nm":"Transform"}],"nm":"Group 2","np":2,"cix":2,"bm":0,"ix":2,"mn":"ADBE Vector Group","hd":false},{"ty":"gr","it":[{"ind":0,"ty":"sh","ix":1,"ks":{"a":0,"k":{"i":[[0.09,-1.033],[-0.09,1.033]],"o":[[-0.09,1.034],[0.092,-1.033]],"v":[[-233.34,189.748],[-234.891,189.613]],"c":true},"ix":2},"nm":"Path 1","mn":"ADBE Vector Shape - Group","hd":false},{"ty":"fl","c":{"a":0,"k":[0.831372559071,0.466666668653,0.023529412225,1],"ix":4},"o":{"a":0,"k":100,"ix":5},"r":1,"bm":0,"nm":"Fill 1","mn":"ADBE Vector Graphic - Fill","hd":false},{"ty":"tr","p":{"a":1,"k":[{"i":{"x":0.833,"y":0.833},"o":{"x":0.333,"y":0},"t":0,"s":[-2,4],"to":[0.333,-0.667],"ti":[-0.167,1.5]},{"i":{"x":0.667,"y":1},"o":{"x":0.167,"y":0.167},"t":7,"s":[0,0],"to":[0.167,-1.5],"ti":[0.167,0.833]},{"t":19,"s":[-1,-5]}],"ix":2},"a":{"a":0,"k":[0,0],"ix":1},"s":{"a":0,"k":[100,100],"ix":3},"r":{"a":0,"k":0,"ix":6},"o":{"a":1,"k":[{"i":{"x":[0.833],"y":[0.833]},"o":{"x":[0.333],"y":[0]},"t":0,"s":[0]},{"i":{"x":[0.667],"y":[1]},"o":{"x":[0.167],"y":[0.167]},"t":7,"s":[100]},{"t":19,"s":[0]}],"ix":7},"sk":{"a":0,"k":0,"ix":4},"sa":{"a":0,"k":0,"ix":5},"nm":"Transform"}],"nm":"Group 5","np":2,"cix":2,"bm":0,"ix":3,"mn":"ADBE Vector Group","hd":false},{"ty":"gr","it":[{"ind":0,"ty":"sh","ix":1,"ks":{"a":0,"k":{"i":[[0.18,-2.066],[-0.182,2.067]],"o":[[-0.182,2.067],[0.18,-2.067]],"v":[[-236.047,193.906],[-239.148,193.635]],"c":true},"ix":2},"nm":"Path 1","mn":"ADBE Vector Shape - Group","hd":false},{"ty":"fl","c":{"a":0,"k":[0.831372559071,0.466666668653,0.023529412225,1],"ix":4},"o":{"a":0,"k":100,"ix":5},"r":1,"bm":0,"nm":"Fill 1","mn":"ADBE Vector Graphic - Fill","hd":false},{"ty":"tr","p":{"a":1,"k":[{"i":{"x":0.833,"y":0.833},"o":{"x":0.333,"y":0},"t":0,"s":[3,7],"to":[-0.5,-1.167],"ti":[0.333,3.167]},{"i":{"x":0.667,"y":1},"o":{"x":0.167,"y":0.167},"t":7,"s":[0,0],"to":[-0.333,-3.167],"ti":[-0.167,2]},{"t":19,"s":[1,-12]}],"ix":2},"a":{"a":0,"k":[0,0],"ix":1},"s":{"a":0,"k":[100,100],"ix":3},"r":{"a":0,"k":0,"ix":6},"o":{"a":1,"k":[{"i":{"x":[0.833],"y":[0.833]},"o":{"x":[0.333],"y":[0]},"t":0,"s":[0]},{"i":{"x":[0.667],"y":[1]},"o":{"x":[0.167],"y":[0.167]},"t":7,"s":[100]},{"t":19,"s":[0]}],"ix":7},"sk":{"a":0,"k":0,"ix":4},"sa":{"a":0,"k":0,"ix":5},"nm":"Transform"}],"nm":"Group 6","np":2,"cix":2,"bm":0,"ix":4,"mn":"ADBE Vector Group","hd":false},{"ty":"gr","it":[{"ind":0,"ty":"sh","ix":1,"ks":{"a":0,"k":{"i":[[0.137,-1.55],[-0.137,1.55]],"o":[[-0.135,1.551],[0.135,-1.551]],"v":[[-233.537,196.47],[-235.863,196.267]],"c":true},"ix":2},"nm":"Path 1","mn":"ADBE Vector Shape - Group","hd":false},{"ty":"fl","c":{"a":0,"k":[0.831372559071,0.466666668653,0.023529412225,1],"ix":4},"o":{"a":0,"k":100,"ix":5},"r":1,"bm":0,"nm":"Fill 1","mn":"ADBE Vector Graphic - Fill","hd":false},{"ty":"tr","p":{"a":1,"k":[{"i":{"x":0.833,"y":0.833},"o":{"x":0.333,"y":0},"t":0,"s":[-4,12],"to":[0.667,-2],"ti":[-1.333,4]},{"i":{"x":0.667,"y":1},"o":{"x":0.167,"y":0.167},"t":7,"s":[0,0],"to":[1.333,-4],"ti":[-0.667,2]},{"t":19,"s":[4,-12]}],"ix":2},"a":{"a":0,"k":[0,0],"ix":1},"s":{"a":0,"k":[100,100],"ix":3},"r":{"a":0,"k":0,"ix":6},"o":{"a":1,"k":[{"i":{"x":[0.833],"y":[0.833]},"o":{"x":[0.333],"y":[0]},"t":0,"s":[0]},{"i":{"x":[0.667],"y":[1]},"o":{"x":[0.167],"y":[0.167]},"t":7,"s":[100]},{"t":19,"s":[0]}],"ix":7},"sk":{"a":0,"k":0,"ix":4},"sa":{"a":0,"k":0,"ix":5},"nm":"Transform"}],"nm":"Group 7","np":2,"cix":2,"bm":0,"ix":5,"mn":"ADBE Vector Group","hd":false},{"ty":"gr","it":[{"ind":0,"ty":"sh","ix":1,"ks":{"a":0,"k":{"i":[[0.225,-2.584],[-0.227,2.586]],"o":[[-0.227,2.584],[0.227,-2.584]],"v":[[-235.426,202.436],[-239.303,202.096]],"c":true},"ix":2},"nm":"Path 1","mn":"ADBE Vector Shape - Group","hd":false},{"ty":"fl","c":{"a":0,"k":[0.831372559071,0.466666668653,0.023529412225,1],"ix":4},"o":{"a":0,"k":100,"ix":5},"r":1,"bm":0,"nm":"Fill 1","mn":"ADBE Vector Graphic - Fill","hd":false},{"ty":"tr","p":{"a":1,"k":[{"i":{"x":0.833,"y":0.833},"o":{"x":0.333,"y":0},"t":0,"s":[3,5],"to":[-0.5,-0.833],"ti":[1,3.5]},{"i":{"x":0.667,"y":1},"o":{"x":0.167,"y":0.167},"t":7,"s":[0,0],"to":[-1,-3.5],"ti":[0.5,2.667]},{"t":19,"s":[-3,-16]}],"ix":2},"a":{"a":0,"k":[0,0],"ix":1},"s":{"a":0,"k":[100,100],"ix":3},"r":{"a":0,"k":0,"ix":6},"o":{"a":1,"k":[{"i":{"x":[0.833],"y":[0.833]},"o":{"x":[0.333],"y":[0]},"t":0,"s":[0]},{"i":{"x":[0.667],"y":[1]},"o":{"x":[0.167],"y":[0.167]},"t":7,"s":[100]},{"t":19,"s":[0]}],"ix":7},"sk":{"a":0,"k":0,"ix":4},"sa":{"a":0,"k":0,"ix":5},"nm":"Transform"}],"nm":"Group 8","np":2,"cix":2,"bm":0,"ix":6,"mn":"ADBE Vector Group","hd":false},{"ty":"gr","it":[{"ind":0,"ty":"sh","ix":1,"ks":{"a":1,"k":[{"i":{"x":0.667,"y":1},"o":{"x":0.333,"y":0},"t":0,"s":[{"i":[[0.066,-0.751],[0.336,-3.836],[-8.846,-1.034],[0,0]],"o":[[0,0],[8.891,0.518],[0.336,-3.838],[0.066,-0.751]],"v":[[-249.342,173.279],[-249.914,179.818],[-225.879,181.922],[-225.307,175.382]],"c":true}]},{"i":{"x":0.667,"y":1},"o":{"x":0.333,"y":0},"t":7,"s":[{"i":[[0.066,-0.751],[0.336,-3.836],[-9.11,-0.375],[0,0]],"o":[[0,0],[8.957,-0.954],[0.336,-3.838],[0.066,-0.751]],"v":[[-249.342,173.279],[-249.956,182.428],[-225.794,178.626],[-225.307,175.382]],"c":true}]},{"i":{"x":0.667,"y":1},"o":{"x":0.333,"y":0},"t":19,"s":[{"i":[[0.066,-0.751],[0.336,-3.836],[-6.07,-2.347],[0,0]],"o":[[0,0],[8.149,2.252],[0.336,-3.838],[0.066,-0.751]],"v":[[-249.342,173.279],[-249.59,175.554],[-226.57,186.867],[-225.307,175.382]],"c":true}]},{"i":{"x":0.667,"y":1},"o":{"x":0.333,"y":0},"t":27,"s":[{"i":[[0.066,-0.751],[0.336,-3.836],[-8.846,-1.034],[0,0]],"o":[[0,0],[8.891,0.518],[0.336,-3.838],[0.066,-0.751]],"v":[[-249.342,173.279],[-249.914,179.818],[-225.879,181.922],[-225.307,175.382]],"c":true}]},{"t":36,"s":[{"i":[[0.066,-0.751],[0.336,-3.836],[-8.846,-1.034],[0,0]],"o":[[0,0],[6.613,-0.694],[0.336,-3.838],[0.066,-0.751]],"v":[[-249.342,173.279],[-249.949,181.32],[-225.593,179.353],[-225.307,175.382]],"c":true}]}],"ix":2},"nm":"Path 1","mn":"ADBE Vector Shape - Group","hd":false},{"ty":"fl","c":{"a":0,"k":[1,0.909803926945,0.78823530674,1],"ix":4},"o":{"a":0,"k":100,"ix":5},"r":1,"bm":0,"nm":"Fill 1","mn":"ADBE Vector Graphic - Fill","hd":false},{"ty":"tr","p":{"a":0,"k":[0,0],"ix":2},"a":{"a":0,"k":[0,0],"ix":1},"s":{"a":0,"k":[100,100],"ix":3},"r":{"a":0,"k":0,"ix":6},"o":{"a":0,"k":100,"ix":7},"sk":{"a":0,"k":0,"ix":4},"sa":{"a":0,"k":0,"ix":5},"nm":"Transform"}],"nm":"Group 9","np":2,"cix":2,"bm":0,"ix":7,"mn":"ADBE Vector Group","hd":false},{"ty":"gr","it":[{"ind":0,"ty":"sh","ix":1,"ks":{"a":1,"k":[{"i":{"x":0.667,"y":1},"o":{"x":0.333,"y":0},"t":0,"s":[{"i":[[0.219,-1.047],[-0.914,-0.568],[0,0],[-4.643,-0.396],[-0.879,0.914],[0,0],[0,0]],"o":[[0,0],[0,0],[0.706,1.053],[4.639,0.416],[0,0],[0.998,-0.4],[-0.033,-1.07]],"v":[[-249.914,179.818],[-250.461,207.865],[-250.447,207.865],[-240.463,210.209],[-230.221,209.635],[-230.209,209.637],[-225.879,181.922]],"c":true}]},{"i":{"x":0.667,"y":1},"o":{"x":0.333,"y":0},"t":7,"s":[{"i":[[0.219,-1.047],[-0.914,-0.568],[0,0],[-4.643,-0.396],[-0.879,0.914],[0,0],[0,0]],"o":[[0,0],[0,0],[0.706,1.053],[4.639,0.416],[0,0],[0.998,-0.4],[-0.033,-1.07]],"v":[[-249.939,182.428],[-250.461,207.865],[-250.447,207.865],[-240.463,210.209],[-230.221,209.635],[-230.197,209.597],[-225.675,178.452]],"c":true}]},{"i":{"x":0.667,"y":1},"o":{"x":0.333,"y":0},"t":19,"s":[{"i":[[0.219,-1.047],[-0.914,-0.568],[0,0],[-4.643,-0.396],[-0.879,0.914],[0,0],[0,0]],"o":[[0,0],[0,0],[0.706,1.053],[4.639,0.416],[0,0],[0.998,-0.4],[-0.033,-1.07]],"v":[[-249.565,175.68],[-250.461,207.865],[-250.447,207.865],[-240.463,210.209],[-230.221,209.635],[-230.187,209.499],[-226.637,186.813]],"c":true}]},{"i":{"x":0.833,"y":1},"o":{"x":0.333,"y":0},"t":27,"s":[{"i":[[0.219,-1.047],[-0.914,-0.568],[0,0],[-4.643,-0.396],[-0.879,0.914],[0,0],[0,0]],"o":[[0,0],[0,0],[0.706,1.053],[4.639,0.416],[0,0],[0.998,-0.4],[-0.033,-1.07]],"v":[[-249.914,179.818],[-250.461,207.865],[-250.447,207.865],[-240.463,210.209],[-230.221,209.635],[-230.209,209.637],[-225.879,181.922]],"c":true}]},{"t":37,"s":[{"i":[[0.219,-1.047],[-0.914,-0.568],[0,0],[-4.643,-0.396],[-0.879,0.914],[0,0],[0,0]],"o":[[0,0],[0,0],[0.706,1.053],[4.639,0.416],[0,0],[0.998,-0.4],[-0.033,-1.07]],"v":[[-249.84,181.319],[-250.461,207.865],[-250.447,207.865],[-240.463,210.209],[-230.221,209.635],[-230.301,209.563],[-225.586,179.126]],"c":true}]}],"ix":2},"nm":"Path 1","mn":"ADBE Vector Shape - Group","hd":false},{"ty":"gf","o":{"a":0,"k":100,"ix":10},"r":1,"bm":0,"g":{"p":3,"k":{"a":0,"k":[0,0.961,0.62,0.004,0.77,0.896,0.543,0.014,1,0.831,0.467,0.024],"ix":9}},"s":{"a":0,"k":[-238.689,210.896],"ix":5},"e":{"a":0,"k":[-237.823,180.593],"ix":6},"t":1,"nm":"G110G","mn":"ADBE Vector Graphic - G-Fill","hd":false},{"ty":"tr","p":{"a":0,"k":[0,0],"ix":2},"a":{"a":0,"k":[0,0],"ix":1},"s":{"a":0,"k":[100,100],"ix":3},"r":{"a":0,"k":0,"ix":6},"o":{"a":0,"k":100,"ix":7},"sk":{"a":0,"k":0,"ix":4},"sa":{"a":0,"k":0,"ix":5},"nm":"Transform"}],"nm":"Group 10","np":2,"cix":2,"bm":0,"ix":8,"mn":"ADBE Vector Group","hd":false}],"ip":0,"op":48,"st":0,"bm":0},{"ddd":0,"ind":8,"ty":4,"nm":"L_Mug","parent":7,"sr":1,"ks":{"o":{"a":0,"k":100,"ix":11},"r":{"a":0,"k":0.406,"ix":10},"p":{"a":0,"k":[-274.565,217.149,0],"ix":2},"a":{"a":0,"k":[-933.282,878.966,0],"ix":1},"s":{"a":0,"k":[8.333,8.333,100],"ix":6}},"ao":0,"shapes":[{"ty":"gr","it":[{"ind":0,"ty":"sh","ix":1,"ks":{"a":0,"k":{"i":[[-81.35,-3.237],[76.72,33.023]],"o":[[-77.482,15.47],[80.341,9.864]],"v":[[119.378,12.153],[-119.378,-18.599]],"c":true},"ix":2},"nm":"Path 1","mn":"ADBE Vector Shape - Group","hd":false},{"ty":"fl","c":{"a":0,"k":[0.698039233685,0.75686275959,0.819607853889,1],"ix":4},"o":{"a":0,"k":100,"ix":5},"r":1,"bm":0,"nm":"Fill 1","mn":"ADBE Vector Graphic - Fill","hd":false},{"ty":"tr","p":{"a":0,"k":[-548.053,832.402],"ix":2},"a":{"a":0,"k":[0,0],"ix":1},"s":{"a":0,"k":[100,100],"ix":3},"r":{"a":0,"k":0,"ix":6},"o":{"a":0,"k":100,"ix":7},"sk":{"a":0,"k":0,"ix":4},"sa":{"a":0,"k":0,"ix":5},"nm":"Transform"}],"nm":"Group 1","np":2,"cix":2,"bm":0,"ix":1,"mn":"ADBE Vector Group","hd":false},{"ty":"gr","it":[{"ind":0,"ty":"sh","ix":1,"ks":{"a":0,"k":{"i":[[-94.504,4.18],[129.063,53.835]],"o":[[-118.942,23.39],[99.524,18.29]],"v":[[135.629,4.603],[-135.629,-21.213]],"c":true},"ix":2},"nm":"Path 1","mn":"ADBE Vector Shape - Group","hd":false},{"ty":"fl","c":{"a":0,"k":[0.698039233685,0.75686275959,0.819607853889,1],"ix":4},"o":{"a":0,"k":100,"ix":5},"r":1,"bm":0,"nm":"Fill 1","mn":"ADBE Vector Graphic - Fill","hd":false},{"ty":"tr","p":{"a":0,"k":[-520.052,821.477],"ix":2},"a":{"a":0,"k":[0,0],"ix":1},"s":{"a":0,"k":[100,100],"ix":3},"r":{"a":0,"k":0,"ix":6},"o":{"a":0,"k":100,"ix":7},"sk":{"a":0,"k":0,"ix":4},"sa":{"a":0,"k":0,"ix":5},"nm":"Transform"}],"nm":"Group 2","np":2,"cix":2,"bm":0,"ix":2,"mn":"ADBE Vector Group","hd":false},{"ty":"gr","it":[{"ind":0,"ty":"sh","ix":1,"ks":{"a":0,"k":{"i":[[0,0],[0,0],[1.031,-11.859],[0,0],[2.738,-31.597],[-4.658,53.911]],"o":[[0,0],[1.026,-11.871],[0,0],[0,0],[-4.657,53.923],[2.737,-31.597]],"v":[[-173.518,164.491],[-137.199,-255.766],[179.715,-227.702],[143.401,192.565],[143.171,229.768],[-179.668,201.177]],"c":true},"ix":2},"nm":"Path 1","mn":"ADBE Vector Shape - Group","hd":false},{"ty":"fl","c":{"a":0,"k":[0.772549033165,0.843137264252,0.909803926945,1],"ix":4},"o":{"a":0,"k":100,"ix":5},"r":1,"bm":0,"nm":"Fill 1","mn":"ADBE Vector Graphic - Fill","hd":false},{"ty":"tr","p":{"a":0,"k":[-511.675,612.867],"ix":2},"a":{"a":0,"k":[0,0],"ix":1},"s":{"a":0,"k":[100,100],"ix":3},"r":{"a":0,"k":0,"ix":6},"o":{"a":0,"k":100,"ix":7},"sk":{"a":0,"k":0,"ix":4},"sa":{"a":0,"k":0,"ix":5},"nm":"Transform"}],"nm":"Group 3","np":2,"cix":2,"bm":0,"ix":3,"mn":"ADBE Vector Group","hd":false},{"ty":"gr","it":[{"ty":"gr","it":[{"ty":"gr","it":[{"ty":"gr","it":[{"ind":0,"ty":"sh","ix":1,"ks":{"a":0,"k":{"i":[[9.628,3.555],[4.438,28.163],[-16.462,11.706],[-10.944,-1.756],[-7.285,-5.726],[-1.981,-4.148],[0,0],[5.145,0.702],[0,0],[19.989,-20.307],[-14.509,-67.845],[-73.078,-34.351],[-2.879,-8.481],[0,0]],"o":[[-56.408,-20.823],[-7.417,-47.12],[9.863,-7.021],[17.96,2.885],[3.203,2.491],[0,0],[-3.313,3.104],[0,0],[-70.182,-9.282],[-11.931,12.134],[9.967,46.528],[5.452,2.545],[0,0],[-3.28,6.704]],"v":[[34.339,95.898],[-42.398,-22.03],[-24.619,-138.948],[15.995,-142.316],[59.556,-127.495],[68.728,-114.636],[75.887,-157.609],[62.793,-152.179],[53.852,-153.353],[-55.19,-144.795],[-69.573,-11.464],[40.313,128.921],[52.935,149.272],[54.948,83.347]],"c":true},"ix":2},"nm":"Path 1","mn":"ADBE Vector Shape - Group","hd":false},{"ind":1,"ty":"sh","ix":2,"ks":{"a":0,"k":{"i":[[0,0],[6.051,2.852],[10.148,47.449],[-14.936,15.184],[-70.215,-9.237],[0,0],[-1.87,2.907],[0,0],[0,0],[0,0],[4.521,3.555],[16.96,2.721],[6.22,-4.433],[-7.093,-45.059],[-53.77,-21.042],[-0.526,-0.088],[-1.322,6.276],[0,0],[0,0]],"o":[[-2.331,-11.026],[-74.745,-35.13],[-13.978,-65.278],[21.57,-21.919],[0,0],[5.722,0.747],[0,0],[0,0],[0,0],[-1.196,-3.686],[-6.62,-5.157],[-17.373,-2.797],[-15.074,10.751],[4.322,27.428],[0.537,0.198],[8.536,1.382],[0,0],[0,0],[0,0]],"v":[[52.649,165.104],[38.332,132.607],[-74.367,-13.9],[-60.643,-158.06],[52.32,-167.934],[61.273,-166.727],[75.004,-176.228],[80.391,-184.5],[69.644,-96.918],[66.485,-106.759],[56.676,-124.378],[15.321,-138.213],[-21.799,-135.656],[-36.27,-34.492],[37.691,80.11],[39.297,80.55],[54.872,57.96],[59.359,58.465],[56.72,184.5]],"c":true},"ix":2},"nm":"Path 2","mn":"ADBE Vector Shape - Group","hd":false},{"ty":"gf","o":{"a":0,"k":100,"ix":10},"r":1,"bm":0,"g":{"p":3,"k":{"a":0,"k":[0,0.722,0.792,0.851,0.23,0.765,0.835,0.9,1,0.808,0.878,0.949],"ix":9}},"s":{"a":0,"k":[-2.506,114.884],"ix":5},"e":{"a":0,"k":[28.717,-173.271],"ix":6},"t":1,"nm":"mug_01_Gradient Fill 1","mn":"ADBE Vector Graphic - G-Fill","hd":false},{"ty":"tr","p":{"a":0,"k":[0,0],"ix":2},"a":{"a":0,"k":[0,0],"ix":1},"s":{"a":0,"k":[100,100],"ix":3},"r":{"a":0,"k":0,"ix":6},"o":{"a":0,"k":100,"ix":7},"sk":{"a":0,"k":0,"ix":4},"sa":{"a":0,"k":0,"ix":5},"nm":"Transform"}],"nm":"Group 1","np":3,"cix":2,"bm":0,"ix":1,"mn":"ADBE Vector Group","hd":false},{"ty":"tr","p":{"a":0,"k":[-727.108,609.599],"ix":2},"a":{"a":0,"k":[0,0],"ix":1},"s":{"a":0,"k":[100,100],"ix":3},"r":{"a":0,"k":0,"ix":6},"o":{"a":0,"k":100,"ix":7},"sk":{"a":0,"k":0,"ix":4},"sa":{"a":0,"k":0,"ix":5},"nm":"Transform"}],"nm":"Group 1","np":1,"cix":2,"bm":0,"ix":1,"mn":"ADBE Vector Group","hd":false},{"ty":"tr","p":{"a":0,"k":[1.478,1.748],"ix":2},"a":{"a":0,"k":[0,0],"ix":1},"s":{"a":0,"k":[100,100],"ix":3},"r":{"a":0,"k":0,"ix":6},"o":{"a":0,"k":100,"ix":7},"sk":{"a":0,"k":0,"ix":4},"sa":{"a":0,"k":0,"ix":5},"nm":"Transform"}],"nm":"Group 1","np":1,"cix":2,"bm":0,"ix":1,"mn":"ADBE Vector Group","hd":false},{"ty":"gr","it":[{"ty":"gr","it":[{"ind":0,"ty":"sh","ix":1,"ks":{"a":0,"k":{"i":[[0,0],[0,0],[6.04,4.717],[16.243,-11.575],[-88.191,-34.504],[0,0],[0,0],[9.341,4.378],[-25.228,25.65],[-77.9,-10.258]],"o":[[0,0],[0,0],[-12.918,-10.093],[-31.766,22.611],[14.125,5.54],[0,0],[0,0],[-148.46,-69.754],[21.641,-21.997],[8.492,1.13]],"v":[[77.527,-169.947],[69.216,-102.113],[58.683,-120.753],[-22.629,-132.107],[37.411,87.193],[57.663,63.582],[55.442,169.947],[39.885,135.947],[-58.383,-151.461],[61.553,-159.491]],"c":true},"ix":2},"nm":"Path 1","mn":"ADBE Vector Shape - Group","hd":false},{"ty":"gf","o":{"a":0,"k":100,"ix":10},"r":1,"bm":0,"g":{"p":3,"k":{"a":0,"k":[0,0.722,0.792,0.851,0.23,0.747,0.818,0.88,1,0.773,0.843,0.91],"ix":9}},"s":{"a":0,"k":[-34.9,110.713],"ix":5},"e":{"a":0,"k":[6.326,-165.565],"ix":6},"t":1,"nm":"Mug_02_Gradient Fill 1","mn":"ADBE Vector Graphic - G-Fill","hd":false},{"ty":"tr","p":{"a":0,"k":[0,0],"ix":2},"a":{"a":0,"k":[0,0],"ix":1},"s":{"a":0,"k":[100,100],"ix":3},"r":{"a":0,"k":0,"ix":6},"o":{"a":0,"k":100,"ix":7},"sk":{"a":0,"k":0,"ix":4},"sa":{"a":0,"k":0,"ix":5},"nm":"Transform"}],"nm":"Group 1","np":2,"cix":2,"bm":0,"ix":1,"mn":"ADBE Vector Group","hd":false},{"ty":"tr","p":{"a":0,"k":[-727.673,604.416],"ix":2},"a":{"a":0,"k":[0,0],"ix":1},"s":{"a":0,"k":[100,100],"ix":3},"r":{"a":0,"k":0,"ix":6},"o":{"a":0,"k":100,"ix":7},"sk":{"a":0,"k":0,"ix":4},"sa":{"a":0,"k":0,"ix":5},"nm":"Transform"}],"nm":"Group 2","np":1,"cix":2,"bm":0,"ix":2,"mn":"ADBE Vector Group","hd":false},{"ty":"tr","p":{"a":0,"k":[-726.603,604.916],"ix":2},"a":{"a":0,"k":[-727.673,604.416],"ix":1},"s":{"a":0,"k":[100,100],"ix":3},"r":{"a":0,"k":0,"ix":6},"o":{"a":0,"k":100,"ix":7},"sk":{"a":0,"k":0,"ix":4},"sa":{"a":0,"k":0,"ix":5},"nm":"Transform"}],"nm":"Group 4","np":2,"cix":2,"bm":0,"ix":4,"mn":"ADBE Vector Group","hd":false}],"ip":0,"op":48,"st":0,"bm":0}]}],"layers":[{"ddd":0,"ind":1,"ty":0,"nm":"clinking_beer_mugs","parent":2,"refId":"comp_0","sr":1,"ks":{"o":{"a":0,"k":100,"ix":11},"r":{"a":0,"k":0,"ix":10},"p":{"a":0,"k":[512,512,0],"ix":2},"a":{"a":0,"k":[512,512,0],"ix":1},"s":{"a":0,"k":[100,100,100],"ix":6}},"ao":0,"w":1024,"h":1024,"ip":0,"op":38,"st":-10,"bm":0},{"ddd":0,"ind":2,"ty":0,"nm":"clinking_beer_mugs","refId":"comp_0","sr":1,"ks":{"o":{"a":0,"k":100,"ix":11},"r":{"a":0,"k":0,"ix":10},"p":{"a":0,"k":[512,532,0],"ix":2},"a":{"a":0,"k":[512,512,0],"ix":1},"s":{"a":0,"k":[100,100,100],"ix":6}},"ao":0,"w":1024,"h":1024,"ip":38,"op":48,"st":38,"bm":0}],"markers":[]}