{"v":"5.6.2","fr":24,"ip":0,"op":48,"w":1024,"h":1024,"nm":"clinking_glasses","ddd":0,"assets":[{"id":"comp_0","layers":[{"ddd":0,"ind":1,"ty":3,"nm":"Scale Control","sr":1,"ks":{"o":{"a":0,"k":0,"ix":11},"r":{"a":0,"k":0,"ix":10},"p":{"a":0,"k":[468,442,0],"ix":2},"a":{"a":0,"k":[0,0,0],"ix":1},"s":{"a":0,"k":[1400,1400,100],"ix":6}},"ao":0,"ip":0,"op":48,"st":0,"bm":0},{"ddd":0,"ind":2,"ty":4,"nm":"Clink 2","parent":1,"sr":1,"ks":{"o":{"a":1,"k":[{"i":{"x":[0],"y":[1]},"o":{"x":[0.333],"y":[0]},"t":18,"s":[100]},{"t":31,"s":[0]}],"ix":11},"r":{"a":0,"k":44,"ix":10},"p":{"a":0,"k":[3.639,-19.412,0],"ix":2},"a":{"a":0,"k":[-18.505,-16.676,0],"ix":1},"s":{"a":0,"k":[75.357,75.357,100],"ix":6}},"ao":0,"shapes":[{"ty":"gr","it":[{"ind":0,"ty":"sh","ix":1,"ks":{"a":1,"k":[{"i":{"x":0,"y":1},"o":{"x":0.167,"y":0.167},"t":13,"s":[{"i":[[3.587,-2.071],[-0.282,0.163]],"o":[[-3.588,2.071],[0.285,-0.165]],"v":[[-20.458,-27.687],[-15.67,-19.391]],"c":true}]},{"t":31,"s":[{"i":[[3.587,-2.071],[-0.282,0.163]],"o":[[-3.588,2.071],[0.285,-0.165]],"v":[[-25.758,-37.987],[-20.97,-29.691]],"c":true}]}],"ix":2},"nm":"Path 1","mn":"ADBE Vector Shape - Group","hd":false},{"ty":"fl","c":{"a":0,"k":[0.058823529412,0.705882352941,0.83137254902,1],"ix":4},"o":{"a":0,"k":100,"ix":5},"r":1,"bm":0,"nm":"Fill 1","mn":"ADBE Vector Graphic - Fill","hd":false},{"ty":"tr","p":{"a":0,"k":[-13.853,-8.743],"ix":2},"a":{"a":0,"k":[-13.853,-15.743],"ix":1},"s":{"a":0,"k":[100,100],"ix":3},"r":{"a":0,"k":26,"ix":6},"o":{"a":0,"k":100,"ix":7},"sk":{"a":0,"k":0,"ix":4},"sa":{"a":0,"k":0,"ix":5},"nm":"Transform"}],"nm":"Group 3","np":2,"cix":2,"bm":0,"ix":1,"mn":"ADBE Vector Group","hd":false},{"ty":"gr","it":[{"ind":0,"ty":"sh","ix":1,"ks":{"a":1,"k":[{"i":{"x":0,"y":1},"o":{"x":0.167,"y":0.167},"t":13,"s":[{"i":[[3.587,-2.071],[-0.282,0.163]],"o":[[-3.588,2.071],[0.285,-0.165]],"v":[[-20.458,-27.687],[-15.67,-19.391]],"c":true}]},{"t":31,"s":[{"i":[[3.587,-2.071],[-0.282,0.163]],"o":[[-3.588,2.071],[0.285,-0.165]],"v":[[-25.758,-37.987],[-20.97,-29.691]],"c":true}]}],"ix":2},"nm":"Path 1","mn":"ADBE Vector Shape - Group","hd":false},{"ty":"fl","c":{"a":0,"k":[0.058823529412,0.705882352941,0.83137254902,1],"ix":4},"o":{"a":0,"k":100,"ix":5},"r":1,"bm":0,"nm":"Fill 1","mn":"ADBE Vector Graphic - Fill","hd":false},{"ty":"tr","p":{"a":0,"k":[-13.853,-8.743],"ix":2},"a":{"a":0,"k":[-13.853,-15.743],"ix":1},"s":{"a":0,"k":[100,100],"ix":3},"r":{"a":0,"k":-26,"ix":6},"o":{"a":0,"k":100,"ix":7},"sk":{"a":0,"k":0,"ix":4},"sa":{"a":0,"k":0,"ix":5},"nm":"Transform"}],"nm":"Group 2","np":2,"cix":2,"bm":0,"ix":2,"mn":"ADBE Vector Group","hd":false},{"ty":"gr","it":[{"ind":0,"ty":"sh","ix":1,"ks":{"a":1,"k":[{"i":{"x":0,"y":1},"o":{"x":0.167,"y":0.167},"t":13,"s":[{"i":[[3.587,-2.071],[-0.282,0.163]],"o":[[-3.588,2.071],[0.285,-0.165]],"v":[[-20.458,-27.687],[-15.67,-19.391]],"c":true}]},{"t":31,"s":[{"i":[[3.587,-2.071],[-0.282,0.163]],"o":[[-3.588,2.071],[0.285,-0.165]],"v":[[-25.758,-37.987],[-20.97,-29.691]],"c":true}]}],"ix":2},"nm":"Path 1","mn":"ADBE Vector Shape - Group","hd":false},{"ty":"fl","c":{"a":0,"k":[0.058823529412,0.705882352941,0.83137254902,1],"ix":4},"o":{"a":0,"k":100,"ix":5},"r":1,"bm":0,"nm":"Fill 1","mn":"ADBE Vector Graphic - Fill","hd":false},{"ty":"tr","p":{"a":0,"k":[-13.853,-8.743],"ix":2},"a":{"a":0,"k":[-13.853,-15.743],"ix":1},"s":{"a":0,"k":[100,100],"ix":3},"r":{"a":0,"k":0,"ix":6},"o":{"a":0,"k":100,"ix":7},"sk":{"a":0,"k":0,"ix":4},"sa":{"a":0,"k":0,"ix":5},"nm":"Transform"}],"nm":"Group 1","np":2,"cix":2,"bm":0,"ix":3,"mn":"ADBE Vector Group","hd":false}],"ip":13,"op":31,"st":-2,"bm":0},{"ddd":0,"ind":3,"ty":3,"nm":"Right Mug Control","parent":1,"sr":1,"ks":{"o":{"a":0,"k":0,"ix":11},"r":{"a":1,"k":[{"i":{"x":[0.833],"y":[0.833]},"o":{"x":[0.333],"y":[0]},"t":0,"s":[27]},{"i":{"x":[0.667],"y":[1]},"o":{"x":[0.167],"y":[0.167]},"t":13,"s":[16.332]},{"i":{"x":[0.667],"y":[1]},"o":{"x":[0.333],"y":[0]},"t":19,"s":[24]},{"i":{"x":[0.395],"y":[1]},"o":{"x":[0.333],"y":[0]},"t":33,"s":[24]},{"i":{"x":[0.667],"y":[1]},"o":{"x":[0.333],"y":[0]},"t":40,"s":[33]},{"i":{"x":[0.667],"y":[1]},"o":{"x":[0.333],"y":[0]},"t":48,"s":[27]},{"t":54,"s":[27]}],"ix":10},"p":{"a":1,"k":[{"i":{"x":0.827,"y":0.924},"o":{"x":0.333,"y":0},"t":0,"s":[25.429,-2.673,0],"to":[-6.714,8.595,0],"ti":[-0.968,5.311,0]},{"i":{"x":0.826,"y":0},"o":{"x":0.174,"y":1},"t":17,"s":[11.714,-4.245,0],"to":[0.055,0.104,0],"ti":[0.104,0.025,0]},{"i":{"x":0.667,"y":1},"o":{"x":0.333,"y":0.143},"t":34,"s":[12.571,-5.388,0],"to":[1.127,-6.182,0],"ti":[1.416,-1.813,0]},{"i":{"x":0.486,"y":1},"o":{"x":0.333,"y":0},"t":48,"s":[25.429,-2.673,0],"to":[-6.714,8.595,0],"ti":[-1.298,-4.527,0]},{"t":51,"s":[25.429,-2.673,0]}],"ix":2},"a":{"a":0,"k":[217.029,34.721,0],"ix":1},"s":{"a":0,"k":[5.102,5.102,100],"ix":6}},"ao":0,"ip":0,"op":48,"st":0,"bm":0},{"ddd":0,"ind":4,"ty":3,"nm":"Left Mug Control","parent":1,"sr":1,"ks":{"o":{"a":0,"k":0,"ix":11},"r":{"a":1,"k":[{"i":{"x":[0.833],"y":[0.833]},"o":{"x":[0.333],"y":[0]},"t":0,"s":[2]},{"i":{"x":[0.667],"y":[1]},"o":{"x":[0.167],"y":[0.167]},"t":13,"s":[18]},{"i":{"x":[0.667],"y":[1]},"o":{"x":[0.333],"y":[0]},"t":19,"s":[7.535]},{"i":{"x":[0.675],"y":[0.831]},"o":{"x":[0.333],"y":[0]},"t":33,"s":[7.535]},{"i":{"x":[0.667],"y":[1]},"o":{"x":[0.337],"y":[-0.204]},"t":42,"s":[-5.465]},{"i":{"x":[0.667],"y":[1]},"o":{"x":[0.333],"y":[0]},"t":48,"s":[2]},{"t":51,"s":[2]}],"ix":10},"p":{"a":1,"k":[{"i":{"x":0.795,"y":0.874},"o":{"x":0.333,"y":0},"t":0,"s":[-23.694,0.306,0],"to":[2.983,5.949,0],"ti":[4.776,8.929,0]},{"i":{"x":0.886,"y":0},"o":{"x":0.107,"y":1},"t":17,"s":[-14.939,-3.071,0],"to":[0.046,0.071,0],"ti":[0.026,0.071,0]},{"i":{"x":0.486,"y":1},"o":{"x":0.333,"y":0.265},"t":34,"s":[-15.367,-4.214,0],"to":[-1.847,-2.571,0],"ti":[0.101,-5.416,0]},{"t":48,"s":[-23.694,0.306,0]}],"ix":2},"a":{"a":0,"k":[-126.129,54.297,0],"ix":1},"s":{"a":0,"k":[5.102,5.102,100],"ix":6}},"ao":0,"ip":0,"op":48,"st":0,"bm":0},{"ddd":0,"ind":6,"ty":0,"nm":"Left Glass","parent":4,"refId":"comp_1","sr":1,"ks":{"o":{"a":0,"k":100,"ix":11},"r":{"a":0,"k":0,"ix":10},"p":{"a":0,"k":[-384.129,20.297,0],"ix":2},"a":{"a":0,"k":[512,512,0],"ix":1},"s":{"a":0,"k":[140,140,100],"ix":6}},"ao":0,"w":1024,"h":1024,"ip":0,"op":60,"st":0,"bm":0},{"ddd":0,"ind":7,"ty":0,"nm":"Right Glass","parent":3,"refId":"comp_2","sr":1,"ks":{"o":{"a":0,"k":100,"ix":11},"r":{"a":0,"k":-25,"ix":10},"p":{"a":0,"k":[-183.788,341.231,0],"ix":2},"a":{"a":0,"k":[512,512,0],"ix":1},"s":{"a":0,"k":[140,140,100],"ix":6}},"ao":0,"w":1024,"h":1024,"ip":0,"op":60,"st":0,"bm":0}]},{"id":"comp_1","layers":[{"ddd":0,"ind":1,"ty":4,"nm":"Glass Highlight","sr":1,"ks":{"o":{"a":0,"k":70,"ix":11},"r":{"a":0,"k":12,"ix":10},"p":{"a":0,"k":[765.097,528.69,0],"ix":2},"a":{"a":0,"k":[5.431,-0.999,0],"ix":1},"s":{"a":0,"k":[1400,1400,100],"ix":6}},"ao":0,"shapes":[{"ty":"gr","it":[{"ind":0,"ty":"sh","ix":1,"ks":{"a":0,"k":{"i":[[1.488,0.35],[-5.67,-5.719],[0.968,1.691],[0,0]],"o":[[0,0],[0.894,0.904],[-5.236,-9.126],[0,0]],"v":[[0.876,-11.146],[8.062,8.74],[9.697,7.867],[3.895,-11.308]],"c":true},"ix":2},"nm":"Path 1","mn":"ADBE Vector Shape - Group","hd":false},{"ty":"gf","o":{"a":0,"k":100,"ix":10},"r":1,"bm":0,"g":{"p":5,"k":{"a":0,"k":[0,1,1,1,0.057,1,1,1,0.114,1,1,1,0.557,1,1,1,1,1,1,1,0,0,0.057,0.057,0.114,0.114,0.557,0.557,1,1],"ix":9}},"s":{"a":0,"k":[8.163,10.024],"ix":5},"e":{"a":0,"k":[2.196,-11.453],"ix":6},"t":1,"nm":"highlight gradientazaezaezaezaeaze","mn":"ADBE Vector Graphic - G-Fill","hd":false},{"ty":"tr","p":{"a":0,"k":[0,0],"ix":2},"a":{"a":0,"k":[0,0],"ix":1},"s":{"a":0,"k":[100,100],"ix":3},"r":{"a":0,"k":0,"ix":6},"o":{"a":0,"k":100,"ix":7},"sk":{"a":0,"k":0,"ix":4},"sa":{"a":0,"k":0,"ix":5},"nm":"Transform"}],"nm":"Glass Highlight","np":2,"cix":2,"bm":0,"ix":1,"mn":"ADBE Vector Group","hd":false}],"ip":0,"op":60,"st":0,"bm":0},{"ddd":0,"ind":2,"ty":4,"nm":"Bubble","parent":4,"sr":1,"ks":{"o":{"a":0,"k":100,"ix":11},"r":{"a":0,"k":12,"ix":10},"p":{"a":0,"k":[310.726,38.903,0],"ix":2},"a":{"a":0,"k":[10.272,1.639,0],"ix":1},"s":{"a":0,"k":[1400,1400,100],"ix":6}},"ao":0,"shapes":[{"ty":"gr","it":[{"ty":"gr","it":[{"ind":0,"ty":"sh","ix":1,"ks":{"a":0,"k":{"i":[[-0.17,-0.64],[0.171,0.642]],"o":[[0.174,0.645],[-0.173,-0.646]],"v":[[6.53,-2.326],[5.565,-2.064]],"c":true},"ix":2},"nm":"Path 1","mn":"ADBE Vector Shape - Group","hd":false},{"ty":"fl","c":{"a":0,"k":[1,0.909803926945,0.733333349228,1],"ix":4},"o":{"a":0,"k":100,"ix":5},"r":1,"bm":0,"nm":"Fill 1","mn":"ADBE Vector Graphic - Fill","hd":false},{"ty":"tr","p":{"a":1,"k":[{"i":{"x":0.667,"y":1},"o":{"x":0.333,"y":0},"t":0,"s":[7.534,6.566],"to":[-0.388,-1.373],"ti":[0,0]},{"i":{"x":0.667,"y":1},"o":{"x":0.333,"y":0},"t":10.4,"s":[5.206,-1.669],"to":[0,0],"ti":[0,0]},{"i":{"x":0.667,"y":1},"o":{"x":0.333,"y":0},"t":21.601,"s":[7.534,6.566],"to":[0,0],"ti":[0.388,1.373]},{"t":32,"s":[5.206,-1.669]}],"ix":2},"a":{"a":0,"k":[6.048,-2.195],"ix":1},"s":{"a":1,"k":[{"i":{"x":[0.667,0.667],"y":[1,1]},"o":{"x":[0.333,0.333],"y":[0,0]},"t":0,"s":[0,0]},{"i":{"x":[0.667,0.667],"y":[1,1]},"o":{"x":[0.333,0.333],"y":[0,0]},"t":3.2,"s":[100,100]},{"i":{"x":[0.667,0.667],"y":[1,1]},"o":{"x":[0.333,0.333],"y":[0,0]},"t":21.601,"s":[0,0]},{"t":24.7998046875,"s":[100,100]}],"ix":3},"r":{"a":0,"k":0,"ix":6},"o":{"a":1,"k":[{"i":{"x":[0.833],"y":[1]},"o":{"x":[0.333],"y":[0]},"t":0,"s":[100]},{"i":{"x":[0.833],"y":[1]},"o":{"x":[0.167],"y":[0]},"t":7.2,"s":[100]},{"i":{"x":[0.667],"y":[1]},"o":{"x":[0.167],"y":[0]},"t":10.4,"s":[0]},{"i":{"x":[0.833],"y":[1]},"o":{"x":[0.333],"y":[0]},"t":21.601,"s":[100]},{"i":{"x":[0.833],"y":[1]},"o":{"x":[0.167],"y":[0]},"t":28.8,"s":[100]},{"t":32,"s":[0]}],"ix":7},"sk":{"a":0,"k":0,"ix":4},"sa":{"a":0,"k":0,"ix":5},"nm":"Transform"}],"nm":"Group 1","np":2,"cix":2,"bm":0,"ix":1,"mn":"ADBE Vector Group","hd":false},{"ty":"gr","it":[{"ind":0,"ty":"sh","ix":1,"ks":{"a":0,"k":{"i":[[-0.346,-1.289],[0.344,1.288]],"o":[[0.345,1.285],[-0.344,-1.284]],"v":[[9.676,-0.253],[7.745,0.263]],"c":true},"ix":2},"nm":"Path 2","mn":"ADBE Vector Shape - Group","hd":false},{"ty":"fl","c":{"a":0,"k":[1,0.909803926945,0.733333349228,1],"ix":4},"o":{"a":0,"k":100,"ix":5},"r":1,"bm":0,"nm":"Fill 2","mn":"ADBE Vector Graphic - Fill","hd":false},{"ty":"tr","p":{"a":1,"k":[{"i":{"x":0.667,"y":1},"o":{"x":0.333,"y":0},"t":4,"s":[11.48,8.192],"to":[-0.487,-1.81],"ti":[0,0]},{"i":{"x":0.833,"y":1},"o":{"x":0.167,"y":0},"t":14.399,"s":[8.561,-2.668],"to":[0,0],"ti":[0,0]},{"i":{"x":0.667,"y":1},"o":{"x":0.333,"y":0},"t":30.4,"s":[11.48,8.192],"to":[0,0],"ti":[0.487,1.81]},{"t":40.7998046875,"s":[8.561,-2.668]}],"ix":2},"a":{"a":0,"k":[8.711,0.005],"ix":1},"s":{"a":1,"k":[{"i":{"x":[0.667,0.667],"y":[1,1]},"o":{"x":[0.333,0.333],"y":[0,0]},"t":4,"s":[0,0]},{"i":{"x":[0.833,0.833],"y":[1,1]},"o":{"x":[0.167,0.167],"y":[0,0]},"t":7.2,"s":[100,100]},{"i":{"x":[0.667,0.667],"y":[1,1]},"o":{"x":[0.333,0.333],"y":[0,0]},"t":30.4,"s":[0,0]},{"t":33.6005859375,"s":[100,100]}],"ix":3},"r":{"a":0,"k":0,"ix":6},"o":{"a":1,"k":[{"i":{"x":[0.667],"y":[1]},"o":{"x":[0.333],"y":[0]},"t":4,"s":[100]},{"i":{"x":[0.667],"y":[1]},"o":{"x":[0.333],"y":[0]},"t":10.4,"s":[100]},{"i":{"x":[0.833],"y":[1]},"o":{"x":[0.167],"y":[0]},"t":14.399,"s":[0]},{"i":{"x":[0.667],"y":[1]},"o":{"x":[0.333],"y":[0]},"t":30.4,"s":[100]},{"i":{"x":[0.667],"y":[1]},"o":{"x":[0.333],"y":[0]},"t":36.8,"s":[100]},{"t":40.7998046875,"s":[0]}],"ix":7},"sk":{"a":0,"k":0,"ix":4},"sa":{"a":0,"k":0,"ix":5},"nm":"Transform"}],"nm":"Group 2","np":2,"cix":2,"bm":0,"ix":2,"mn":"ADBE Vector Group","hd":false},{"ty":"gr","it":[{"ind":0,"ty":"sh","ix":1,"ks":{"a":0,"k":{"i":[[-0.255,-0.958],[0.261,0.972]],"o":[[0.262,0.971],[-0.258,-0.963]],"v":[[7.888,1.773],[6.441,2.164]],"c":true},"ix":2},"nm":"Path 3","mn":"ADBE Vector Shape - Group","hd":false},{"ty":"fl","c":{"a":0,"k":[1,0.909803926945,0.733333349228,1],"ix":4},"o":{"a":0,"k":100,"ix":5},"r":1,"bm":0,"nm":"Fill 3","mn":"ADBE Vector Graphic - Fill","hd":false},{"ty":"tr","p":{"a":1,"k":[{"i":{"x":0.667,"y":1},"o":{"x":0.333,"y":0},"t":8,"s":[9.932,8.303],"to":[-0.685,-1.819],"ti":[0,0]},{"i":{"x":0.833,"y":1},"o":{"x":0.167,"y":0},"t":22.4,"s":[5.822,-2.61],"to":[0,0],"ti":[0,0]},{"i":{"x":0.667,"y":1},"o":{"x":0.333,"y":0},"t":33.601,"s":[9.932,8.303],"to":[0,0],"ti":[0.685,1.819]},{"t":48,"s":[5.822,-2.61]}],"ix":2},"a":{"a":0,"k":[7.165,1.973],"ix":1},"s":{"a":1,"k":[{"i":{"x":[0.667,0.667],"y":[1,1]},"o":{"x":[0.333,0.333],"y":[0,0]},"t":8,"s":[0,0]},{"i":{"x":[0.833,0.833],"y":[1,1]},"o":{"x":[0.167,0.167],"y":[0,0]},"t":12,"s":[100,100]},{"i":{"x":[0.667,0.667],"y":[1,1]},"o":{"x":[0.333,0.333],"y":[0,0]},"t":33.601,"s":[0,0]},{"t":37.599609375,"s":[100,100]}],"ix":3},"r":{"a":0,"k":0,"ix":6},"o":{"a":1,"k":[{"i":{"x":[0.667],"y":[1]},"o":{"x":[0.333],"y":[0]},"t":8,"s":[100]},{"i":{"x":[0.667],"y":[1]},"o":{"x":[0.333],"y":[0]},"t":18.4,"s":[100]},{"i":{"x":[0.833],"y":[1]},"o":{"x":[0.167],"y":[0]},"t":22.4,"s":[0]},{"i":{"x":[0.667],"y":[1]},"o":{"x":[0.333],"y":[0]},"t":33.601,"s":[100]},{"i":{"x":[0.667],"y":[1]},"o":{"x":[0.333],"y":[0]},"t":44,"s":[100]},{"t":48,"s":[0]}],"ix":7},"sk":{"a":0,"k":0,"ix":4},"sa":{"a":0,"k":0,"ix":5},"nm":"Transform"}],"nm":"Group 3","np":2,"cix":2,"bm":0,"ix":3,"mn":"ADBE Vector Group","hd":false},{"ty":"gr","it":[{"ind":0,"ty":"sh","ix":1,"ks":{"a":0,"k":{"i":[[-0.433,-1.601],[0.434,1.614]],"o":[[0.431,1.617],[-0.427,-1.605]],"v":[[10.719,5.078],[8.3,5.726]],"c":true},"ix":2},"nm":"Path 4","mn":"ADBE Vector Shape - Group","hd":false},{"ty":"fl","c":{"a":0,"k":[1,0.909803926945,0.733333349228,1],"ix":4},"o":{"a":0,"k":100,"ix":5},"r":1,"bm":0,"nm":"Fill 4","mn":"ADBE Vector Graphic - Fill","hd":false},{"ty":"tr","p":{"a":1,"k":[{"i":{"x":0.667,"y":1},"o":{"x":0.333,"y":0},"t":15.2,"s":[10.739,8.574],"to":[-0.425,-1.98],"ti":[0.425,1.98]},{"t":34.400390625,"s":[8.188,-3.304]}],"ix":2},"a":{"a":0,"k":[9.51,5.407],"ix":1},"s":{"a":1,"k":[{"i":{"x":[0.667,0.667],"y":[1,1]},"o":{"x":[0.333,0.333],"y":[0,0]},"t":15.2,"s":[0,0]},{"t":21.6005859375,"s":[100,100]}],"ix":3},"r":{"a":0,"k":0,"ix":6},"o":{"a":1,"k":[{"i":{"x":[0.667],"y":[1]},"o":{"x":[0.333],"y":[0]},"t":15.2,"s":[100]},{"i":{"x":[0.667],"y":[1]},"o":{"x":[0.333],"y":[0]},"t":29.6,"s":[100]},{"t":34.400390625,"s":[0]}],"ix":7},"sk":{"a":0,"k":0,"ix":4},"sa":{"a":0,"k":0,"ix":5},"nm":"Transform"}],"nm":"Group 4","np":2,"cix":2,"bm":0,"ix":4,"mn":"ADBE Vector Group","hd":false},{"ty":"tr","p":{"a":0,"k":[0,0],"ix":2},"a":{"a":0,"k":[0,0],"ix":1},"s":{"a":0,"k":[100,100],"ix":3},"r":{"a":0,"k":0,"ix":6},"o":{"a":0,"k":100,"ix":7},"sk":{"a":0,"k":0,"ix":4},"sa":{"a":0,"k":0,"ix":5},"nm":"Transform"}],"nm":"Bubble","np":4,"cix":2,"bm":0,"ix":1,"mn":"ADBE Vector Group","hd":false}],"ip":0,"op":60,"st":0,"bm":0},{"ddd":0,"ind":3,"ty":4,"nm":"Foam","parent":4,"td":1,"sr":1,"ks":{"o":{"a":0,"k":100,"ix":11},"r":{"a":0,"k":12,"ix":10},"p":{"a":0,"k":[301.355,-103.528,0],"ix":2},"a":{"a":0,"k":[7.503,-8.173,0],"ix":1},"s":{"a":0,"k":[1400,1400,100],"ix":6}},"ao":0,"shapes":[{"ty":"gr","it":[{"ind":0,"ty":"sh","ix":1,"ks":{"a":1,"k":[{"i":{"x":0.833,"y":0.833},"o":{"x":0.167,"y":0.167},"t":0,"s":[{"i":[[-0.405,-2.28],[-4.854,1.1],[0,0],[5.704,-1.077]],"o":[[5.645,-0.927],[-0.451,-1.535],[-3.86,1.149],[0,-0.001]],"v":[[-0.547,-5.382],[15.291,-8.399],[13.341,-12.261],[-1.059,-9.079]],"c":true}]},{"i":{"x":0.833,"y":0.833},"o":{"x":0.167,"y":0.167},"t":6.4,"s":[{"i":[[-0.405,-2.28],[-4.559,2.943],[0,0],[6.572,0.231]],"o":[[6.023,-0.768],[-0.451,-1.535],[-3.876,1.775],[0,-0.001]],"v":[[0.983,-7.46],[14.534,-6.12],[13.546,-9.237],[0.471,-11.157]],"c":true}]},{"i":{"x":0.833,"y":0.833},"o":{"x":0.167,"y":0.167},"t":12,"s":[{"i":[[-0.405,-2.28],[-4.761,1.476],[0,0],[6.572,0.231]],"o":[[7.298,-0.353],[-0.451,-1.535],[-3.876,1.775],[0,-0.001]],"v":[[-0.041,-2.711],[14.245,-9.465],[12.892,-13.482],[-0.184,-7.946]],"c":true}]},{"i":{"x":0.833,"y":0.833},"o":{"x":0.167,"y":0.167},"t":17.6,"s":[{"i":[[-0.405,-2.28],[-4.559,2.943],[0,0],[6.572,0.231]],"o":[[6.023,-0.768],[-0.451,-1.535],[-3.876,1.775],[0,-0.001]],"v":[[0.983,-7.46],[14.534,-6.12],[13.546,-9.237],[0.471,-11.157]],"c":true}]},{"i":{"x":0.833,"y":0.833},"o":{"x":0.167,"y":0.167},"t":22.4,"s":[{"i":[[-0.405,-2.28],[-4.761,1.476],[0,0],[6.572,0.231]],"o":[[7.298,-0.353],[-0.451,-1.535],[-3.876,1.775],[0,-0.001]],"v":[[-0.231,-3.734],[14.979,-8.633],[13.626,-12.651],[-0.374,-8.968]],"c":true}]},{"i":{"x":0.833,"y":0.833},"o":{"x":0.167,"y":0.167},"t":28.8,"s":[{"i":[[-0.405,-2.28],[-4.559,2.943],[0,0],[6.572,0.231]],"o":[[6.023,-0.768],[-0.451,-1.535],[-3.876,1.775],[0,-0.001]],"v":[[-0.916,-5.742],[15.291,-8.399],[14.303,-11.516],[-1.428,-9.439]],"c":true}]},{"t":33.6005859375,"s":[{"i":[[-0.405,-2.28],[-4.854,1.1],[0,0],[5.704,-1.077]],"o":[[5.645,-0.927],[-0.451,-1.535],[-3.86,1.149],[0,-0.001]],"v":[[-0.547,-5.382],[15.291,-8.399],[13.341,-12.261],[-1.059,-9.079]],"c":true}]}],"ix":2},"nm":"Path 1","mn":"ADBE Vector Shape - Group","hd":false},{"ty":"fl","c":{"a":0,"k":[1,0.909803926945,0.733333349228,1],"ix":4},"o":{"a":0,"k":100,"ix":5},"r":1,"bm":0,"nm":"Fill 1","mn":"ADBE Vector Graphic - Fill","hd":false},{"ty":"tr","p":{"a":0,"k":[0,0],"ix":2},"a":{"a":0,"k":[0,0],"ix":1},"s":{"a":0,"k":[100,100],"ix":3},"r":{"a":0,"k":0,"ix":6},"o":{"a":0,"k":100,"ix":7},"sk":{"a":0,"k":0,"ix":4},"sa":{"a":0,"k":0,"ix":5},"nm":"Transform"}],"nm":"Foam","np":2,"cix":2,"bm":0,"ix":1,"mn":"ADBE Vector Group","hd":false}],"ip":0,"op":60,"st":0,"bm":0},{"ddd":0,"ind":4,"ty":4,"nm":"Shape Layer 1","parent":5,"tt":1,"sr":1,"ks":{"o":{"a":0,"k":100,"ix":11},"r":{"a":0,"k":-12,"ix":10},"p":{"a":0,"k":[-12.015,3.535,0],"ix":2},"a":{"a":0,"k":[0,0,0],"ix":1},"s":{"a":0,"k":[7.143,7.143,100],"ix":6}},"ao":0,"shapes":[{"ty":"gr","it":[{"ind":0,"ty":"sh","ix":1,"ks":{"a":0,"k":{"i":[[-16.568,-48.612],[0,0],[5.341,60.848],[-3,15]],"o":[[19.086,56],[0,0],[-5,-56.961],[10.072,-50.36]],"v":[[95.457,-82.48],[118.457,100.481],[-64.457,89.48],[-60.207,-74.48]],"c":true},"ix":2},"nm":"Path 1","mn":"ADBE Vector Shape - Group","hd":false},{"ty":"fl","c":{"a":0,"k":[1,0.909803926945,0.733333349228,1],"ix":4},"o":{"a":0,"k":100,"ix":5},"r":1,"bm":0,"nm":"Fill 2","mn":"ADBE Vector Graphic - Fill","hd":false},{"ty":"tr","p":{"a":0,"k":[276.457,-101.52],"ix":2},"a":{"a":0,"k":[0,0],"ix":1},"s":{"a":0,"k":[100,100],"ix":3},"r":{"a":0,"k":0,"ix":6},"o":{"a":0,"k":100,"ix":7},"sk":{"a":0,"k":0,"ix":4},"sa":{"a":0,"k":0,"ix":5},"nm":"Transform"}],"nm":"Rectangle 1","np":2,"cix":2,"bm":0,"ix":1,"mn":"ADBE Vector Group","hd":false}],"ip":0,"op":60,"st":0,"bm":0},{"ddd":0,"ind":5,"ty":4,"nm":"Liquid","sr":1,"ks":{"o":{"a":0,"k":100,"ix":11},"r":{"a":0,"k":12,"ix":10},"p":{"a":0,"k":[798.11,559.811,0],"ix":2},"a":{"a":0,"k":[8.352,0.74,0],"ix":1},"s":{"a":0,"k":[1380,1380,100],"ix":6}},"ao":0,"shapes":[{"ty":"gr","it":[{"ind":0,"ty":"sh","ix":1,"ks":{"a":1,"k":[{"i":{"x":0.833,"y":0.833},"o":{"x":0.167,"y":0.167},"t":9.601,"s":[{"i":[[1.242,10.254],[-10.256,-0.443],[4.963,-1.332]],"o":[[0,0],[2.708,8.539],[-5.83,1.559]],"v":[[0.761,-9.479],[13.927,-8.162],[12.335,10.746]],"c":true}]},{"i":{"x":0.833,"y":0.833},"o":{"x":0.167,"y":0.167},"t":12,"s":[{"i":[[1.242,10.254],[-9.281,1.846],[4.963,-1.332]],"o":[[0,0],[3.088,8.915],[-5.83,1.559]],"v":[[1.054,-7.748],[13.532,-9.418],[12.335,10.746]],"c":true}]},{"i":{"x":0.833,"y":0.833},"o":{"x":0.167,"y":0.167},"t":18.4,"s":[{"i":[[1.242,10.254],[-10.256,-0.443],[4.963,-1.332]],"o":[[0,0],[2.708,8.539],[-5.83,1.559]],"v":[[0.761,-9.479],[13.927,-8.162],[12.335,10.746]],"c":true}]},{"i":{"x":0.833,"y":0.833},"o":{"x":0.167,"y":0.167},"t":23.2,"s":[{"i":[[1.242,10.254],[-10.256,-0.443],[4.963,-1.332]],"o":[[0,0],[2.708,8.539],[-5.83,1.559]],"v":[[0.859,-8.854],[13.927,-8.162],[12.335,10.746]],"c":true}]},{"t":26.3994140625,"s":[{"i":[[1.242,10.254],[-10.256,-0.443],[4.963,-1.332]],"o":[[0,0],[2.708,8.539],[-5.83,1.559]],"v":[[0.761,-9.479],[13.927,-8.162],[12.335,10.746]],"c":true}]}],"ix":2},"nm":"Path 1","mn":"ADBE Vector Shape - Group","hd":false},{"ty":"gf","o":{"a":0,"k":100,"ix":10},"r":1,"bm":0,"g":{"p":9,"k":{"a":0,"k":[0,1,0.784,0.278,0.028,1,0.79,0.288,0.056,1,0.796,0.298,0.227,1,0.827,0.341,0.397,1,0.859,0.384,0.558,1,0.878,0.412,0.719,1,0.898,0.439,0.86,1,0.904,0.449,1,1,0.91,0.459],"ix":9}},"s":{"a":0,"k":[12.414,10.805],"ix":5},"e":{"a":0,"k":[5.48,-11.736],"ix":6},"t":1,"nm":"liquidgradientzazea","mn":"ADBE Vector Graphic - G-Fill","hd":false},{"ty":"tr","p":{"a":0,"k":[0,0],"ix":2},"a":{"a":0,"k":[0,0],"ix":1},"s":{"a":0,"k":[100,100],"ix":3},"r":{"a":0,"k":0,"ix":6},"o":{"a":0,"k":100,"ix":7},"sk":{"a":0,"k":0,"ix":4},"sa":{"a":0,"k":0,"ix":5},"nm":"Transform"}],"nm":"Liquid","np":2,"cix":2,"bm":0,"ix":1,"mn":"ADBE Vector Group","hd":false}],"ip":0,"op":60,"st":0,"bm":0},{"ddd":0,"ind":6,"ty":4,"nm":"clinking_glasses","sr":1,"ks":{"o":{"a":0,"k":100,"ix":11},"r":{"a":0,"k":-0.5,"ix":10},"p":{"a":0,"k":[822,636,0],"ix":2},"a":{"a":0,"k":[-950.426,607.938,0],"ix":1},"s":{"a":0,"k":[111,111,100],"ix":6}},"ao":0,"shapes":[{"ty":"gr","it":[{"ind":0,"ty":"sh","ix":1,"ks":{"a":0,"k":{"i":[[-6.574,-8.887],[2.021,-0.329]],"o":[[14.37,19.39],[-20.155,3.135]],"v":[[-11.205,-13.932],[12.928,15.025]],"c":true},"ix":2},"nm":"Path 1","mn":"ADBE Vector Shape - Group","hd":false},{"ty":"fl","c":{"a":0,"k":[0.57647061348,0.690196096897,0.752941191196,1],"ix":4},"o":{"a":0,"k":100,"ix":5},"r":1,"bm":0,"nm":"Fill 1","mn":"ADBE Vector Graphic - Fill","hd":false},{"ty":"tr","p":{"a":0,"k":[-918.44,848.687],"ix":2},"a":{"a":0,"k":[0,0],"ix":1},"s":{"a":0,"k":[100,100],"ix":3},"r":{"a":0,"k":0,"ix":6},"o":{"a":0,"k":30,"ix":7},"sk":{"a":0,"k":0,"ix":4},"sa":{"a":0,"k":0,"ix":5},"nm":"Transform"}],"nm":"Group 1","np":2,"cix":2,"bm":0,"ix":1,"mn":"ADBE Vector Group","hd":false},{"ty":"gr","it":[{"ind":0,"ty":"sh","ix":1,"ks":{"a":0,"k":{"i":[[-0.287,-6.108],[37.553,-1.126],[0.292,6.637],[-37.277,1.098]],"o":[[0.312,6.597],[-37.548,1.105],[-0.351,-6.077],[37.8,-1.127]],"v":[[67.962,-1.25],[0.689,14.8],[-67.962,2.711],[-0.733,-14.822]],"c":true},"ix":2},"nm":"Path 1","mn":"ADBE Vector Shape - Group","hd":false},{"ty":"fl","c":{"a":0,"k":[0.901960790157,0.921568632126,0.937254905701,1],"ix":4},"o":{"a":0,"k":100,"ix":5},"r":1,"bm":0,"nm":"Fill 1","mn":"ADBE Vector Graphic - Fill","hd":false},{"ty":"tr","p":{"a":0,"k":[-963.197,349.863],"ix":2},"a":{"a":0,"k":[0,0],"ix":1},"s":{"a":0,"k":[100,100],"ix":3},"r":{"a":0,"k":0,"ix":6},"o":{"a":0,"k":100,"ix":7},"sk":{"a":0,"k":0,"ix":4},"sa":{"a":0,"k":0,"ix":5},"nm":"Transform"}],"nm":"Group 2","np":2,"cix":2,"bm":0,"ix":2,"mn":"ADBE Vector Group","hd":false},{"ty":"gr","it":[{"ind":0,"ty":"sh","ix":1,"ks":{"a":0,"k":{"i":[[-0.381,-8.423],[41.752,-1.183],[0.579,11.855],[-41.442,1.209]],"o":[[0.597,11.871],[-41.703,1.218],[-0.402,-8.428],[42.014,-1.203]],"v":[[75.512,-2.202],[1.037,21.47],[-75.517,2.229],[-1.006,-21.501]],"c":true},"ix":2},"nm":"Path 1","mn":"ADBE Vector Shape - Group","hd":false},{"ty":"fl","c":{"a":0,"k":[0.772549033165,0.843137264252,0.909803926945,1],"ix":4},"o":{"a":0,"k":100,"ix":5},"r":1,"bm":0,"nm":"Fill 1","mn":"ADBE Vector Graphic - Fill","hd":false},{"ty":"tr","p":{"a":0,"k":[-963.223,350.387],"ix":2},"a":{"a":0,"k":[0,0],"ix":1},"s":{"a":0,"k":[100,100],"ix":3},"r":{"a":0,"k":0,"ix":6},"o":{"a":0,"k":100,"ix":7},"sk":{"a":0,"k":0,"ix":4},"sa":{"a":0,"k":0,"ix":5},"nm":"Transform"}],"nm":"Group 3","np":2,"cix":2,"bm":0,"ix":3,"mn":"ADBE Vector Group","hd":false},{"ty":"gr","it":[{"ind":0,"ty":"sh","ix":1,"ks":{"a":0,"k":{"i":[[0.216,3.999],[17.679,-1.899],[-0.164,-3.39],[-6.792,0.233]],"o":[[-0.099,-2.532],[-11.816,1.296],[0.047,1.474],[7.144,-0.198]],"v":[[23.26,-8.31],[-5.798,-0.358],[-23.258,-0.267],[-2.721,8.768]],"c":true},"ix":2},"nm":"Path 1","mn":"ADBE Vector Shape - Group","hd":false},{"ty":"fl","c":{"a":0,"k":[0.57647061348,0.690196096897,0.752941191196,1],"ix":4},"o":{"a":0,"k":100,"ix":5},"r":1,"bm":0,"nm":"Fill 1","mn":"ADBE Vector Graphic - Fill","hd":false},{"ty":"tr","p":{"a":0,"k":[-944.672,682.607],"ix":2},"a":{"a":0,"k":[0,0],"ix":1},"s":{"a":0,"k":[100,100],"ix":3},"r":{"a":0,"k":0,"ix":6},"o":{"a":0,"k":30,"ix":7},"sk":{"a":0,"k":0,"ix":4},"sa":{"a":0,"k":0,"ix":5},"nm":"Transform"}],"nm":"Group 4","np":2,"cix":2,"bm":0,"ix":4,"mn":"ADBE Vector Group","hd":false},{"ty":"gr","it":[{"ind":0,"ty":"sh","ix":1,"ks":{"a":0,"k":{"i":[[-3.326,2.302],[-14.661,0.593],[-13.198,-13.262],[-5.768,-48.801],[0,0]],"o":[[11.833,-13.893],[14.584,-0.261],[2.147,2.479],[0,0],[-3.697,-21.722]],"v":[[-72.09,-35.121],[-4.932,-54.122],[63.935,-39.026],[80.013,54.143],[-78.991,52.702]],"c":true},"ix":2},"nm":"Path 1","mn":"ADBE Vector Shape - Group","hd":false},{"ty":"fl","c":{"a":0,"k":[0.901960790157,0.921568632126,0.937254905701,1],"ix":4},"o":{"a":0,"k":100,"ix":5},"r":1,"bm":0,"nm":"Fill 1","mn":"ADBE Vector Graphic - Fill","hd":false},{"ty":"tr","p":{"a":0,"k":[-959.087,388.074],"ix":2},"a":{"a":0,"k":[0,0],"ix":1},"s":{"a":0,"k":[100,100],"ix":3},"r":{"a":0,"k":0,"ix":6},"o":{"a":0,"k":100,"ix":7},"sk":{"a":0,"k":0,"ix":4},"sa":{"a":0,"k":0,"ix":5},"nm":"Transform"}],"nm":"Group 5","np":2,"cix":2,"bm":0,"ix":5,"mn":"ADBE Vector Group","hd":false},{"ty":"gr","it":[{"ind":0,"ty":"sh","ix":1,"ks":{"a":0,"k":{"i":[[7.179,7.021],[16.547,-19.032],[-133.549,-33.899]],"o":[[-18.301,-17.932],[-6.544,7.356],[129.907,-41.626]],"v":[[68.028,-168.531],[-81.163,-164.166],[9.954,180.357]],"c":true},"ix":2},"nm":"Path 1","mn":"ADBE Vector Shape - Group","hd":false},{"ty":"fl","c":{"a":0,"k":[0.772549033165,0.843137264252,0.909803926945,1],"ix":4},"o":{"a":0,"k":100,"ix":5},"r":1,"bm":0,"nm":"Fill 1","mn":"ADBE Vector Graphic - Fill","hd":false},{"ty":"tr","p":{"a":0,"k":[-956.765,514.2],"ix":2},"a":{"a":0,"k":[0,0],"ix":1},"s":{"a":0,"k":[100,100],"ix":3},"r":{"a":0,"k":0,"ix":6},"o":{"a":0,"k":100,"ix":7},"sk":{"a":0,"k":0,"ix":4},"sa":{"a":0,"k":0,"ix":5},"nm":"Transform"}],"nm":"Group 6","np":2,"cix":2,"bm":0,"ix":6,"mn":"ADBE Vector Group","hd":false},{"ty":"gr","it":[{"ind":0,"ty":"sh","ix":1,"ks":{"a":0,"k":{"i":[[-47.792,1.375],[-31.053,14.744],[-0.306,-5.875]],"o":[[57.953,-1.675],[25.336,-12.117],[0.28,6.589]],"v":[[32.179,11.914],[-17.899,-7.236],[-46.469,0.152]],"c":true},"ix":2},"nm":"Path 1","mn":"ADBE Vector Shape - Group","hd":false},{"ty":"fl","c":{"a":0,"k":[0.901960790157,0.921568632126,0.937254905701,1],"ix":4},"o":{"a":0,"k":100,"ix":5},"r":1,"bm":0,"nm":"Fill 1","mn":"ADBE Vector Graphic - Fill","hd":false},{"ty":"tr","p":{"a":0,"k":[-966.678,868.485],"ix":2},"a":{"a":0,"k":[0,0],"ix":1},"s":{"a":0,"k":[100,100],"ix":3},"r":{"a":0,"k":0,"ix":6},"o":{"a":0,"k":30,"ix":7},"sk":{"a":0,"k":0,"ix":4},"sa":{"a":0,"k":0,"ix":5},"nm":"Transform"}],"nm":"Group 7","np":2,"cix":2,"bm":0,"ix":7,"mn":"ADBE Vector Group","hd":false},{"ty":"gr","it":[{"ind":0,"ty":"sh","ix":1,"ks":{"a":0,"k":{"i":[[-31.445,3.606],[2.498,52.548],[0,0],[0,0],[-3.971,-83.531],[-13.337,-13.98],[-0.386,-8.098],[46.97,-1.37],[0.501,10.566]],"o":[[11.91,-14.775],[-3.963,-83.518],[0,0],[0,0],[2.472,52.519],[31.681,1.892],[0.486,10.63],[-46.965,1.45],[-0.359,-8.217]],"v":[[-27.656,66.868],[-14.457,-12.656],[-35.666,-101.873],[17.937,-103.468],[5.279,-13.209],[25.966,65.234],[84.987,81.624],[0.898,103.289],[-84.988,86.641]],"c":true},"ix":2},"nm":"Path 1","mn":"ADBE Vector Shape - Group","hd":false},{"ty":"fl","c":{"a":0,"k":[0.772549033165,0.843137264252,0.909803926945,1],"ix":4},"o":{"a":0,"k":100,"ix":5},"r":1,"bm":0,"nm":"Fill 1","mn":"ADBE Vector Graphic - Fill","hd":false},{"ty":"tr","p":{"a":0,"k":[-938.651,783.605],"ix":2},"a":{"a":0,"k":[0,0],"ix":1},"s":{"a":0,"k":[100,100],"ix":3},"r":{"a":0,"k":0,"ix":6},"o":{"a":0,"k":100,"ix":7},"sk":{"a":0,"k":0,"ix":4},"sa":{"a":0,"k":0,"ix":5},"nm":"Transform"}],"nm":"Group 8","np":2,"cix":2,"bm":0,"ix":8,"mn":"ADBE Vector Group","hd":false}],"ip":0,"op":60,"st":0,"bm":0}]},{"id":"comp_2","layers":[{"ddd":0,"ind":1,"ty":4,"nm":"Glass Highlight","sr":1,"ks":{"o":{"a":0,"k":70,"ix":11},"r":{"a":0,"k":12,"ix":10},"p":{"a":0,"k":[765.097,528.69,0],"ix":2},"a":{"a":0,"k":[5.431,-0.999,0],"ix":1},"s":{"a":0,"k":[1400,1400,100],"ix":6}},"ao":0,"shapes":[{"ty":"gr","it":[{"ind":0,"ty":"sh","ix":1,"ks":{"a":0,"k":{"i":[[1.488,0.35],[-5.67,-5.719],[0.968,1.691],[0,0]],"o":[[0,0],[0.894,0.904],[-5.236,-9.126],[0,0]],"v":[[0.876,-11.146],[8.062,8.74],[9.697,7.867],[3.895,-11.308]],"c":true},"ix":2},"nm":"Path 1","mn":"ADBE Vector Shape - Group","hd":false},{"ty":"gf","o":{"a":0,"k":100,"ix":10},"r":1,"bm":0,"g":{"p":5,"k":{"a":0,"k":[0,1,1,1,0.057,1,1,1,0.114,1,1,1,0.557,1,1,1,1,1,1,1,0,0,0.057,0.057,0.114,0.114,0.557,0.557,1,1],"ix":9}},"s":{"a":0,"k":[8.163,10.024],"ix":5},"e":{"a":0,"k":[2.196,-11.453],"ix":6},"t":1,"nm":"highlight gradientazaezaezaezaeaze","mn":"ADBE Vector Graphic - G-Fill","hd":false},{"ty":"tr","p":{"a":0,"k":[0,0],"ix":2},"a":{"a":0,"k":[0,0],"ix":1},"s":{"a":0,"k":[100,100],"ix":3},"r":{"a":0,"k":0,"ix":6},"o":{"a":0,"k":100,"ix":7},"sk":{"a":0,"k":0,"ix":4},"sa":{"a":0,"k":0,"ix":5},"nm":"Transform"}],"nm":"Glass Highlight","np":2,"cix":2,"bm":0,"ix":1,"mn":"ADBE Vector Group","hd":false}],"ip":0,"op":60,"st":0,"bm":0},{"ddd":0,"ind":2,"ty":4,"nm":"Bubble","parent":4,"sr":1,"ks":{"o":{"a":0,"k":100,"ix":11},"r":{"a":0,"k":12,"ix":10},"p":{"a":0,"k":[310.726,38.903,0],"ix":2},"a":{"a":0,"k":[10.272,1.639,0],"ix":1},"s":{"a":0,"k":[1400,1400,100],"ix":6}},"ao":0,"shapes":[{"ty":"gr","it":[{"ty":"gr","it":[{"ind":0,"ty":"sh","ix":1,"ks":{"a":0,"k":{"i":[[-0.17,-0.64],[0.171,0.642]],"o":[[0.174,0.645],[-0.173,-0.646]],"v":[[6.53,-2.326],[5.565,-2.064]],"c":true},"ix":2},"nm":"Path 1","mn":"ADBE Vector Shape - Group","hd":false},{"ty":"fl","c":{"a":0,"k":[1,0.909803926945,0.733333349228,1],"ix":4},"o":{"a":0,"k":100,"ix":5},"r":1,"bm":0,"nm":"Fill 1","mn":"ADBE Vector Graphic - Fill","hd":false},{"ty":"tr","p":{"a":1,"k":[{"i":{"x":0.667,"y":1},"o":{"x":0.333,"y":0},"t":0,"s":[7.534,6.566],"to":[-0.388,-1.373],"ti":[0,0]},{"i":{"x":0.667,"y":1},"o":{"x":0.333,"y":0},"t":10.4,"s":[5.206,-1.669],"to":[0,0],"ti":[0,0]},{"i":{"x":0.667,"y":1},"o":{"x":0.333,"y":0},"t":21.601,"s":[7.534,6.566],"to":[0,0],"ti":[0.388,1.373]},{"t":32,"s":[5.206,-1.669]}],"ix":2},"a":{"a":0,"k":[6.048,-2.195],"ix":1},"s":{"a":1,"k":[{"i":{"x":[0.667,0.667],"y":[1,1]},"o":{"x":[0.333,0.333],"y":[0,0]},"t":0,"s":[0,0]},{"i":{"x":[0.667,0.667],"y":[1,1]},"o":{"x":[0.333,0.333],"y":[0,0]},"t":3.2,"s":[100,100]},{"i":{"x":[0.667,0.667],"y":[1,1]},"o":{"x":[0.333,0.333],"y":[0,0]},"t":21.601,"s":[0,0]},{"t":24.7998046875,"s":[100,100]}],"ix":3},"r":{"a":0,"k":0,"ix":6},"o":{"a":1,"k":[{"i":{"x":[0.833],"y":[1]},"o":{"x":[0.333],"y":[0]},"t":0,"s":[100]},{"i":{"x":[0.833],"y":[1]},"o":{"x":[0.167],"y":[0]},"t":7.2,"s":[100]},{"i":{"x":[0.667],"y":[1]},"o":{"x":[0.167],"y":[0]},"t":10.4,"s":[0]},{"i":{"x":[0.833],"y":[1]},"o":{"x":[0.333],"y":[0]},"t":21.601,"s":[100]},{"i":{"x":[0.833],"y":[1]},"o":{"x":[0.167],"y":[0]},"t":28.8,"s":[100]},{"t":32,"s":[0]}],"ix":7},"sk":{"a":0,"k":0,"ix":4},"sa":{"a":0,"k":0,"ix":5},"nm":"Transform"}],"nm":"Group 1","np":2,"cix":2,"bm":0,"ix":1,"mn":"ADBE Vector Group","hd":false},{"ty":"gr","it":[{"ind":0,"ty":"sh","ix":1,"ks":{"a":0,"k":{"i":[[-0.346,-1.289],[0.344,1.288]],"o":[[0.345,1.285],[-0.344,-1.284]],"v":[[9.676,-0.253],[7.745,0.263]],"c":true},"ix":2},"nm":"Path 2","mn":"ADBE Vector Shape - Group","hd":false},{"ty":"fl","c":{"a":0,"k":[1,0.909803926945,0.733333349228,1],"ix":4},"o":{"a":0,"k":100,"ix":5},"r":1,"bm":0,"nm":"Fill 2","mn":"ADBE Vector Graphic - Fill","hd":false},{"ty":"tr","p":{"a":1,"k":[{"i":{"x":0.667,"y":1},"o":{"x":0.333,"y":0},"t":4,"s":[11.48,8.192],"to":[-0.487,-1.81],"ti":[0,0]},{"i":{"x":0.833,"y":1},"o":{"x":0.167,"y":0},"t":14.399,"s":[8.561,-2.668],"to":[0,0],"ti":[0,0]},{"i":{"x":0.667,"y":1},"o":{"x":0.333,"y":0},"t":30.4,"s":[11.48,8.192],"to":[0,0],"ti":[0.487,1.81]},{"t":40.7998046875,"s":[8.561,-2.668]}],"ix":2},"a":{"a":0,"k":[8.711,0.005],"ix":1},"s":{"a":1,"k":[{"i":{"x":[0.667,0.667],"y":[1,1]},"o":{"x":[0.333,0.333],"y":[0,0]},"t":4,"s":[0,0]},{"i":{"x":[0.833,0.833],"y":[1,1]},"o":{"x":[0.167,0.167],"y":[0,0]},"t":7.2,"s":[100,100]},{"i":{"x":[0.667,0.667],"y":[1,1]},"o":{"x":[0.333,0.333],"y":[0,0]},"t":30.4,"s":[0,0]},{"t":33.6005859375,"s":[100,100]}],"ix":3},"r":{"a":0,"k":0,"ix":6},"o":{"a":1,"k":[{"i":{"x":[0.667],"y":[1]},"o":{"x":[0.333],"y":[0]},"t":4,"s":[100]},{"i":{"x":[0.667],"y":[1]},"o":{"x":[0.333],"y":[0]},"t":10.4,"s":[100]},{"i":{"x":[0.833],"y":[1]},"o":{"x":[0.167],"y":[0]},"t":14.399,"s":[0]},{"i":{"x":[0.667],"y":[1]},"o":{"x":[0.333],"y":[0]},"t":30.4,"s":[100]},{"i":{"x":[0.667],"y":[1]},"o":{"x":[0.333],"y":[0]},"t":36.8,"s":[100]},{"t":40.7998046875,"s":[0]}],"ix":7},"sk":{"a":0,"k":0,"ix":4},"sa":{"a":0,"k":0,"ix":5},"nm":"Transform"}],"nm":"Group 2","np":2,"cix":2,"bm":0,"ix":2,"mn":"ADBE Vector Group","hd":false},{"ty":"gr","it":[{"ind":0,"ty":"sh","ix":1,"ks":{"a":0,"k":{"i":[[-0.255,-0.958],[0.261,0.972]],"o":[[0.262,0.971],[-0.258,-0.963]],"v":[[7.888,1.773],[6.441,2.164]],"c":true},"ix":2},"nm":"Path 3","mn":"ADBE Vector Shape - Group","hd":false},{"ty":"fl","c":{"a":0,"k":[1,0.909803926945,0.733333349228,1],"ix":4},"o":{"a":0,"k":100,"ix":5},"r":1,"bm":0,"nm":"Fill 3","mn":"ADBE Vector Graphic - Fill","hd":false},{"ty":"tr","p":{"a":1,"k":[{"i":{"x":0.667,"y":1},"o":{"x":0.333,"y":0},"t":8,"s":[9.932,8.303],"to":[-0.685,-1.819],"ti":[0,0]},{"i":{"x":0.833,"y":1},"o":{"x":0.167,"y":0},"t":22.4,"s":[5.822,-2.61],"to":[0,0],"ti":[0,0]},{"i":{"x":0.667,"y":1},"o":{"x":0.333,"y":0},"t":33.601,"s":[9.932,8.303],"to":[0,0],"ti":[0.685,1.819]},{"t":48,"s":[5.822,-2.61]}],"ix":2},"a":{"a":0,"k":[7.165,1.973],"ix":1},"s":{"a":1,"k":[{"i":{"x":[0.667,0.667],"y":[1,1]},"o":{"x":[0.333,0.333],"y":[0,0]},"t":8,"s":[0,0]},{"i":{"x":[0.833,0.833],"y":[1,1]},"o":{"x":[0.167,0.167],"y":[0,0]},"t":12,"s":[100,100]},{"i":{"x":[0.667,0.667],"y":[1,1]},"o":{"x":[0.333,0.333],"y":[0,0]},"t":33.601,"s":[0,0]},{"t":37.599609375,"s":[100,100]}],"ix":3},"r":{"a":0,"k":0,"ix":6},"o":{"a":1,"k":[{"i":{"x":[0.667],"y":[1]},"o":{"x":[0.333],"y":[0]},"t":8,"s":[100]},{"i":{"x":[0.667],"y":[1]},"o":{"x":[0.333],"y":[0]},"t":18.4,"s":[100]},{"i":{"x":[0.833],"y":[1]},"o":{"x":[0.167],"y":[0]},"t":22.4,"s":[0]},{"i":{"x":[0.667],"y":[1]},"o":{"x":[0.333],"y":[0]},"t":33.601,"s":[100]},{"i":{"x":[0.667],"y":[1]},"o":{"x":[0.333],"y":[0]},"t":44,"s":[100]},{"t":48,"s":[0]}],"ix":7},"sk":{"a":0,"k":0,"ix":4},"sa":{"a":0,"k":0,"ix":5},"nm":"Transform"}],"nm":"Group 3","np":2,"cix":2,"bm":0,"ix":3,"mn":"ADBE Vector Group","hd":false},{"ty":"gr","it":[{"ind":0,"ty":"sh","ix":1,"ks":{"a":0,"k":{"i":[[-0.433,-1.601],[0.434,1.614]],"o":[[0.431,1.617],[-0.427,-1.605]],"v":[[10.719,5.078],[8.3,5.726]],"c":true},"ix":2},"nm":"Path 4","mn":"ADBE Vector Shape - Group","hd":false},{"ty":"fl","c":{"a":0,"k":[1,0.909803926945,0.733333349228,1],"ix":4},"o":{"a":0,"k":100,"ix":5},"r":1,"bm":0,"nm":"Fill 4","mn":"ADBE Vector Graphic - Fill","hd":false},{"ty":"tr","p":{"a":1,"k":[{"i":{"x":0.667,"y":1},"o":{"x":0.333,"y":0},"t":15.2,"s":[10.739,8.574],"to":[-0.425,-1.98],"ti":[0.425,1.98]},{"t":34.400390625,"s":[8.188,-3.304]}],"ix":2},"a":{"a":0,"k":[9.51,5.407],"ix":1},"s":{"a":1,"k":[{"i":{"x":[0.667,0.667],"y":[1,1]},"o":{"x":[0.333,0.333],"y":[0,0]},"t":15.2,"s":[0,0]},{"t":21.6005859375,"s":[100,100]}],"ix":3},"r":{"a":0,"k":0,"ix":6},"o":{"a":1,"k":[{"i":{"x":[0.667],"y":[1]},"o":{"x":[0.333],"y":[0]},"t":15.2,"s":[100]},{"i":{"x":[0.667],"y":[1]},"o":{"x":[0.333],"y":[0]},"t":29.6,"s":[100]},{"t":34.400390625,"s":[0]}],"ix":7},"sk":{"a":0,"k":0,"ix":4},"sa":{"a":0,"k":0,"ix":5},"nm":"Transform"}],"nm":"Group 4","np":2,"cix":2,"bm":0,"ix":4,"mn":"ADBE Vector Group","hd":false},{"ty":"tr","p":{"a":0,"k":[0,0],"ix":2},"a":{"a":0,"k":[0,0],"ix":1},"s":{"a":0,"k":[100,100],"ix":3},"r":{"a":0,"k":0,"ix":6},"o":{"a":0,"k":100,"ix":7},"sk":{"a":0,"k":0,"ix":4},"sa":{"a":0,"k":0,"ix":5},"nm":"Transform"}],"nm":"Bubble","np":4,"cix":2,"bm":0,"ix":1,"mn":"ADBE Vector Group","hd":false}],"ip":0,"op":60,"st":0,"bm":0},{"ddd":0,"ind":3,"ty":4,"nm":"Foam","parent":4,"td":1,"sr":1,"ks":{"o":{"a":0,"k":100,"ix":11},"r":{"a":0,"k":12,"ix":10},"p":{"a":0,"k":[301.355,-103.528,0],"ix":2},"a":{"a":0,"k":[7.503,-8.173,0],"ix":1},"s":{"a":0,"k":[1400,1400,100],"ix":6}},"ao":0,"shapes":[{"ty":"gr","it":[{"ind":0,"ty":"sh","ix":1,"ks":{"a":1,"k":[{"i":{"x":0.833,"y":0.833},"o":{"x":0.167,"y":0.167},"t":0,"s":[{"i":[[-0.405,-2.28],[-4.854,1.1],[0,0],[5.704,-1.077]],"o":[[5.645,-0.927],[-0.451,-1.535],[-3.86,1.149],[0,-0.001]],"v":[[-0.547,-5.382],[15.291,-8.399],[13.341,-12.261],[-1.059,-9.079]],"c":true}]},{"i":{"x":0.833,"y":0.833},"o":{"x":0.167,"y":0.167},"t":6.4,"s":[{"i":[[-0.405,-2.28],[-4.559,2.943],[0,0],[6.572,0.231]],"o":[[6.023,-0.768],[-0.451,-1.535],[-3.876,1.775],[0,-0.001]],"v":[[0.983,-7.46],[14.534,-6.12],[13.546,-9.237],[0.471,-11.157]],"c":true}]},{"i":{"x":0.833,"y":0.833},"o":{"x":0.167,"y":0.167},"t":12,"s":[{"i":[[-0.405,-2.28],[-4.761,1.476],[0,0],[6.572,0.231]],"o":[[7.298,-0.353],[-0.451,-1.535],[-3.876,1.775],[0,-0.001]],"v":[[-0.041,-2.711],[14.245,-9.465],[12.892,-13.482],[-0.184,-7.946]],"c":true}]},{"i":{"x":0.833,"y":0.833},"o":{"x":0.167,"y":0.167},"t":17.6,"s":[{"i":[[-0.405,-2.28],[-4.559,2.943],[0,0],[6.572,0.231]],"o":[[6.023,-0.768],[-0.451,-1.535],[-3.876,1.775],[0,-0.001]],"v":[[0.983,-7.46],[14.534,-6.12],[13.546,-9.237],[0.471,-11.157]],"c":true}]},{"i":{"x":0.833,"y":0.833},"o":{"x":0.167,"y":0.167},"t":22.4,"s":[{"i":[[-0.405,-2.28],[-4.761,1.476],[0,0],[6.572,0.231]],"o":[[7.298,-0.353],[-0.451,-1.535],[-3.876,1.775],[0,-0.001]],"v":[[-0.231,-3.734],[14.979,-8.633],[13.626,-12.651],[-0.374,-8.968]],"c":true}]},{"i":{"x":0.833,"y":0.833},"o":{"x":0.167,"y":0.167},"t":28.8,"s":[{"i":[[-0.405,-2.28],[-4.559,2.943],[0,0],[6.572,0.231]],"o":[[6.023,-0.768],[-0.451,-1.535],[-3.876,1.775],[0,-0.001]],"v":[[-0.916,-5.742],[15.291,-8.399],[14.303,-11.516],[-1.428,-9.439]],"c":true}]},{"t":33.6005859375,"s":[{"i":[[-0.405,-2.28],[-4.854,1.1],[0,0],[5.704,-1.077]],"o":[[5.645,-0.927],[-0.451,-1.535],[-3.86,1.149],[0,-0.001]],"v":[[-0.547,-5.382],[15.291,-8.399],[13.341,-12.261],[-1.059,-9.079]],"c":true}]}],"ix":2},"nm":"Path 1","mn":"ADBE Vector Shape - Group","hd":false},{"ty":"fl","c":{"a":0,"k":[1,0.909803926945,0.733333349228,1],"ix":4},"o":{"a":0,"k":100,"ix":5},"r":1,"bm":0,"nm":"Fill 1","mn":"ADBE Vector Graphic - Fill","hd":false},{"ty":"tr","p":{"a":0,"k":[0,0],"ix":2},"a":{"a":0,"k":[0,0],"ix":1},"s":{"a":0,"k":[100,100],"ix":3},"r":{"a":0,"k":0,"ix":6},"o":{"a":0,"k":100,"ix":7},"sk":{"a":0,"k":0,"ix":4},"sa":{"a":0,"k":0,"ix":5},"nm":"Transform"}],"nm":"Foam","np":2,"cix":2,"bm":0,"ix":1,"mn":"ADBE Vector Group","hd":false}],"ip":0,"op":60,"st":0,"bm":0},{"ddd":0,"ind":4,"ty":4,"nm":"Shape Layer 1","parent":5,"tt":1,"sr":1,"ks":{"o":{"a":0,"k":100,"ix":11},"r":{"a":0,"k":-12,"ix":10},"p":{"a":0,"k":[-12.015,3.535,0],"ix":2},"a":{"a":0,"k":[0,0,0],"ix":1},"s":{"a":0,"k":[7.143,7.143,100],"ix":6}},"ao":0,"shapes":[{"ty":"gr","it":[{"ind":0,"ty":"sh","ix":1,"ks":{"a":0,"k":{"i":[[-16.568,-48.612],[0,0],[5.341,60.848],[-3,15]],"o":[[19.086,56],[0,0],[-5,-56.961],[10.072,-50.36]],"v":[[95.457,-82.48],[118.457,100.481],[-64.457,89.48],[-60.207,-74.48]],"c":true},"ix":2},"nm":"Path 1","mn":"ADBE Vector Shape - Group","hd":false},{"ty":"fl","c":{"a":0,"k":[1,0.909803926945,0.733333349228,1],"ix":4},"o":{"a":0,"k":100,"ix":5},"r":1,"bm":0,"nm":"Fill 2","mn":"ADBE Vector Graphic - Fill","hd":false},{"ty":"tr","p":{"a":0,"k":[276.457,-101.52],"ix":2},"a":{"a":0,"k":[0,0],"ix":1},"s":{"a":0,"k":[100,100],"ix":3},"r":{"a":0,"k":0,"ix":6},"o":{"a":0,"k":100,"ix":7},"sk":{"a":0,"k":0,"ix":4},"sa":{"a":0,"k":0,"ix":5},"nm":"Transform"}],"nm":"Rectangle 1","np":2,"cix":2,"bm":0,"ix":1,"mn":"ADBE Vector Group","hd":false}],"ip":0,"op":60,"st":0,"bm":0},{"ddd":0,"ind":5,"ty":4,"nm":"Liquid","sr":1,"ks":{"o":{"a":0,"k":100,"ix":11},"r":{"a":0,"k":-18,"ix":10},"p":{"a":0,"k":[834.11,560.811,0],"ix":2},"a":{"a":0,"k":[8.352,0.74,0],"ix":1},"s":{"a":0,"k":[-1380,1380,100],"ix":6}},"ao":0,"shapes":[{"ty":"gr","it":[{"ind":0,"ty":"sh","ix":1,"ks":{"a":1,"k":[{"i":{"x":0.833,"y":0.833},"o":{"x":0.167,"y":0.167},"t":9.601,"s":[{"i":[[1.242,10.254],[-10.256,-0.443],[4.963,-1.332]],"o":[[0,0],[2.708,8.539],[-5.83,1.559]],"v":[[0.761,-9.479],[13.927,-8.162],[12.335,10.746]],"c":true}]},{"i":{"x":0.833,"y":0.833},"o":{"x":0.167,"y":0.167},"t":12,"s":[{"i":[[1.242,10.254],[-9.281,1.846],[4.963,-1.332]],"o":[[0,0],[3.088,8.915],[-5.83,1.559]],"v":[[1.054,-7.748],[13.532,-9.418],[12.335,10.746]],"c":true}]},{"i":{"x":0.833,"y":0.833},"o":{"x":0.167,"y":0.167},"t":18.4,"s":[{"i":[[1.242,10.254],[-10.256,-0.443],[4.963,-1.332]],"o":[[0,0],[2.708,8.539],[-5.83,1.559]],"v":[[0.761,-9.479],[13.927,-8.162],[12.335,10.746]],"c":true}]},{"i":{"x":0.833,"y":0.833},"o":{"x":0.167,"y":0.167},"t":23.2,"s":[{"i":[[1.242,10.254],[-10.256,-0.443],[4.963,-1.332]],"o":[[0,0],[2.708,8.539],[-5.83,1.559]],"v":[[0.859,-8.854],[13.927,-8.162],[12.335,10.746]],"c":true}]},{"t":26.3994140625,"s":[{"i":[[1.242,10.254],[-10.256,-0.443],[4.963,-1.332]],"o":[[0,0],[2.708,8.539],[-5.83,1.559]],"v":[[0.761,-9.479],[13.927,-8.162],[12.335,10.746]],"c":true}]}],"ix":2},"nm":"Path 1","mn":"ADBE Vector Shape - Group","hd":false},{"ty":"gf","o":{"a":0,"k":100,"ix":10},"r":1,"bm":0,"g":{"p":9,"k":{"a":0,"k":[0,1,0.784,0.278,0.028,1,0.79,0.288,0.056,1,0.796,0.298,0.227,1,0.827,0.341,0.397,1,0.859,0.384,0.558,1,0.878,0.412,0.719,1,0.898,0.439,0.86,1,0.904,0.449,1,1,0.91,0.459],"ix":9}},"s":{"a":0,"k":[12.414,10.805],"ix":5},"e":{"a":0,"k":[5.48,-11.736],"ix":6},"t":1,"nm":"liquidgradientzazea","mn":"ADBE Vector Graphic - G-Fill","hd":false},{"ty":"tr","p":{"a":0,"k":[0,0],"ix":2},"a":{"a":0,"k":[0,0],"ix":1},"s":{"a":0,"k":[100,100],"ix":3},"r":{"a":0,"k":0,"ix":6},"o":{"a":0,"k":100,"ix":7},"sk":{"a":0,"k":0,"ix":4},"sa":{"a":0,"k":0,"ix":5},"nm":"Transform"}],"nm":"Liquid","np":2,"cix":2,"bm":0,"ix":1,"mn":"ADBE Vector Group","hd":false}],"ip":0,"op":60,"st":0,"bm":0},{"ddd":0,"ind":6,"ty":4,"nm":"clinking_glasses","sr":1,"ks":{"o":{"a":0,"k":100,"ix":11},"r":{"a":0,"k":-0.5,"ix":10},"p":{"a":0,"k":[822,636,0],"ix":2},"a":{"a":0,"k":[-950.426,607.938,0],"ix":1},"s":{"a":0,"k":[111,111,100],"ix":6}},"ao":0,"shapes":[{"ty":"gr","it":[{"ind":0,"ty":"sh","ix":1,"ks":{"a":0,"k":{"i":[[-6.574,-8.887],[2.021,-0.329]],"o":[[14.37,19.39],[-20.155,3.135]],"v":[[-11.205,-13.932],[12.928,15.025]],"c":true},"ix":2},"nm":"Path 1","mn":"ADBE Vector Shape - Group","hd":false},{"ty":"fl","c":{"a":0,"k":[0.57647061348,0.690196096897,0.752941191196,1],"ix":4},"o":{"a":0,"k":100,"ix":5},"r":1,"bm":0,"nm":"Fill 1","mn":"ADBE Vector Graphic - Fill","hd":false},{"ty":"tr","p":{"a":0,"k":[-918.44,848.687],"ix":2},"a":{"a":0,"k":[0,0],"ix":1},"s":{"a":0,"k":[100,100],"ix":3},"r":{"a":0,"k":0,"ix":6},"o":{"a":0,"k":30,"ix":7},"sk":{"a":0,"k":0,"ix":4},"sa":{"a":0,"k":0,"ix":5},"nm":"Transform"}],"nm":"Group 1","np":2,"cix":2,"bm":0,"ix":1,"mn":"ADBE Vector Group","hd":false},{"ty":"gr","it":[{"ind":0,"ty":"sh","ix":1,"ks":{"a":0,"k":{"i":[[-0.287,-6.108],[37.553,-1.126],[0.292,6.637],[-37.277,1.098]],"o":[[0.312,6.597],[-37.548,1.105],[-0.351,-6.077],[37.8,-1.127]],"v":[[67.962,-1.25],[0.689,14.8],[-67.962,2.711],[-0.733,-14.822]],"c":true},"ix":2},"nm":"Path 1","mn":"ADBE Vector Shape - Group","hd":false},{"ty":"fl","c":{"a":0,"k":[0.901960790157,0.921568632126,0.937254905701,1],"ix":4},"o":{"a":0,"k":100,"ix":5},"r":1,"bm":0,"nm":"Fill 1","mn":"ADBE Vector Graphic - Fill","hd":false},{"ty":"tr","p":{"a":0,"k":[-963.197,349.863],"ix":2},"a":{"a":0,"k":[0,0],"ix":1},"s":{"a":0,"k":[100,100],"ix":3},"r":{"a":0,"k":0,"ix":6},"o":{"a":0,"k":100,"ix":7},"sk":{"a":0,"k":0,"ix":4},"sa":{"a":0,"k":0,"ix":5},"nm":"Transform"}],"nm":"Group 2","np":2,"cix":2,"bm":0,"ix":2,"mn":"ADBE Vector Group","hd":false},{"ty":"gr","it":[{"ind":0,"ty":"sh","ix":1,"ks":{"a":0,"k":{"i":[[-0.381,-8.423],[41.752,-1.183],[0.579,11.855],[-41.442,1.209]],"o":[[0.597,11.871],[-41.703,1.218],[-0.402,-8.428],[42.014,-1.203]],"v":[[75.512,-2.202],[1.037,21.47],[-75.517,2.229],[-1.006,-21.501]],"c":true},"ix":2},"nm":"Path 1","mn":"ADBE Vector Shape - Group","hd":false},{"ty":"fl","c":{"a":0,"k":[0.772549033165,0.843137264252,0.909803926945,1],"ix":4},"o":{"a":0,"k":100,"ix":5},"r":1,"bm":0,"nm":"Fill 1","mn":"ADBE Vector Graphic - Fill","hd":false},{"ty":"tr","p":{"a":0,"k":[-963.223,350.387],"ix":2},"a":{"a":0,"k":[0,0],"ix":1},"s":{"a":0,"k":[100,100],"ix":3},"r":{"a":0,"k":0,"ix":6},"o":{"a":0,"k":100,"ix":7},"sk":{"a":0,"k":0,"ix":4},"sa":{"a":0,"k":0,"ix":5},"nm":"Transform"}],"nm":"Group 3","np":2,"cix":2,"bm":0,"ix":3,"mn":"ADBE Vector Group","hd":false},{"ty":"gr","it":[{"ind":0,"ty":"sh","ix":1,"ks":{"a":0,"k":{"i":[[0.216,3.999],[17.679,-1.899],[-0.164,-3.39],[-6.792,0.233]],"o":[[-0.099,-2.532],[-11.816,1.296],[0.047,1.474],[7.144,-0.198]],"v":[[23.26,-8.31],[-5.798,-0.358],[-23.258,-0.267],[-2.721,8.768]],"c":true},"ix":2},"nm":"Path 1","mn":"ADBE Vector Shape - Group","hd":false},{"ty":"fl","c":{"a":0,"k":[0.57647061348,0.690196096897,0.752941191196,1],"ix":4},"o":{"a":0,"k":100,"ix":5},"r":1,"bm":0,"nm":"Fill 1","mn":"ADBE Vector Graphic - Fill","hd":false},{"ty":"tr","p":{"a":0,"k":[-944.672,682.607],"ix":2},"a":{"a":0,"k":[0,0],"ix":1},"s":{"a":0,"k":[100,100],"ix":3},"r":{"a":0,"k":0,"ix":6},"o":{"a":0,"k":30,"ix":7},"sk":{"a":0,"k":0,"ix":4},"sa":{"a":0,"k":0,"ix":5},"nm":"Transform"}],"nm":"Group 4","np":2,"cix":2,"bm":0,"ix":4,"mn":"ADBE Vector Group","hd":false},{"ty":"gr","it":[{"ind":0,"ty":"sh","ix":1,"ks":{"a":0,"k":{"i":[[-3.326,2.302],[-14.661,0.593],[-13.198,-13.262],[-5.768,-48.801],[0,0]],"o":[[11.833,-13.893],[14.584,-0.261],[2.147,2.479],[0,0],[-3.697,-21.722]],"v":[[-72.09,-35.121],[-4.932,-54.122],[63.935,-39.026],[80.013,54.143],[-78.991,52.702]],"c":true},"ix":2},"nm":"Path 1","mn":"ADBE Vector Shape - Group","hd":false},{"ty":"fl","c":{"a":0,"k":[0.901960790157,0.921568632126,0.937254905701,1],"ix":4},"o":{"a":0,"k":100,"ix":5},"r":1,"bm":0,"nm":"Fill 1","mn":"ADBE Vector Graphic - Fill","hd":false},{"ty":"tr","p":{"a":0,"k":[-959.087,388.074],"ix":2},"a":{"a":0,"k":[0,0],"ix":1},"s":{"a":0,"k":[100,100],"ix":3},"r":{"a":0,"k":0,"ix":6},"o":{"a":0,"k":100,"ix":7},"sk":{"a":0,"k":0,"ix":4},"sa":{"a":0,"k":0,"ix":5},"nm":"Transform"}],"nm":"Group 5","np":2,"cix":2,"bm":0,"ix":5,"mn":"ADBE Vector Group","hd":false},{"ty":"gr","it":[{"ind":0,"ty":"sh","ix":1,"ks":{"a":0,"k":{"i":[[7.179,7.021],[16.547,-19.032],[-133.549,-33.899]],"o":[[-18.301,-17.932],[-6.544,7.356],[129.907,-41.626]],"v":[[68.028,-168.531],[-81.163,-164.166],[9.954,180.357]],"c":true},"ix":2},"nm":"Path 1","mn":"ADBE Vector Shape - Group","hd":false},{"ty":"fl","c":{"a":0,"k":[0.772549033165,0.843137264252,0.909803926945,1],"ix":4},"o":{"a":0,"k":100,"ix":5},"r":1,"bm":0,"nm":"Fill 1","mn":"ADBE Vector Graphic - Fill","hd":false},{"ty":"tr","p":{"a":0,"k":[-956.765,514.2],"ix":2},"a":{"a":0,"k":[0,0],"ix":1},"s":{"a":0,"k":[100,100],"ix":3},"r":{"a":0,"k":0,"ix":6},"o":{"a":0,"k":100,"ix":7},"sk":{"a":0,"k":0,"ix":4},"sa":{"a":0,"k":0,"ix":5},"nm":"Transform"}],"nm":"Group 6","np":2,"cix":2,"bm":0,"ix":6,"mn":"ADBE Vector Group","hd":false},{"ty":"gr","it":[{"ind":0,"ty":"sh","ix":1,"ks":{"a":0,"k":{"i":[[-47.792,1.375],[-31.053,14.744],[-0.306,-5.875]],"o":[[57.953,-1.675],[25.336,-12.117],[0.28,6.589]],"v":[[32.179,11.914],[-17.899,-7.236],[-46.469,0.152]],"c":true},"ix":2},"nm":"Path 1","mn":"ADBE Vector Shape - Group","hd":false},{"ty":"fl","c":{"a":0,"k":[0.901960790157,0.921568632126,0.937254905701,1],"ix":4},"o":{"a":0,"k":100,"ix":5},"r":1,"bm":0,"nm":"Fill 1","mn":"ADBE Vector Graphic - Fill","hd":false},{"ty":"tr","p":{"a":0,"k":[-966.678,868.485],"ix":2},"a":{"a":0,"k":[0,0],"ix":1},"s":{"a":0,"k":[100,100],"ix":3},"r":{"a":0,"k":0,"ix":6},"o":{"a":0,"k":30,"ix":7},"sk":{"a":0,"k":0,"ix":4},"sa":{"a":0,"k":0,"ix":5},"nm":"Transform"}],"nm":"Group 7","np":2,"cix":2,"bm":0,"ix":7,"mn":"ADBE Vector Group","hd":false},{"ty":"gr","it":[{"ind":0,"ty":"sh","ix":1,"ks":{"a":0,"k":{"i":[[-31.445,3.606],[2.498,52.548],[0,0],[0,0],[-3.971,-83.531],[-13.337,-13.98],[-0.386,-8.098],[46.97,-1.37],[0.501,10.566]],"o":[[11.91,-14.775],[-3.963,-83.518],[0,0],[0,0],[2.472,52.519],[31.681,1.892],[0.486,10.63],[-46.965,1.45],[-0.359,-8.217]],"v":[[-27.656,66.868],[-14.457,-12.656],[-35.666,-101.873],[17.937,-103.468],[5.279,-13.209],[25.966,65.234],[84.987,81.624],[0.898,103.289],[-84.988,86.641]],"c":true},"ix":2},"nm":"Path 1","mn":"ADBE Vector Shape - Group","hd":false},{"ty":"fl","c":{"a":0,"k":[0.772549033165,0.843137264252,0.909803926945,1],"ix":4},"o":{"a":0,"k":100,"ix":5},"r":1,"bm":0,"nm":"Fill 1","mn":"ADBE Vector Graphic - Fill","hd":false},{"ty":"tr","p":{"a":0,"k":[-938.651,783.605],"ix":2},"a":{"a":0,"k":[0,0],"ix":1},"s":{"a":0,"k":[100,100],"ix":3},"r":{"a":0,"k":0,"ix":6},"o":{"a":0,"k":100,"ix":7},"sk":{"a":0,"k":0,"ix":4},"sa":{"a":0,"k":0,"ix":5},"nm":"Transform"}],"nm":"Group 8","np":2,"cix":2,"bm":0,"ix":8,"mn":"ADBE Vector Group","hd":false}],"ip":0,"op":60,"st":0,"bm":0}]}],"layers":[{"ddd":0,"ind":1,"ty":0,"nm":"clinking_glasses","parent":2,"refId":"comp_0","sr":1,"ks":{"o":{"a":0,"k":100,"ix":11},"r":{"a":0,"k":0,"ix":10},"p":{"a":0,"k":[512,512,0],"ix":2},"a":{"a":0,"k":[512,512,0],"ix":1},"s":{"a":0,"k":[100,100,100],"ix":6}},"ao":0,"w":1024,"h":1024,"ip":0,"op":32,"st":-16,"bm":0},{"ddd":0,"ind":2,"ty":0,"nm":"clinking_glasses","refId":"comp_0","sr":1,"ks":{"o":{"a":0,"k":100,"ix":11},"r":{"a":0,"k":0,"ix":10},"p":{"a":0,"k":[512,512,0],"ix":2},"a":{"a":0,"k":[512,512,0],"ix":1},"s":{"a":0,"k":[100,100,100],"ix":6}},"ao":0,"w":1024,"h":1024,"ip":32,"op":48,"st":32,"bm":0}],"markers":[]}