{"v":"5.6.2","fr":24,"ip":0,"op":48,"w":1024,"h":1024,"nm":"bottle_with_popping_cork","ddd":0,"assets":[{"id":"comp_0","layers":[{"ddd":0,"ind":1,"ty":3,"nm":"Bottle_CTRL","sr":1,"ks":{"o":{"a":0,"k":100,"ix":11},"r":{"a":0,"k":-45,"ix":10},"p":{"a":1,"k":[{"i":{"x":0,"y":1},"o":{"x":0.333,"y":0},"t":0,"s":[760,766,0],"to":[10,10,0],"ti":[0,0,0]},{"i":{"x":0.667,"y":1},"o":{"x":0.333,"y":0},"t":8,"s":[820,826,0],"to":[0,0,0],"ti":[10,10,0]},{"t":12,"s":[760,766,0]}],"ix":2},"a":{"a":0,"k":[0,0,0],"ix":1},"s":{"a":1,"k":[{"i":{"x":[0.667,0.667,0.667],"y":[1,1,1]},"o":{"x":[0.333,0.333,0.333],"y":[0,0,0]},"t":0,"s":[100,100,100]},{"i":{"x":[0.833,0.833,0.833],"y":[0.833,0.833,1]},"o":{"x":[0.333,0.333,0.333],"y":[0,0,0]},"t":8,"s":[110,90,100]},{"i":{"x":[0.667,0.667,0.667],"y":[1,1,1]},"o":{"x":[0.167,0.167,0.167],"y":[0.167,0.167,0]},"t":12,"s":[90,110,100]},{"t":23,"s":[100,100,100]}],"ix":6}},"ao":0,"ef":[{"ty":5,"nm":"Controller","np":13,"mn":"Pseudo/DUIK controller","ix":1,"en":1,"ef":[{"ty":6,"nm":"Icon","mn":"Pseudo/DUIK controller-0001","ix":1,"v":0},{"ty":2,"nm":"Color","mn":"Pseudo/DUIK controller-0002","ix":2,"v":{"a":0,"k":[0.92549020052,0.0941176489,0.0941176489,1],"ix":2}},{"ty":3,"nm":"Position","mn":"Pseudo/DUIK controller-0003","ix":3,"v":{"a":0,"k":[0,0],"ix":3}},{"ty":0,"nm":"Size","mn":"Pseudo/DUIK controller-0004","ix":4,"v":{"a":0,"k":100,"ix":4}},{"ty":0,"nm":"Orientation","mn":"Pseudo/DUIK controller-0005","ix":5,"v":{"a":0,"k":0,"ix":5}},{"ty":0,"nm":"Opacity","mn":"Pseudo/DUIK controller-0006","ix":6,"v":{"a":0,"k":100,"ix":6}},{"ty":6,"nm":"","mn":"Pseudo/DUIK controller-0007","ix":7,"v":0},{"ty":6,"nm":"Anchor","mn":"Pseudo/DUIK controller-0008","ix":8,"v":0},{"ty":2,"nm":"Color","mn":"Pseudo/DUIK controller-0009","ix":9,"v":{"a":0,"k":[0,0,0,1],"ix":9}},{"ty":0,"nm":"Size","mn":"Pseudo/DUIK controller-0010","ix":10,"v":{"a":0,"k":100,"ix":10}},{"ty":6,"nm":"","mn":"Pseudo/DUIK controller-0011","ix":11,"v":0}]}],"ip":0,"op":48,"st":0,"bm":0},{"ddd":0,"ind":2,"ty":0,"nm":"Bottle Comp","parent":1,"refId":"comp_1","sr":1,"ks":{"o":{"a":0,"k":100,"ix":11},"r":{"a":0,"k":45,"ix":10},"p":{"a":0,"k":[4,-360,0],"ix":2},"a":{"a":0,"k":[512,512,0],"ix":1},"s":{"a":0,"k":[100,100,100],"ix":6}},"ao":0,"hasMask":true,"masksProperties":[{"inv":false,"mode":"s","pt":{"a":0,"k":{"i":[[0,0],[0,0],[0,0],[0,0],[0,0],[0,0],[0,0]],"o":[[0,0],[0,0],[0,0],[0,0],[0,0],[0,0],[0,0]],"v":[[1146.906,908],[980,908],[740,1064],[588,908],[-160,908],[-160,1173.5],[1146.906,1173.5]],"c":true},"ix":1},"o":{"a":0,"k":100,"ix":3},"x":{"a":0,"k":0,"ix":4},"nm":"Mask 1"}],"w":1024,"h":1024,"ip":0,"op":60,"st":0,"bm":0}]},{"id":"comp_1","layers":[{"ddd":0,"ind":1,"ty":4,"nm":"bottle_with_popping_cork","sr":1,"ks":{"o":{"a":0,"k":100,"ix":11},"r":{"a":0,"k":0,"ix":10},"p":{"a":0,"k":[587.356,587.258,0],"ix":2},"a":{"a":0,"k":[587.356,587.258,0],"ix":1},"s":{"a":0,"k":[100,100,100],"ix":6}},"ao":0,"shapes":[{"ty":"gr","it":[{"ind":0,"ty":"sh","ix":1,"ks":{"a":0,"k":{"i":[[0,0],[1.986,-2.304],[0.022,-5.124],[-3.795,-4.059],[0.637,-8.908],[4.936,-4.926],[9.906,-0.735],[6.55,-3.697],[4.795,-0.034],[4.454,-3.895],[2.491,-1.537],[0,0],[-2.533,2.205],[-2.919,0.011],[-2.084,-2.085],[0,0],[0,0],[-9.073,0.647],[-6.495,6.506],[-0.79,11.015],[-3.917,5.167],[0,0],[0,0],[-0.021,3.764],[-3.138,3.598],[-1.876,3.17]],"o":[[-1.558,2.491],[-3.884,4.454],[-0.033,4.805],[-3.686,6.54],[-0.723,9.908],[-4.915,4.926],[-8.909,0.647],[-4.038,-3.807],[-5.145,0.033],[-2.293,1.985],[0,0],[3.159,-1.887],[3.6,-3.127],[3.751,-0.033],[0,0],[0,0],[5.157,-3.917],[11.004,-0.812],[6.506,-6.496],[0.658,-9.062],[0,0],[0,0],[-2.084,-2.074],[0.022,-2.919],[2.194,-2.546],[0,0]],"v":[[48.031,-53.512],[42.447,-46.369],[34.866,-32.567],[41.821,-19.337],[36.818,5.282],[30.39,30.385],[5.288,36.814],[-19.342,41.817],[-32.552,34.861],[-46.364,42.442],[-53.506,48.016],[-50.972,53.512],[-42.437,46.962],[-32.518,40.862],[-21.833,47.763],[-19.989,49.607],[-17.905,48.048],[5.716,42.793],[34.624,34.62],[42.787,5.71],[48.043,-17.91],[49.611,-19.995],[47.767,-21.849],[40.856,-32.524],[46.978,-42.441],[53.506,-50.987]],"c":true},"ix":2},"nm":"Path 1","mn":"ADBE Vector Shape - Group","hd":false},{"ty":"fl","c":{"a":0,"k":[1,0.831372559071,0.501960813999,1],"ix":4},"o":{"a":0,"k":100,"ix":5},"r":1,"bm":0,"nm":"Fill 1","mn":"ADBE Vector Graphic - Fill","hd":false},{"ty":"tr","p":{"a":0,"k":[532.063,531.971],"ix":2},"a":{"a":0,"k":[0,0],"ix":1},"s":{"a":0,"k":[100,100],"ix":3},"r":{"a":0,"k":0,"ix":6},"o":{"a":0,"k":100,"ix":7},"sk":{"a":0,"k":0,"ix":4},"sa":{"a":0,"k":0,"ix":5},"nm":"Transform"}],"nm":"Group 1","np":2,"cix":2,"bm":0,"ix":1,"mn":"ADBE Vector Group","hd":false},{"ty":"gr","it":[{"ind":0,"ty":"sh","ix":1,"ks":{"a":0,"k":{"i":[[-4.926,6.188],[56.106,45.443],[0,0],[0,0],[0,0],[0,0],[0,0],[0,0],[-23.643,-47.889],[-6.857,0.044],[-3.576,-3.587],[-10.916,10.928],[-9.314,12.321],[-0.033,4.607]],"o":[[-47.845,-23.654],[0,0],[0,0],[0,0],[0,0],[0,0],[0,0],[45.442,56.094],[6.188,-4.938],[4.597,-0.022],[12.332,-9.314],[10.916,-10.938],[-3.588,-3.598],[0.021,-6.857]],"v":[[96.589,-4.794],[-39.923,-95.405],[-51.224,-97.862],[-49.797,-89.008],[-66.232,-79.321],[-79.639,-57.862],[-93.286,-52.968],[-96.589,-38.728],[-6.001,97.862],[13.846,85.454],[26.649,93.243],[78.86,80.099],[91.982,27.899],[84.203,15.064]],"c":true},"ix":2},"nm":"Path 1","mn":"ADBE Vector Shape - Group","hd":false},{"ty":"gf","o":{"a":0,"k":100,"ix":10},"r":1,"bm":0,"g":{"p":5,"k":{"a":0,"k":[0,0.659,0.486,0.137,0.2,0.829,0.653,0.253,0.5,1,0.82,0.369,0.8,0.829,0.653,0.253,1,0.659,0.486,0.137],"ix":9}},"s":{"a":0,"k":[-7.304,93.468],"ix":5},"e":{"a":0,"k":[92.817,-9.053],"ix":6},"t":1,"nm":"Botch01Gradient Fill 1","mn":"ADBE Vector Graphic - G-Fill","hd":false},{"ty":"tr","p":{"a":0,"k":[485.731,484.363],"ix":2},"a":{"a":0,"k":[0,0],"ix":1},"s":{"a":0,"k":[100,100],"ix":3},"r":{"a":0,"k":0,"ix":6},"o":{"a":0,"k":100,"ix":7},"sk":{"a":0,"k":0,"ix":4},"sa":{"a":0,"k":0,"ix":5},"nm":"Transform"}],"nm":"Group 2","np":2,"cix":2,"bm":0,"ix":2,"mn":"ADBE Vector Group","hd":false},{"ty":"gr","it":[{"ind":0,"ty":"sh","ix":1,"ks":{"a":0,"k":{"i":[[24.027,-24.026],[-20.714,-3.533],[-5.419,-2.885],[-2.436,-2.457],[-8.261,-10.203],[0,0],[11.015,11.037],[1.645,3.06],[15.206,10.774]],"o":[[-24.026,24.006],[10.74,15.217],[3.071,1.646],[11.004,11.004],[0,0],[-10.203,-8.272],[-2.424,-2.457],[-2.875,-5.409],[-3.533,-20.68]],"v":[[-43.328,-43.349],[-61.452,0.064],[-28.561,36.246],[-13.991,39.592],[14.632,71.321],[71.298,14.644],[39.548,-13.991],[36.235,-28.582],[0.096,-61.495]],"c":true},"ix":2},"nm":"Path 1","mn":"ADBE Vector Shape - Group","hd":false},{"ty":"gf","o":{"a":0,"k":100,"ix":10},"r":1,"bm":0,"g":{"p":5,"k":{"a":0,"k":[0,0.067,0.188,0.035,0.15,0.075,0.31,0.018,0.5,0.082,0.431,0,0.85,0.075,0.31,0.018,1,0.067,0.188,0.035],"ix":9}},"s":{"a":0,"k":[7.196,67.097],"ix":5},"e":{"a":0,"k":[65.201,5.091],"ix":6},"t":1,"nm":"Botch02Gradient Fill 1","mn":"ADBE Vector Graphic - G-Fill","hd":false},{"ty":"tr","p":{"a":0,"k":[374.51,374.314],"ix":2},"a":{"a":0,"k":[0,0],"ix":1},"s":{"a":0,"k":[100,100],"ix":3},"r":{"a":0,"k":0,"ix":6},"o":{"a":0,"k":100,"ix":7},"sk":{"a":0,"k":0,"ix":4},"sa":{"a":0,"k":0,"ix":5},"nm":"Transform"}],"nm":"Group 3","np":2,"cix":2,"bm":0,"ix":3,"mn":"ADBE Vector Group","hd":false},{"ty":"gr","it":[{"ty":"gr","it":[{"ind":0,"ty":"sh","ix":1,"ks":{"a":0,"k":{"i":[[1.109,-1.13],[0,0],[-1.13,-1.108],[0,0],[-1.13,1.13],[0,0],[4.827,-4.816],[4.059,-0.011],[-0.021,-1.58],[0,0],[-1.58,0],[-5.134,5.2],[10.642,10.621],[0,0]],"o":[[0,0],[-1.14,1.141],[0,0],[1.13,1.141],[0,0],[2.951,5.792],[-2.93,2.94],[-1.602,0],[0,0],[0,1.58],[7.175,-0.033],[10.642,-10.62],[0,0],[-1.119,-1.119]],"v":[[1.807,-23.638],[-9.054,-12.765],[-9.065,-9.42],[-5.719,-6.073],[-2.372,-6.084],[1.291,-9.726],[-1.539,8.124],[-12.411,12.655],[-14.759,15.003],[-14.781,22.112],[-12.411,24.481],[6.788,16.495],[6.81,-21.959],[5.142,-23.638]],"c":true},"ix":2},"nm":"Path 1","mn":"ADBE Vector Shape - Group","hd":false},{"ty":"fl","c":{"a":0,"k":[1,1,1,1],"ix":4},"o":{"a":0,"k":100,"ix":5},"r":1,"bm":0,"nm":"Fill 1","mn":"ADBE Vector Graphic - Fill","hd":false},{"ty":"tr","p":{"a":0,"k":[736.577,726.84],"ix":2},"a":{"a":0,"k":[0,0],"ix":1},"s":{"a":0,"k":[100,100],"ix":3},"r":{"a":0,"k":0,"ix":6},"o":{"a":0,"k":50,"ix":7},"sk":{"a":0,"k":0,"ix":4},"sa":{"a":0,"k":0,"ix":5},"nm":"Transform"}],"nm":"Group 1","np":2,"cix":2,"bm":0,"ix":1,"mn":"ADBE Vector Group","hd":false},{"ty":"gr","it":[{"ind":0,"ty":"sh","ix":1,"ks":{"a":0,"k":{"i":[[13.824,-13.813],[13.823,13.834],[-13.824,13.801],[-13.823,-13.845]],"o":[[-13.823,13.834],[-13.813,-13.834],[13.834,-13.845],[13.835,13.824]],"v":[[25.075,25.075],[-25.085,25.075],[-25.085,-25.063],[25.075,-25.075]],"c":true},"ix":2},"nm":"Path 1","mn":"ADBE Vector Shape - Group","hd":false},{"ind":1,"ty":"sh","ix":2,"ks":{"a":0,"k":{"i":[[18.442,-18.454],[-18.452,-18.475],[-18.454,18.465],[18.486,18.475]],"o":[[-18.475,18.475],[18.476,18.475],[18.452,-18.464],[-18.465,-18.486]],"v":[[-33.423,-33.445],[-33.445,33.445],[33.435,33.445],[33.424,-33.445]],"c":true},"ix":2},"nm":"Path 2","mn":"ADBE Vector Shape - Group","hd":false},{"ty":"fl","c":{"a":0,"k":[1,1,1,1],"ix":4},"o":{"a":0,"k":100,"ix":5},"r":1,"bm":0,"nm":"Fill 1","mn":"ADBE Vector Graphic - Fill","hd":false},{"ty":"tr","p":{"a":0,"k":[724.171,724.108],"ix":2},"a":{"a":0,"k":[0,0],"ix":1},"s":{"a":0,"k":[100,100],"ix":3},"r":{"a":0,"k":0,"ix":6},"o":{"a":0,"k":50,"ix":7},"sk":{"a":0,"k":0,"ix":4},"sa":{"a":0,"k":0,"ix":5},"nm":"Transform"}],"nm":"Group 2","np":3,"cix":2,"bm":0,"ix":2,"mn":"ADBE Vector Group","hd":false},{"ty":"tr","p":{"a":0,"k":[724.171,724.108],"ix":2},"a":{"a":0,"k":[724.171,724.108],"ix":1},"s":{"a":0,"k":[100,100],"ix":3},"r":{"a":0,"k":0,"ix":6},"o":{"a":0,"k":100,"ix":7},"sk":{"a":0,"k":0,"ix":4},"sa":{"a":0,"k":0,"ix":5},"nm":"Transform"}],"nm":"Group 4","np":2,"cix":2,"bm":0,"ix":4,"mn":"ADBE Vector Group","hd":false},{"ty":"gr","it":[{"ind":0,"ty":"sh","ix":1,"ks":{"a":0,"k":{"i":[[0,0],[0,0],[22.48,-22.49],[13.954,-10.532],[0,0],[0,0],[0,0],[0,0],[0,0],[0,0],[-16.545,16.556],[-19.046,25.266],[0,0],[0,0],[0,0],[0,0],[0,0]],"o":[[0,0],[-10.532,14.01],[-22.347,22.337],[0,0],[0,0],[0,0],[0,0],[0,0],[0,0],[25.201,-19.024],[16.588,-16.566],[0,0],[0,0],[0,0],[0,0],[0,0],[0,0]],"v":[[14.745,-100.846],[12.661,-98.082],[-40.078,-39.804],[-98.037,12.693],[-100.78,14.777],[-98.345,17.213],[-75.284,40.286],[-16.621,98.991],[-14.778,100.846],[-12.694,99.266],[47.681,47.833],[99.201,-12.661],[100.78,-14.746],[98.938,-16.599],[58.059,-57.489],[17.192,-98.4],[14.745,-100.846]],"c":true},"ix":2},"nm":"Path 1","mn":"ADBE Vector Shape - Group","hd":false},{"ind":1,"ty":"sh","ix":2,"ks":{"a":0,"k":{"i":[[0,0],[-32.891,-32.913],[17.225,-17.236],[24.202,-18.246],[32.891,32.891],[-21.207,21.207],[-11.333,15.03]],"o":[[32.902,32.935],[-18.267,24.256],[-17.203,17.181],[-32.881,-32.925],[14.964,-11.289],[21.306,-21.306],[0,0]],"v":[[15.074,-96.283],[96.809,-14.482],[45.575,45.727],[-14.504,96.875],[-96.238,15.096],[-37.96,-37.686],[15.074,-96.283]],"c":false},"ix":2},"nm":"Path 2","mn":"ADBE Vector Shape - Group","hd":false},{"ty":"fl","c":{"a":0,"k":[1,0.882352948189,0.658823549747,1],"ix":4},"o":{"a":0,"k":100,"ix":5},"r":1,"bm":0,"nm":"Fill 1","mn":"ADBE Vector Graphic - Fill","hd":false},{"ty":"tr","p":{"a":0,"k":[721.818,721.744],"ix":2},"a":{"a":0,"k":[0,0],"ix":1},"s":{"a":0,"k":[100,100],"ix":3},"r":{"a":0,"k":0,"ix":6},"o":{"a":0,"k":100,"ix":7},"sk":{"a":0,"k":0,"ix":4},"sa":{"a":0,"k":0,"ix":5},"nm":"Transform"}],"nm":"Group 5","np":3,"cix":2,"bm":0,"ix":5,"mn":"ADBE Vector Group","hd":false},{"ty":"gr","it":[{"ind":0,"ty":"sh","ix":1,"ks":{"a":0,"k":{"i":[[-32.902,-32.913],[48.448,-36.534],[32.881,32.891],[-22.6,30.006]],"o":[[-36.523,48.47],[-32.881,-32.913],[29.973,-22.634],[32.902,32.935]],"v":[[113.468,-14.778],[-14.795,113.518],[-113.468,14.8],[14.783,-113.518]],"c":true},"ix":2},"nm":"Path 1","mn":"ADBE Vector Shape - Group","hd":false},{"ty":"gf","o":{"a":0,"k":100,"ix":10},"r":1,"bm":0,"g":{"p":5,"k":{"a":0,"k":[0,0.659,0.486,0.137,0.125,0.829,0.653,0.253,0.5,1,0.82,0.369,0.875,0.829,0.653,0.253,1,0.659,0.486,0.137],"ix":9}},"s":{"a":0,"k":[-79.938,44.953],"ix":5},"e":{"a":0,"k":[50.353,-73.255],"ix":6},"t":1,"nm":"Botch03Gradient Fill 1","mn":"ADBE Vector Graphic - G-Fill","hd":false},{"ty":"tr","p":{"a":0,"k":[722.109,722.04],"ix":2},"a":{"a":0,"k":[0,0],"ix":1},"s":{"a":0,"k":[100,100],"ix":3},"r":{"a":0,"k":0,"ix":6},"o":{"a":0,"k":100,"ix":7},"sk":{"a":0,"k":0,"ix":4},"sa":{"a":0,"k":0,"ix":5},"nm":"Transform"}],"nm":"Group 6","np":2,"cix":2,"bm":0,"ix":6,"mn":"ADBE Vector Group","hd":false},{"ty":"gr","it":[{"ind":0,"ty":"sh","ix":1,"ks":{"a":0,"k":{"i":[[0,0],[0,0],[-52.859,-58.147],[-38.158,-33.966],[-62.425,62.48],[15.084,16.983],[11.794,10.763]],"o":[[0,0],[0,0],[10.763,11.826],[16.939,15.063],[62.426,-62.436],[-33.923,-38.158],[-58.147,-52.88]],"v":[[-93.295,-195.977],[-195.885,-93.321],[-92.252,83.324],[14.364,190.928],[125.721,125.75],[190.824,14.338],[83.34,-92.323]],"c":true},"ix":2},"nm":"Path 1","mn":"ADBE Vector Shape - Group","hd":false},{"ty":"gf","o":{"a":0,"k":100,"ix":10},"r":1,"bm":0,"g":{"p":5,"k":{"a":0,"k":[0,0.067,0.188,0.035,0.15,0.075,0.31,0.018,0.5,0.082,0.431,0,0.85,0.075,0.31,0.018,1,0.067,0.188,0.035],"ix":9}},"s":{"a":0,"k":[-89.143,79.642],"ix":5},"e":{"a":0,"k":[84.206,-88.422],"ix":6},"t":1,"nm":"Botch04Gradient Fill 1","mn":"ADBE Vector Graphic - G-Fill","hd":false},{"ty":"tr","p":{"a":0,"k":[675.615,675.545],"ix":2},"a":{"a":0,"k":[0,0],"ix":1},"s":{"a":0,"k":[100,100],"ix":3},"r":{"a":0,"k":0,"ix":6},"o":{"a":0,"k":100,"ix":7},"sk":{"a":0,"k":0,"ix":4},"sa":{"a":0,"k":0,"ix":5},"nm":"Transform"}],"nm":"Group 7","np":2,"cix":2,"bm":0,"ix":7,"mn":"ADBE Vector Group","hd":false}],"ip":0,"op":60,"st":0,"bm":0},{"ddd":0,"ind":2,"ty":3,"nm":"Scalecontrol","sr":1,"ks":{"o":{"a":0,"k":0,"ix":11},"r":{"a":0,"k":0,"ix":10},"p":{"a":0,"k":[512,512,0],"ix":2},"a":{"a":0,"k":[0,0,0],"ix":1},"s":{"a":0,"k":[1200,1200,100],"ix":6}},"ao":0,"ip":0,"op":60,"st":0,"bm":0},{"ddd":0,"ind":3,"ty":4,"nm":"Curktop","parent":2,"sr":1,"ks":{"o":{"a":1,"k":[{"i":{"x":[0.833],"y":[0.833]},"o":{"x":[0.167],"y":[0.167]},"t":31,"s":[100]},{"i":{"x":[0.833],"y":[0.833]},"o":{"x":[0.167],"y":[0.167]},"t":36,"s":[0]},{"i":{"x":[0.833],"y":[0.833]},"o":{"x":[0.167],"y":[0.167]},"t":47,"s":[0]},{"t":48,"s":[99]}],"ix":11},"r":{"a":0,"k":0,"ix":10},"p":{"a":1,"k":[{"i":{"x":0.376,"y":1},"o":{"x":0.333,"y":0},"t":8,"s":[-15.352,-15.486,0],"to":[-6.667,-6.667,0],"ti":[6.667,6.667,0]},{"i":{"x":0.376,"y":0.376},"o":{"x":0.167,"y":0.167},"t":16,"s":[-55.352,-55.486,0],"to":[0,0,0],"ti":[0,0,0]},{"i":{"x":0,"y":1},"o":{"x":0.167,"y":0},"t":39,"s":[-55.352,-55.486,0],"to":[6.667,6.667,0],"ti":[-6.667,-6.667,0]},{"t":48,"s":[-15.352,-15.486,0]}],"ix":2},"a":{"a":0,"k":[-26.352,-26.375,0],"ix":1},"s":{"a":0,"k":[100,100,100],"ix":6}},"ao":0,"shapes":[{"ty":"gr","it":[{"ind":0,"ty":"sh","ix":1,"ks":{"a":0,"k":{"i":[[-2.83,-2.831],[1.083,1.082]],"o":[[1.083,1.083],[-2.829,-2.833]],"v":[[-22.854,-29.292],[-29.268,-22.875]],"c":true},"ix":2},"nm":"Path 1","mn":"ADBE Vector Shape - Group","hd":false},{"ty":"fl","c":{"a":0,"k":[0.61960786581,0.423529416323,0.286274522543,1],"ix":4},"o":{"a":0,"k":100,"ix":5},"r":1,"bm":0,"nm":"Fill 1","mn":"ADBE Vector Graphic - Fill","hd":false},{"ty":"tr","p":{"a":0,"k":[0,0],"ix":2},"a":{"a":0,"k":[0,0],"ix":1},"s":{"a":0,"k":[100,100],"ix":3},"r":{"a":0,"k":0,"ix":6},"o":{"a":0,"k":100,"ix":7},"sk":{"a":0,"k":0,"ix":4},"sa":{"a":0,"k":0,"ix":5},"nm":"Transform"}],"nm":"Curktop","np":2,"cix":2,"bm":0,"ix":1,"mn":"ADBE Vector Group","hd":false}],"ip":0,"op":60,"st":0,"bm":0},{"ddd":0,"ind":4,"ty":4,"nm":"Curk","parent":3,"sr":1,"ks":{"o":{"a":1,"k":[{"i":{"x":[0.833],"y":[0.833]},"o":{"x":[0.167],"y":[0.167]},"t":31,"s":[100]},{"i":{"x":[0.833],"y":[0.833]},"o":{"x":[0.167],"y":[0.167]},"t":36,"s":[0]},{"i":{"x":[0.833],"y":[0.833]},"o":{"x":[0.167],"y":[0.167]},"t":47,"s":[0]},{"t":48,"s":[99]}],"ix":11},"r":{"a":0,"k":0,"ix":10},"p":{"a":0,"k":[-24.92,-24.944,0],"ix":2},"a":{"a":0,"k":[-24.92,-24.944,0],"ix":1},"s":{"a":0,"k":[100,100,100],"ix":6}},"ao":0,"shapes":[{"ty":"gr","it":[{"ind":0,"ty":"sh","ix":1,"ks":{"a":0,"k":{"i":[[0,-1.26],[1.345,0.001],[0,0],[0,0]],"o":[[0,1.345],[-1.259,0.001],[0,0],[0,0]],"v":[[-21.236,-25.06],[-25.036,-21.259],[-28.603,-24.828],[-24.804,-28.629]],"c":true},"ix":2},"nm":"Path 1","mn":"ADBE Vector Shape - Group","hd":false},{"ty":"fl","c":{"a":0,"k":[0.705882370472,0.490196079016,0.337254911661,1],"ix":4},"o":{"a":0,"k":100,"ix":5},"r":1,"bm":0,"nm":"Fill 1","mn":"ADBE Vector Graphic - Fill","hd":false},{"ty":"tr","p":{"a":0,"k":[0,0],"ix":2},"a":{"a":0,"k":[0,0],"ix":1},"s":{"a":0,"k":[100,100],"ix":3},"r":{"a":0,"k":0,"ix":6},"o":{"a":0,"k":100,"ix":7},"sk":{"a":0,"k":0,"ix":4},"sa":{"a":0,"k":0,"ix":5},"nm":"Transform"}],"nm":"Curk","np":2,"cix":2,"bm":0,"ix":1,"mn":"ADBE Vector Group","hd":false}],"ip":0,"op":60,"st":0,"bm":0},{"ddd":0,"ind":5,"ty":4,"nm":"Liquid","parent":2,"sr":1,"ks":{"o":{"a":1,"k":[{"i":{"x":[0.833],"y":[0.833]},"o":{"x":[0.167],"y":[0.167]},"t":37,"s":[100]},{"t":49,"s":[0]}],"ix":11},"r":{"a":0,"k":0,"ix":10},"p":{"a":0,"k":[0,0,0],"ix":2},"a":{"a":0,"k":[0,0,0],"ix":1},"s":{"a":0,"k":[14.286,14.286,100],"ix":6}},"ao":0,"shapes":[{"ty":"gr","it":[{"ind":0,"ty":"sh","ix":1,"ks":{"a":1,"k":[{"i":{"x":0.833,"y":1},"o":{"x":0.333,"y":0},"t":8,"s":[{"i":[[100,100],[100,44]],"o":[[-100,-100],[-100,-44]],"v":[[-84,-84],[-468,-380]],"c":false}]},{"i":{"x":0.833,"y":0.833},"o":{"x":0.333,"y":0},"t":14,"s":[{"i":[[100,100],[100,44]],"o":[[-100,-100],[-100,-44]],"v":[[-84,-84],[-468,-380]],"c":false}]},{"i":{"x":0.454,"y":1},"o":{"x":0.167,"y":0.167},"t":26,"s":[{"i":[[100,100],[-18,-98]],"o":[[-100,-100],[21.005,114.363]],"v":[[-84,-84],[-120,364]],"c":false}]},{"t":51,"s":[{"i":[[100,100],[0,-108]],"o":[[-100,-100],[0,116.276]],"v":[[-84,-84],[-160,364]],"c":false}]}],"ix":2},"nm":"Path 1","mn":"ADBE Vector Shape - Group","hd":false},{"ty":"st","c":{"a":0,"k":[1,0.83137254902,0.501960784314,1],"ix":3},"o":{"a":0,"k":100,"ix":4},"w":{"a":1,"k":[{"i":{"x":[0.833],"y":[0.833]},"o":{"x":[0.333],"y":[0]},"t":8,"s":[52]},{"i":{"x":[0.833],"y":[1]},"o":{"x":[0.167],"y":[0]},"t":23,"s":[13]},{"i":{"x":[0.833],"y":[1]},"o":{"x":[0.167],"y":[0]},"t":40,"s":[13]},{"t":51,"s":[5]}],"ix":5},"lc":2,"lj":1,"ml":4,"bm":0,"nm":"Stroke 1","mn":"ADBE Vector Graphic - Stroke","hd":false},{"ty":"tr","p":{"a":0,"k":[0,0],"ix":2},"a":{"a":0,"k":[0,0],"ix":1},"s":{"a":0,"k":[100,100],"ix":3},"r":{"a":0,"k":0,"ix":6},"o":{"a":0,"k":100,"ix":7},"sk":{"a":0,"k":0,"ix":4},"sa":{"a":0,"k":0,"ix":5},"nm":"Transform"}],"nm":"Shape 1","np":2,"cix":2,"bm":0,"ix":1,"mn":"ADBE Vector Group","hd":false},{"ty":"tm","s":{"a":0,"k":0,"ix":1},"e":{"a":1,"k":[{"i":{"x":[0.667],"y":[1]},"o":{"x":[0.333],"y":[0]},"t":8,"s":[0]},{"t":14,"s":[100]}],"ix":2},"o":{"a":0,"k":0,"ix":3},"m":1,"ix":2,"nm":"Trim Paths 1","mn":"ADBE Vector Filter - Trim","hd":false}],"ip":7,"op":67,"st":7,"bm":0},{"ddd":0,"ind":6,"ty":4,"nm":"Bubble1","parent":2,"sr":1,"ks":{"o":{"a":0,"k":100,"ix":11},"r":{"a":0,"k":0,"ix":10},"p":{"a":1,"k":[{"i":{"x":0.667,"y":1},"o":{"x":0.797,"y":0.014},"t":8,"s":[-16.871,-14.92,0],"to":[-4.67,0.783,0],"ti":[0.447,-8.783,0]},{"t":31,"s":[-19.556,37.778,0]}],"ix":2},"a":{"a":0,"k":[-19.538,15.525,0],"ix":1},"s":{"a":0,"k":[100,100,100],"ix":6}},"ao":0,"shapes":[{"ty":"gr","it":[{"ind":0,"ty":"sh","ix":1,"ks":{"a":0,"k":{"i":[[-0.585,-1.087],[0.526,1.688]],"o":[[0.839,1.556],[-0.509,-1.622]],"v":[[-18.569,14.799],[-20.602,15.998]],"c":true},"ix":2},"nm":"Path 1","mn":"ADBE Vector Shape - Group","hd":false},{"ty":"fl","c":{"a":0,"k":[1,0.831372559071,0.501960813999,1],"ix":4},"o":{"a":0,"k":100,"ix":5},"r":1,"bm":0,"nm":"Fill 1","mn":"ADBE Vector Graphic - Fill","hd":false},{"ty":"tr","p":{"a":0,"k":[0,0],"ix":2},"a":{"a":0,"k":[0,0],"ix":1},"s":{"a":0,"k":[100,100],"ix":3},"r":{"a":0,"k":0,"ix":6},"o":{"a":0,"k":100,"ix":7},"sk":{"a":0,"k":0,"ix":4},"sa":{"a":0,"k":0,"ix":5},"nm":"Transform"}],"nm":"Bubble1","np":2,"cix":2,"bm":0,"ix":1,"mn":"ADBE Vector Group","hd":false}],"ip":8,"op":37,"st":7,"bm":0},{"ddd":0,"ind":7,"ty":4,"nm":"Bubble2","parent":2,"sr":1,"ks":{"o":{"a":0,"k":100,"ix":11},"r":{"a":0,"k":0,"ix":10},"p":{"a":1,"k":[{"i":{"x":0.667,"y":1},"o":{"x":0.513,"y":0.009},"t":9,"s":[-14.445,-11.937,0],"to":[-18.778,-4.185,0],"ti":[3.074,-8.037,0]},{"t":32,"s":[-32.89,36.285,0]}],"ix":2},"a":{"a":0,"k":[-23.445,12.73,0],"ix":1},"s":{"a":0,"k":[100,100,100],"ix":6}},"ao":0,"shapes":[{"ty":"gr","it":[{"ind":0,"ty":"sh","ix":1,"ks":{"a":0,"k":{"i":[[-0.983,-1.824],[0.885,2.834]],"o":[[1.409,2.613],[-0.851,-2.726]],"v":[[-21.819,11.511],[-25.234,13.525]],"c":true},"ix":2},"nm":"Path 1","mn":"ADBE Vector Shape - Group","hd":false},{"ty":"gf","o":{"a":0,"k":100,"ix":10},"r":1,"bm":0,"g":{"p":7,"k":{"a":0,"k":[0,1,0.882,0.741,0.181,1,0.871,0.686,0.362,1,0.859,0.631,0.559,1,0.849,0.584,0.757,1,0.839,0.537,0.878,1,0.835,0.52,1,1,0.831,0.502],"ix":9}},"s":{"a":0,"k":[-24.201,12.159],"ix":5},"e":{"a":0,"k":[-22.332,14.527],"ix":6},"t":2,"h":{"a":0,"k":0,"ix":7},"a":{"a":0,"k":0,"ix":8},"nm":"gradientbubbletwo","mn":"ADBE Vector Graphic - G-Fill","hd":false},{"ty":"tr","p":{"a":0,"k":[0,0],"ix":2},"a":{"a":0,"k":[0,0],"ix":1},"s":{"a":0,"k":[100,100],"ix":3},"r":{"a":0,"k":0,"ix":6},"o":{"a":0,"k":100,"ix":7},"sk":{"a":0,"k":0,"ix":4},"sa":{"a":0,"k":0,"ix":5},"nm":"Transform"}],"nm":"Bubble2","np":2,"cix":2,"bm":0,"ix":1,"mn":"ADBE Vector Group","hd":false}],"ip":9,"op":32,"st":7,"bm":0},{"ddd":0,"ind":8,"ty":4,"nm":"Bubble3","parent":2,"sr":1,"ks":{"o":{"a":0,"k":100,"ix":11},"r":{"a":0,"k":0,"ix":10},"p":{"a":1,"k":[{"i":{"x":0.667,"y":1},"o":{"x":0.513,"y":0.008},"t":9,"s":[-14.445,-11.937,0],"to":[-9.667,3.37,0],"ti":[-0.111,-9.667,0]},{"t":32,"s":[-13.779,46.063,0]}],"ix":2},"a":{"a":0,"k":[-20.616,10.252,0],"ix":1},"s":{"a":0,"k":[100,100,100],"ix":6}},"ao":0,"shapes":[{"ty":"gr","it":[{"ind":0,"ty":"sh","ix":1,"ks":{"a":0,"k":{"i":[[-1.155,-2.137],[1.038,3.326]],"o":[[1.651,3.066],[-0.998,-3.193]],"v":[[-18.708,8.821],[-22.714,11.182]],"c":true},"ix":2},"nm":"Path 1","mn":"ADBE Vector Shape - Group","hd":false},{"ty":"fl","c":{"a":0,"k":[1,0.831372559071,0.501960813999,1],"ix":4},"o":{"a":0,"k":100,"ix":5},"r":1,"bm":0,"nm":"Fill 1","mn":"ADBE Vector Graphic - Fill","hd":false},{"ty":"tr","p":{"a":0,"k":[0,0],"ix":2},"a":{"a":0,"k":[0,0],"ix":1},"s":{"a":0,"k":[100,100],"ix":3},"r":{"a":0,"k":0,"ix":6},"o":{"a":0,"k":100,"ix":7},"sk":{"a":0,"k":0,"ix":4},"sa":{"a":0,"k":0,"ix":5},"nm":"Transform"}],"nm":"Bubble3","np":2,"cix":2,"bm":0,"ix":1,"mn":"ADBE Vector Group","hd":false}],"ip":9,"op":36,"st":6,"bm":0},{"ddd":0,"ind":9,"ty":4,"nm":"Bubble4","parent":2,"sr":1,"ks":{"o":{"a":0,"k":100,"ix":11},"r":{"a":0,"k":0,"ix":10},"p":{"a":1,"k":[{"i":{"x":0.667,"y":1},"o":{"x":0.513,"y":0.009},"t":10,"s":[-14.445,-11.937,0],"to":[-27,-0.185,0],"ti":[3.593,-8.481,0]},{"t":37,"s":[-36.001,38.952,0]}],"ix":2},"a":{"a":0,"k":[-20.686,5.399,0],"ix":1},"s":{"a":0,"k":[100,100,100],"ix":6}},"ao":0,"shapes":[{"ty":"gr","it":[{"ind":0,"ty":"sh","ix":1,"ks":{"a":0,"k":{"i":[[-1.408,-2.61],[1.267,4.058]],"o":[[2.016,3.742],[-1.219,-3.897]],"v":[[-18.357,3.654],[-23.246,6.534]],"c":true},"ix":2},"nm":"Path 1","mn":"ADBE Vector Shape - Group","hd":false},{"ty":"fl","c":{"a":0,"k":[1,0.831372559071,0.501960813999,1],"ix":4},"o":{"a":0,"k":100,"ix":5},"r":1,"bm":0,"nm":"Fill 1","mn":"ADBE Vector Graphic - Fill","hd":false},{"ty":"tr","p":{"a":0,"k":[0,0],"ix":2},"a":{"a":0,"k":[0,0],"ix":1},"s":{"a":0,"k":[100,100],"ix":3},"r":{"a":0,"k":0,"ix":6},"o":{"a":0,"k":100,"ix":7},"sk":{"a":0,"k":0,"ix":4},"sa":{"a":0,"k":0,"ix":5},"nm":"Transform"}],"nm":"Bubble4","np":2,"cix":2,"bm":0,"ix":1,"mn":"ADBE Vector Group","hd":false}],"ip":10,"op":36,"st":6,"bm":0},{"ddd":0,"ind":10,"ty":4,"nm":"Bubble5","parent":2,"sr":1,"ks":{"o":{"a":0,"k":100,"ix":11},"r":{"a":0,"k":0,"ix":10},"p":{"a":1,"k":[{"i":{"x":0.667,"y":1},"o":{"x":0.513,"y":0.009},"t":10,"s":[-14.445,-11.937,0],"to":[-15,-5.074,0],"ti":[1.741,-8.481,0]},{"t":34,"s":[-24.89,38.952,0]}],"ix":2},"a":{"a":0,"k":[-23.796,1.598,0],"ix":1},"s":{"a":0,"k":[100,100,100],"ix":6}},"ao":0,"shapes":[{"ty":"gr","it":[{"ind":0,"ty":"sh","ix":1,"ks":{"a":0,"k":{"i":[[-1.649,-3.061],[1.486,4.754]],"o":[[2.364,4.385],[-1.427,-4.568]],"v":[[-21.067,-0.445],[-26.797,2.929]],"c":true},"ix":2},"nm":"Path 1","mn":"ADBE Vector Shape - Group","hd":false},{"ty":"gf","o":{"a":0,"k":100,"ix":10},"r":1,"bm":0,"g":{"p":7,"k":{"a":0,"k":[0,1,0.882,0.741,0.181,1,0.871,0.686,0.362,1,0.859,0.631,0.559,1,0.849,0.584,0.757,1,0.839,0.537,0.878,1,0.835,0.52,1,1,0.831,0.502],"ix":9}},"s":{"a":0,"k":[-25.124,-0.042],"ix":5},"e":{"a":0,"k":[-22.631,5.173],"ix":6},"t":2,"h":{"a":0,"k":0,"ix":7},"a":{"a":0,"k":0,"ix":8},"nm":"bubblegradientfive","mn":"ADBE Vector Graphic - G-Fill","hd":false},{"ty":"tr","p":{"a":0,"k":[0,0],"ix":2},"a":{"a":0,"k":[0,0],"ix":1},"s":{"a":0,"k":[100,100],"ix":3},"r":{"a":0,"k":0,"ix":6},"o":{"a":0,"k":100,"ix":7},"sk":{"a":0,"k":0,"ix":4},"sa":{"a":0,"k":0,"ix":5},"nm":"Transform"}],"nm":"Bubble5","np":2,"cix":2,"bm":0,"ix":1,"mn":"ADBE Vector Group","hd":false}],"ip":10,"op":35,"st":5,"bm":0},{"ddd":0,"ind":11,"ty":4,"nm":"Bubble9","parent":2,"sr":1,"ks":{"o":{"a":0,"k":100,"ix":11},"r":{"a":0,"k":0,"ix":10},"p":{"a":1,"k":[{"i":{"x":0.667,"y":1},"o":{"x":0.513,"y":0.007},"t":-17,"s":[-14.445,-11.937,0],"to":[-15,-5.074,0],"ti":[1.741,-11.481,0]},{"t":8,"s":[-24.89,56.952,0]}],"ix":2},"a":{"a":0,"k":[-20.617,-0.445,0],"ix":1},"s":{"a":0,"k":[100,100,100],"ix":6}},"ao":0,"shapes":[{"ty":"gr","it":[{"ind":0,"ty":"sh","ix":1,"ks":{"a":0,"k":{"i":[[-1.649,-3.061],[1.485,4.754]],"o":[[2.363,4.383],[-1.427,-4.569]],"v":[[-17.888,-2.488],[-23.617,0.887]],"c":true},"ix":2},"nm":"Path 1","mn":"ADBE Vector Shape - Group","hd":false},{"ty":"fl","c":{"a":0,"k":[1,0.831372559071,0.501960813999,1],"ix":4},"o":{"a":0,"k":100,"ix":5},"r":1,"bm":0,"nm":"Fill 1","mn":"ADBE Vector Graphic - Fill","hd":false},{"ty":"tr","p":{"a":0,"k":[0,0],"ix":2},"a":{"a":0,"k":[0,0],"ix":1},"s":{"a":0,"k":[100,100],"ix":3},"r":{"a":0,"k":0,"ix":6},"o":{"a":0,"k":100,"ix":7},"sk":{"a":0,"k":0,"ix":4},"sa":{"a":0,"k":0,"ix":5},"nm":"Transform"}],"nm":"Bubble6","np":2,"cix":2,"bm":0,"ix":1,"mn":"ADBE Vector Group","hd":false}],"ip":7,"op":8,"st":-23,"bm":0},{"ddd":0,"ind":12,"ty":4,"nm":"Bubble6","parent":2,"sr":1,"ks":{"o":{"a":0,"k":100,"ix":11},"r":{"a":0,"k":0,"ix":10},"p":{"a":1,"k":[{"i":{"x":0.667,"y":1},"o":{"x":0.513,"y":0.009},"t":13,"s":[-14.445,-11.937,0],"to":[-15,-5.074,0],"ti":[1.741,-8.481,0]},{"t":38,"s":[-24.89,38.952,0]}],"ix":2},"a":{"a":0,"k":[-20.617,-0.445,0],"ix":1},"s":{"a":0,"k":[100,100,100],"ix":6}},"ao":0,"shapes":[{"ty":"gr","it":[{"ind":0,"ty":"sh","ix":1,"ks":{"a":0,"k":{"i":[[-1.649,-3.061],[1.485,4.754]],"o":[[2.363,4.383],[-1.427,-4.569]],"v":[[-17.888,-2.488],[-23.617,0.887]],"c":true},"ix":2},"nm":"Path 1","mn":"ADBE Vector Shape - Group","hd":false},{"ty":"fl","c":{"a":0,"k":[1,0.831372559071,0.501960813999,1],"ix":4},"o":{"a":0,"k":100,"ix":5},"r":1,"bm":0,"nm":"Fill 1","mn":"ADBE Vector Graphic - Fill","hd":false},{"ty":"tr","p":{"a":0,"k":[0,0],"ix":2},"a":{"a":0,"k":[0,0],"ix":1},"s":{"a":0,"k":[100,100],"ix":3},"r":{"a":0,"k":0,"ix":6},"o":{"a":0,"k":100,"ix":7},"sk":{"a":0,"k":0,"ix":4},"sa":{"a":0,"k":0,"ix":5},"nm":"Transform"}],"nm":"Bubble6","np":2,"cix":2,"bm":0,"ix":1,"mn":"ADBE Vector Group","hd":false}],"ip":13,"op":37,"st":7,"bm":0},{"ddd":0,"ind":13,"ty":4,"nm":"Bubble8","parent":2,"sr":1,"ks":{"o":{"a":0,"k":100,"ix":11},"r":{"a":0,"k":0,"ix":10},"p":{"a":1,"k":[{"i":{"x":0.667,"y":1},"o":{"x":0.481,"y":0.007},"t":-16,"s":[-14.445,-11.937,0],"to":[-20.111,1.37,0],"ti":[-1.148,-18.741,0]},{"t":10,"s":[-28.89,51.508,0]}],"ix":2},"a":{"a":0,"k":[-23.263,-5.291,0],"ix":1},"s":{"a":0,"k":[100,100,100],"ix":6}},"ao":0,"shapes":[{"ty":"gr","it":[{"ind":0,"ty":"sh","ix":1,"ks":{"a":0,"k":{"i":[[-1.92,-3.563],[1.73,5.538]],"o":[[2.753,5.106],[-1.663,-5.322]],"v":[[-20.085,-7.672],[-26.758,-3.74]],"c":true},"ix":2},"nm":"Path 1","mn":"ADBE Vector Shape - Group","hd":false},{"ty":"gf","o":{"a":0,"k":100,"ix":10},"r":1,"bm":0,"g":{"p":7,"k":{"a":0,"k":[0,1,0.882,0.741,0.181,1,0.871,0.686,0.362,1,0.859,0.631,0.559,1,0.849,0.584,0.757,1,0.839,0.537,0.878,1,0.835,0.52,1,1,0.831,0.502],"ix":9}},"s":{"a":0,"k":[-24.995,-6.579],"ix":5},"e":{"a":0,"k":[-19.721,-6.968],"ix":6},"t":2,"h":{"a":0,"k":0,"ix":7},"a":{"a":0,"k":0,"ix":8},"nm":"bubblegradientseven","mn":"ADBE Vector Graphic - G-Fill","hd":false},{"ty":"tr","p":{"a":0,"k":[0,0],"ix":2},"a":{"a":0,"k":[0,0],"ix":1},"s":{"a":0,"k":[100,100],"ix":3},"r":{"a":0,"k":0,"ix":6},"o":{"a":0,"k":100,"ix":7},"sk":{"a":0,"k":0,"ix":4},"sa":{"a":0,"k":0,"ix":5},"nm":"Transform"}],"nm":"Bubble7","np":2,"cix":2,"bm":0,"ix":1,"mn":"ADBE Vector Group","hd":false}],"ip":7,"op":10,"st":-23,"bm":0},{"ddd":0,"ind":14,"ty":4,"nm":"Bubble7","parent":2,"sr":1,"ks":{"o":{"a":0,"k":100,"ix":11},"r":{"a":0,"k":0,"ix":10},"p":{"a":1,"k":[{"i":{"x":0.667,"y":1},"o":{"x":0.732,"y":0.013},"t":14,"s":[-14.445,-11.937,0],"to":[-20.111,1.37,0],"ti":[-1.148,-18.741,0]},{"t":40,"s":[-28.89,40.508,0]}],"ix":2},"a":{"a":0,"k":[-23.263,-5.291,0],"ix":1},"s":{"a":0,"k":[100,100,100],"ix":6}},"ao":0,"shapes":[{"ty":"gr","it":[{"ind":0,"ty":"sh","ix":1,"ks":{"a":0,"k":{"i":[[-1.92,-3.563],[1.73,5.538]],"o":[[2.753,5.106],[-1.663,-5.322]],"v":[[-20.085,-7.672],[-26.758,-3.74]],"c":true},"ix":2},"nm":"Path 1","mn":"ADBE Vector Shape - Group","hd":false},{"ty":"gf","o":{"a":0,"k":100,"ix":10},"r":1,"bm":0,"g":{"p":7,"k":{"a":0,"k":[0,1,0.882,0.741,0.181,1,0.871,0.686,0.362,1,0.859,0.631,0.559,1,0.849,0.584,0.757,1,0.839,0.537,0.878,1,0.835,0.52,1,1,0.831,0.502],"ix":9}},"s":{"a":0,"k":[-24.995,-6.579],"ix":5},"e":{"a":0,"k":[-19.721,-6.968],"ix":6},"t":2,"h":{"a":0,"k":0,"ix":7},"a":{"a":0,"k":0,"ix":8},"nm":"bubblegradientseven","mn":"ADBE Vector Graphic - G-Fill","hd":false},{"ty":"tr","p":{"a":0,"k":[0,0],"ix":2},"a":{"a":0,"k":[0,0],"ix":1},"s":{"a":0,"k":[100,100],"ix":3},"r":{"a":0,"k":0,"ix":6},"o":{"a":0,"k":100,"ix":7},"sk":{"a":0,"k":0,"ix":4},"sa":{"a":0,"k":0,"ix":5},"nm":"Transform"}],"nm":"Bubble7","np":2,"cix":2,"bm":0,"ix":1,"mn":"ADBE Vector Group","hd":false}],"ip":14,"op":37,"st":7,"bm":0},{"ddd":0,"ind":15,"ty":4,"nm":"Liquid8","parent":2,"sr":1,"ks":{"o":{"a":0,"k":100,"ix":11},"r":{"a":0,"k":0,"ix":10},"p":{"a":1,"k":[{"i":{"x":0.291,"y":1},"o":{"x":0.379,"y":0},"t":8,"s":[-10.882,-10.017,0],"to":[-0.536,-1.351,0],"ti":[-7.461,1.457,0]},{"i":{"x":0.811,"y":1},"o":{"x":0.571,"y":0},"t":12,"s":[-11.275,-27.319,0],"to":[17.551,-3.428,0],"ti":[0,0,0]},{"t":29,"s":[2.562,45.649,0]}],"ix":2},"a":{"a":0,"k":[-25.882,-17.906,0],"ix":1},"s":{"a":0,"k":[-100,100,100],"ix":6}},"ao":0,"shapes":[{"ty":"gr","it":[{"ind":0,"ty":"sh","ix":1,"ks":{"a":1,"k":[{"i":{"x":0.833,"y":0.833},"o":{"x":0.167,"y":0.167},"t":8,"s":[{"i":[[-0.562,-2.203],[0.348,2.68]],"o":[[0.399,1.562],[-0.875,-2.32]],"v":[[-30.065,-18.785],[-24.792,-19.569]],"c":true}]},{"i":{"x":0.833,"y":0.833},"o":{"x":0.167,"y":0.167},"t":10,"s":[{"i":[[2.182,-0.975],[-3.085,-2.623]],"o":[[-1.429,0.639],[2.693,-1.29]],"v":[[-29.137,-19.694],[-28.093,-13.268]],"c":true}]},{"i":{"x":0.833,"y":0.833},"o":{"x":0.167,"y":0.167},"t":14,"s":[{"i":[[-0.529,-2.33],[-3.177,2.511]],"o":[[0.346,1.526],[-0.738,-2.893]],"v":[[-31.128,-16.67],[-24.622,-16.436]],"c":true}]},{"i":{"x":0.833,"y":0.833},"o":{"x":0.167,"y":0.167},"t":19,"s":[{"i":[[-1.133,0.164],[0.108,2.777]],"o":[[1.477,-0.214],[-3.892,3.11]],"v":[[-28.631,-14.772],[-26.538,-22.162]],"c":true}]},{"t":25,"s":[{"i":[[-1.063,0.433],[0.992,2.598]],"o":[[1.392,-0.567],[-2.912,4.026]],"v":[[-27.705,-14.852],[-27.703,-22.333]],"c":true}]}],"ix":2},"nm":"Path 1","mn":"ADBE Vector Shape - Group","hd":false},{"ty":"fl","c":{"a":0,"k":[1,0.831372559071,0.501960813999,1],"ix":4},"o":{"a":0,"k":100,"ix":5},"r":1,"bm":0,"nm":"Fill 1","mn":"ADBE Vector Graphic - Fill","hd":false},{"ty":"tr","p":{"a":0,"k":[0,0],"ix":2},"a":{"a":0,"k":[0,0],"ix":1},"s":{"a":0,"k":[100,100],"ix":3},"r":{"a":0,"k":0,"ix":6},"o":{"a":0,"k":100,"ix":7},"sk":{"a":0,"k":0,"ix":4},"sa":{"a":0,"k":0,"ix":5},"nm":"Transform"}],"nm":"Liquid2","np":2,"cix":2,"bm":0,"ix":1,"mn":"ADBE Vector Group","hd":false}],"ip":8,"op":37,"st":7,"bm":0},{"ddd":0,"ind":16,"ty":4,"nm":"Liquid1","parent":2,"sr":1,"ks":{"o":{"a":0,"k":100,"ix":11},"r":{"a":0,"k":0,"ix":10},"p":{"a":1,"k":[{"i":{"x":0.412,"y":1},"o":{"x":0.333,"y":0},"t":8,"s":[-16.285,-13.414,0],"to":[-0.296,-0.231,0],"ti":[1.38,-0.069,0]},{"i":{"x":0.667,"y":0.996},"o":{"x":0.596,"y":0},"t":12,"s":[-22.285,-15.247,0],"to":[-9.381,0.469,0],"ti":[0,0,0]},{"t":27,"s":[-28.841,43.086,0]}],"ix":2},"a":{"a":0,"k":[-19.285,-15.08,0],"ix":1},"s":{"a":0,"k":[100,100,100],"ix":6}},"ao":0,"shapes":[{"ty":"gr","it":[{"ind":0,"ty":"sh","ix":1,"ks":{"a":1,"k":[{"i":{"x":0.833,"y":0.833},"o":{"x":0.167,"y":0.167},"t":8,"s":[{"i":[[0.752,-0.699],[-0.225,-0.915],[-0.019,-0.073],[0,0]],"o":[[-0.817,0.76],[0.02,0.082],[0,0],[-1.948,-0.169]],"v":[[-16.585,-16.301],[-16.938,-13.183],[-16.878,-12.95],[-12.83,-16.998]],"c":true}]},{"i":{"x":0.833,"y":0.833},"o":{"x":0.167,"y":0.167},"t":10,"s":[{"i":[[-2.751,-1.997],[-1.593,-0.306],[-0.587,0.517],[0.752,0.703]],"o":[[0.113,3.204],[1.009,0.194],[0.915,-0.805],[-5.155,-4.817]],"v":[[-20.39,-14.662],[-13.642,-12.711],[-11.017,-13.589],[-10.024,-16.859]],"c":true}]},{"i":{"x":0.833,"y":0.833},"o":{"x":0.167,"y":0.167},"t":12,"s":[{"i":[[-6.254,-3.294],[-2.324,1.316],[-0.19,0.066],[1.071,1.579]],"o":[[1.042,5.649],[0.209,-0.118],[1.801,-0.63],[-5.392,-7.946]],"v":[[-24.196,-13.023],[-17.477,-12.669],[-16.878,-12.95],[-12.83,-16.998]],"c":true}]},{"i":{"x":0.833,"y":0.833},"o":{"x":0.167,"y":0.167},"t":14,"s":[{"i":[[-5.189,-3],[-1.504,1.15],[-0.739,1.065],[1.471,0.531]],"o":[[1.11,4.797],[0.624,-0.58],[0.65,-1.157],[-3.926,-2.659]],"v":[[-24.48,-12.85],[-17.902,-12.757],[-15.44,-15.419],[-15.916,-18.961]],"c":true}]},{"i":{"x":0.833,"y":0.833},"o":{"x":0.167,"y":0.167},"t":15,"s":[{"i":[[-4.657,-2.853],[-1.094,1.067],[-0.516,1.863],[1.67,0.008]],"o":[[1.144,4.372],[0.832,-0.811],[0.316,-1.143],[-3.193,-0.015]],"v":[[-24.622,-12.764],[-18.114,-12.802],[-15.637,-17.32],[-17.46,-19.942]],"c":true}]},{"i":{"x":0.833,"y":0.833},"o":{"x":0.167,"y":0.167},"t":18,"s":[{"i":[[-3.059,-2.412],[-1.398,2.339],[0.284,1.77],[1.213,-0.548]],"o":[[1.246,3.094],[0.929,-2.659],[-0.14,-1.507],[-3.356,1.515]],"v":[[-25.048,-12.504],[-19.752,-13.268],[-18.063,-19.246],[-21.534,-21.22]],"c":true}]},{"i":{"x":0.833,"y":0.833},"o":{"x":0.167,"y":0.167},"t":21,"s":[{"i":[[-1.462,-1.971],[-0.935,2.851],[0.847,2.592],[0.796,-1.734]],"o":[[1.348,1.817],[1.289,-3.929],[-0.613,-1.877],[-2.55,5.56]],"v":[[-25.474,-12.245],[-20.889,-13.567],[-22.322,-23.728],[-24.719,-23.498]],"c":true}]},{"i":{"x":0.833,"y":0.833},"o":{"x":0.167,"y":0.167},"t":23,"s":[{"i":[[-2.101,-2.147],[-1.12,2.656],[0.703,2.257],[0.853,-1.108]],"o":[[1.543,1.627],[1.151,-3.426],[-0.669,-1.916],[-2.399,3.557]],"v":[[-25.303,-12.349],[-20.453,-13.437],[-21.419,-22.246],[-24.067,-22.698]],"c":true}]},{"i":{"x":0.833,"y":0.833},"o":{"x":0.167,"y":0.167},"t":26,"s":[{"i":[[-3.059,-2.412],[-1.396,2.363],[0.488,1.755],[0.94,-0.169]],"o":[[1.24,3.058],[0.945,-2.671],[-0.753,-1.976],[-2.171,0.554]],"v":[[-25.048,-12.504],[-19.797,-13.241],[-20.063,-20.024],[-23.089,-21.498]],"c":true}]},{"t":27,"s":[{"i":[[-6.254,-3.294],[-2.317,1.387],[-0.231,0.081],[1.071,1.579]],"o":[[1.022,5.54],[0.258,-0.154],[1.801,-0.63],[-5.392,-7.946]],"v":[[-24.196,-13.023],[-17.613,-12.589],[-16.878,-12.95],[-12.83,-16.998]],"c":true}]}],"ix":2},"nm":"Path 1","mn":"ADBE Vector Shape - Group","hd":false},{"ty":"gf","o":{"a":0,"k":100,"ix":10},"r":1,"bm":0,"g":{"p":9,"k":{"a":0,"k":[0,1,0.882,0.741,0.116,1,0.88,0.733,0.233,1,0.878,0.725,0.355,1,0.873,0.7,0.478,1,0.867,0.675,0.602,1,0.859,0.633,0.727,1,0.851,0.592,0.83,1,0.841,0.547,0.933,1,0.831,0.502],"ix":9}},"s":{"a":0,"k":[-22.985,-16.079],"ix":5},"e":{"a":0,"k":[-17.539,-15.007],"ix":6},"t":2,"h":{"a":0,"k":0,"ix":7},"a":{"a":0,"k":0,"ix":8},"nm":"Liquidgradientone","mn":"ADBE Vector Graphic - G-Fill","hd":false},{"ty":"tr","p":{"a":0,"k":[0,0],"ix":2},"a":{"a":0,"k":[0,0],"ix":1},"s":{"a":0,"k":[100,100],"ix":3},"r":{"a":0,"k":0,"ix":6},"o":{"a":0,"k":100,"ix":7},"sk":{"a":0,"k":0,"ix":4},"sa":{"a":0,"k":0,"ix":5},"nm":"Transform"}],"nm":"Liquid1","np":2,"cix":2,"bm":0,"ix":1,"mn":"ADBE Vector Group","hd":false}],"ip":7,"op":37,"st":7,"bm":0},{"ddd":0,"ind":17,"ty":4,"nm":"Liquid7","parent":2,"sr":1,"ks":{"o":{"a":0,"k":100,"ix":11},"r":{"a":0,"k":0,"ix":10},"p":{"a":1,"k":[{"i":{"x":0.291,"y":1},"o":{"x":0.379,"y":0},"t":8,"s":[-10.882,-10.017,0],"to":[-0.536,-1.351,0],"ti":[11.394,-9.053,0]},{"i":{"x":0.811,"y":1},"o":{"x":0.333,"y":0},"t":12,"s":[-27.72,-17.985,0],"to":[-11.117,8.833,0],"ti":[0,0,0]},{"t":28,"s":[-40.549,47.427,0]}],"ix":2},"a":{"a":0,"k":[-25.882,-17.906,0],"ix":1},"s":{"a":0,"k":[100,100,100],"ix":6}},"ao":0,"shapes":[{"ty":"gr","it":[{"ind":0,"ty":"sh","ix":1,"ks":{"a":1,"k":[{"i":{"x":0.833,"y":0.833},"o":{"x":0.167,"y":0.167},"t":8,"s":[{"i":[[-0.562,-2.203],[0.348,2.68]],"o":[[0.399,1.562],[-0.875,-2.32]],"v":[[-30.065,-18.785],[-24.792,-19.569]],"c":true}]},{"i":{"x":0.833,"y":0.833},"o":{"x":0.167,"y":0.167},"t":9,"s":[{"i":[[0.959,-1.611],[-2.102,-0.991]],"o":[[-0.732,1.23],[-0.158,-2.936]],"v":[[-29.433,-20.358],[-25.375,-17.177]],"c":true}]},{"i":{"x":0.833,"y":0.833},"o":{"x":0.167,"y":0.167},"t":10,"s":[{"i":[[0.934,-1.529],[-1.662,-0.302]],"o":[[-0.626,1.292],[0.27,-2.61]],"v":[[-29.782,-19.866],[-24.964,-16.954]],"c":true}]},{"i":{"x":0.833,"y":0.833},"o":{"x":0.167,"y":0.167},"t":11,"s":[{"i":[[-0.2,-1.326],[-1.41,1.221]],"o":[[0.394,1.058],[-1.714,-1.445]],"v":[[-29.233,-17.522],[-24.573,-18.993]],"c":true}]},{"i":{"x":0.833,"y":0.833},"o":{"x":0.167,"y":0.167},"t":14,"s":[{"i":[[-1.088,-0.494],[-2.263,2.668]],"o":[[1.344,0.611],[-4.263,-0.444]],"v":[[-28.631,-14.772],[-23.816,-20.218]],"c":true}]},{"i":{"x":0.833,"y":0.833},"o":{"x":0.167,"y":0.167},"t":19,"s":[{"i":[[-1.133,0.164],[0.108,2.777]],"o":[[1.477,-0.214],[-3.892,3.11]],"v":[[-28.631,-14.772],[-26.538,-22.162]],"c":true}]},{"t":25,"s":[{"i":[[-1.063,0.433],[0.992,2.598]],"o":[[1.392,-0.567],[-2.912,4.026]],"v":[[-27.705,-14.852],[-27.703,-22.333]],"c":true}]}],"ix":2},"nm":"Path 1","mn":"ADBE Vector Shape - Group","hd":false},{"ty":"fl","c":{"a":0,"k":[1,0.831372559071,0.501960813999,1],"ix":4},"o":{"a":0,"k":100,"ix":5},"r":1,"bm":0,"nm":"Fill 1","mn":"ADBE Vector Graphic - Fill","hd":false},{"ty":"tr","p":{"a":0,"k":[0,0],"ix":2},"a":{"a":0,"k":[0,0],"ix":1},"s":{"a":0,"k":[100,100],"ix":3},"r":{"a":0,"k":0,"ix":6},"o":{"a":0,"k":100,"ix":7},"sk":{"a":0,"k":0,"ix":4},"sa":{"a":0,"k":0,"ix":5},"nm":"Transform"}],"nm":"Liquid2","np":2,"cix":2,"bm":0,"ix":1,"mn":"ADBE Vector Group","hd":false}],"ip":7,"op":37,"st":7,"bm":0},{"ddd":0,"ind":18,"ty":4,"nm":"Liquid2","parent":2,"sr":1,"ks":{"o":{"a":0,"k":100,"ix":11},"r":{"a":0,"k":0,"ix":10},"p":{"a":1,"k":[{"i":{"x":0.442,"y":0.95},"o":{"x":0.379,"y":0},"t":8,"s":[-10.882,-10.017,0],"to":[-0.536,-1.351,0],"ti":[2.481,-6.016,0]},{"i":{"x":0.811,"y":1},"o":{"x":0.538,"y":0.045},"t":12,"s":[-18.608,-14.208,0],"to":[-6.474,15.695,0],"ti":[0,0,0]},{"t":31,"s":[-22.993,55.649,0]}],"ix":2},"a":{"a":0,"k":[-25.882,-17.906,0],"ix":1},"s":{"a":0,"k":[100,100,100],"ix":6}},"ao":0,"shapes":[{"ty":"gr","it":[{"ind":0,"ty":"sh","ix":1,"ks":{"a":1,"k":[{"i":{"x":0.833,"y":0.833},"o":{"x":0.167,"y":0.167},"t":8,"s":[{"i":[[-0.562,-2.203],[0.348,2.68]],"o":[[0.399,1.562],[-0.875,-2.32]],"v":[[-30.065,-18.785],[-24.792,-19.569]],"c":true}]},{"i":{"x":0.833,"y":0.833},"o":{"x":0.167,"y":0.167},"t":9,"s":[{"i":[[0.959,-1.611],[-2.102,-0.991]],"o":[[-0.732,1.23],[-0.158,-2.936]],"v":[[-29.433,-20.358],[-25.375,-17.177]],"c":true}]},{"i":{"x":0.833,"y":0.833},"o":{"x":0.167,"y":0.167},"t":10,"s":[{"i":[[0.934,-1.529],[-1.662,-0.302]],"o":[[-0.626,1.292],[0.27,-2.61]],"v":[[-29.782,-19.866],[-24.964,-16.954]],"c":true}]},{"i":{"x":0.833,"y":0.833},"o":{"x":0.167,"y":0.167},"t":14,"s":[{"i":[[-1.088,-0.494],[-2.263,2.668]],"o":[[1.344,0.611],[-4.263,-0.444]],"v":[[-28.631,-14.772],[-23.816,-20.218]],"c":true}]},{"i":{"x":0.833,"y":0.833},"o":{"x":0.167,"y":0.167},"t":19,"s":[{"i":[[-1.133,0.164],[0.108,2.777]],"o":[[1.477,-0.214],[-3.892,3.11]],"v":[[-28.631,-14.772],[-26.538,-22.162]],"c":true}]},{"t":25,"s":[{"i":[[-1.063,0.433],[0.992,2.598]],"o":[[1.392,-0.567],[-2.912,4.026]],"v":[[-27.705,-14.852],[-27.703,-22.333]],"c":true}]}],"ix":2},"nm":"Path 1","mn":"ADBE Vector Shape - Group","hd":false},{"ty":"fl","c":{"a":0,"k":[1,0.831372559071,0.501960813999,1],"ix":4},"o":{"a":0,"k":100,"ix":5},"r":1,"bm":0,"nm":"Fill 1","mn":"ADBE Vector Graphic - Fill","hd":false},{"ty":"tr","p":{"a":0,"k":[0,0],"ix":2},"a":{"a":0,"k":[0,0],"ix":1},"s":{"a":0,"k":[100,100],"ix":3},"r":{"a":0,"k":0,"ix":6},"o":{"a":0,"k":100,"ix":7},"sk":{"a":0,"k":0,"ix":4},"sa":{"a":0,"k":0,"ix":5},"nm":"Transform"}],"nm":"Liquid2","np":2,"cix":2,"bm":0,"ix":1,"mn":"ADBE Vector Group","hd":false}],"ip":7,"op":37,"st":7,"bm":0}]}],"layers":[{"ddd":0,"ind":1,"ty":0,"nm":"bottle_with_popping_cork","refId":"comp_0","sr":1,"ks":{"o":{"a":0,"k":100,"ix":11},"r":{"a":0,"k":0,"ix":10},"p":{"a":0,"k":[512,512,0],"ix":2},"a":{"a":0,"k":[512,512,0],"ix":1},"s":{"a":0,"k":[100,100,100],"ix":6}},"ao":0,"w":1024,"h":1024,"ip":0,"op":48,"st":0,"bm":0}],"markers":[]}