{"v":"5.6.2","fr":24,"ip":0,"op":48,"w":1024,"h":1024,"nm":"flag_in_hole","ddd":0,"assets":[{"id":"comp_0","layers":[{"ddd":0,"ind":1,"ty":4,"nm":"Layer 3","td":1,"sr":1,"ks":{"o":{"a":0,"k":100,"ix":11},"r":{"a":0,"k":0,"ix":10},"p":{"a":0,"k":[447.5,740.897,0],"ix":2},"a":{"a":0,"k":[-74.922,-124.599,0],"ix":1},"s":{"a":0,"k":[1200,1200,100],"ix":6}},"ao":0,"shapes":[{"ty":"gr","it":[{"ind":0,"ty":"sh","ix":1,"ks":{"a":0,"k":{"i":[[7.987,8.592],[3.206,0],[0.4,1.286],[-3.205,0]],"o":[[-0.035,1.347],[-3.205,0],[-3.529,9.363],[3.206,0]],"v":[[-69.117,-124.599],[-74.922,-122.161],[-80.727,-124.599],[-74.922,-116.787]],"c":true},"ix":2},"nm":"Path 1","mn":"ADBE Vector Shape - Group","hd":false},{"ty":"gf","o":{"a":0,"k":100,"ix":10},"r":1,"bm":0,"g":{"p":3,"k":{"a":0,"k":[0.333,0.933,0.949,0.961,0.724,0.857,0.871,0.88,1,0.78,0.792,0.8],"ix":9}},"s":{"a":0,"k":[-75,-125],"ix":5},"e":{"a":0,"k":[-70.548,-125],"ix":6},"t":2,"h":{"a":0,"k":0,"ix":7},"a":{"a":0,"k":0,"ix":8},"nm":"l3g","mn":"ADBE Vector Graphic - G-Fill","hd":false},{"ty":"tr","p":{"a":0,"k":[0,0],"ix":2},"a":{"a":0,"k":[0,0],"ix":1},"s":{"a":0,"k":[100,100],"ix":3},"r":{"a":0,"k":0,"ix":6},"o":{"a":0,"k":100,"ix":7},"sk":{"a":0,"k":0,"ix":4},"sa":{"a":0,"k":0,"ix":5},"nm":"Transform"}],"nm":"Group 1","np":2,"cix":2,"bm":0,"ix":1,"mn":"ADBE Vector Group","hd":false}],"ip":0,"op":48,"st":0,"bm":0},{"ddd":0,"ind":2,"ty":4,"nm":"Ball","tt":2,"sr":1,"ks":{"o":{"a":1,"k":[{"i":{"x":[0.833],"y":[0.833]},"o":{"x":[0.167],"y":[0.167]},"t":0,"s":[0]},{"t":7,"s":[100]}],"ix":11},"r":{"a":0,"k":0,"ix":10},"p":{"s":true,"x":{"a":1,"k":[{"i":{"x":[0],"y":[1]},"o":{"x":[0.009],"y":[0.181]},"t":0,"s":[953.969]},{"i":{"x":[0.833],"y":[0.833]},"o":{"x":[0.333],"y":[0]},"t":36,"s":[515.957]},{"i":{"x":[0.702],"y":[0.756]},"o":{"x":[0.167],"y":[0.167]},"t":40,"s":[499.192]},{"i":{"x":[0.784],"y":[-0.459]},"o":{"x":[0.428],"y":[3.862]},"t":44,"s":[484.318]},{"t":48,"s":[482.969]}],"ix":3},"y":{"a":1,"k":[{"i":{"x":[0.833],"y":[0.833]},"o":{"x":[0.012],"y":[0]},"t":0,"s":[322.348]},{"i":{"x":[0.646],"y":[1]},"o":{"x":[0.167],"y":[0.167]},"t":9,"s":[702.319]},{"i":{"x":[0.833],"y":[0.833]},"o":{"x":[0.33],"y":[0]},"t":14,"s":[662.299]},{"i":{"x":[0.99],"y":[-0.836]},"o":{"x":[0.167],"y":[0.167]},"t":17,"s":[702.285]},{"i":{"x":[0.833],"y":[0.833]},"o":{"x":[0.06],"y":[0.001]},"t":36,"s":[702.346]},{"i":{"x":[0.702],"y":[0.43]},"o":{"x":[0.167],"y":[0.167]},"t":40,"s":[703.04]},{"i":{"x":[0.784],"y":[0.834]},"o":{"x":[0.428],"y":[0.439]},"t":44,"s":[732.108]},{"t":48,"s":[786.348]}],"ix":4}},"a":{"a":0,"k":[155.969,-121.152,0],"ix":1},"s":{"a":0,"k":[467,467,100],"ix":6}},"ao":0,"shapes":[{"ty":"gr","it":[{"ind":0,"ty":"sh","ix":1,"ks":{"a":0,"k":{"i":[[3.867,0],[0,-3.865],[-3.867,0],[0,3.866]],"o":[[-3.867,0],[0,3.866],[3.867,0],[0,-3.865]],"v":[[155.969,-128.152],[148.969,-121.153],[155.969,-114.152],[162.969,-121.153]],"c":true},"ix":2},"nm":"Path 1","mn":"ADBE Vector Shape - Group","hd":false},{"ty":"gf","o":{"a":0,"k":100,"ix":10},"r":1,"bm":0,"g":{"p":3,"k":{"a":0,"k":[0.333,0.925,0.945,0.961,0.724,0.861,0.888,0.906,1,0.796,0.831,0.851],"ix":9}},"s":{"a":0,"k":[153.581,-123.915],"ix":5},"e":{"a":0,"k":[157.898,-118],"ix":6},"t":2,"h":{"a":0,"k":0,"ix":7},"a":{"a":0,"k":0,"ix":8},"nm":"ballg","mn":"ADBE Vector Graphic - G-Fill","hd":false},{"ty":"tr","p":{"a":0,"k":[0,0],"ix":2},"a":{"a":0,"k":[0,0],"ix":1},"s":{"a":0,"k":[100,100],"ix":3},"r":{"a":0,"k":0,"ix":6},"o":{"a":0,"k":100,"ix":7},"sk":{"a":0,"k":0,"ix":4},"sa":{"a":0,"k":0,"ix":5},"nm":"Transform"}],"nm":"Group 1","np":2,"cix":2,"bm":0,"ix":1,"mn":"ADBE Vector Group","hd":false}],"ip":0,"op":48,"st":0,"bm":0},{"ddd":0,"ind":3,"ty":4,"nm":"Layer 7","sr":1,"ks":{"o":{"a":0,"k":100,"ix":11},"r":{"a":0,"k":0,"ix":10},"p":{"a":0,"k":[440,545.165,0],"ix":2},"a":{"a":0,"k":[-75.547,-140.91,0],"ix":1},"s":{"a":0,"k":[1200,1200,100],"ix":6}},"ao":0,"shapes":[{"ty":"gr","it":[{"ind":0,"ty":"sh","ix":1,"ks":{"a":0,"k":{"i":[[0,0],[0,0],[-1,0.126],[0,0]],"o":[[0,0],[0,0],[0,0],[0,0]],"v":[[-76.547,-159.696],[-76.547,-122.258],[-74.547,-122.163],[-74.547,-159.696]],"c":true},"ix":2},"nm":"Path 1","mn":"ADBE Vector Shape - Group","hd":false},{"ty":"gf","o":{"a":0,"k":100,"ix":10},"r":1,"bm":0,"g":{"p":3,"k":{"a":0,"k":[0,0.992,0.839,0.455,0.5,0.947,0.775,0.345,1,0.902,0.71,0.235],"ix":9}},"s":{"a":0,"k":[-77,-141],"ix":5},"e":{"a":0,"k":[-75,-141],"ix":6},"t":1,"nm":"l7g","mn":"ADBE Vector Graphic - G-Fill","hd":false},{"ty":"tr","p":{"a":0,"k":[0,0],"ix":2},"a":{"a":0,"k":[0,0],"ix":1},"s":{"a":0,"k":[100,100],"ix":3},"r":{"a":0,"k":0,"ix":6},"o":{"a":0,"k":100,"ix":7},"sk":{"a":0,"k":0,"ix":4},"sa":{"a":0,"k":0,"ix":5},"nm":"Transform"}],"nm":"Group 1","np":2,"cix":2,"bm":0,"ix":1,"mn":"ADBE Vector Group","hd":false}],"ip":0,"op":48,"st":0,"bm":0},{"ddd":0,"ind":4,"ty":4,"nm":"Layer 6","sr":1,"ks":{"o":{"a":0,"k":100,"ix":11},"r":{"a":0,"k":0,"ix":10},"p":{"a":0,"k":[440,232.931,0],"ix":2},"a":{"a":0,"k":[-75.547,-166.93,0],"ix":1},"s":{"a":0,"k":[1200,1200,100],"ix":6}},"ao":0,"shapes":[{"ty":"gr","it":[{"ind":0,"ty":"sh","ix":1,"ks":{"a":0,"k":{"i":[[0,0],[0,-1.412],[0,0],[0,0]],"o":[[0,-1.414],[0,0],[0,0],[0,0]],"v":[[-74.547,-173.102],[-76.547,-173.105],[-76.547,-159.696],[-74.547,-159.696]],"c":true},"ix":2},"nm":"Path 1","mn":"ADBE Vector Shape - Group","hd":false},{"ty":"gf","o":{"a":0,"k":100,"ix":10},"r":1,"bm":0,"g":{"p":3,"k":{"a":0,"k":[0,1,0,0.055,0.527,0.906,0,0.027,1,0.812,0,0],"ix":9}},"s":{"a":0,"k":[-77,-167],"ix":5},"e":{"a":0,"k":[-75,-167],"ix":6},"t":1,"nm":"l6g","mn":"ADBE Vector Graphic - G-Fill","hd":false},{"ty":"tr","p":{"a":0,"k":[0,0],"ix":2},"a":{"a":0,"k":[0,0],"ix":1},"s":{"a":0,"k":[100,100],"ix":3},"r":{"a":0,"k":0,"ix":6},"o":{"a":0,"k":100,"ix":7},"sk":{"a":0,"k":0,"ix":4},"sa":{"a":0,"k":0,"ix":5},"nm":"Transform"}],"nm":"Group 1","np":2,"cix":2,"bm":0,"ix":1,"mn":"ADBE Vector Group","hd":false}],"ip":0,"op":48,"st":0,"bm":0},{"ddd":0,"ind":5,"ty":4,"nm":"Layer 5","sr":1,"ks":{"o":{"a":0,"k":100,"ix":11},"r":{"a":0,"k":0,"ix":10},"p":{"a":0,"k":[447.5,729.409,0],"ix":2},"a":{"a":0,"k":[-74.922,-125.556,0],"ix":1},"s":{"a":0,"k":[1200,1200,100],"ix":6}},"ao":0,"shapes":[{"ty":"gr","it":[{"ind":0,"ty":"sh","ix":1,"ks":{"a":0,"k":{"i":[[-2.778,0],[-0.571,-1.095],[0,0.181],[3.206,0],[0,-1.346],[-0.087,-0.169]],"o":[[2.777,0],[0.089,-0.169],[0,-1.346],[-3.205,0],[0,0.181],[0.571,-1.095]],"v":[[-74.922,-125.99],[-69.255,-124.076],[-69.117,-124.599],[-74.922,-127.037],[-80.727,-124.599],[-80.59,-124.076]],"c":true},"ix":2},"nm":"Path 1","mn":"ADBE Vector Shape - Group","hd":false},{"ty":"gf","o":{"a":0,"k":100,"ix":10},"r":1,"bm":0,"g":{"p":3,"k":{"a":0,"k":[0.273,0.275,0.251,0.341,0.762,0.188,0.169,0.245,0.927,0.102,0.086,0.149],"ix":9}},"s":{"a":0,"k":[-75,-126],"ix":5},"e":{"a":0,"k":[-70.764,-126],"ix":6},"t":2,"h":{"a":0,"k":0,"ix":7},"a":{"a":0,"k":0,"ix":8},"nm":"l5g","mn":"ADBE Vector Graphic - G-Fill","hd":false},{"ty":"tr","p":{"a":0,"k":[0,0],"ix":2},"a":{"a":0,"k":[0,0],"ix":1},"s":{"a":0,"k":[100,100],"ix":3},"r":{"a":0,"k":0,"ix":6},"o":{"a":0,"k":100,"ix":7},"sk":{"a":0,"k":0,"ix":4},"sa":{"a":0,"k":0,"ix":5},"nm":"Transform"}],"nm":"Group 1","np":2,"cix":2,"bm":0,"ix":1,"mn":"ADBE Vector Group","hd":false}],"ip":0,"op":48,"st":0,"bm":0},{"ddd":0,"ind":6,"ty":4,"nm":"Layer 4","sr":1,"ks":{"o":{"a":0,"k":10,"ix":11},"r":{"a":0,"k":0,"ix":10},"p":{"a":0,"k":[483.231,670.912,0],"ix":2},"a":{"a":0,"k":[-71.944,-130.431,0],"ix":1},"s":{"a":0,"k":[1200,1200,100],"ix":6}},"ao":0,"shapes":[{"ty":"gr","it":[{"ind":0,"ty":"sh","ix":1,"ks":{"a":0,"k":{"i":[[-2.338,3.351],[0,0],[0,0],[0,0],[0,0],[0,0],[0,0]],"o":[[0,0],[0,0],[0,0],[1.35,0.048],[0,0],[0,0],[0.575,-1.542]],"v":[[-67.902,-138.722],[-68.812,-138.717],[-75.986,-126.968],[-75.986,-122.156],[-73.418,-122.19],[-73.418,-126.994],[-73.428,-126.994]],"c":true},"ix":2},"nm":"Path 1","mn":"ADBE Vector Shape - Group","hd":false},{"ty":"fl","c":{"a":0,"k":[0.188235297799,0.172549024224,0.23137255013,1],"ix":4},"o":{"a":0,"k":100,"ix":5},"r":1,"bm":0,"nm":"Fill 1","mn":"ADBE Vector Graphic - Fill","hd":false},{"ty":"tr","p":{"a":0,"k":[0,0],"ix":2},"a":{"a":0,"k":[0,0],"ix":1},"s":{"a":0,"k":[100,100],"ix":3},"r":{"a":0,"k":0,"ix":6},"o":{"a":0,"k":100,"ix":7},"sk":{"a":0,"k":0,"ix":4},"sa":{"a":0,"k":0,"ix":5},"nm":"Transform"}],"nm":"Group 1","np":2,"cix":2,"bm":0,"ix":1,"mn":"ADBE Vector Group","hd":false}],"ip":0,"op":48,"st":0,"bm":0},{"ddd":0,"ind":7,"ty":4,"nm":"Layer 8","sr":1,"ks":{"o":{"a":0,"k":100,"ix":11},"r":{"a":0,"k":0,"ix":10},"p":{"a":0,"k":[447.5,740.897,0],"ix":2},"a":{"a":0,"k":[-74.922,-124.599,0],"ix":1},"s":{"a":0,"k":[1200,1200,100],"ix":6}},"ao":0,"shapes":[{"ty":"gr","it":[{"ind":0,"ty":"sh","ix":1,"ks":{"a":0,"k":{"i":[[0,-1.346],[3.206,0],[0,1.347],[-3.205,0]],"o":[[0,1.347],[-3.205,0],[0,-1.346],[3.206,0]],"v":[[-69.117,-124.599],[-74.922,-122.161],[-80.727,-124.599],[-74.922,-127.037]],"c":true},"ix":2},"nm":"Path 1","mn":"ADBE Vector Shape - Group","hd":false},{"ty":"gf","o":{"a":0,"k":100,"ix":10},"r":1,"bm":0,"g":{"p":3,"k":{"a":0,"k":[0.333,0.933,0.949,0.961,0.724,0.857,0.871,0.88,1,0.78,0.792,0.8],"ix":9}},"s":{"a":0,"k":[-75,-125],"ix":5},"e":{"a":0,"k":[-70.548,-125],"ix":6},"t":2,"h":{"a":0,"k":0,"ix":7},"a":{"a":0,"k":0,"ix":8},"nm":"l8gflagihol","mn":"ADBE Vector Graphic - G-Fill","hd":false},{"ty":"tr","p":{"a":0,"k":[0,0],"ix":2},"a":{"a":0,"k":[0,0],"ix":1},"s":{"a":0,"k":[100,100],"ix":3},"r":{"a":0,"k":0,"ix":6},"o":{"a":0,"k":100,"ix":7},"sk":{"a":0,"k":0,"ix":4},"sa":{"a":0,"k":0,"ix":5},"nm":"Transform"}],"nm":"Group 1","np":2,"cix":2,"bm":0,"ix":1,"mn":"ADBE Vector Group","hd":false}],"ip":0,"op":48,"st":0,"bm":0},{"ddd":0,"ind":8,"ty":4,"nm":"Shadow","sr":1,"ks":{"o":{"a":1,"k":[{"i":{"x":[0.833],"y":[0.833]},"o":{"x":[0.167],"y":[0.167]},"t":0,"s":[0]},{"t":10,"s":[20]}],"ix":11},"r":{"a":0,"k":0,"ix":10},"p":{"s":true,"x":{"a":0,"k":881.469,"ix":3,"x":"var $bm_rt;\n$bm_rt = thisComp.layer('Ball').transform.xPosition;"},"y":{"a":0,"k":736.348,"ix":4}},"a":{"a":0,"k":[155.969,-121.152,0],"ix":1},"s":{"a":0,"k":[361,118,100],"ix":6}},"ao":0,"shapes":[{"ty":"gr","it":[{"ind":0,"ty":"sh","ix":1,"ks":{"a":0,"k":{"i":[[3.867,0],[0,-3.865],[-3.867,0],[0,3.866]],"o":[[-3.867,0],[0,3.866],[3.867,0],[0,-3.865]],"v":[[155.969,-128.152],[148.969,-121.153],[155.969,-114.152],[162.969,-121.153]],"c":true},"ix":2},"nm":"Path 1","mn":"ADBE Vector Shape - Group","hd":false},{"ty":"gf","o":{"a":0,"k":100,"ix":10},"r":1,"bm":0,"g":{"p":3,"k":{"a":0,"k":[0.333,0,0,0,0.724,0,0,0,1,0,0,0],"ix":9}},"s":{"a":0,"k":[153.581,-123.915],"ix":5},"e":{"a":0,"k":[157.898,-118],"ix":6},"t":2,"h":{"a":0,"k":0,"ix":7},"a":{"a":0,"k":0,"ix":8},"nm":"shadowg","mn":"ADBE Vector Graphic - G-Fill","hd":false},{"ty":"tr","p":{"a":0,"k":[0,0],"ix":2},"a":{"a":0,"k":[0,0],"ix":1},"s":{"a":0,"k":[100,100],"ix":3},"r":{"a":0,"k":0,"ix":6},"o":{"a":0,"k":100,"ix":7},"sk":{"a":0,"k":0,"ix":4},"sa":{"a":0,"k":0,"ix":5},"nm":"Transform"}],"nm":"Group 1","np":2,"cix":2,"bm":0,"ix":1,"mn":"ADBE Vector Group","hd":false}],"ip":0,"op":42,"st":0,"bm":0},{"ddd":0,"ind":9,"ty":4,"nm":"Layer 2","sr":1,"ks":{"o":{"a":0,"k":100,"ix":11},"r":{"a":0,"k":0,"ix":10},"p":{"a":0,"k":[512,718.777,0],"ix":2},"a":{"a":0,"k":[-69.547,-126.442,0],"ix":1},"s":{"a":0,"k":[1200,1200,100],"ix":6}},"ao":0,"shapes":[{"ty":"gr","it":[{"ind":0,"ty":"sh","ix":1,"ks":{"a":0,"k":{"i":[[0,-6.781],[16.568,0],[0,6.783],[-16.568,0]],"o":[[0,6.783],[-16.568,0],[0,-6.781],[16.568,0]],"v":[[-39.547,-126.442],[-69.547,-114.163],[-99.547,-126.442],[-69.547,-138.722]],"c":true},"ix":2},"nm":"Path 1","mn":"ADBE Vector Shape - Group","hd":false},{"ty":"gf","o":{"a":0,"k":100,"ix":10},"r":1,"bm":0,"g":{"p":3,"k":{"a":0,"k":[0,0.608,0.878,0.133,0.467,0.51,0.755,0.135,1,0.412,0.631,0.137],"ix":9}},"s":{"a":0,"k":[-100,-127],"ix":5},"e":{"a":0,"k":[-40,-127],"ix":6},"t":1,"nm":"l2flaging","mn":"ADBE Vector Graphic - G-Fill","hd":false},{"ty":"tr","p":{"a":0,"k":[0,0],"ix":2},"a":{"a":0,"k":[0,0],"ix":1},"s":{"a":0,"k":[100,100],"ix":3},"r":{"a":0,"k":0,"ix":6},"o":{"a":0,"k":100,"ix":7},"sk":{"a":0,"k":0,"ix":4},"sa":{"a":0,"k":0,"ix":5},"nm":"Transform"}],"nm":"Group 1","np":2,"cix":2,"bm":0,"ix":1,"mn":"ADBE Vector Group","hd":false}],"ip":0,"op":48,"st":0,"bm":0},{"ddd":0,"ind":10,"ty":4,"nm":"Flag","parent":11,"td":1,"sr":1,"ks":{"o":{"a":0,"k":100,"ix":11},"r":{"a":0,"k":0,"ix":10},"p":{"a":1,"k":[{"i":{"x":0.833,"y":0.833},"o":{"x":0.167,"y":0.167},"t":0,"s":[-126.516,-166.426,0],"to":[6.861,0,0],"ti":[-6.861,0,0]},{"t":48,"s":[-85.349,-166.426,0]}],"ix":2},"a":{"a":0,"k":[-65.333,-166.371,0],"ix":1},"s":{"a":0,"k":[100,32.787,100],"ix":6}},"ao":0,"shapes":[{"ty":"gr","it":[{"ind":0,"ty":"sh","ix":1,"ks":{"a":0,"k":{"i":[[0,-4.611],[6.81,-2.49],[0,4.611],[-6.81,2.49]],"o":[[-6.81,2.49],[0,-4.611],[6.81,-2.489],[0,4.611]],"v":[[-55.119,-159.455],[-75.547,-159.455],[-75.547,-173.288],[-55.119,-173.288]],"c":true},"ix":2},"nm":"Path 1","mn":"ADBE Vector Shape - Group","hd":false},{"ty":"gf","o":{"a":0,"k":100,"ix":10},"r":1,"bm":0,"g":{"p":2,"k":{"a":0,"k":[0,1,1,1,1,0,0,0],"ix":9}},"s":{"a":0,"k":[-76,-167],"ix":5},"e":{"a":0,"k":[-55.572,-167],"ix":6},"t":1,"nm":"f1G","mn":"ADBE Vector Graphic - G-Fill","hd":false},{"ty":"tr","p":{"a":0,"k":[61.042,0.027],"ix":2},"a":{"a":0,"k":[0,0],"ix":1},"s":{"a":0,"k":[100,100],"ix":3},"r":{"a":0,"k":0,"ix":6},"o":{"a":0,"k":100,"ix":7},"sk":{"a":0,"k":0,"ix":4},"sa":{"a":0,"k":0,"ix":5},"nm":"Transform"}],"nm":"Group 4","np":2,"cix":2,"bm":0,"ix":1,"mn":"ADBE Vector Group","hd":false},{"ty":"gr","it":[{"ind":0,"ty":"sh","ix":1,"ks":{"a":0,"k":{"i":[[0,-4.611],[6.81,-2.49],[0,4.611],[-6.81,2.49]],"o":[[-6.81,2.49],[0,-4.611],[6.81,-2.489],[0,4.611]],"v":[[-55.119,-159.455],[-75.547,-159.455],[-75.547,-173.288],[-55.119,-173.288]],"c":true},"ix":2},"nm":"Path 1","mn":"ADBE Vector Shape - Group","hd":false},{"ty":"gf","o":{"a":0,"k":100,"ix":10},"r":1,"bm":0,"g":{"p":2,"k":{"a":0,"k":[0,1,1,1,1,0,0,0],"ix":9}},"s":{"a":0,"k":[-76,-167],"ix":5},"e":{"a":0,"k":[-55.572,-167],"ix":6},"t":1,"nm":"f1G","mn":"ADBE Vector Graphic - G-Fill","hd":false},{"ty":"tr","p":{"a":0,"k":[40.75,0],"ix":2},"a":{"a":0,"k":[0,0],"ix":1},"s":{"a":0,"k":[100,100],"ix":3},"r":{"a":0,"k":0,"ix":6},"o":{"a":0,"k":100,"ix":7},"sk":{"a":0,"k":0,"ix":4},"sa":{"a":0,"k":0,"ix":5},"nm":"Transform"}],"nm":"Group 3","np":2,"cix":2,"bm":0,"ix":2,"mn":"ADBE Vector Group","hd":false},{"ty":"gr","it":[{"ind":0,"ty":"sh","ix":1,"ks":{"a":0,"k":{"i":[[0,-4.611],[6.81,-2.49],[0,4.611],[-6.81,2.49]],"o":[[-6.81,2.49],[0,-4.611],[6.81,-2.489],[0,4.611]],"v":[[-55.119,-159.455],[-75.547,-159.455],[-75.547,-173.288],[-55.119,-173.288]],"c":true},"ix":2},"nm":"Path 1","mn":"ADBE Vector Shape - Group","hd":false},{"ty":"gf","o":{"a":0,"k":100,"ix":10},"r":1,"bm":0,"g":{"p":3,"k":{"a":0,"k":[0,1,0,0.055,0.527,0.906,0,0.027,1,0.812,0,0],"ix":9}},"s":{"a":0,"k":[-76,-167],"ix":5},"e":{"a":0,"k":[-55.572,-167],"ix":6},"t":1,"nm":"f1G","mn":"ADBE Vector Graphic - G-Fill","hd":false},{"ty":"tr","p":{"a":0,"k":[20.375,0],"ix":2},"a":{"a":0,"k":[0,0],"ix":1},"s":{"a":0,"k":[100,100],"ix":3},"r":{"a":0,"k":0,"ix":6},"o":{"a":0,"k":100,"ix":7},"sk":{"a":0,"k":0,"ix":4},"sa":{"a":0,"k":0,"ix":5},"nm":"Transform"}],"nm":"Group 2","np":2,"cix":2,"bm":0,"ix":3,"mn":"ADBE Vector Group","hd":false},{"ty":"gr","it":[{"ind":0,"ty":"sh","ix":1,"ks":{"a":0,"k":{"i":[[0,-4.611],[6.81,-2.49],[0,4.611],[-6.81,2.49]],"o":[[-6.81,2.49],[0,-4.611],[6.81,-2.489],[0,4.611]],"v":[[-55.119,-159.455],[-75.547,-159.455],[-75.547,-173.288],[-55.119,-173.288]],"c":true},"ix":2},"nm":"Path 1","mn":"ADBE Vector Shape - Group","hd":false},{"ty":"gf","o":{"a":0,"k":100,"ix":10},"r":1,"bm":0,"g":{"p":3,"k":{"a":0,"k":[0,1,0,0.055,0.527,0.906,0,0.027,1,0.812,0,0],"ix":9}},"s":{"a":0,"k":[-76,-167],"ix":5},"e":{"a":0,"k":[-55.572,-167],"ix":6},"t":1,"nm":"f2g","mn":"ADBE Vector Graphic - G-Fill","hd":false},{"ty":"tr","p":{"a":0,"k":[0,0],"ix":2},"a":{"a":0,"k":[0,0],"ix":1},"s":{"a":0,"k":[100,100],"ix":3},"r":{"a":0,"k":0,"ix":6},"o":{"a":0,"k":100,"ix":7},"sk":{"a":0,"k":0,"ix":4},"sa":{"a":0,"k":0,"ix":5},"nm":"Transform"}],"nm":"Group 1","np":2,"cix":2,"bm":0,"ix":4,"mn":"ADBE Vector Group","hd":false}],"ip":0,"op":48,"st":0,"bm":0},{"ddd":0,"ind":11,"ty":4,"nm":"Mask","tt":1,"sr":1,"ks":{"o":{"a":0,"k":100,"ix":11},"r":{"a":0,"k":0,"ix":10},"p":{"a":1,"k":[{"i":{"x":0.667,"y":1},"o":{"x":0.167,"y":0.167},"t":0,"s":[562.567,239.629,0],"to":[0,-1.667,0],"ti":[0,-1,0]},{"i":{"x":0.667,"y":1},"o":{"x":0.333,"y":0},"t":6,"s":[562.567,229.629,0],"to":[0,1,0],"ti":[0,-1.667,0]},{"i":{"x":0.833,"y":0.833},"o":{"x":0.333,"y":0},"t":18,"s":[562.567,245.629,0],"to":[0,1.667,0],"ti":[0,2.667,0]},{"i":{"x":0.667,"y":1},"o":{"x":0.167,"y":0.167},"t":24,"s":[562.567,239.629,0],"to":[0,-2.667,0],"ti":[0,-1,0]},{"i":{"x":0.667,"y":1},"o":{"x":0.333,"y":0},"t":30,"s":[562.567,229.629,0],"to":[0,1,0],"ti":[0,-1.667,0]},{"i":{"x":0.833,"y":0.833},"o":{"x":0.333,"y":0},"t":42,"s":[562.567,245.629,0],"to":[0,1.667,0],"ti":[0,1,0]},{"t":48,"s":[562.567,239.629,0]}],"ix":2},"a":{"a":0,"k":[-65.333,-166.371,0],"ix":1},"s":{"a":0,"k":[1200,3660,100],"ix":6}},"ao":0,"shapes":[{"ty":"gr","it":[{"ind":0,"ty":"sh","ix":1,"ks":{"a":0,"k":{"i":[[0,-4.611],[6.81,-2.49],[0,4.611],[-6.81,2.49]],"o":[[-6.81,2.49],[0,-4.611],[6.81,-2.489],[0,4.611]],"v":[[-55.119,-159.455],[-75.547,-159.455],[-75.547,-173.288],[-55.119,-173.288]],"c":true},"ix":2},"nm":"Path 1","mn":"ADBE Vector Shape - Group","hd":false},{"ty":"gf","o":{"a":0,"k":100,"ix":10},"r":1,"bm":0,"g":{"p":3,"k":{"a":0,"k":[0,1,0,0.055,0.527,0.906,0,0.027,1,0.812,0,0],"ix":9}},"s":{"a":0,"k":[-76,-167],"ix":5},"e":{"a":0,"k":[-55.572,-167],"ix":6},"t":1,"nm":"mg","mn":"ADBE Vector Graphic - G-Fill","hd":false},{"ty":"tr","p":{"a":0,"k":[0,0],"ix":2},"a":{"a":0,"k":[0,0],"ix":1},"s":{"a":0,"k":[100,100],"ix":3},"r":{"a":0,"k":0,"ix":6},"o":{"a":0,"k":100,"ix":7},"sk":{"a":0,"k":0,"ix":4},"sa":{"a":0,"k":0,"ix":5},"nm":"Transform"}],"nm":"Group 1","np":2,"cix":2,"bm":0,"ix":1,"mn":"ADBE Vector Group","hd":false}],"ip":0,"op":48,"st":0,"bm":0}]}],"layers":[{"ddd":0,"ind":1,"ty":0,"nm":"flag_in_hole\t","parent":2,"refId":"comp_0","sr":1,"ks":{"o":{"a":0,"k":100,"ix":11},"r":{"a":0,"k":0,"ix":10},"p":{"a":0,"k":[512,512,0],"ix":2},"a":{"a":0,"k":[512,512,0],"ix":1},"s":{"a":0,"k":[100,100,100],"ix":6}},"ao":0,"w":1024,"h":1024,"ip":-2,"op":27,"st":-21,"bm":0},{"ddd":0,"ind":2,"ty":0,"nm":"flag_in_hole\t","refId":"comp_0","sr":1,"ks":{"o":{"a":0,"k":100,"ix":11},"r":{"a":0,"k":0,"ix":10},"p":{"a":0,"k":[512,532,0],"ix":2},"a":{"a":0,"k":[512,512,0],"ix":1},"s":{"a":0,"k":[110,110,100],"ix":6}},"ao":0,"w":1024,"h":1024,"ip":27,"op":48,"st":27,"bm":0}],"markers":[]}