{"v":"5.6.2","fr":24,"ip":0,"op":48,"w":1024,"h":1024,"nm":"woman_juggling","ddd":0,"assets":[{"id":"comp_0","layers":[{"ddd":0,"ind":1,"ty":4,"nm":"R_Hand","sr":1,"ks":{"o":{"a":0,"k":100,"ix":11},"r":{"a":1,"k":[{"i":{"x":[0.667],"y":[1]},"o":{"x":[0.333],"y":[0]},"t":-16,"s":[0]},{"i":{"x":[0.667],"y":[1]},"o":{"x":[0.333],"y":[0]},"t":-8,"s":[69]},{"i":{"x":[0.667],"y":[1]},"o":{"x":[0.333],"y":[0]},"t":-4,"s":[-33.25]},{"i":{"x":[0.667],"y":[1]},"o":{"x":[0.333],"y":[0]},"t":0,"s":[0]},{"i":{"x":[0.667],"y":[1]},"o":{"x":[0.333],"y":[0]},"t":8,"s":[69]},{"i":{"x":[0.667],"y":[1]},"o":{"x":[0.333],"y":[0]},"t":12,"s":[-33.25]},{"i":{"x":[0.667],"y":[1]},"o":{"x":[0.333],"y":[0]},"t":16,"s":[0]},{"i":{"x":[0.667],"y":[1]},"o":{"x":[0.333],"y":[0]},"t":24,"s":[69]},{"i":{"x":[0.667],"y":[1]},"o":{"x":[0.333],"y":[0]},"t":28,"s":[-33.25]},{"i":{"x":[0.667],"y":[1]},"o":{"x":[0.333],"y":[0]},"t":32,"s":[0]},{"i":{"x":[0.667],"y":[1]},"o":{"x":[0.333],"y":[0]},"t":40,"s":[69]},{"i":{"x":[0.667],"y":[1]},"o":{"x":[0.333],"y":[0]},"t":44,"s":[-33.25]},{"t":48,"s":[0]}],"ix":10},"p":{"a":1,"k":[{"i":{"x":0.667,"y":1},"o":{"x":0.333,"y":0},"t":-16,"s":[216.383,669.494,0],"to":[38,14.667,0],"ti":[0,0,0]},{"i":{"x":0.667,"y":1},"o":{"x":0.333,"y":0},"t":-8,"s":[444.383,757.494,0],"to":[0,0,0],"ti":[32.827,12.67,0]},{"i":{"x":0.667,"y":1},"o":{"x":0.333,"y":0},"t":-4,"s":[213.383,813.494,0],"to":[-59.204,-22.851,0],"ti":[-38.5,9.333,0]},{"i":{"x":0.667,"y":1},"o":{"x":0.333,"y":0},"t":0,"s":[216.383,669.494,0],"to":[38.5,-9.333,0],"ti":[0,0,0]},{"i":{"x":0.667,"y":1},"o":{"x":0.333,"y":0},"t":8,"s":[444.383,757.494,0],"to":[0,0,0],"ti":[32.827,12.67,0]},{"i":{"x":0.667,"y":1},"o":{"x":0.333,"y":0},"t":12,"s":[213.383,813.494,0],"to":[-59.204,-22.851,0],"ti":[-38.5,9.333,0]},{"i":{"x":0.667,"y":1},"o":{"x":0.333,"y":0},"t":16,"s":[216.383,669.494,0],"to":[38.5,-9.333,0],"ti":[0,0,0]},{"i":{"x":0.667,"y":1},"o":{"x":0.333,"y":0},"t":24,"s":[444.383,757.494,0],"to":[0,0,0],"ti":[32.827,12.67,0]},{"i":{"x":0.667,"y":1},"o":{"x":0.333,"y":0},"t":28,"s":[213.383,813.494,0],"to":[-59.204,-22.851,0],"ti":[-38.5,9.333,0]},{"i":{"x":0.667,"y":1},"o":{"x":0.333,"y":0},"t":32,"s":[216.383,669.494,0],"to":[38.5,-9.333,0],"ti":[0,0,0]},{"i":{"x":0.667,"y":1},"o":{"x":0.333,"y":0},"t":40,"s":[444.383,757.494,0],"to":[0,0,0],"ti":[32.827,12.67,0]},{"i":{"x":0.667,"y":1},"o":{"x":0.333,"y":0},"t":44,"s":[213.383,813.494,0],"to":[-59.204,-22.851,0],"ti":[24.446,9.435,0]},{"t":48,"s":[216.383,669.494,0]}],"ix":2},"a":{"a":0,"k":[-195.526,304.541,0],"ix":1},"s":{"a":0,"k":[1200,1200,100],"ix":6}},"ao":0,"shapes":[{"ty":"gr","it":[{"ty":"gr","it":[{"ind":0,"ty":"sh","ix":1,"ks":{"a":0,"k":{"i":[[0.027,-1.461],[0,0],[-0.172,1.037],[0.131,-1.445],[0,0],[-0.158,1.85],[0.027,-1.402],[0,0],[-0.156,2.018],[-0.035,-1.041],[0.234,-0.871],[0.781,-1.33],[0.9,0.656],[0.377,0.812],[-0.139,2.018]],"o":[[-0.049,2.545],[0,-1.25],[0.238,-1.435],[-0.209,2.311],[0,0],[0.123,-1.398],[-0.021,1.131],[0,0],[0.082,-1.053],[0.061,1.854],[-0.125,0.465],[-0.484,0.824],[-0.508,-0.373],[-0.41,-0.881],[0.1,-1.457]],"v":[[-197.308,296.066],[-196.779,300.352],[-196.466,295.691],[-194.419,295.533],[-194.312,300.336],[-193.892,296.287],[-191.947,296.435],[-192.326,301.029],[-191.529,298.178],[-190.169,298.479],[-190.607,301.676],[-191.564,304.77],[-196.064,305.174],[-198.638,301.615],[-199.248,296.326]],"c":true},"ix":2},"nm":"Path 1","mn":"ADBE Vector Shape - Group","hd":false},{"ty":"fl","c":{"a":0,"k":[0.960784313725,0.733333333333,0.317647058824,1],"ix":4},"o":{"a":0,"k":100,"ix":5},"r":1,"bm":0,"nm":"Fill 1","mn":"ADBE Vector Graphic - Fill","hd":false},{"ty":"tr","p":{"a":0,"k":[0,0],"ix":2},"a":{"a":0,"k":[0,0],"ix":1},"s":{"a":0,"k":[100,100],"ix":3},"r":{"a":0,"k":0,"ix":6},"o":{"a":0,"k":100,"ix":7},"sk":{"a":0,"k":0,"ix":4},"sa":{"a":0,"k":0,"ix":5},"nm":"Transform"}],"nm":"Group 1","np":2,"cix":2,"bm":0,"ix":1,"mn":"ADBE Vector Group","hd":false},{"ty":"gr","it":[{"ind":0,"ty":"sh","ix":1,"ks":{"a":0,"k":{"i":[[0,0],[0.451,0.211],[0.725,-0.023],[-0.406,-0.102]],"o":[[0.449,0.211],[0,0],[-1.713,0.055],[1.184,0.287]],"v":[[-197.513,303.15],[-196.353,300.781],[-199.377,300.066],[-200.664,301.654]],"c":true},"ix":2},"nm":"Path 1","mn":"ADBE Vector Shape - Group","hd":false},{"ty":"fl","c":{"a":0,"k":[0.960784313725,0.733333333333,0.317647058824,1],"ix":4},"o":{"a":0,"k":100,"ix":5},"r":1,"bm":0,"nm":"Fill 1","mn":"ADBE Vector Graphic - Fill","hd":false},{"ty":"tr","p":{"a":0,"k":[0,0],"ix":2},"a":{"a":0,"k":[0,0],"ix":1},"s":{"a":0,"k":[100,100],"ix":3},"r":{"a":0,"k":0,"ix":6},"o":{"a":0,"k":100,"ix":7},"sk":{"a":0,"k":0,"ix":4},"sa":{"a":0,"k":0,"ix":5},"nm":"Transform"}],"nm":"Group 2","np":2,"cix":2,"bm":0,"ix":2,"mn":"ADBE Vector Group","hd":false},{"ty":"tr","p":{"a":0,"k":[0,0],"ix":2},"a":{"a":0,"k":[0,0],"ix":1},"s":{"a":0,"k":[100,100],"ix":3},"r":{"a":0,"k":0,"ix":6},"o":{"a":0,"k":100,"ix":7},"sk":{"a":0,"k":0,"ix":4},"sa":{"a":0,"k":0,"ix":5},"nm":"Transform"}],"nm":"Group 18","np":2,"cix":2,"bm":0,"ix":1,"mn":"ADBE Vector Group","hd":false}],"ip":0,"op":48,"st":0,"bm":0},{"ddd":0,"ind":2,"ty":4,"nm":"Hand","sr":1,"ks":{"o":{"a":0,"k":100,"ix":11},"r":{"a":1,"k":[{"i":{"x":[0.667],"y":[1]},"o":{"x":[0.333],"y":[0]},"t":0,"s":[0]},{"i":{"x":[0.667],"y":[1]},"o":{"x":[0.333],"y":[0]},"t":8,"s":[-45]},{"i":{"x":[0.667],"y":[1]},"o":{"x":[0.333],"y":[0]},"t":16,"s":[0]},{"i":{"x":[0.667],"y":[1]},"o":{"x":[0.333],"y":[0]},"t":24,"s":[-45]},{"i":{"x":[0.667],"y":[1]},"o":{"x":[0.333],"y":[0]},"t":32,"s":[0]},{"i":{"x":[0.667],"y":[1]},"o":{"x":[0.333],"y":[0]},"t":40,"s":[-45]},{"t":48,"s":[0]}],"ix":10},"p":{"a":1,"k":[{"i":{"x":0.667,"y":1},"o":{"x":0.333,"y":0},"t":0,"s":[800.435,824.513,0],"to":[-41.333,-7.667,0],"ti":[0,0,0]},{"i":{"x":0.667,"y":1},"o":{"x":0.333,"y":0},"t":8,"s":[552.435,778.513,0],"to":[0,0,0],"ti":[0,0,0]},{"i":{"x":0.667,"y":1},"o":{"x":0.333,"y":0},"t":16,"s":[800.435,824.513,0],"to":[0,0,0],"ti":[0,0,0]},{"i":{"x":0.667,"y":1},"o":{"x":0.333,"y":0},"t":24,"s":[552.435,778.513,0],"to":[0,0,0],"ti":[0,0,0]},{"i":{"x":0.667,"y":1},"o":{"x":0.333,"y":0},"t":32,"s":[800.435,824.513,0],"to":[0,0,0],"ti":[0,0,0]},{"i":{"x":0.667,"y":1},"o":{"x":0.333,"y":0},"t":40,"s":[552.435,778.513,0],"to":[0,0,0],"ti":[-41.333,-7.667,0]},{"t":48,"s":[800.435,824.513,0]}],"ix":2},"a":{"a":0,"k":[-146.855,317.459,0],"ix":1},"s":{"a":0,"k":[1200,1200,100],"ix":6}},"ao":0,"shapes":[{"ty":"gr","it":[{"ind":0,"ty":"sh","ix":1,"ks":{"a":0,"k":{"i":[[0.219,-1.289],[0,0],[0.119,0.67],[-0.09,-1.277],[0,0],[0.109,0.998],[-0.064,-1.381],[0,0],[0.125,0.598],[-0.203,-1.315],[-0.281,0.654],[-0.467,0.467],[-0.367,0.662],[-0.219,1.455]],"o":[[-0.1,0.586],[0,0],[-0.236,-1.324],[0.074,1.043],[0,0],[-0.15,-1.375],[0.037,0.762],[0,0],[-0.27,-1.297],[0.396,2.555],[0.338,0.775],[0.385,0.451],[0.691,0.676],[0.195,-1.293]],"v":[[-144.117,317],[-144.47,318.068],[-144.47,316.197],[-146.406,316.264],[-146.716,318.262],[-147.07,316.309],[-149.171,316.471],[-149.011,318.246],[-149.398,317.133],[-151.162,317.154],[-148.791,319.068],[-146.847,319.31],[-144.691,319.182],[-142.548,317.646]],"c":true},"ix":2},"nm":"Path 1","mn":"ADBE Vector Shape - Group","hd":false},{"ty":"fl","c":{"a":0,"k":[0.960784313725,0.733333333333,0.317647058824,1],"ix":4},"o":{"a":0,"k":100,"ix":5},"r":1,"bm":0,"nm":"Fill 1","mn":"ADBE Vector Graphic - Fill","hd":false},{"ty":"tr","p":{"a":0,"k":[0,0],"ix":2},"a":{"a":0,"k":[0,0],"ix":1},"s":{"a":0,"k":[100,100],"ix":3},"r":{"a":0,"k":0,"ix":6},"o":{"a":0,"k":100,"ix":7},"sk":{"a":0,"k":0,"ix":4},"sa":{"a":0,"k":0,"ix":5},"nm":"Transform"}],"nm":"Group 10","np":2,"cix":2,"bm":0,"ix":1,"mn":"ADBE Vector Group","hd":false}],"ip":0,"op":48,"st":0,"bm":0},{"ddd":0,"ind":3,"ty":4,"nm":"Layer 1 - Group 2","sr":1,"ks":{"o":{"a":0,"k":100,"ix":11},"r":{"a":0,"k":0,"ix":10},"p":{"a":1,"k":[{"i":{"x":0.667,"y":1},"o":{"x":0.333,"y":0},"t":-16,"s":[800.433,788,0],"to":[-47,-7.667,0],"ti":[104.667,6.667,0]},{"i":{"x":0.667,"y":0.39},"o":{"x":0.333,"y":0},"t":-8,"s":[518.433,742,0],"to":[-45.891,-2.923,0],"ti":[66.093,-15.062,0]},{"i":{"x":0.667,"y":1},"o":{"x":0.333,"y":0.429},"t":-6,"s":[368.992,720.285,0],"to":[-84.65,19.292,0],"ti":[2.059,56.53,0]},{"i":{"x":0,"y":0.433},"o":{"x":0.181,"y":0},"t":-4,"s":[172.433,748,0],"to":[-3.667,-100.667,0],"ti":[-170.695,-5.368,0]},{"i":{"x":0.667,"y":1},"o":{"x":0.333,"y":0.144},"t":16,"s":[496.433,138,0],"to":[233.349,7.338,0],"ti":[-4.162,-100.647,0]},{"i":{"x":0.667,"y":1},"o":{"x":0.333,"y":0},"t":32,"s":[800.433,788,0],"to":[-100.333,2.667,0],"ti":[104.667,6.667,0]},{"i":{"x":0.667,"y":0.39},"o":{"x":0.333,"y":0},"t":40,"s":[518.433,742,0],"to":[-45.891,-2.923,0],"ti":[66.093,-15.062,0]},{"i":{"x":0.667,"y":1},"o":{"x":0.333,"y":0.429},"t":42,"s":[368.992,720.285,0],"to":[-84.65,19.292,0],"ti":[2.059,56.53,0]},{"i":{"x":0,"y":0.433},"o":{"x":0.181,"y":0},"t":44,"s":[172.433,748,0],"to":[-3.667,-100.667,0],"ti":[-170.695,-5.368,0]},{"i":{"x":0.667,"y":1},"o":{"x":0.333,"y":0.08},"t":64,"s":[496.433,138,0],"to":[233.349,7.338,0],"ti":[54,-101.667,0]},{"i":{"x":0.667,"y":1},"o":{"x":0.333,"y":0},"t":72,"s":[518.433,742,0],"to":[-54,101.667,0],"ti":[49.333,24.667,0]},{"i":{"x":0.667,"y":1},"o":{"x":0.333,"y":0},"t":76,"s":[172.433,748,0],"to":[-49.333,-24.667,0],"ti":[-54,101.667,0]},{"i":{"x":0,"y":0.414},"o":{"x":0.333,"y":0},"t":80,"s":[222.433,594,0],"to":[54,-101.667,0],"ti":[-170.695,-5.368,0]},{"i":{"x":0.667,"y":1},"o":{"x":0.333,"y":0.144},"t":96,"s":[496.433,138,0],"to":[233.349,7.338,0],"ti":[-4.162,-100.647,0]},{"i":{"x":0.667,"y":1},"o":{"x":0.333,"y":0},"t":112,"s":[800.433,788,0],"to":[-100.333,2.667,0],"ti":[104.667,6.667,0]},{"i":{"x":0.667,"y":1},"o":{"x":0.333,"y":0},"t":120,"s":[518.433,742,0],"to":[-104.667,-6.667,0],"ti":[49.333,24.667,0]},{"i":{"x":0.667,"y":1},"o":{"x":0.333,"y":0},"t":124,"s":[172.433,748,0],"to":[-49.333,-24.667,0],"ti":[-54,101.667,0]},{"i":{"x":0,"y":0.414},"o":{"x":0.333,"y":0},"t":128,"s":[222.433,594,0],"to":[54,-101.667,0],"ti":[-170.695,-5.368,0]},{"i":{"x":0.667,"y":1},"o":{"x":0.333,"y":0.145},"t":144,"s":[496.433,138,0],"to":[233.349,7.338,0],"ti":[-50.667,-108.333,0]},{"t":160,"s":[800.433,788,0]}],"ix":2},"a":{"a":0,"k":[-159.259,265.916,0],"ix":1},"s":{"a":0,"k":[1200,1200,100],"ix":6}},"ao":0,"shapes":[{"ty":"gr","it":[{"ty":"gr","it":[{"ind":0,"ty":"sh","ix":1,"ks":{"a":0,"k":{"i":[[1.4,-1.078],[0.633,0.824],[-1.4,1.08],[-0.633,-0.822]],"o":[[-1.402,1.078],[-0.633,-0.824],[1.402,-1.08],[0.635,0.822]],"v":[[-159.31,265.619],[-162.996,266.082],[-161.607,262.639],[-157.921,262.176]],"c":true},"ix":2},"nm":"Path 1","mn":"ADBE Vector Shape - Group","hd":false},{"ty":"gf","o":{"a":0,"k":100,"ix":10},"r":1,"bm":0,"g":{"p":3,"k":{"a":0,"k":[0,1,1,1,0.486,1,1,1,1,1,1,1,0,1,0.486,0.5,1,0],"ix":9}},"s":{"a":0,"k":[156.677,940.689],"ix":5},"e":{"a":0,"k":[157.824,943.679],"ix":6},"t":2,"h":{"a":0,"k":0,"ix":7},"a":{"a":0,"k":0,"ix":8},"nm":"wjuggliny1g","mn":"ADBE Vector Graphic - G-Fill","hd":false},{"ty":"tr","p":{"a":0,"k":[0,0],"ix":2},"a":{"a":0,"k":[0,0],"ix":1},"s":{"a":0,"k":[100,100],"ix":3},"r":{"a":0,"k":0,"ix":6},"o":{"a":0,"k":50,"ix":7},"sk":{"a":0,"k":0,"ix":4},"sa":{"a":0,"k":0,"ix":5},"nm":"Transform"}],"nm":"Group 1","np":2,"cix":2,"bm":0,"ix":1,"mn":"ADBE Vector Group","hd":false},{"ty":"gr","it":[{"ind":0,"ty":"sh","ix":1,"ks":{"a":0,"k":{"i":[[2.484,0],[0,-2.486],[-2.482,0],[0,2.484]],"o":[[-2.482,0],[0,2.484],[2.484,0],[0,-2.486]],"v":[[-159.259,261.416],[-163.759,265.92],[-159.259,270.416],[-154.759,265.92]],"c":true},"ix":2},"nm":"Path 1","mn":"ADBE Vector Shape - Group","hd":false},{"ty":"gf","o":{"a":0,"k":100,"ix":10},"r":1,"bm":0,"g":{"p":3,"k":{"a":0,"k":[0,1,0.878,0.18,0.642,1,0.773,0.09,1,1,0.667,0],"ix":9}},"s":{"a":0,"k":[-161,264],"ix":5},"e":{"a":0,"k":[-156.5,264],"ix":6},"t":2,"h":{"a":0,"k":0,"ix":7},"a":{"a":0,"k":0,"ix":8},"nm":"wjuggliny2g","mn":"ADBE Vector Graphic - G-Fill","hd":false},{"ty":"tr","p":{"a":0,"k":[0,0],"ix":2},"a":{"a":0,"k":[0,0],"ix":1},"s":{"a":0,"k":[100,100],"ix":3},"r":{"a":0,"k":0,"ix":6},"o":{"a":0,"k":100,"ix":7},"sk":{"a":0,"k":0,"ix":4},"sa":{"a":0,"k":0,"ix":5},"nm":"Transform"}],"nm":"Group 2","np":2,"cix":2,"bm":0,"ix":2,"mn":"ADBE Vector Group","hd":false},{"ty":"tr","p":{"a":0,"k":[0,0],"ix":2},"a":{"a":0,"k":[0,0],"ix":1},"s":{"a":0,"k":[100,100],"ix":3},"r":{"a":0,"k":0,"ix":6},"o":{"a":0,"k":100,"ix":7},"sk":{"a":0,"k":0,"ix":4},"sa":{"a":0,"k":0,"ix":5},"nm":"Transform"}],"nm":"Group 2","np":2,"cix":2,"bm":0,"ix":1,"mn":"ADBE Vector Group","hd":false}],"ip":0,"op":48,"st":0,"bm":0},{"ddd":0,"ind":4,"ty":4,"nm":"Layer 1 - Group 1","sr":1,"ks":{"o":{"a":0,"k":100,"ix":11},"r":{"a":0,"k":0,"ix":10},"p":{"a":1,"k":[{"i":{"x":0.667,"y":1},"o":{"x":0.333,"y":0},"t":-32,"s":[800.433,788,0],"to":[-47,-7.667,0],"ti":[104.667,6.667,0]},{"i":{"x":0.667,"y":1},"o":{"x":0.333,"y":0},"t":-24,"s":[518.433,742,0],"to":[-104.667,-6.667,0],"ti":[49.333,24.667,0]},{"i":{"x":0.667,"y":1},"o":{"x":0.333,"y":0},"t":-20,"s":[172.433,748,0],"to":[-49.333,-24.667,0],"ti":[-54,101.667,0]},{"i":{"x":0,"y":0.414},"o":{"x":0.333,"y":0},"t":-16,"s":[222.433,594,0],"to":[54,-101.667,0],"ti":[-170.695,-5.368,0]},{"i":{"x":0.667,"y":1},"o":{"x":0.333,"y":0.144},"t":0,"s":[496.433,138,0],"to":[233.349,7.338,0],"ti":[-4.162,-100.647,0]},{"i":{"x":0.667,"y":1},"o":{"x":0.333,"y":0},"t":16,"s":[800.433,788,0],"to":[-100.333,2.667,0],"ti":[104.667,6.667,0]},{"i":{"x":0.667,"y":0.39},"o":{"x":0.333,"y":0},"t":24,"s":[518.433,742,0],"to":[-45.891,-2.923,0],"ti":[66.093,-15.062,0]},{"i":{"x":0.667,"y":1},"o":{"x":0.333,"y":0.429},"t":26,"s":[368.992,720.285,0],"to":[-84.65,19.292,0],"ti":[2.059,56.53,0]},{"i":{"x":0,"y":0.433},"o":{"x":0.181,"y":0},"t":28,"s":[172.433,748,0],"to":[-3.667,-100.667,0],"ti":[-170.695,-5.368,0]},{"i":{"x":0.667,"y":1},"o":{"x":0.333,"y":0.145},"t":48,"s":[496.433,138,0],"to":[233.349,7.338,0],"ti":[-50.667,-108.333,0]},{"t":64,"s":[800.433,788,0]}],"ix":2},"a":{"a":0,"k":[-192.39,276.185,0],"ix":1},"s":{"a":0,"k":[1200,1200,100],"ix":6}},"ao":0,"shapes":[{"ty":"gr","it":[{"ty":"gr","it":[{"ind":0,"ty":"sh","ix":1,"ks":{"a":0,"k":{"i":[[1.4,-1.076],[0.633,0.824],[-1.402,1.08],[-0.633,-0.822]],"o":[[-1.402,1.08],[-0.635,-0.822],[1.402,-1.078],[0.635,0.824]],"v":[[-192.638,275.967],[-196.322,276.43],[-194.933,272.986],[-191.25,272.523]],"c":true},"ix":2},"nm":"Path 1","mn":"ADBE Vector Shape - Group","hd":false},{"ty":"gf","o":{"a":0,"k":100,"ix":10},"r":1,"bm":0,"g":{"p":3,"k":{"a":0,"k":[0,1,1,1,0.486,1,1,1,1,1,1,1,0,1,0.486,0.5,1,0],"ix":9}},"s":{"a":0,"k":[117.224,974.624],"ix":5},"e":{"a":0,"k":[118.371,977.613],"ix":6},"t":2,"h":{"a":0,"k":0,"ix":7},"a":{"a":0,"k":0,"ix":8},"nm":"wjuggling1g","mn":"ADBE Vector Graphic - G-Fill","hd":false},{"ty":"tr","p":{"a":0,"k":[0,0],"ix":2},"a":{"a":0,"k":[0,0],"ix":1},"s":{"a":0,"k":[100,100],"ix":3},"r":{"a":0,"k":0,"ix":6},"o":{"a":0,"k":50,"ix":7},"sk":{"a":0,"k":0,"ix":4},"sa":{"a":0,"k":0,"ix":5},"nm":"Transform"}],"nm":"Group 1","np":2,"cix":2,"bm":0,"ix":1,"mn":"ADBE Vector Group","hd":false},{"ty":"gr","it":[{"ind":0,"ty":"sh","ix":1,"ks":{"a":0,"k":{"i":[[2.482,0],[0,-2.486],[-2.484,0],[0,2.486]],"o":[[-2.484,0],[0,2.486],[2.482,0],[0,-2.486]],"v":[[-192.39,271.685],[-196.89,276.188],[-192.39,280.685],[-187.89,276.188]],"c":true},"ix":2},"nm":"Path 1","mn":"ADBE Vector Shape - Group","hd":false},{"ty":"gf","o":{"a":0,"k":100,"ix":10},"r":1,"bm":0,"g":{"p":3,"k":{"a":0,"k":[0,0.608,0.878,0.133,0.576,0.51,0.755,0.135,1,0.412,0.631,0.137],"ix":9}},"s":{"a":0,"k":[-194,275],"ix":5},"e":{"a":0,"k":[-189.5,275],"ix":6},"t":2,"h":{"a":0,"k":0,"ix":7},"a":{"a":0,"k":0,"ix":8},"nm":"wjuggling2g","mn":"ADBE Vector Graphic - G-Fill","hd":false},{"ty":"tr","p":{"a":0,"k":[0,0],"ix":2},"a":{"a":0,"k":[0,0],"ix":1},"s":{"a":0,"k":[100,100],"ix":3},"r":{"a":0,"k":0,"ix":6},"o":{"a":0,"k":100,"ix":7},"sk":{"a":0,"k":0,"ix":4},"sa":{"a":0,"k":0,"ix":5},"nm":"Transform"}],"nm":"Group 2","np":2,"cix":2,"bm":0,"ix":2,"mn":"ADBE Vector Group","hd":false},{"ty":"tr","p":{"a":0,"k":[0,0],"ix":2},"a":{"a":0,"k":[0,0],"ix":1},"s":{"a":0,"k":[100,100],"ix":3},"r":{"a":0,"k":0,"ix":6},"o":{"a":0,"k":100,"ix":7},"sk":{"a":0,"k":0,"ix":4},"sa":{"a":0,"k":0,"ix":5},"nm":"Transform"}],"nm":"Group 1","np":2,"cix":2,"bm":0,"ix":1,"mn":"ADBE Vector Group","hd":false}],"ip":0,"op":48,"st":0,"bm":0},{"ddd":0,"ind":5,"ty":4,"nm":"Layer 1 - Group 11","sr":1,"ks":{"o":{"a":0,"k":100,"ix":11},"r":{"a":0,"k":0,"ix":10},"p":{"a":1,"k":[{"i":{"x":0.667,"y":1},"o":{"x":0.333,"y":0},"t":0,"s":[800.433,788,0],"to":[-47,-7.667,0],"ti":[104.667,6.667,0]},{"i":{"x":0.667,"y":0.39},"o":{"x":0.333,"y":0},"t":8,"s":[518.433,742,0],"to":[-45.891,-2.923,0],"ti":[66.093,-15.062,0]},{"i":{"x":0.667,"y":1},"o":{"x":0.333,"y":0.429},"t":10,"s":[368.992,720.285,0],"to":[-84.65,19.292,0],"ti":[2.059,56.53,0]},{"i":{"x":0,"y":0.433},"o":{"x":0.181,"y":0},"t":12,"s":[172.433,748,0],"to":[-3.667,-100.667,0],"ti":[-170.695,-5.368,0]},{"i":{"x":0.833,"y":1},"o":{"x":0.333,"y":0.144},"t":32,"s":[496.433,138,0],"to":[233.349,7.338,0],"ti":[-3.667,-100.667,0]},{"i":{"x":0.667,"y":1},"o":{"x":0.333,"y":0},"t":48,"s":[800.433,788,0],"to":[3.667,100.667,0],"ti":[71.907,11.286,0]},{"i":{"x":0.667,"y":0.39},"o":{"x":0.333,"y":0},"t":56,"s":[518.433,742,0],"to":[-71.907,-11.286,0],"ti":[66.093,-15.062,0]},{"i":{"x":0.667,"y":1},"o":{"x":0.333,"y":0.462},"t":58,"s":[368.992,720.285,0],"to":[-84.65,19.292,0],"ti":[24.426,21.047,0]},{"i":{"x":0.667,"y":1},"o":{"x":0.333,"y":0},"t":60,"s":[172.433,748,0],"to":[-24.426,-21.047,0],"ti":[-54,101.667,0]},{"i":{"x":0,"y":0.414},"o":{"x":0.333,"y":0},"t":64,"s":[222.433,594,0],"to":[54,-101.667,0],"ti":[-170.695,-5.368,0]},{"i":{"x":0.667,"y":1},"o":{"x":0.333,"y":0.144},"t":80,"s":[496.433,138,0],"to":[233.349,7.338,0],"ti":[-4.162,-100.647,0]},{"i":{"x":0.667,"y":1},"o":{"x":0.333,"y":0},"t":96,"s":[800.433,788,0],"to":[-100.333,2.667,0],"ti":[104.667,6.667,0]},{"i":{"x":0.667,"y":0.39},"o":{"x":0.333,"y":0},"t":104,"s":[518.433,742,0],"to":[-45.891,-2.923,0],"ti":[66.093,-15.062,0]},{"i":{"x":0.667,"y":1},"o":{"x":0.333,"y":0.429},"t":106,"s":[368.992,720.285,0],"to":[-84.65,19.292,0],"ti":[2.059,56.53,0]},{"i":{"x":0,"y":0.433},"o":{"x":0.181,"y":0},"t":108,"s":[172.433,748,0],"to":[-3.667,-100.667,0],"ti":[-170.695,-5.368,0]},{"i":{"x":0.667,"y":1},"o":{"x":0.333,"y":0.145},"t":128,"s":[496.433,138,0],"to":[233.349,7.338,0],"ti":[-50.667,-108.333,0]},{"t":144,"s":[800.433,788,0]}],"ix":2},"a":{"a":0,"k":[-146.855,314.416,0],"ix":1},"s":{"a":0,"k":[1200,1200,100],"ix":6}},"ao":0,"shapes":[{"ty":"gr","it":[{"ty":"gr","it":[{"ind":0,"ty":"sh","ix":1,"ks":{"a":0,"k":{"i":[[1.4,-1.08],[0.633,0.822],[-1.402,1.078],[-0.634,-0.822]],"o":[[-1.402,1.078],[-0.635,-0.824],[1.401,-1.08],[0.635,0.824]],"v":[[-147.105,314.082],[-150.789,314.545],[-149.4,311.102],[-145.715,310.637]],"c":true},"ix":2},"nm":"Path 1","mn":"ADBE Vector Shape - Group","hd":false},{"ty":"gf","o":{"a":0,"k":100,"ix":10},"r":1,"bm":0,"g":{"p":3,"k":{"a":0,"k":[0,1,1,1,0.486,1,1,1,1,1,1,1,0,1,0.486,0.5,1,0],"ix":9}},"s":{"a":0,"k":[205.703,1023.925],"ix":5},"e":{"a":0,"k":[206.85,1026.914],"ix":6},"t":2,"h":{"a":0,"k":0,"ix":7},"a":{"a":0,"k":0,"ix":8},"nm":"wjugglinr1g","mn":"ADBE Vector Graphic - G-Fill","hd":false},{"ty":"tr","p":{"a":0,"k":[0,0],"ix":2},"a":{"a":0,"k":[0,0],"ix":1},"s":{"a":0,"k":[100,100],"ix":3},"r":{"a":0,"k":0,"ix":6},"o":{"a":0,"k":50,"ix":7},"sk":{"a":0,"k":0,"ix":4},"sa":{"a":0,"k":0,"ix":5},"nm":"Transform"}],"nm":"Group 1","np":2,"cix":2,"bm":0,"ix":1,"mn":"ADBE Vector Group","hd":false},{"ty":"gr","it":[{"ind":0,"ty":"sh","ix":1,"ks":{"a":0,"k":{"i":[[2.484,0],[0,-2.486],[-2.482,0],[0,2.484]],"o":[[-2.482,0],[0,2.484],[2.484,0],[0,-2.486]],"v":[[-146.855,309.916],[-151.355,314.42],[-146.855,318.916],[-142.355,314.42]],"c":true},"ix":2},"nm":"Path 1","mn":"ADBE Vector Shape - Group","hd":false},{"ty":"gf","o":{"a":0,"k":100,"ix":10},"r":1,"bm":0,"g":{"p":3,"k":{"a":0,"k":[0.212,1,0.231,0.231,0.675,0.9,0.118,0.116,1,0.8,0.004,0],"ix":9}},"s":{"a":0,"k":[-148,313],"ix":5},"e":{"a":0,"k":[-143.5,313],"ix":6},"t":2,"h":{"a":0,"k":0,"ix":7},"a":{"a":0,"k":0,"ix":8},"nm":"wjugglinr2g","mn":"ADBE Vector Graphic - G-Fill","hd":false},{"ty":"tr","p":{"a":0,"k":[0,0],"ix":2},"a":{"a":0,"k":[0,0],"ix":1},"s":{"a":0,"k":[100,100],"ix":3},"r":{"a":0,"k":0,"ix":6},"o":{"a":0,"k":100,"ix":7},"sk":{"a":0,"k":0,"ix":4},"sa":{"a":0,"k":0,"ix":5},"nm":"Transform"}],"nm":"Group 2","np":2,"cix":2,"bm":0,"ix":2,"mn":"ADBE Vector Group","hd":false},{"ty":"tr","p":{"a":0,"k":[0,0],"ix":2},"a":{"a":0,"k":[0,0],"ix":1},"s":{"a":0,"k":[100,100],"ix":3},"r":{"a":0,"k":0,"ix":6},"o":{"a":0,"k":100,"ix":7},"sk":{"a":0,"k":0,"ix":4},"sa":{"a":0,"k":0,"ix":5},"nm":"Transform"}],"nm":"Group 11","np":2,"cix":2,"bm":0,"ix":1,"mn":"ADBE Vector Group","hd":false}],"ip":0,"op":48,"st":0,"bm":0},{"ddd":0,"ind":6,"ty":4,"nm":"Thumb","parent":2,"sr":1,"ks":{"o":{"a":0,"k":100,"ix":11},"r":{"a":0,"k":0,"ix":10},"p":{"a":0,"k":[-143.088,316.838,0],"ix":2},"a":{"a":0,"k":[-143.088,316.838,0],"ix":1},"s":{"a":0,"k":[100,100,100],"ix":6}},"ao":0,"shapes":[{"ty":"gr","it":[{"ind":0,"ty":"sh","ix":1,"ks":{"a":0,"k":{"i":[[0,0],[-0.309,0.377],[-0.664,0.277],[0.32,-0.258]],"o":[[-0.312,0.375],[0,0],[1.568,-0.658],[-0.936,0.752]],"v":[[-143.132,318.678],[-145.253,317.023],[-142.849,315.127],[-140.972,316.023]],"c":true},"ix":2},"nm":"Path 1","mn":"ADBE Vector Shape - Group","hd":false},{"ty":"fl","c":{"a":0,"k":[0.901960790157,0.690196096897,0.270588248968,1],"ix":4},"o":{"a":0,"k":100,"ix":5},"r":1,"bm":0,"nm":"Fill 1","mn":"ADBE Vector Graphic - Fill","hd":false},{"ty":"tr","p":{"a":0,"k":[0,0],"ix":2},"a":{"a":0,"k":[0,0],"ix":1},"s":{"a":0,"k":[100,100],"ix":3},"r":{"a":0,"k":0,"ix":6},"o":{"a":0,"k":100,"ix":7},"sk":{"a":0,"k":0,"ix":4},"sa":{"a":0,"k":0,"ix":5},"nm":"Transform"}],"nm":"Group 12","np":2,"cix":2,"bm":0,"ix":1,"mn":"ADBE Vector Group","hd":false}],"ip":0,"op":48,"st":0,"bm":0},{"ddd":0,"ind":7,"ty":4,"nm":"L_Arm","sr":1,"ks":{"o":{"a":0,"k":100,"ix":11},"r":{"a":0,"k":0,"ix":10},"p":{"a":0,"k":[739.698,760.543,0],"ix":2},"a":{"a":0,"k":[-151.916,312.128,0],"ix":1},"s":{"a":0,"k":[1200,1200,100],"ix":6}},"ao":0,"shapes":[{"ty":"gr","it":[{"ind":0,"ty":"sh","ix":1,"ks":{"a":1,"k":[{"i":{"x":0.833,"y":0.833},"o":{"x":0.333,"y":0},"t":0,"s":[{"i":[[-1.525,6.799],[-2.201,-3.852],[-2.963,-0.31],[1.686,0],[1.657,2.047],[0.929,1.08]],"o":[[2.502,1.565],[1.551,2.714],[-1.176,2.533],[-1.458,0],[-1.303,-1.609],[0,0]],"v":[[-157.534,303.121],[-151.403,313.339],[-144.955,318.605],[-150.517,321.135],[-155.414,317.251],[-158.871,312.822]],"c":true}]},{"i":{"x":0.667,"y":1},"o":{"x":0.167,"y":0.167},"t":6,"s":[{"i":[[-1.525,6.799],[1.503,-4.655],[2.966,2.042],[0.088,0.589],[-0.324,0.954],[0.888,1.032]],"o":[[2.52,1.577],[-0.938,2.906],[1.628,-0.538],[-1.507,0.059],[0.918,-1.473],[0,0]],"v":[[-157.534,303.121],[-153.894,319.904],[-165.134,316.566],[-161.337,313.025],[-158.69,313.086],[-158.871,312.822]],"c":true}]},{"i":{"x":0.833,"y":0.833},"o":{"x":0.333,"y":0},"t":8,"s":[{"i":[[-1.525,6.799],[1.853,-4.151],[4.064,2.477],[-0.207,0.698],[-0.69,0.752],[0.881,1.023]],"o":[[2.524,1.579],[-1.962,4.395],[2.147,-1.106],[-1.516,0.07],[1.329,-1.448],[0,0]],"v":[[-157.534,303.121],[-153.762,319.021],[-168.871,316.189],[-164.267,312.302],[-158.534,312.831],[-158.871,312.822]],"c":true}]},{"i":{"x":0.667,"y":1},"o":{"x":0.167,"y":0.167},"t":10,"s":[{"i":[[-1.525,6.799],[1.503,-4.655],[2.966,2.042],[0.088,0.589],[-0.324,0.954],[0.888,1.032]],"o":[[2.52,1.577],[-0.938,2.906],[1.628,-0.538],[-1.507,0.059],[0.918,-1.473],[0,0]],"v":[[-157.534,303.121],[-153.894,319.904],[-165.134,316.566],[-161.337,313.025],[-158.69,313.086],[-158.871,312.822]],"c":true}]},{"i":{"x":0.833,"y":0.833},"o":{"x":0.333,"y":0},"t":16,"s":[{"i":[[-1.525,6.799],[-2.201,-3.852],[-2.963,-0.31],[1.686,0],[1.657,2.047],[0.929,1.08]],"o":[[2.502,1.565],[1.551,2.714],[-1.176,2.533],[-1.458,0],[-1.303,-1.609],[0,0]],"v":[[-157.534,303.121],[-151.403,313.339],[-144.955,318.605],[-150.517,321.135],[-155.414,317.251],[-158.871,312.822]],"c":true}]},{"i":{"x":0.667,"y":1},"o":{"x":0.167,"y":0.167},"t":22,"s":[{"i":[[-1.525,6.799],[1.503,-4.655],[2.966,2.042],[0.088,0.589],[-0.324,0.954],[0.888,1.032]],"o":[[2.52,1.577],[-0.938,2.906],[1.628,-0.538],[-1.507,0.059],[0.918,-1.473],[0,0]],"v":[[-157.534,303.121],[-153.894,319.904],[-165.134,316.566],[-161.337,313.025],[-158.69,313.086],[-158.871,312.822]],"c":true}]},{"i":{"x":0.833,"y":0.833},"o":{"x":0.333,"y":0},"t":24,"s":[{"i":[[-1.525,6.799],[1.853,-4.151],[4.064,2.477],[-0.207,0.698],[-0.69,0.752],[0.881,1.023]],"o":[[2.524,1.579],[-1.962,4.395],[2.147,-1.106],[-1.516,0.07],[1.329,-1.448],[0,0]],"v":[[-157.534,303.121],[-153.762,319.021],[-168.871,316.189],[-164.267,312.302],[-158.534,312.831],[-158.871,312.822]],"c":true}]},{"i":{"x":0.667,"y":1},"o":{"x":0.167,"y":0.167},"t":26,"s":[{"i":[[-1.525,6.799],[1.503,-4.655],[2.966,2.042],[0.088,0.589],[-0.324,0.954],[0.888,1.032]],"o":[[2.52,1.577],[-0.938,2.906],[1.628,-0.538],[-1.507,0.059],[0.918,-1.473],[0,0]],"v":[[-157.534,303.121],[-153.894,319.904],[-165.134,316.566],[-161.337,313.025],[-158.69,313.086],[-158.871,312.822]],"c":true}]},{"i":{"x":0.833,"y":0.833},"o":{"x":0.333,"y":0},"t":32,"s":[{"i":[[-1.525,6.799],[-2.201,-3.852],[-2.963,-0.31],[1.686,0],[1.657,2.047],[0.929,1.08]],"o":[[2.502,1.565],[1.551,2.714],[-1.176,2.533],[-1.458,0],[-1.303,-1.609],[0,0]],"v":[[-157.534,303.121],[-151.403,313.339],[-144.955,318.605],[-150.517,321.135],[-155.414,317.251],[-158.871,312.822]],"c":true}]},{"i":{"x":0.667,"y":1},"o":{"x":0.167,"y":0.167},"t":38,"s":[{"i":[[-1.525,6.799],[1.503,-4.655],[2.966,2.042],[0.088,0.589],[-0.324,0.954],[0.888,1.032]],"o":[[2.52,1.577],[-0.938,2.906],[1.628,-0.538],[-1.507,0.059],[0.918,-1.473],[0,0]],"v":[[-157.534,303.121],[-153.894,319.904],[-165.134,316.566],[-161.337,313.025],[-158.69,313.086],[-158.871,312.822]],"c":true}]},{"i":{"x":0.833,"y":0.833},"o":{"x":0.333,"y":0},"t":40,"s":[{"i":[[-1.525,6.799],[1.853,-4.151],[4.064,2.477],[-0.207,0.698],[-0.69,0.752],[0.881,1.023]],"o":[[2.524,1.579],[-1.962,4.395],[2.147,-1.106],[-1.516,0.07],[1.329,-1.448],[0,0]],"v":[[-157.534,303.121],[-153.762,319.021],[-168.871,316.189],[-164.267,312.302],[-158.534,312.831],[-158.871,312.822]],"c":true}]},{"i":{"x":0.667,"y":1},"o":{"x":0.167,"y":0.167},"t":42,"s":[{"i":[[-1.525,6.799],[1.503,-4.655],[2.966,2.042],[0.088,0.589],[-0.324,0.954],[0.888,1.032]],"o":[[2.52,1.577],[-0.938,2.906],[1.628,-0.538],[-1.507,0.059],[0.918,-1.473],[0,0]],"v":[[-157.534,303.121],[-153.894,319.904],[-165.134,316.566],[-161.337,313.025],[-158.69,313.086],[-158.871,312.822]],"c":true}]},{"t":48,"s":[{"i":[[-1.525,6.799],[-2.201,-3.852],[-2.963,-0.31],[1.686,0],[1.657,2.047],[0.929,1.08]],"o":[[2.502,1.565],[1.551,2.714],[-1.176,2.533],[-1.458,0],[-1.303,-1.609],[0,0]],"v":[[-157.534,303.121],[-151.403,313.339],[-144.955,318.605],[-150.517,321.135],[-155.414,317.251],[-158.871,312.822]],"c":true}]}],"ix":2},"nm":"Path 1","mn":"ADBE Vector Shape - Group","hd":false},{"ty":"fl","c":{"a":0,"k":[0.901960790157,0.921568632126,0.937254905701,1],"ix":4},"o":{"a":0,"k":100,"ix":5},"r":1,"bm":0,"nm":"Fill 1","mn":"ADBE Vector Graphic - Fill","hd":false},{"ty":"tr","p":{"a":0,"k":[0,0],"ix":2},"a":{"a":0,"k":[0,0],"ix":1},"s":{"a":0,"k":[100,100],"ix":3},"r":{"a":0,"k":0,"ix":6},"o":{"a":0,"k":100,"ix":7},"sk":{"a":0,"k":0,"ix":4},"sa":{"a":0,"k":0,"ix":5},"nm":"Transform"}],"nm":"Group 17","np":2,"cix":2,"bm":0,"ix":1,"mn":"ADBE Vector Group","hd":false}],"ip":0,"op":48,"st":0,"bm":0},{"ddd":0,"ind":8,"ty":4,"nm":"R_Arm","sr":1,"ks":{"o":{"a":0,"k":100,"ix":11},"r":{"a":0,"k":0,"ix":10},"p":{"a":0,"k":[310.915,741.56,0],"ix":2},"a":{"a":0,"k":[-187.648,310.546,0],"ix":1},"s":{"a":0,"k":[1200,1200,100],"ix":6}},"ao":0,"shapes":[{"ty":"gr","it":[{"ind":0,"ty":"sh","ix":1,"ks":{"a":1,"k":[{"i":{"x":0.833,"y":0.833},"o":{"x":0.333,"y":0},"t":0,"s":[{"i":[[1.525,6.799],[3.38,-2.711],[0.85,2.219],[1.531,-1.242],[-2.5,-2.971],[-1.334,0.423],[-1.284,0.973],[-0.564,1.385]],"o":[[-2.673,1.084],[-1.406,-1.703],[0,0],[1.453,4.815],[0.524,0.623],[1.256,-0.398],[1.47,-1.113],[0,0]],"v":[[-180.248,303.121],[-186.977,311.09],[-191.414,304.35],[-196.33,304.92],[-189.252,317.477],[-186.264,317.674],[-182.286,315.532],[-178.984,311.656]],"c":true}]},{"i":{"x":0.833,"y":0.833},"o":{"x":0.167,"y":0.167},"t":4,"s":[{"i":[[1.525,6.799],[2.931,-3.016],[1.228,1.5],[1.531,-1.242],[-2.288,-1.613],[-1.27,0.647],[-1.046,0.934],[-0.523,1.285]],"o":[[-2.673,1.084],[1.611,0.335],[0,0],[-2.087,3.855],[0.589,0.303],[1.051,-0.493],[1.173,-1.04],[0,0]],"v":[[-180.248,303.121],[-186.919,312.247],[-182.845,309.047],[-186.554,307.061],[-187.949,318.026],[-183.779,317.567],[-179.566,314.515],[-178.984,311.656]],"c":true}]},{"i":{"x":0.833,"y":0.833},"o":{"x":0.167,"y":0.167},"t":6,"s":[{"i":[[1.525,6.799],[2.59,-3.248],[1.515,0.956],[1.531,-1.242],[-2.127,-0.584],[-1.222,0.817],[-0.866,0.905],[-0.493,1.209]],"o":[[-2.673,1.084],[-1.614,-0.922],[0,0],[-1.728,3.07],[0.639,0.061],[0.896,-0.566],[0.948,-0.984],[0,0]],"v":[[-180.248,303.121],[-186.875,313.124],[-181.482,310.115],[-186.913,312.929],[-186.963,318.443],[-181.897,317.485],[-177.506,313.744],[-178.984,311.656]],"c":true}]},{"i":{"x":0.667,"y":1},"o":{"x":0.167,"y":0.167},"t":8,"s":[{"i":[[1.525,6.799],[1.068,-3.375],[1.515,0.956],[1.531,-1.242],[-2.127,-0.584],[-1.222,0.817],[-0.866,0.905],[-0.493,1.209]],"o":[[-2.673,1.084],[-1.614,-0.922],[0,0],[-1.728,3.07],[0.639,0.061],[0.896,-0.566],[0.948,-0.984],[0,0]],"v":[[-180.248,303.121],[-185.459,313.291],[-181.482,310.115],[-185.496,313.096],[-184.046,318.693],[-174.897,315.236],[-176.006,312.161],[-178.984,311.656]],"c":true}]},{"i":{"x":0.667,"y":1},"o":{"x":0.333,"y":0},"t":12,"s":[{"i":[[1.525,6.799],[2.086,-3.59],[1.939,0.15],[1.531,-1.242],[-1.89,0.939],[-0.784,0.659],[-0.745,0.923],[-0.564,1.385]],"o":[[-2.673,1.084],[-1.747,-0.424],[0,0],[4.439,1.996],[0.529,-0.263],[0.738,-0.621],[0.853,-1.056],[0,0]],"v":[[-180.248,303.121],[-186.81,314.423],[-193.164,313.933],[-196.33,317.087],[-185.502,319.06],[-183.468,317.662],[-181.19,315.336],[-178.984,311.656]],"c":true}]},{"i":{"x":0.833,"y":0.833},"o":{"x":0.333,"y":0},"t":16,"s":[{"i":[[1.525,6.799],[3.38,-2.711],[0.85,2.219],[1.531,-1.242],[-2.5,-2.971],[-1.334,0.423],[-1.284,0.973],[-0.564,1.385]],"o":[[-2.673,1.084],[-1.406,-1.703],[0,0],[1.453,4.815],[0.524,0.623],[1.256,-0.398],[1.47,-1.113],[0,0]],"v":[[-180.248,303.121],[-186.977,311.09],[-191.414,304.35],[-196.33,304.92],[-189.252,317.477],[-186.264,317.674],[-182.286,315.532],[-178.984,311.656]],"c":true}]},{"i":{"x":0.833,"y":0.833},"o":{"x":0.167,"y":0.167},"t":20,"s":[{"i":[[1.525,6.799],[2.931,-3.016],[1.228,1.5],[1.531,-1.242],[-2.288,-1.613],[-1.27,0.647],[-1.046,0.934],[-0.523,1.285]],"o":[[-2.673,1.084],[1.611,0.335],[0,0],[-2.087,3.855],[0.589,0.303],[1.051,-0.493],[1.173,-1.04],[0,0]],"v":[[-180.248,303.121],[-186.919,312.247],[-182.845,309.047],[-186.554,307.061],[-187.949,318.026],[-183.779,317.567],[-179.566,314.515],[-178.984,311.656]],"c":true}]},{"i":{"x":0.833,"y":0.833},"o":{"x":0.167,"y":0.167},"t":22,"s":[{"i":[[1.525,6.799],[2.59,-3.248],[1.515,0.956],[1.531,-1.242],[-2.127,-0.584],[-1.222,0.817],[-0.866,0.905],[-0.493,1.209]],"o":[[-2.673,1.084],[-1.614,-0.922],[0,0],[-1.728,3.07],[0.639,0.061],[0.896,-0.566],[0.948,-0.984],[0,0]],"v":[[-180.248,303.121],[-186.875,313.124],[-181.482,310.115],[-186.913,312.929],[-186.963,318.443],[-181.897,317.485],[-177.506,313.744],[-178.984,311.656]],"c":true}]},{"i":{"x":0.667,"y":1},"o":{"x":0.167,"y":0.167},"t":24,"s":[{"i":[[1.525,6.799],[1.068,-3.375],[1.515,0.956],[1.531,-1.242],[-2.127,-0.584],[-1.222,0.817],[-0.866,0.905],[-0.493,1.209]],"o":[[-2.673,1.084],[-1.614,-0.922],[0,0],[-1.728,3.07],[0.639,0.061],[0.896,-0.566],[0.948,-0.984],[0,0]],"v":[[-180.248,303.121],[-185.459,313.291],[-181.482,310.115],[-185.496,313.096],[-184.046,318.693],[-174.897,315.236],[-176.006,312.161],[-178.984,311.656]],"c":true}]},{"i":{"x":0.667,"y":1},"o":{"x":0.333,"y":0},"t":28,"s":[{"i":[[1.525,6.799],[2.086,-3.59],[1.939,0.15],[1.531,-1.242],[-1.89,0.939],[-0.784,0.659],[-0.745,0.923],[-0.564,1.385]],"o":[[-2.673,1.084],[-1.747,-0.424],[0,0],[4.439,1.996],[0.529,-0.263],[0.738,-0.621],[0.853,-1.056],[0,0]],"v":[[-180.248,303.121],[-186.81,314.423],[-193.164,313.933],[-196.33,317.087],[-185.502,319.06],[-183.468,317.662],[-181.19,315.336],[-178.984,311.656]],"c":true}]},{"i":{"x":0.833,"y":0.833},"o":{"x":0.333,"y":0},"t":32,"s":[{"i":[[1.525,6.799],[3.38,-2.711],[0.85,2.219],[1.531,-1.242],[-2.5,-2.971],[-1.334,0.423],[-1.284,0.973],[-0.564,1.385]],"o":[[-2.673,1.084],[-1.406,-1.703],[0,0],[1.453,4.815],[0.524,0.623],[1.256,-0.398],[1.47,-1.113],[0,0]],"v":[[-180.248,303.121],[-186.977,311.09],[-191.414,304.35],[-196.33,304.92],[-189.252,317.477],[-186.264,317.674],[-182.286,315.532],[-178.984,311.656]],"c":true}]},{"i":{"x":0.833,"y":0.833},"o":{"x":0.167,"y":0.167},"t":36,"s":[{"i":[[1.525,6.799],[2.931,-3.016],[1.228,1.5],[1.531,-1.242],[-2.288,-1.613],[-1.27,0.647],[-1.046,0.934],[-0.523,1.285]],"o":[[-2.673,1.084],[1.611,0.335],[0,0],[-2.087,3.855],[0.589,0.303],[1.051,-0.493],[1.173,-1.04],[0,0]],"v":[[-180.248,303.121],[-186.919,312.247],[-182.845,309.047],[-186.554,307.061],[-187.949,318.026],[-183.779,317.567],[-179.566,314.515],[-178.984,311.656]],"c":true}]},{"i":{"x":0.833,"y":0.833},"o":{"x":0.167,"y":0.167},"t":38,"s":[{"i":[[1.525,6.799],[2.59,-3.248],[1.515,0.956],[1.531,-1.242],[-2.127,-0.584],[-1.222,0.817],[-0.866,0.905],[-0.493,1.209]],"o":[[-2.673,1.084],[-1.614,-0.922],[0,0],[-1.728,3.07],[0.639,0.061],[0.896,-0.566],[0.948,-0.984],[0,0]],"v":[[-180.248,303.121],[-186.875,313.124],[-181.482,310.115],[-186.913,312.929],[-186.963,318.443],[-181.897,317.485],[-177.506,313.744],[-178.984,311.656]],"c":true}]},{"i":{"x":0.667,"y":1},"o":{"x":0.167,"y":0.167},"t":40,"s":[{"i":[[1.525,6.799],[1.068,-3.375],[1.515,0.956],[1.531,-1.242],[-2.127,-0.584],[-1.222,0.817],[-0.866,0.905],[-0.493,1.209]],"o":[[-2.673,1.084],[-1.614,-0.922],[0,0],[-1.728,3.07],[0.639,0.061],[0.896,-0.566],[0.948,-0.984],[0,0]],"v":[[-180.248,303.121],[-185.459,313.291],[-181.482,310.115],[-185.496,313.096],[-184.046,318.693],[-174.897,315.236],[-176.006,312.161],[-178.984,311.656]],"c":true}]},{"i":{"x":0.667,"y":1},"o":{"x":0.333,"y":0},"t":44,"s":[{"i":[[1.525,6.799],[2.086,-3.59],[1.939,0.15],[1.531,-1.242],[-1.89,0.939],[-0.784,0.659],[-0.745,0.923],[-0.564,1.385]],"o":[[-2.673,1.084],[-1.747,-0.424],[0,0],[4.439,1.996],[0.529,-0.263],[0.738,-0.621],[0.853,-1.056],[0,0]],"v":[[-180.248,303.121],[-186.81,314.423],[-193.164,313.933],[-196.33,317.087],[-185.502,319.06],[-183.468,317.662],[-181.19,315.336],[-178.984,311.656]],"c":true}]},{"t":48,"s":[{"i":[[1.525,6.799],[3.38,-2.711],[0.85,2.219],[1.531,-1.242],[-2.5,-2.971],[-1.334,0.423],[-1.284,0.973],[-0.564,1.385]],"o":[[-2.673,1.084],[-1.406,-1.703],[0,0],[1.453,4.815],[0.524,0.623],[1.256,-0.398],[1.47,-1.113],[0,0]],"v":[[-180.248,303.121],[-186.977,311.09],[-191.414,304.35],[-196.33,304.92],[-189.252,317.477],[-186.264,317.674],[-182.286,315.532],[-178.984,311.656]],"c":true}]}],"ix":2},"nm":"Path 1","mn":"ADBE Vector Shape - Group","hd":false},{"ty":"fl","c":{"a":0,"k":[0.901960790157,0.921568632126,0.937254905701,1],"ix":4},"o":{"a":0,"k":100,"ix":5},"r":1,"bm":0,"nm":"Fill 1","mn":"ADBE Vector Graphic - Fill","hd":false},{"ty":"tr","p":{"a":0,"k":[0,0],"ix":2},"a":{"a":0,"k":[0,0],"ix":1},"s":{"a":0,"k":[100,100],"ix":3},"r":{"a":0,"k":0,"ix":6},"o":{"a":0,"k":100,"ix":7},"sk":{"a":0,"k":0,"ix":4},"sa":{"a":0,"k":0,"ix":5},"nm":"Transform"}],"nm":"Group 19","np":2,"cix":2,"bm":0,"ix":1,"mn":"ADBE Vector Group","hd":false}],"ip":0,"op":48,"st":0,"bm":0},{"ddd":0,"ind":9,"ty":4,"nm":"Hat","parent":10,"sr":1,"ks":{"o":{"a":0,"k":100,"ix":11},"r":{"a":0,"k":0,"ix":10},"p":{"a":0,"k":[-168.892,279.444,0],"ix":2},"a":{"a":0,"k":[-168.892,279.444,0],"ix":1},"s":{"a":0,"k":[100,100,100],"ix":6}},"ao":0,"shapes":[{"ty":"gr","it":[{"ty":"gr","it":[{"ind":0,"ty":"sh","ix":1,"ks":{"a":0,"k":{"i":[[0,-12.082],[0,2.193]],"o":[[0,2.193],[0,-12.082]],"v":[[-158.392,282.479],[-179.392,282.479]],"c":true},"ix":2},"nm":"Path 1","mn":"ADBE Vector Shape - Group","hd":false},{"ty":"fl","c":{"a":0,"k":[0.188235297799,0.172549024224,0.23137255013,1],"ix":4},"o":{"a":0,"k":100,"ix":5},"r":1,"bm":0,"nm":"Fill 1","mn":"ADBE Vector Graphic - Fill","hd":false},{"ty":"tr","p":{"a":0,"k":[0,0],"ix":2},"a":{"a":0,"k":[0,0],"ix":1},"s":{"a":0,"k":[100,100],"ix":3},"r":{"a":0,"k":0,"ix":6},"o":{"a":0,"k":100,"ix":7},"sk":{"a":0,"k":0,"ix":4},"sa":{"a":0,"k":0,"ix":5},"nm":"Transform"}],"nm":"Group 1","np":2,"cix":2,"bm":0,"ix":1,"mn":"ADBE Vector Group","hd":false},{"ty":"gr","it":[{"ind":0,"ty":"sh","ix":1,"ks":{"a":0,"k":{"i":[[0,-2.549],[0,2.549]],"o":[[0,2.549],[0,-2.549]],"v":[[-154.249,283.559],[-183.534,283.559]],"c":true},"ix":2},"nm":"Path 1","mn":"ADBE Vector Shape - Group","hd":false},{"ty":"fl","c":{"a":0,"k":[0.305882364511,0.368627458811,0.403921574354,1],"ix":4},"o":{"a":0,"k":100,"ix":5},"r":1,"bm":0,"nm":"Fill 1","mn":"ADBE Vector Graphic - Fill","hd":false},{"ty":"tr","p":{"a":0,"k":[0,0],"ix":2},"a":{"a":0,"k":[0,0],"ix":1},"s":{"a":0,"k":[100,100],"ix":3},"r":{"a":0,"k":0,"ix":6},"o":{"a":0,"k":100,"ix":7},"sk":{"a":0,"k":0,"ix":4},"sa":{"a":0,"k":0,"ix":5},"nm":"Transform"}],"nm":"Group 2","np":2,"cix":2,"bm":0,"ix":2,"mn":"ADBE Vector Group","hd":false},{"ty":"tr","p":{"a":0,"k":[0,0],"ix":2},"a":{"a":0,"k":[0,0],"ix":1},"s":{"a":0,"k":[100,100],"ix":3},"r":{"a":0,"k":0,"ix":6},"o":{"a":0,"k":100,"ix":7},"sk":{"a":0,"k":0,"ix":4},"sa":{"a":0,"k":0,"ix":5},"nm":"Transform"}],"nm":"Group 1","np":2,"cix":2,"bm":0,"ix":1,"mn":"ADBE Vector Group","hd":false}],"ip":0,"op":48,"st":0,"bm":0},{"ddd":0,"ind":10,"ty":4,"nm":"Head","sr":1,"ks":{"o":{"a":0,"k":100,"ix":11},"r":{"a":1,"k":[{"i":{"x":[0],"y":[1]},"o":{"x":[0.333],"y":[0]},"t":-1,"s":[0]},{"i":{"x":[0],"y":[1]},"o":{"x":[0.333],"y":[0]},"t":23,"s":[6]},{"t":47,"s":[0]}],"ix":10},"p":{"a":0,"k":[535.108,594.123,0],"ix":2},"a":{"a":0,"k":[-168.885,298.377,0],"ix":1},"s":{"a":0,"k":[1200,1200,100],"ix":6}},"ao":0,"shapes":[{"ty":"gr","it":[{"ty":"gr","it":[{"ind":0,"ty":"sh","ix":1,"ks":{"a":0,"k":{"i":[[1.094,-5.129],[-2.244,8.102]],"o":[[4.008,-5.336],[-4.357,6.799]],"v":[[-179.823,291.221],[-161.743,278.145]],"c":true},"ix":2},"nm":"Path 1","mn":"ADBE Vector Shape - Group","hd":false},{"ty":"fl","c":{"a":0,"k":[0.278431385756,0.219607844949,0.203921571374,1],"ix":4},"o":{"a":0,"k":100,"ix":5},"r":1,"bm":0,"nm":"Fill 1","mn":"ADBE Vector Graphic - Fill","hd":false},{"ty":"tr","p":{"a":0,"k":[0,0],"ix":2},"a":{"a":0,"k":[0,0],"ix":1},"s":{"a":0,"k":[100,100],"ix":3},"r":{"a":0,"k":0,"ix":6},"o":{"a":0,"k":100,"ix":7},"sk":{"a":0,"k":0,"ix":4},"sa":{"a":0,"k":0,"ix":5},"nm":"Transform"}],"nm":"Group 1","np":2,"cix":2,"bm":0,"ix":1,"mn":"ADBE Vector Group","hd":false},{"ty":"gr","it":[{"ind":0,"ty":"sh","ix":1,"ks":{"a":0,"k":{"i":[[2.324,-0.67],[5.801,-1.477],[0,-5.676],[-0.588,0.676],[-0.354,1.059],[-3.418,3.016],[-1.184,-3.158],[-0.242,-1.023],[-1.387,0.021]],"o":[[0.727,-1.035],[-5.793,1.328],[0.52,0.412],[0.24,-0.992],[4.35,-2.52],[-0.436,1.315],[0.383,1.023],[0.967,0.891],[0,-4.801]],"v":[[-161.743,278.145],[-172.962,276.398],[-180.868,292.084],[-177.741,290.795],[-176.769,287.721],[-164.077,281.592],[-161.013,287.721],[-160.042,290.795],[-156.915,292.084]],"c":true},"ix":2},"nm":"Path 1","mn":"ADBE Vector Shape - Group","hd":false},{"ty":"gf","o":{"a":0,"k":100,"ix":10},"r":1,"bm":0,"g":{"p":3,"k":{"a":0,"k":[0.05,0.278,0.22,0.204,0.31,0.378,0.298,0.271,0.7,0.478,0.376,0.337],"ix":9}},"s":{"a":0,"k":[-169,302],"ix":5},"e":{"a":0,"k":[-169,275.805],"ix":6},"t":1,"nm":"wjugglinh1g","mn":"ADBE Vector Graphic - G-Fill","hd":false},{"ty":"tr","p":{"a":0,"k":[0,0],"ix":2},"a":{"a":0,"k":[0,0],"ix":1},"s":{"a":0,"k":[100,100],"ix":3},"r":{"a":0,"k":0,"ix":6},"o":{"a":0,"k":100,"ix":7},"sk":{"a":0,"k":0,"ix":4},"sa":{"a":0,"k":0,"ix":5},"nm":"Transform"}],"nm":"Group 2","np":2,"cix":2,"bm":0,"ix":2,"mn":"ADBE Vector Group","hd":false},{"ty":"tr","p":{"a":0,"k":[0,0],"ix":2},"a":{"a":0,"k":[0,0],"ix":1},"s":{"a":0,"k":[100,100],"ix":3},"r":{"a":0,"k":0,"ix":6},"o":{"a":0,"k":100,"ix":7},"sk":{"a":0,"k":0,"ix":4},"sa":{"a":0,"k":0,"ix":5},"nm":"Transform"}],"nm":"Group 1","np":2,"cix":2,"bm":0,"ix":1,"mn":"ADBE Vector Group","hd":false},{"ty":"gr","it":[{"ty":"gr","it":[{"ty":"gr","it":[{"ty":"gr","it":[{"ind":0,"ty":"sh","ix":1,"ks":{"a":0,"k":{"i":[[0.496,-2.379],[-0.545,-1.27]],"o":[[0.582,-1.875],[-0.203,-1.615]],"v":[[-167.483,289.377],[-162.378,289.039]],"c":true},"ix":2},"nm":"Path 1","mn":"ADBE Vector Shape - Group","hd":false},{"ty":"fl","c":{"a":0,"k":[0.270588248968,0.20000000298,0.172549024224,1],"ix":4},"o":{"a":0,"k":100,"ix":5},"r":1,"bm":0,"nm":"Fill 1","mn":"ADBE Vector Graphic - Fill","hd":false},{"ty":"tr","p":{"a":0,"k":[0,0],"ix":2},"a":{"a":0,"k":[0,0],"ix":1},"s":{"a":0,"k":[100,100],"ix":3},"r":{"a":0,"k":0,"ix":6},"o":{"a":0,"k":100,"ix":7},"sk":{"a":0,"k":0,"ix":4},"sa":{"a":0,"k":0,"ix":5},"nm":"Transform"}],"nm":"Path","np":2,"cix":2,"bm":0,"ix":1,"mn":"ADBE Vector Group","hd":false},{"ty":"gr","it":[{"ty":"gr","it":[{"ind":0,"ty":"sh","ix":1,"ks":{"a":0,"k":{"i":[[0,-0.385],[0,0.418]],"o":[[0,0.418],[0,-0.385]],"v":[[-165.745,288.488],[-165.144,288.488]],"c":true},"ix":2},"nm":"Path 1","mn":"ADBE Vector Shape - Group","hd":false},{"ty":"fl","c":{"a":0,"k":[0.670588254929,0.588235318661,0.549019634724,1],"ix":4},"o":{"a":0,"k":100,"ix":5},"r":1,"bm":0,"nm":"Fill 1","mn":"ADBE Vector Graphic - Fill","hd":false},{"ty":"tr","p":{"a":0,"k":[0,0],"ix":2},"a":{"a":0,"k":[0,0],"ix":1},"s":{"a":0,"k":[100,100],"ix":3},"r":{"a":0,"k":0,"ix":6},"o":{"a":0,"k":100,"ix":7},"sk":{"a":0,"k":0,"ix":4},"sa":{"a":0,"k":0,"ix":5},"nm":"Transform"}],"nm":"Path","np":2,"cix":2,"bm":0,"ix":1,"mn":"ADBE Vector Group","hd":false},{"ty":"gr","it":[{"ind":0,"ty":"sh","ix":1,"ks":{"a":0,"k":{"i":[[0,-0.924],[0,0.994]],"o":[[0,0.994],[0,-0.924]],"v":[[-165.526,288.893],[-164.089,288.893]],"c":true},"ix":2},"nm":"Path 1","mn":"ADBE Vector Shape - Group","hd":false},{"ty":"fl","c":{"a":0,"k":[0.101960785687,0.086274512112,0.149019613862,1],"ix":4},"o":{"a":0,"k":100,"ix":5},"r":1,"bm":0,"nm":"Fill 1","mn":"ADBE Vector Graphic - Fill","hd":false},{"ty":"tr","p":{"a":0,"k":[0,0],"ix":2},"a":{"a":0,"k":[0,0],"ix":1},"s":{"a":0,"k":[100,100],"ix":3},"r":{"a":0,"k":0,"ix":6},"o":{"a":0,"k":100,"ix":7},"sk":{"a":0,"k":0,"ix":4},"sa":{"a":0,"k":0,"ix":5},"nm":"Transform"}],"nm":"Path 2","np":2,"cix":2,"bm":0,"ix":2,"mn":"ADBE Vector Group","hd":false},{"ty":"gr","it":[{"ind":0,"ty":"sh","ix":1,"ks":{"a":0,"k":{"i":[[-0.795,0],[0,-1.103],[0.793,0],[0,0.793]],"o":[[0.795,0],[0,0.793],[-0.795,0],[0,-1.103]],"v":[[-164.808,287.861],[-163.37,288.918],[-164.808,290.355],[-166.247,288.918]],"c":true},"ix":2},"nm":"Path 1","mn":"ADBE Vector Shape - Group","hd":false},{"ty":"gf","o":{"a":0,"k":100,"ix":10},"r":1,"bm":0,"g":{"p":3,"k":{"a":0,"k":[0,0.651,0.412,0.29,0.5,0.48,0.288,0.204,1,0.31,0.165,0.118],"ix":9}},"s":{"a":0,"k":[-4778.276,-636.565],"ix":5},"e":{"a":0,"k":[0,0],"ix":6},"t":1,"nm":"wjugglinh2g","mn":"ADBE Vector Graphic - G-Fill","hd":false},{"ty":"tr","p":{"a":0,"k":[0,0],"ix":2},"a":{"a":0,"k":[0,0],"ix":1},"s":{"a":0,"k":[100,100],"ix":3},"r":{"a":0,"k":0,"ix":6},"o":{"a":0,"k":100,"ix":7},"sk":{"a":0,"k":0,"ix":4},"sa":{"a":0,"k":0,"ix":5},"nm":"Transform"}],"nm":"Oval","np":2,"cix":2,"bm":0,"ix":3,"mn":"ADBE Vector Group","hd":false},{"ty":"tr","p":{"a":1,"k":[{"i":{"x":0.833,"y":0.833},"o":{"x":0.167,"y":0.167},"t":8,"s":[-164.809,289.108],"to":[-0.11,0.02],"ti":[0.11,-0.02]},{"i":{"x":0.833,"y":0.833},"o":{"x":0.167,"y":0.167},"t":10,"s":[-165.471,289.225],"to":[0,0],"ti":[0,0]},{"i":{"x":0.833,"y":0.833},"o":{"x":0.167,"y":0.167},"t":31,"s":[-165.471,289.225],"to":[0.11,-0.02],"ti":[-0.11,0.02]},{"t":34,"s":[-164.809,289.108]}],"ix":2},"a":{"a":0,"k":[-164.809,289.108],"ix":1},"s":{"a":0,"k":[100,100],"ix":3},"r":{"a":0,"k":0,"ix":6},"o":{"a":0,"k":100,"ix":7},"sk":{"a":0,"k":0,"ix":4},"sa":{"a":0,"k":0,"ix":5},"nm":"Transform"}],"nm":"Group 1","np":3,"cix":2,"bm":0,"ix":2,"mn":"ADBE Vector Group","hd":false},{"ty":"gr","it":[{"ind":0,"ty":"sh","ix":1,"ks":{"a":0,"k":{"i":[[0.695,-1.891],[-0.791,-0.373],[-1.373,0.578],[0.053,0.447]],"o":[[-0.055,0.42],[0.502,0.238],[0.615,-0.26],[-0.744,-1.4]],"v":[[-167.477,289.322],[-166.456,290.613],[-163.538,290.553],[-162.378,289.039]],"c":true},"ix":2},"nm":"Path 1","mn":"ADBE Vector Shape - Group","hd":false},{"ty":"fl","c":{"a":0,"k":[1,1,1,1],"ix":4},"o":{"a":0,"k":100,"ix":5},"r":1,"bm":0,"nm":"Fill 1","mn":"ADBE Vector Graphic - Fill","hd":false},{"ty":"tr","p":{"a":0,"k":[0,0],"ix":2},"a":{"a":0,"k":[0,0],"ix":1},"s":{"a":0,"k":[100,100],"ix":3},"r":{"a":0,"k":0,"ix":6},"o":{"a":0,"k":100,"ix":7},"sk":{"a":0,"k":0,"ix":4},"sa":{"a":0,"k":0,"ix":5},"nm":"Transform"}],"nm":"Path","np":2,"cix":2,"bm":0,"ix":3,"mn":"ADBE Vector Group","hd":false},{"ty":"tr","p":{"a":0,"k":[0,0],"ix":2},"a":{"a":0,"k":[0,0],"ix":1},"s":{"a":0,"k":[100,100],"ix":3},"r":{"a":0,"k":0,"ix":6},"o":{"a":0,"k":100,"ix":7},"sk":{"a":0,"k":0,"ix":4},"sa":{"a":0,"k":0,"ix":5},"nm":"Transform"}],"nm":"Group 1","np":3,"cix":2,"bm":0,"ix":1,"mn":"ADBE Vector Group","hd":false},{"ty":"gr","it":[{"ty":"gr","it":[{"ind":0,"ty":"sh","ix":1,"ks":{"a":0,"k":{"i":[[-0.496,-2.379],[0.541,-1.262]],"o":[[-0.584,-1.877],[0.201,-1.615]],"v":[[-170.298,289.377],[-175.403,289.039]],"c":true},"ix":2},"nm":"Path 1","mn":"ADBE Vector Shape - Group","hd":false},{"ty":"fl","c":{"a":0,"k":[0.270588248968,0.20000000298,0.172549024224,1],"ix":4},"o":{"a":0,"k":100,"ix":5},"r":1,"bm":0,"nm":"Fill 1","mn":"ADBE Vector Graphic - Fill","hd":false},{"ty":"tr","p":{"a":0,"k":[0,0],"ix":2},"a":{"a":0,"k":[0,0],"ix":1},"s":{"a":0,"k":[100,100],"ix":3},"r":{"a":0,"k":0,"ix":6},"o":{"a":0,"k":100,"ix":7},"sk":{"a":0,"k":0,"ix":4},"sa":{"a":0,"k":0,"ix":5},"nm":"Transform"}],"nm":"Path","np":2,"cix":2,"bm":0,"ix":1,"mn":"ADBE Vector Group","hd":false},{"ty":"gr","it":[{"ty":"gr","it":[{"ind":0,"ty":"sh","ix":1,"ks":{"a":0,"k":{"i":[[0,-0.385],[0,0.418]],"o":[[0,0.418],[0,-0.385]],"v":[[-173.507,288.488],[-172.903,288.488]],"c":true},"ix":2},"nm":"Path 1","mn":"ADBE Vector Shape - Group","hd":false},{"ty":"fl","c":{"a":0,"k":[0.670588254929,0.588235318661,0.549019634724,1],"ix":4},"o":{"a":0,"k":100,"ix":5},"r":1,"bm":0,"nm":"Fill 1","mn":"ADBE Vector Graphic - Fill","hd":false},{"ty":"tr","p":{"a":0,"k":[0,0],"ix":2},"a":{"a":0,"k":[0,0],"ix":1},"s":{"a":0,"k":[100,100],"ix":3},"r":{"a":0,"k":0,"ix":6},"o":{"a":0,"k":100,"ix":7},"sk":{"a":0,"k":0,"ix":4},"sa":{"a":0,"k":0,"ix":5},"nm":"Transform"}],"nm":"Path","np":2,"cix":2,"bm":0,"ix":1,"mn":"ADBE Vector Group","hd":false},{"ty":"gr","it":[{"ind":0,"ty":"sh","ix":1,"ks":{"a":0,"k":{"i":[[0,-0.924],[0,0.994]],"o":[[0,0.994],[0,-0.924]],"v":[[-173.288,288.893],[-171.849,288.893]],"c":true},"ix":2},"nm":"Path 1","mn":"ADBE Vector Shape - Group","hd":false},{"ty":"fl","c":{"a":0,"k":[0.101960785687,0.086274512112,0.149019613862,1],"ix":4},"o":{"a":0,"k":100,"ix":5},"r":1,"bm":0,"nm":"Fill 1","mn":"ADBE Vector Graphic - Fill","hd":false},{"ty":"tr","p":{"a":0,"k":[0,0],"ix":2},"a":{"a":0,"k":[0,0],"ix":1},"s":{"a":0,"k":[100,100],"ix":3},"r":{"a":0,"k":0,"ix":6},"o":{"a":0,"k":100,"ix":7},"sk":{"a":0,"k":0,"ix":4},"sa":{"a":0,"k":0,"ix":5},"nm":"Transform"}],"nm":"Path 2","np":2,"cix":2,"bm":0,"ix":2,"mn":"ADBE Vector Group","hd":false},{"ty":"gr","it":[{"ind":0,"ty":"sh","ix":1,"ks":{"a":0,"k":{"i":[[-0.795,0],[0,-0.838],[0.795,0],[0,0.793]],"o":[[0.795,0],[0,0.793],[-0.793,0],[0,-1.103]],"v":[[-172.569,287.861],[-171.13,288.918],[-172.569,290.355],[-174.007,288.918]],"c":true},"ix":2},"nm":"Path 1","mn":"ADBE Vector Shape - Group","hd":false},{"ty":"gf","o":{"a":0,"k":100,"ix":10},"r":1,"bm":0,"g":{"p":3,"k":{"a":0,"k":[0,0.651,0.412,0.29,0.5,0.48,0.288,0.204,1,0.31,0.165,0.118],"ix":9}},"s":{"a":0,"k":[-4728.483,-636.565],"ix":5},"e":{"a":0,"k":[0,0],"ix":6},"t":1,"nm":"wjugglinh3g","mn":"ADBE Vector Graphic - G-Fill","hd":false},{"ty":"tr","p":{"a":0,"k":[0,0],"ix":2},"a":{"a":0,"k":[0,0],"ix":1},"s":{"a":0,"k":[100,100],"ix":3},"r":{"a":0,"k":0,"ix":6},"o":{"a":0,"k":100,"ix":7},"sk":{"a":0,"k":0,"ix":4},"sa":{"a":0,"k":0,"ix":5},"nm":"Transform"}],"nm":"Oval","np":2,"cix":2,"bm":0,"ix":3,"mn":"ADBE Vector Group","hd":false},{"ty":"tr","p":{"a":1,"k":[{"i":{"x":0.833,"y":0.833},"o":{"x":0.167,"y":0.167},"t":8,"s":[-172.568,289.108],"to":[-0.125,0.011],"ti":[0.125,-0.011]},{"i":{"x":0.833,"y":0.833},"o":{"x":0.167,"y":0.167},"t":10,"s":[-173.318,289.176],"to":[0,0],"ti":[0,0]},{"i":{"x":0.833,"y":0.833},"o":{"x":0.167,"y":0.167},"t":31,"s":[-173.318,289.176],"to":[0.125,-0.011],"ti":[-0.125,0.011]},{"t":34,"s":[-172.568,289.108]}],"ix":2},"a":{"a":0,"k":[-172.568,289.108],"ix":1},"s":{"a":0,"k":[100,100],"ix":3},"r":{"a":0,"k":0,"ix":6},"o":{"a":0,"k":100,"ix":7},"sk":{"a":0,"k":0,"ix":4},"sa":{"a":0,"k":0,"ix":5},"nm":"Transform"}],"nm":"Group 1","np":3,"cix":2,"bm":0,"ix":2,"mn":"ADBE Vector Group","hd":false},{"ty":"gr","it":[{"ind":0,"ty":"sh","ix":1,"ks":{"a":0,"k":{"i":[[-0.697,-1.891],[0.789,-0.373],[1.371,0.578],[-0.055,0.447]],"o":[[0.053,0.42],[-0.502,0.238],[-0.615,-0.26],[0.742,-1.4]],"v":[[-170.304,289.322],[-171.325,290.613],[-174.243,290.553],[-175.403,289.039]],"c":true},"ix":2},"nm":"Path 1","mn":"ADBE Vector Shape - Group","hd":false},{"ty":"fl","c":{"a":0,"k":[1,1,1,1],"ix":4},"o":{"a":0,"k":100,"ix":5},"r":1,"bm":0,"nm":"Fill 1","mn":"ADBE Vector Graphic - Fill","hd":false},{"ty":"tr","p":{"a":0,"k":[0,0],"ix":2},"a":{"a":0,"k":[0,0],"ix":1},"s":{"a":0,"k":[100,100],"ix":3},"r":{"a":0,"k":0,"ix":6},"o":{"a":0,"k":100,"ix":7},"sk":{"a":0,"k":0,"ix":4},"sa":{"a":0,"k":0,"ix":5},"nm":"Transform"}],"nm":"Path","np":2,"cix":2,"bm":0,"ix":3,"mn":"ADBE Vector Group","hd":false},{"ty":"tr","p":{"a":0,"k":[0,0],"ix":2},"a":{"a":0,"k":[0,0],"ix":1},"s":{"a":0,"k":[100,100],"ix":3},"r":{"a":0,"k":0,"ix":6},"o":{"a":0,"k":100,"ix":7},"sk":{"a":0,"k":0,"ix":4},"sa":{"a":0,"k":0,"ix":5},"nm":"Transform"}],"nm":"Group 2","np":3,"cix":2,"bm":0,"ix":2,"mn":"ADBE Vector Group","hd":false},{"ty":"tr","p":{"a":0,"k":[0,0],"ix":2},"a":{"a":0,"k":[0,0],"ix":1},"s":{"a":0,"k":[100,100],"ix":3},"r":{"a":0,"k":0,"ix":6},"o":{"a":0,"k":100,"ix":7},"sk":{"a":0,"k":0,"ix":4},"sa":{"a":0,"k":0,"ix":5},"nm":"Transform"}],"nm":"Group 1","np":2,"cix":2,"bm":0,"ix":1,"mn":"ADBE Vector Group","hd":false},{"ty":"gr","it":[{"ind":0,"ty":"sh","ix":1,"ks":{"a":0,"k":{"i":[[0.184,0.129],[0.922,0],[0.15,-0.105],[-1.322,0]],"o":[[-0.15,-0.105],[-0.922,0],[-0.182,0.129],[1.32,0]],"v":[[-167.464,293.34],[-168.892,293.398],[-170.319,293.34],[-168.892,294.043]],"c":true},"ix":2},"nm":"Path 1","mn":"ADBE Vector Shape - Group","hd":false},{"ty":"fl","c":{"a":0,"k":[0.858823537827,0.615686297417,0.227450981736,1],"ix":4},"o":{"a":0,"k":100,"ix":5},"r":1,"bm":0,"nm":"Fill 1","mn":"ADBE Vector Graphic - Fill","hd":false},{"ty":"tr","p":{"a":0,"k":[0,0],"ix":2},"a":{"a":0,"k":[0,0],"ix":1},"s":{"a":0,"k":[100,100],"ix":3},"r":{"a":0,"k":0,"ix":6},"o":{"a":0,"k":100,"ix":7},"sk":{"a":0,"k":0,"ix":4},"sa":{"a":0,"k":0,"ix":5},"nm":"Transform"}],"nm":"Group 2","np":2,"cix":2,"bm":0,"ix":2,"mn":"ADBE Vector Group","hd":false},{"ty":"gr","it":[{"ty":"gr","it":[{"ind":0,"ty":"sh","ix":1,"ks":{"a":0,"k":{"i":[[-0.209,0.119],[-0.98,-0.559],[0.18,0.076],[1.314,-0.676]],"o":[[1.381,-0.822],[0.209,0.113],[-1.398,-0.58],[-0.176,0.088]],"v":[[-175.642,286.826],[-170.806,286.463],[-170.833,287.096],[-175.671,287.16]],"c":true},"ix":2},"nm":"Path 1","mn":"ADBE Vector Shape - Group","hd":false},{"ty":"fl","c":{"a":0,"k":[0.588235318661,0.435294121504,0.258823543787,1],"ix":4},"o":{"a":0,"k":100,"ix":5},"r":1,"bm":0,"nm":"Fill 1","mn":"ADBE Vector Graphic - Fill","hd":false},{"ty":"tr","p":{"a":0,"k":[0,0],"ix":2},"a":{"a":0,"k":[0,0],"ix":1},"s":{"a":0,"k":[100,100],"ix":3},"r":{"a":0,"k":0,"ix":6},"o":{"a":0,"k":100,"ix":7},"sk":{"a":0,"k":0,"ix":4},"sa":{"a":0,"k":0,"ix":5},"nm":"Transform"}],"nm":"Group 1","np":2,"cix":2,"bm":0,"ix":1,"mn":"ADBE Vector Group","hd":false},{"ty":"gr","it":[{"ind":0,"ty":"sh","ix":1,"ks":{"a":0,"k":{"i":[[0.209,0.119],[0.98,-0.559],[-0.18,0.076],[-1.311,-0.674]],"o":[[-1.381,-0.822],[-0.207,0.113],[1.396,-0.58],[0.176,0.088]],"v":[[-162.142,286.826],[-166.977,286.463],[-166.948,287.096],[-162.112,287.16]],"c":true},"ix":2},"nm":"Path 1","mn":"ADBE Vector Shape - Group","hd":false},{"ty":"fl","c":{"a":0,"k":[0.588235318661,0.435294121504,0.258823543787,1],"ix":4},"o":{"a":0,"k":100,"ix":5},"r":1,"bm":0,"nm":"Fill 1","mn":"ADBE Vector Graphic - Fill","hd":false},{"ty":"tr","p":{"a":0,"k":[0,0],"ix":2},"a":{"a":0,"k":[0,0],"ix":1},"s":{"a":0,"k":[100,100],"ix":3},"r":{"a":0,"k":0,"ix":6},"o":{"a":0,"k":100,"ix":7},"sk":{"a":0,"k":0,"ix":4},"sa":{"a":0,"k":0,"ix":5},"nm":"Transform"}],"nm":"Group 2","np":2,"cix":2,"bm":0,"ix":2,"mn":"ADBE Vector Group","hd":false},{"ty":"tr","p":{"a":0,"k":[0,0],"ix":2},"a":{"a":0,"k":[0,0],"ix":1},"s":{"a":0,"k":[100,100],"ix":3},"r":{"a":0,"k":0,"ix":6},"o":{"a":0,"k":100,"ix":7},"sk":{"a":0,"k":0,"ix":4},"sa":{"a":0,"k":0,"ix":5},"nm":"Transform"}],"nm":"Group 3","np":2,"cix":2,"bm":0,"ix":3,"mn":"ADBE Vector Group","hd":false},{"ty":"gr","it":[{"ty":"gr","it":[{"ind":0,"ty":"sh","ix":1,"ks":{"a":0,"k":{"i":[[2.309,0.25],[-1.482,1.539]],"o":[[1.5,1.562],[-2.311,0.248]],"v":[[-171.999,295.822],[-165.782,295.824]],"c":true},"ix":2},"nm":"Path 1","mn":"ADBE Vector Shape - Group","hd":false},{"ty":"fl","c":{"a":0,"k":[1,1,1,1],"ix":4},"o":{"a":0,"k":100,"ix":5},"r":1,"bm":0,"nm":"Fill 1","mn":"ADBE Vector Graphic - Fill","hd":false},{"ty":"tr","p":{"a":0,"k":[0,0],"ix":2},"a":{"a":0,"k":[0,0],"ix":1},"s":{"a":0,"k":[100,100],"ix":3},"r":{"a":0,"k":0,"ix":6},"o":{"a":0,"k":100,"ix":7},"sk":{"a":0,"k":0,"ix":4},"sa":{"a":0,"k":0,"ix":5},"nm":"Transform"}],"nm":"Group 1","np":2,"cix":2,"bm":0,"ix":1,"mn":"ADBE Vector Group","hd":false},{"ty":"gr","it":[{"ind":0,"ty":"sh","ix":1,"ks":{"a":0,"k":{"i":[[1.49,-0.654],[2.299,-0.154],[-2.299,0],[-0.713,0.809]],"o":[[-1.488,-0.654],[0.863,0.98],[2.641,0],[-2.301,-0.154]],"v":[[-168.892,295.451],[-172.69,295.578],[-168.894,297.818],[-165.093,295.578]],"c":true},"ix":2},"nm":"Path 1","mn":"ADBE Vector Shape - Group","hd":false},{"ty":"fl","c":{"a":0,"k":[0.831372559071,0.466666668653,0.023529412225,1],"ix":4},"o":{"a":0,"k":100,"ix":5},"r":1,"bm":0,"nm":"Fill 1","mn":"ADBE Vector Graphic - Fill","hd":false},{"ty":"tr","p":{"a":0,"k":[0,0],"ix":2},"a":{"a":0,"k":[0,0],"ix":1},"s":{"a":0,"k":[100,100],"ix":3},"r":{"a":0,"k":0,"ix":6},"o":{"a":0,"k":100,"ix":7},"sk":{"a":0,"k":0,"ix":4},"sa":{"a":0,"k":0,"ix":5},"nm":"Transform"}],"nm":"Group 2","np":2,"cix":2,"bm":0,"ix":2,"mn":"ADBE Vector Group","hd":false},{"ty":"tr","p":{"a":0,"k":[0,0],"ix":2},"a":{"a":0,"k":[0,0],"ix":1},"s":{"a":0,"k":[100,100],"ix":3},"r":{"a":0,"k":0,"ix":6},"o":{"a":0,"k":100,"ix":7},"sk":{"a":0,"k":0,"ix":4},"sa":{"a":0,"k":0,"ix":5},"nm":"Transform"}],"nm":"Group 4","np":2,"cix":2,"bm":0,"ix":4,"mn":"ADBE Vector Group","hd":false},{"ty":"gr","it":[{"ind":0,"ty":"sh","ix":1,"ks":{"a":0,"k":{"i":[[6.354,0],[-0.381,-6.65],[-0.459,-1.652],[-2.141,0],[-0.955,3.436],[-0.078,1.336]],"o":[[-6.352,0],[0.08,1.336],[0.953,3.436],[2.141,0],[0.459,-1.652],[0.383,-6.65]],"v":[[-168.892,277.217],[-177.921,289.039],[-177.011,293.957],[-168.892,300.852],[-160.77,293.957],[-159.862,289.039]],"c":true},"ix":2},"nm":"Path 1","mn":"ADBE Vector Shape - Group","hd":false},{"ty":"fl","c":{"a":0,"k":[1,0.788235294118,0.250980392157,1],"ix":4},"o":{"a":0,"k":100,"ix":5},"r":1,"bm":0,"nm":"Fill 1","mn":"ADBE Vector Graphic - Fill","hd":false},{"ty":"tr","p":{"a":0,"k":[0,0],"ix":2},"a":{"a":0,"k":[0,0],"ix":1},"s":{"a":0,"k":[100,100],"ix":3},"r":{"a":0,"k":0,"ix":6},"o":{"a":0,"k":100,"ix":7},"sk":{"a":0,"k":0,"ix":4},"sa":{"a":0,"k":0,"ix":5},"nm":"Transform"}],"nm":"Group 5","np":2,"cix":2,"bm":0,"ix":5,"mn":"ADBE Vector Group","hd":false},{"ty":"tr","p":{"a":0,"k":[0,0],"ix":2},"a":{"a":0,"k":[0,0],"ix":1},"s":{"a":0,"k":[100,100],"ix":3},"r":{"a":0,"k":0,"ix":6},"o":{"a":0,"k":100,"ix":7},"sk":{"a":0,"k":0,"ix":4},"sa":{"a":0,"k":0,"ix":5},"nm":"Transform"}],"nm":"Group 2","np":5,"cix":2,"bm":0,"ix":2,"mn":"ADBE Vector Group","hd":false},{"ty":"gr","it":[{"ty":"gr","it":[{"ty":"tr","p":{"a":0,"k":[0,0],"ix":2},"a":{"a":0,"k":[0,0],"ix":1},"s":{"a":0,"k":[100,100],"ix":3},"r":{"a":0,"k":0,"ix":6},"o":{"a":0,"k":100,"ix":7},"sk":{"a":0,"k":0,"ix":4},"sa":{"a":0,"k":0,"ix":5},"nm":"Transform"}],"nm":"Group 1","np":0,"cix":2,"bm":0,"ix":1,"mn":"ADBE Vector Group","hd":false},{"ty":"gr","it":[{"ty":"tr","p":{"a":0,"k":[0,0],"ix":2},"a":{"a":0,"k":[0,0],"ix":1},"s":{"a":0,"k":[100,100],"ix":3},"r":{"a":0,"k":0,"ix":6},"o":{"a":0,"k":100,"ix":7},"sk":{"a":0,"k":0,"ix":4},"sa":{"a":0,"k":0,"ix":5},"nm":"Transform"}],"nm":"Group 2","np":0,"cix":2,"bm":0,"ix":2,"mn":"ADBE Vector Group","hd":false},{"ty":"tr","p":{"a":0,"k":[0,0],"ix":2},"a":{"a":0,"k":[0,0],"ix":1},"s":{"a":0,"k":[100,100],"ix":3},"r":{"a":0,"k":0,"ix":6},"o":{"a":0,"k":100,"ix":7},"sk":{"a":0,"k":0,"ix":4},"sa":{"a":0,"k":0,"ix":5},"nm":"Transform"}],"nm":"Group 3","np":2,"cix":2,"bm":0,"ix":3,"mn":"ADBE Vector Group","hd":false}],"ip":0,"op":48,"st":0,"bm":0},{"ddd":0,"ind":11,"ty":4,"nm":"Buttons","parent":13,"sr":1,"ks":{"o":{"a":0,"k":100,"ix":11},"r":{"a":0,"k":0,"ix":10},"p":{"a":0,"k":[0,0,0],"ix":2},"a":{"a":0,"k":[0,0,0],"ix":1},"s":{"a":0,"k":[100,100,100],"ix":6}},"ao":0,"shapes":[{"ty":"gr","it":[{"ty":"gr","it":[{"ind":0,"ty":"sh","ix":1,"ks":{"a":0,"k":{"i":[[0.001,0.5],[-0.002,-0.5]],"o":[[-0.001,-0.5],[0,0.498]],"v":[[-169.265,318.232],[-168.515,318.232]],"c":true},"ix":2},"nm":"Path 1","mn":"ADBE Vector Shape - Group","hd":false},{"ty":"fl","c":{"a":0,"k":[0.188235297799,0.172549024224,0.23137255013,1],"ix":4},"o":{"a":0,"k":100,"ix":5},"r":1,"bm":0,"nm":"Fill 1","mn":"ADBE Vector Graphic - Fill","hd":false},{"ty":"tr","p":{"a":0,"k":[0,0],"ix":2},"a":{"a":0,"k":[0,0],"ix":1},"s":{"a":0,"k":[100,100],"ix":3},"r":{"a":0,"k":0,"ix":6},"o":{"a":0,"k":100,"ix":7},"sk":{"a":0,"k":0,"ix":4},"sa":{"a":0,"k":0,"ix":5},"nm":"Transform"}],"nm":"Group 3","np":2,"cix":2,"bm":0,"ix":1,"mn":"ADBE Vector Group","hd":false},{"ty":"tr","p":{"a":0,"k":[536.012,833.793],"ix":2},"a":{"a":0,"k":[-168.89,318.232],"ix":1},"s":{"a":0,"k":[1200,1200],"ix":3},"r":{"a":0,"k":0,"ix":6},"o":{"a":0,"k":100,"ix":7},"sk":{"a":0,"k":0,"ix":4},"sa":{"a":0,"k":0,"ix":5},"nm":"Transform"}],"nm":"Layer 1 - Group 3","np":1,"cix":2,"bm":0,"ix":1,"mn":"ADBE Vector Group","hd":false},{"ty":"gr","it":[{"ty":"gr","it":[{"ind":0,"ty":"sh","ix":1,"ks":{"a":0,"k":{"i":[[0.001,0.5],[-0.002,-0.5]],"o":[[-0.001,-0.5],[0,0.498]],"v":[[-169.265,313.389],[-168.515,313.389]],"c":true},"ix":2},"nm":"Path 1","mn":"ADBE Vector Shape - Group","hd":false},{"ty":"fl","c":{"a":0,"k":[0.188235297799,0.172549024224,0.23137255013,1],"ix":4},"o":{"a":0,"k":100,"ix":5},"r":1,"bm":0,"nm":"Fill 1","mn":"ADBE Vector Graphic - Fill","hd":false},{"ty":"tr","p":{"a":0,"k":[0,0],"ix":2},"a":{"a":0,"k":[0,0],"ix":1},"s":{"a":0,"k":[100,100],"ix":3},"r":{"a":0,"k":0,"ix":6},"o":{"a":0,"k":100,"ix":7},"sk":{"a":0,"k":0,"ix":4},"sa":{"a":0,"k":0,"ix":5},"nm":"Transform"}],"nm":"Group 4","np":2,"cix":2,"bm":0,"ix":1,"mn":"ADBE Vector Group","hd":false},{"ty":"tr","p":{"a":0,"k":[536.012,775.668],"ix":2},"a":{"a":0,"k":[-168.89,313.388],"ix":1},"s":{"a":0,"k":[1200,1200],"ix":3},"r":{"a":0,"k":0,"ix":6},"o":{"a":0,"k":100,"ix":7},"sk":{"a":0,"k":0,"ix":4},"sa":{"a":0,"k":0,"ix":5},"nm":"Transform"}],"nm":"Layer 1 - Group 4","np":1,"cix":2,"bm":0,"ix":2,"mn":"ADBE Vector Group","hd":false},{"ty":"gr","it":[{"ty":"gr","it":[{"ind":0,"ty":"sh","ix":1,"ks":{"a":0,"k":{"i":[[0.001,0.5],[-0.002,-0.5]],"o":[[-0.001,-0.5],[0,0.498]],"v":[[-169.265,308.545],[-168.515,308.545]],"c":true},"ix":2},"nm":"Path 1","mn":"ADBE Vector Shape - Group","hd":false},{"ty":"fl","c":{"a":0,"k":[0.188235297799,0.172549024224,0.23137255013,1],"ix":4},"o":{"a":0,"k":100,"ix":5},"r":1,"bm":0,"nm":"Fill 1","mn":"ADBE Vector Graphic - Fill","hd":false},{"ty":"tr","p":{"a":0,"k":[0,0],"ix":2},"a":{"a":0,"k":[0,0],"ix":1},"s":{"a":0,"k":[100,100],"ix":3},"r":{"a":0,"k":0,"ix":6},"o":{"a":0,"k":100,"ix":7},"sk":{"a":0,"k":0,"ix":4},"sa":{"a":0,"k":0,"ix":5},"nm":"Transform"}],"nm":"Group 5","np":2,"cix":2,"bm":0,"ix":1,"mn":"ADBE Vector Group","hd":false},{"ty":"tr","p":{"a":0,"k":[536.012,717.543],"ix":2},"a":{"a":0,"k":[-168.89,308.545],"ix":1},"s":{"a":0,"k":[1200,1200],"ix":3},"r":{"a":0,"k":0,"ix":6},"o":{"a":0,"k":100,"ix":7},"sk":{"a":0,"k":0,"ix":4},"sa":{"a":0,"k":0,"ix":5},"nm":"Transform"}],"nm":"Layer 1 - Group 5","np":1,"cix":2,"bm":0,"ix":3,"mn":"ADBE Vector Group","hd":false}],"ip":0,"op":48,"st":0,"bm":0},{"ddd":0,"ind":12,"ty":4,"nm":"Isolation Mode","sr":1,"ks":{"o":{"a":0,"k":100,"ix":11},"r":{"a":0,"k":0,"ix":10},"p":{"a":0,"k":[535.969,728.9,0],"ix":2},"a":{"a":0,"k":[535.969,729.9,0],"ix":1},"s":{"a":0,"k":[100,100,100],"ix":6}},"ao":0,"shapes":[{"ty":"gr","it":[{"ind":0,"ty":"sh","ix":1,"ks":{"a":0,"k":{"i":[[0.011,5.991],[-0.024,-5.991]],"o":[[-0.012,-5.991],[0,5.968]],"v":[[-4.493,0.004],[4.493,0.004]],"c":true},"ix":2},"nm":"Path 1","mn":"ADBE Vector Shape - Group","hd":false},{"ty":"fl","c":{"a":0,"k":[0.188235297799,0.172549024224,0.23137255013,1],"ix":4},"o":{"a":0,"k":100,"ix":5},"r":1,"bm":0,"nm":"Fill 1","mn":"ADBE Vector Graphic - Fill","hd":false},{"ty":"tr","p":{"a":0,"k":[535.976,833.272],"ix":2},"a":{"a":0,"k":[0,0],"ix":1},"s":{"a":0,"k":[100,100],"ix":3},"r":{"a":0,"k":0,"ix":6},"o":{"a":0,"k":100,"ix":7},"sk":{"a":0,"k":0,"ix":4},"sa":{"a":0,"k":0,"ix":5},"nm":"Transform"}],"nm":"Group 1","np":2,"cix":2,"bm":0,"ix":1,"mn":"ADBE Vector Group","hd":false},{"ty":"gr","it":[{"ind":0,"ty":"sh","ix":1,"ks":{"a":0,"k":{"i":[[0.011,5.991],[-0.024,-5.991]],"o":[[-0.012,-5.991],[0,5.967]],"v":[[-4.493,0.004],[4.493,0.004]],"c":true},"ix":2},"nm":"Path 1","mn":"ADBE Vector Shape - Group","hd":false},{"ty":"fl","c":{"a":0,"k":[0.188235297799,0.172549024224,0.23137255013,1],"ix":4},"o":{"a":0,"k":100,"ix":5},"r":1,"bm":0,"nm":"Fill 1","mn":"ADBE Vector Graphic - Fill","hd":false},{"ty":"tr","p":{"a":0,"k":[535.976,775.234],"ix":2},"a":{"a":0,"k":[0,0],"ix":1},"s":{"a":0,"k":[100,100],"ix":3},"r":{"a":0,"k":0,"ix":6},"o":{"a":0,"k":100,"ix":7},"sk":{"a":0,"k":0,"ix":4},"sa":{"a":0,"k":0,"ix":5},"nm":"Transform"}],"nm":"Group 2","np":2,"cix":2,"bm":0,"ix":2,"mn":"ADBE Vector Group","hd":false},{"ty":"gr","it":[{"ind":0,"ty":"sh","ix":1,"ks":{"a":0,"k":{"i":[[0.011,5.991],[-0.024,-5.991]],"o":[[-0.012,-5.991],[0,5.968]],"v":[[-4.493,0.004],[4.493,0.004]],"c":true},"ix":2},"nm":"Path 1","mn":"ADBE Vector Shape - Group","hd":false},{"ty":"fl","c":{"a":0,"k":[0.188235297799,0.172549024224,0.23137255013,1],"ix":4},"o":{"a":0,"k":100,"ix":5},"r":1,"bm":0,"nm":"Fill 1","mn":"ADBE Vector Graphic - Fill","hd":false},{"ty":"tr","p":{"a":0,"k":[535.976,717.196],"ix":2},"a":{"a":0,"k":[0,0],"ix":1},"s":{"a":0,"k":[100,100],"ix":3},"r":{"a":0,"k":0,"ix":6},"o":{"a":0,"k":100,"ix":7},"sk":{"a":0,"k":0,"ix":4},"sa":{"a":0,"k":0,"ix":5},"nm":"Transform"}],"nm":"Group 3","np":2,"cix":2,"bm":0,"ix":3,"mn":"ADBE Vector Group","hd":false},{"ty":"gr","it":[{"ty":"gr","it":[{"ind":0,"ty":"sh","ix":1,"ks":{"a":0,"k":{"i":[[10.707,0],[0.058,19.706],[-10.707,0.023],[-0.024,-19.728]],"o":[[-10.718,0.024],[0,-19.727],[10.706,0],[0.023,19.658]],"v":[[0.035,14.012],[-13.374,0.017],[0,-14.024],[13.374,-0.006]],"c":true},"ix":2},"nm":"Path 1","mn":"ADBE Vector Shape - Group","hd":false},{"ty":"gf","o":{"a":0,"k":100,"ix":10},"r":1,"bm":0,"g":{"p":3,"k":{"a":0,"k":[0.097,0.365,0.118,0.588,0.324,0.461,0.18,0.714,0.552,0.557,0.243,0.839],"ix":9}},"s":{"a":0,"k":[39.8,14.845],"ix":5},"e":{"a":0,"k":[-23.964,-146.162],"ix":6},"t":1,"nm":"lm01juGradient Fill 1","mn":"ADBE Vector Graphic - G-Fill","hd":false},{"ty":"tr","p":{"a":0,"k":[535.964,658.162],"ix":2},"a":{"a":0,"k":[0,0],"ix":1},"s":{"a":0,"k":[100,100],"ix":3},"r":{"a":0,"k":0,"ix":6},"o":{"a":0,"k":100,"ix":7},"sk":{"a":0,"k":0,"ix":4},"sa":{"a":0,"k":0,"ix":5},"nm":"Transform"}],"nm":"Group 1","np":2,"cix":2,"bm":0,"ix":1,"mn":"ADBE Vector Group","hd":false},{"ty":"gr","it":[{"ind":0,"ty":"sh","ix":1,"ks":{"a":0,"k":{"i":[[5.933,-28.715],[-2.363,3.72],[9.139,16.896]],"o":[[7.734,25.227],[4.775,-7.559],[-1.416,-2.598]],"v":[[-27.73,-0.787],[22.339,27.553],[22.422,-27.513]],"c":true},"ix":2},"nm":"Path 1","mn":"ADBE Vector Shape - Group","hd":false},{"ty":"gf","o":{"a":0,"k":100,"ix":10},"r":1,"bm":0,"g":{"p":5,"k":{"a":0,"k":[0.261,0.557,0.243,0.839,0.312,0.461,0.18,0.714,0.364,0.365,0.118,0.588,0.433,0.461,0.18,0.714,0.503,0.557,0.243,0.839],"ix":9}},"s":{"a":0,"k":[120.043,241.496],"ix":5},"e":{"a":0,"k":[274.924,152.561],"ix":6},"t":2,"h":{"a":0,"k":0,"ix":7},"a":{"a":0,"k":0,"ix":8},"nm":"lm02juGradient Fill 1","mn":"ADBE Vector Graphic - G-Fill","hd":false},{"ty":"tr","p":{"a":0,"k":[567.414,659.014],"ix":2},"a":{"a":0,"k":[0,0],"ix":1},"s":{"a":0,"k":[100,100],"ix":3},"r":{"a":0,"k":0,"ix":6},"o":{"a":0,"k":100,"ix":7},"sk":{"a":0,"k":0,"ix":4},"sa":{"a":0,"k":0,"ix":5},"nm":"Transform"}],"nm":"Group 2","np":2,"cix":2,"bm":0,"ix":2,"mn":"ADBE Vector Group","hd":false},{"ty":"gr","it":[{"ind":0,"ty":"sh","ix":1,"ks":{"a":0,"k":{"i":[[-5.908,-28.715],[2.352,3.72],[-9.151,16.897]],"o":[[-7.746,25.227],[-4.798,-7.559],[1.403,-2.598]],"v":[[27.727,-0.797],[-22.318,27.543],[-22.411,-27.5]],"c":true},"ix":2},"nm":"Path 1","mn":"ADBE Vector Shape - Group","hd":false},{"ty":"gf","o":{"a":0,"k":100,"ix":10},"r":1,"bm":0,"g":{"p":5,"k":{"a":0,"k":[0.261,0.557,0.243,0.839,0.312,0.461,0.18,0.714,0.364,0.365,0.118,0.588,0.433,0.461,0.18,0.714,0.503,0.557,0.243,0.839],"ix":9}},"s":{"a":0,"k":[-545.935,241.554],"ix":5},"e":{"a":0,"k":[-700.768,152.647],"ix":6},"t":2,"h":{"a":0,"k":0,"ix":7},"a":{"a":0,"k":0,"ix":8},"nm":"lm03juGradient Fill 1","mn":"ADBE Vector Graphic - G-Fill","hd":false},{"ty":"tr","p":{"a":0,"k":[504.515,659.024],"ix":2},"a":{"a":0,"k":[0,0],"ix":1},"s":{"a":0,"k":[100,100],"ix":3},"r":{"a":0,"k":0,"ix":6},"o":{"a":0,"k":100,"ix":7},"sk":{"a":0,"k":0,"ix":4},"sa":{"a":0,"k":0,"ix":5},"nm":"Transform"}],"nm":"Group 3","np":2,"cix":2,"bm":0,"ix":3,"mn":"ADBE Vector Group","hd":false},{"ty":"tr","p":{"a":0,"k":[504.515,659.024],"ix":2},"a":{"a":0,"k":[504.515,659.024],"ix":1},"s":{"a":0,"k":[100,100],"ix":3},"r":{"a":0,"k":0,"ix":6},"o":{"a":0,"k":100,"ix":7},"sk":{"a":0,"k":0,"ix":4},"sa":{"a":0,"k":0,"ix":5},"nm":"Transform"}],"nm":"Group 4","np":3,"cix":2,"bm":0,"ix":4,"mn":"ADBE Vector Group","hd":false},{"ty":"gr","it":[{"ty":"gr","it":[{"ind":0,"ty":"sh","ix":1,"ks":{"a":0,"k":{"i":[[0,0],[0,0],[0,0],[0,0]],"o":[[0,0],[0,0],[0,0],[0,0]],"v":[[-18.383,-32.67],[-33.43,-19.074],[-20.489,32.67],[33.43,1.685]],"c":true},"ix":2},"nm":"Path 1","mn":"ADBE Vector Shape - Group","hd":false},{"ty":"fl","c":{"a":0,"k":[0.960784316063,0.960784316063,0.960784316063,1],"ix":4},"o":{"a":0,"k":100,"ix":5},"r":1,"bm":0,"nm":"Fill 1","mn":"ADBE Vector Graphic - Fill","hd":false},{"ty":"tr","p":{"a":0,"k":[0,0],"ix":2},"a":{"a":0,"k":[0,0],"ix":1},"s":{"a":0,"k":[100,100],"ix":3},"r":{"a":0,"k":0,"ix":6},"o":{"a":0,"k":100,"ix":7},"sk":{"a":0,"k":0,"ix":4},"sa":{"a":0,"k":0,"ix":5},"nm":"Transform"}],"nm":"Group 1","np":2,"cix":2,"bm":0,"ix":1,"mn":"ADBE Vector Group","hd":false},{"ty":"tr","p":{"a":0,"k":[502.545,642.804],"ix":2},"a":{"a":0,"k":[0,0],"ix":1},"s":{"a":0,"k":[100,100],"ix":3},"r":{"a":0,"k":0,"ix":6},"o":{"a":0,"k":100,"ix":7},"sk":{"a":0,"k":0,"ix":4},"sa":{"a":0,"k":0,"ix":5},"nm":"Transform"}],"nm":"Group 5","np":1,"cix":2,"bm":0,"ix":5,"mn":"ADBE Vector Group","hd":false},{"ty":"gr","it":[{"ty":"gr","it":[{"ind":0,"ty":"sh","ix":1,"ks":{"a":0,"k":{"i":[[0,0],[0,0],[0,0],[0,0]],"o":[[0,0],[0,0],[0,0],[0,0]],"v":[[18.376,-32.67],[33.424,-19.074],[20.483,32.67],[-33.424,1.685]],"c":true},"ix":2},"nm":"Path 1","mn":"ADBE Vector Shape - Group","hd":false},{"ty":"fl","c":{"a":0,"k":[0.960784316063,0.960784316063,0.960784316063,1],"ix":4},"o":{"a":0,"k":100,"ix":5},"r":1,"bm":0,"nm":"Fill 1","mn":"ADBE Vector Graphic - Fill","hd":false},{"ty":"tr","p":{"a":0,"k":[0,0],"ix":2},"a":{"a":0,"k":[0,0],"ix":1},"s":{"a":0,"k":[100,100],"ix":3},"r":{"a":0,"k":0,"ix":6},"o":{"a":0,"k":100,"ix":7},"sk":{"a":0,"k":0,"ix":4},"sa":{"a":0,"k":0,"ix":5},"nm":"Transform"}],"nm":"Group 1","np":2,"cix":2,"bm":0,"ix":1,"mn":"ADBE Vector Group","hd":false},{"ty":"tr","p":{"a":0,"k":[569.388,642.804],"ix":2},"a":{"a":0,"k":[0,0],"ix":1},"s":{"a":0,"k":[100,100],"ix":3},"r":{"a":0,"k":0,"ix":6},"o":{"a":0,"k":100,"ix":7},"sk":{"a":0,"k":0,"ix":4},"sa":{"a":0,"k":0,"ix":5},"nm":"Transform"}],"nm":"Group 6","np":1,"cix":2,"bm":0,"ix":6,"mn":"ADBE Vector Group","hd":false},{"ty":"gr","it":[{"ind":0,"ty":"sh","ix":1,"ks":{"a":0,"k":{"i":[[0,0],[0,0],[0,0],[0,0]],"o":[[0,0],[0,0],[0,0],[0,0]],"v":[[-51.807,28.095],[51.807,28.095],[51.807,-28.095],[-51.807,-28.095]],"c":true},"ix":2},"nm":"Path 1","mn":"ADBE Vector Shape - Group","hd":false},{"ty":"fl","c":{"a":0,"k":[0.960784316063,0.733333349228,0.317647069693,1],"ix":4},"o":{"a":0,"k":100,"ix":5},"r":1,"bm":0,"nm":"Fill 1","mn":"ADBE Vector Graphic - Fill","hd":false},{"ty":"tr","p":{"a":0,"k":[535.969,616.395],"ix":2},"a":{"a":0,"k":[0,0],"ix":1},"s":{"a":0,"k":[100,100],"ix":3},"r":{"a":0,"k":0,"ix":6},"o":{"a":0,"k":100,"ix":7},"sk":{"a":0,"k":0,"ix":4},"sa":{"a":0,"k":0,"ix":5},"nm":"Transform"}],"nm":"Group 7","np":2,"cix":2,"bm":0,"ix":7,"mn":"ADBE Vector Group","hd":false},{"ty":"gr","it":[{"ind":0,"ty":"sh","ix":1,"ks":{"a":0,"k":{"i":[[0,0],[0,0],[0,0],[0,0]],"o":[[-14.1,-7.091],[0,0],[18.294,-1.767],[0,0]],"v":[[14.164,-108.956],[-14.164,-119.627],[-14.164,119.627],[14.164,114.146]],"c":true},"ix":2},"nm":"Path 1","mn":"ADBE Vector Shape - Group","hd":false},{"ty":"fl","c":{"a":0,"k":[0.556862771511,0.243137255311,0.839215695858,1],"ix":4},"o":{"a":0,"k":100,"ix":5},"r":1,"bm":0,"nm":"Fill 1","mn":"ADBE Vector Graphic - Fill","hd":false},{"ty":"tr","p":{"a":0,"k":[628.819,747.267],"ix":2},"a":{"a":0,"k":[0,0],"ix":1},"s":{"a":0,"k":[100,100],"ix":3},"r":{"a":0,"k":0,"ix":6},"o":{"a":0,"k":100,"ix":7},"sk":{"a":0,"k":0,"ix":4},"sa":{"a":0,"k":0,"ix":5},"nm":"Transform"}],"nm":"Group 8","np":2,"cix":2,"bm":0,"ix":8,"mn":"ADBE Vector Group","hd":false},{"ty":"gr","it":[{"ind":0,"ty":"sh","ix":1,"ks":{"a":0,"k":{"i":[[0,0],[0,0],[0,0],[0,0]],"o":[[14.111,-7.091],[0,0],[-15.417,-1.205],[0,0]],"v":[[-14.165,-108.956],[14.165,-119.627],[14.165,119.627],[-14.165,114.156]],"c":true},"ix":2},"nm":"Path 1","mn":"ADBE Vector Shape - Group","hd":false},{"ty":"fl","c":{"a":0,"k":[0.556862771511,0.243137255311,0.839215695858,1],"ix":4},"o":{"a":0,"k":100,"ix":5},"r":1,"bm":0,"nm":"Fill 1","mn":"ADBE Vector Graphic - Fill","hd":false},{"ty":"tr","p":{"a":0,"k":[443.425,747.267],"ix":2},"a":{"a":0,"k":[0,0],"ix":1},"s":{"a":0,"k":[100,100],"ix":3},"r":{"a":0,"k":0,"ix":6},"o":{"a":0,"k":100,"ix":7},"sk":{"a":0,"k":0,"ix":4},"sa":{"a":0,"k":0,"ix":5},"nm":"Transform"}],"nm":"Group 9","np":2,"cix":2,"bm":0,"ix":9,"mn":"ADBE Vector Group","hd":false},{"ty":"gr","it":[{"ty":"gr","it":[{"ind":0,"ty":"sh","ix":1,"ks":{"a":0,"k":{"i":[[0,0],[0,0],[0,0],[0,0]],"o":[[0,0],[0,0],[0,0],[0,0]],"v":[[-1.498,-126.946],[1.498,-126.946],[1.498,126.946],[-1.498,126.946]],"c":true},"ix":2},"nm":"Path 1","mn":"ADBE Vector Shape - Group","hd":false},{"ty":"fl","c":{"a":0,"k":[0.811764717102,0.847058832645,0.866666674614,1],"ix":4},"o":{"a":0,"k":100,"ix":5},"r":1,"bm":0,"nm":"Fill 1","mn":"ADBE Vector Graphic - Fill","hd":false},{"ty":"tr","p":{"a":0,"k":[524.157,744.476],"ix":2},"a":{"a":0,"k":[0,0],"ix":1},"s":{"a":0,"k":[100,100],"ix":3},"r":{"a":0,"k":0,"ix":6},"o":{"a":0,"k":100,"ix":7},"sk":{"a":0,"k":0,"ix":4},"sa":{"a":0,"k":0,"ix":5},"nm":"Transform"}],"nm":"Group 1","np":2,"cix":2,"bm":0,"ix":1,"mn":"ADBE Vector Group","hd":false},{"ty":"gr","it":[{"ind":0,"ty":"sh","ix":1,"ks":{"a":0,"k":{"i":[[0,0],[0,0],[0,0],[0,0]],"o":[[0,0],[0,0],[0,0],[0,0]],"v":[[-1.498,-126.946],[1.498,-126.946],[1.498,126.946],[-1.498,126.946]],"c":true},"ix":2},"nm":"Path 1","mn":"ADBE Vector Shape - Group","hd":false},{"ty":"fl","c":{"a":0,"k":[0.811764717102,0.847058832645,0.866666674614,1],"ix":4},"o":{"a":0,"k":100,"ix":5},"r":1,"bm":0,"nm":"Fill 1","mn":"ADBE Vector Graphic - Fill","hd":false},{"ty":"tr","p":{"a":0,"k":[547.794,744.476],"ix":2},"a":{"a":0,"k":[0,0],"ix":1},"s":{"a":0,"k":[100,100],"ix":3},"r":{"a":0,"k":0,"ix":6},"o":{"a":0,"k":100,"ix":7},"sk":{"a":0,"k":0,"ix":4},"sa":{"a":0,"k":0,"ix":5},"nm":"Transform"}],"nm":"Group 2","np":2,"cix":2,"bm":0,"ix":2,"mn":"ADBE Vector Group","hd":false},{"ty":"tr","p":{"a":0,"k":[547.794,744.476],"ix":2},"a":{"a":0,"k":[547.794,744.476],"ix":1},"s":{"a":0,"k":[100,100],"ix":3},"r":{"a":0,"k":0,"ix":6},"o":{"a":0,"k":100,"ix":7},"sk":{"a":0,"k":0,"ix":4},"sa":{"a":0,"k":0,"ix":5},"nm":"Transform"}],"nm":"Group 10","np":2,"cix":2,"bm":0,"ix":10,"mn":"ADBE Vector Group","hd":false},{"ty":"gr","it":[{"ind":0,"ty":"sh","ix":1,"ks":{"a":0,"k":{"i":[[0,0],[0,0],[0,0],[-19.014,-12.918],[0,0],[1.153,32.033]],"o":[[19.144,-12.848],[0,0],[0,0],[0,0],[-1.124,32.079],[0,0]],"v":[[-136.079,-92.303],[-48.461,-126.985],[49.081,-126.985],[136.079,-92.303],[128.392,102.943],[-128.193,102.943]],"c":true},"ix":2},"nm":"Path 1","mn":"ADBE Vector Shape - Group","hd":false},{"ty":"fl","c":{"a":0,"k":[0.901960790157,0.921568632126,0.937254905701,1],"ix":4},"o":{"a":0,"k":100,"ix":5},"r":1,"bm":0,"nm":"Fill 1","mn":"ADBE Vector Graphic - Fill","hd":false},{"ty":"tr","p":{"a":0,"k":[535.969,744.515],"ix":2},"a":{"a":0,"k":[0,0],"ix":1},"s":{"a":0,"k":[100,100],"ix":3},"r":{"a":0,"k":0,"ix":6},"o":{"a":0,"k":100,"ix":7},"sk":{"a":0,"k":0,"ix":4},"sa":{"a":0,"k":0,"ix":5},"nm":"Transform"}],"nm":"Group 11","np":2,"cix":2,"bm":0,"ix":11,"mn":"ADBE Vector Group","hd":false}],"ip":0,"op":48,"st":0,"bm":0},{"ddd":0,"ind":13,"ty":3,"nm":"Torso","sr":1,"ks":{"o":{"a":0,"k":100,"ix":11},"r":{"a":0,"k":0,"ix":10},"p":{"a":0,"k":[536.005,744.864,0],"ix":2},"a":{"a":0,"k":[536.005,744.864,0],"ix":1},"s":{"a":0,"k":[100,100,100],"ix":6}},"ao":0,"ip":0,"op":48,"st":0,"bm":0},{"ddd":0,"ind":14,"ty":4,"nm":"Back_Hair","parent":10,"sr":1,"ks":{"o":{"a":0,"k":100,"ix":11},"r":{"a":0,"k":-0.036,"ix":10},"p":{"a":0,"k":[-168.887,296.036,0],"ix":2},"a":{"a":0,"k":[-168.892,296.036,0],"ix":1},"s":{"a":0,"k":[100,100,100],"ix":6}},"ao":0,"shapes":[{"ty":"gr","it":[{"ind":0,"ty":"sh","ix":1,"ks":{"a":0,"k":{"i":[[0,0],[-3.578,-2.504],[0,3.807]],"o":[[-0.676,2.848],[-5.254,-0.875],[0,0]],"v":[[-177.741,290.795],[-173.267,301.727],[-180.868,292.084]],"c":true},"ix":2},"nm":"Path 1","mn":"ADBE Vector Shape - Group","hd":false},{"ty":"gf","o":{"a":0,"k":100,"ix":10},"r":1,"bm":0,"g":{"p":3,"k":{"a":0,"k":[0.05,0.278,0.22,0.204,0.31,0.378,0.298,0.271,0.7,0.478,0.376,0.337],"ix":9}},"s":{"a":0,"k":[-176.125,296.529],"ix":5},"e":{"a":0,"k":[-176.993,284.936],"ix":6},"t":1,"nm":"wjugglinbh1","mn":"ADBE Vector Graphic - G-Fill","hd":false},{"ty":"tr","p":{"a":0,"k":[0,0],"ix":2},"a":{"a":0,"k":[0,0],"ix":1},"s":{"a":0,"k":[100,100],"ix":3},"r":{"a":0,"k":0,"ix":6},"o":{"a":0,"k":100,"ix":7},"sk":{"a":0,"k":0,"ix":4},"sa":{"a":0,"k":0,"ix":5},"nm":"Transform"}],"nm":"Group 1","np":2,"cix":2,"bm":0,"ix":1,"mn":"ADBE Vector Group","hd":false},{"ty":"gr","it":[{"ind":0,"ty":"sh","ix":1,"ks":{"a":0,"k":{"i":[[0,0],[3.576,-2.504],[0,3.807]],"o":[[0.676,2.848],[5.254,-0.875],[0,0]],"v":[[-160.042,290.795],[-164.515,301.727],[-156.915,292.084]],"c":true},"ix":2},"nm":"Path 1","mn":"ADBE Vector Shape - Group","hd":false},{"ty":"gf","o":{"a":0,"k":100,"ix":10},"r":1,"bm":0,"g":{"p":3,"k":{"a":0,"k":[0.05,0.278,0.22,0.204,0.31,0.378,0.298,0.271,0.7,0.478,0.376,0.337],"ix":9}},"s":{"a":0,"k":[-161,302],"ix":5},"e":{"a":0,"k":[-161,275.802],"ix":6},"t":1,"nm":"wjugglinbh2","mn":"ADBE Vector Graphic - G-Fill","hd":false},{"ty":"tr","p":{"a":0,"k":[0,0],"ix":2},"a":{"a":0,"k":[0,0],"ix":1},"s":{"a":0,"k":[100,100],"ix":3},"r":{"a":0,"k":0,"ix":6},"o":{"a":0,"k":100,"ix":7},"sk":{"a":0,"k":0,"ix":4},"sa":{"a":0,"k":0,"ix":5},"nm":"Transform"}],"nm":"Group 2","np":2,"cix":2,"bm":0,"ix":2,"mn":"ADBE Vector Group","hd":false},{"ty":"gr","it":[{"ind":0,"ty":"sh","ix":1,"ks":{"a":0,"k":{"i":[[0,0],[0,0],[0,0],[-8.754,-3.502],[-2.625,0]],"o":[[8.754,-3.502],[0,0],[0,0],[0,0],[2.627,0]],"v":[[-164.515,301.727],[-157.79,289.908],[-179.993,289.908],[-173.269,301.727],[-168.892,302.164]],"c":true},"ix":2},"nm":"Path 1","mn":"ADBE Vector Shape - Group","hd":false},{"ty":"fl","c":{"a":0,"k":[0.278431385756,0.219607844949,0.203921571374,1],"ix":4},"o":{"a":0,"k":100,"ix":5},"r":1,"bm":0,"nm":"Fill 1","mn":"ADBE Vector Graphic - Fill","hd":false},{"ty":"tr","p":{"a":0,"k":[0,0],"ix":2},"a":{"a":0,"k":[0,0],"ix":1},"s":{"a":0,"k":[100,100],"ix":3},"r":{"a":0,"k":0,"ix":6},"o":{"a":0,"k":100,"ix":7},"sk":{"a":0,"k":0,"ix":4},"sa":{"a":0,"k":0,"ix":5},"nm":"Transform"}],"nm":"Group 3","np":2,"cix":2,"bm":0,"ix":3,"mn":"ADBE Vector Group","hd":false}],"ip":0,"op":48,"st":0,"bm":0}]}],"layers":[{"ddd":0,"ind":1,"ty":0,"nm":"woman_juggling","refId":"comp_0","sr":1,"ks":{"o":{"a":0,"k":100,"ix":11},"r":{"a":0,"k":0,"ix":10},"p":{"a":0,"k":[512,528,0],"ix":2},"a":{"a":0,"k":[512,512,0],"ix":1},"s":{"a":0,"k":[110,110,100],"ix":6}},"ao":0,"w":1024,"h":1024,"ip":0,"op":48,"st":0,"bm":0}],"markers":[]}