{"v":"5.6.2","fr":24,"ip":0,"op":48,"w":1024,"h":1024,"nm":"drum","ddd":0,"assets":[{"id":"comp_0","layers":[{"ddd":0,"ind":1,"ty":4,"nm":"Layer 4","sr":1,"ks":{"o":{"a":0,"k":100,"ix":11},"r":{"a":1,"k":[{"i":{"x":[0],"y":[1]},"o":{"x":[0.167],"y":[0.167]},"t":-8,"s":[0]},{"i":{"x":[0.833],"y":[0.833]},"o":{"x":[0.333],"y":[0]},"t":0,"s":[-40]},{"i":{"x":[0],"y":[1]},"o":{"x":[0.167],"y":[0.167]},"t":2,"s":[0]},{"i":{"x":[0.833],"y":[0.833]},"o":{"x":[0.333],"y":[0]},"t":4,"s":[-40]},{"i":{"x":[0],"y":[1]},"o":{"x":[0.167],"y":[0.167]},"t":6,"s":[0]},{"i":{"x":[0.833],"y":[0.833]},"o":{"x":[0.333],"y":[0]},"t":8,"s":[-40]},{"i":{"x":[0],"y":[1]},"o":{"x":[0.167],"y":[0.167]},"t":10,"s":[0]},{"i":{"x":[0.833],"y":[0.833]},"o":{"x":[0.333],"y":[0]},"t":13,"s":[-40]},{"i":{"x":[0],"y":[1]},"o":{"x":[0.167],"y":[0.167]},"t":16,"s":[0]},{"i":{"x":[0.833],"y":[0.833]},"o":{"x":[0.333],"y":[0]},"t":19,"s":[-40]},{"i":{"x":[0],"y":[1]},"o":{"x":[0.167],"y":[0.167]},"t":23,"s":[0]},{"i":{"x":[0],"y":[1]},"o":{"x":[0.333],"y":[0]},"t":44,"s":[-40]},{"i":{"x":[0.833],"y":[0.833]},"o":{"x":[0.333],"y":[0]},"t":53,"s":[-40]},{"i":{"x":[0],"y":[1]},"o":{"x":[0.167],"y":[0.167]},"t":56,"s":[0]},{"i":{"x":[0.833],"y":[0.833]},"o":{"x":[0.333],"y":[0]},"t":69,"s":[-40]},{"i":{"x":[0],"y":[1]},"o":{"x":[0.167],"y":[0.167]},"t":72,"s":[0]},{"i":{"x":[0.833],"y":[0.833]},"o":{"x":[0.333],"y":[0]},"t":85,"s":[-40]},{"t":88,"s":[0]}],"ix":10},"p":{"a":1,"k":[{"i":{"x":0,"y":1},"o":{"x":0.333,"y":0},"t":-8,"s":[194.019,418.121,0],"to":[6.667,-33.333,0],"ti":[0,0,0]},{"i":{"x":0.833,"y":0.833},"o":{"x":0.333,"y":0},"t":0,"s":[234.019,218.121,0],"to":[0,0,0],"ti":[0,-13.333,0]},{"i":{"x":0,"y":1},"o":{"x":0.167,"y":0.167},"t":2,"s":[194.019,418.121,0],"to":[0,13.333,0],"ti":[0,0,0]},{"i":{"x":0.833,"y":0.833},"o":{"x":0.333,"y":0},"t":4,"s":[234.019,298.121,0],"to":[0,0,0],"ti":[0,0,0]},{"i":{"x":0,"y":1},"o":{"x":0.167,"y":0.167},"t":6,"s":[194.019,418.121,0],"to":[0,0,0],"ti":[0,0,0]},{"i":{"x":0.833,"y":0.833},"o":{"x":0.333,"y":0},"t":8,"s":[234.019,298.121,0],"to":[0,0,0],"ti":[0,0,0]},{"i":{"x":0,"y":1},"o":{"x":0.167,"y":0.167},"t":10,"s":[194.019,418.121,0],"to":[0,0,0],"ti":[0,0,0]},{"i":{"x":0.833,"y":0.833},"o":{"x":0.333,"y":0},"t":13,"s":[234.019,298.121,0],"to":[0,0,0],"ti":[0,0,0]},{"i":{"x":0,"y":1},"o":{"x":0.167,"y":0.167},"t":16,"s":[194.019,418.121,0],"to":[0,0,0],"ti":[0,0,0]},{"i":{"x":0.833,"y":0.833},"o":{"x":0.333,"y":0},"t":19,"s":[234.019,298.121,0],"to":[0,0,0],"ti":[0,13.333,0]},{"i":{"x":0,"y":1},"o":{"x":0.167,"y":0.167},"t":23,"s":[194.019,418.121,0],"to":[0,-13.333,0],"ti":[-6.667,33.333,0]},{"i":{"x":0,"y":0},"o":{"x":0.333,"y":0.333},"t":44,"s":[234.019,218.121,0],"to":[0,0,0],"ti":[0,0,0]},{"i":{"x":0,"y":1},"o":{"x":0.333,"y":0},"t":48,"s":[234.019,218.121,0],"to":[-6.667,33.333,0],"ti":[0,-13.333,0]},{"i":{"x":0,"y":1},"o":{"x":0.333,"y":0},"t":56,"s":[194.019,418.121,0],"to":[0,13.333,0],"ti":[0,0,0]},{"i":{"x":0,"y":1},"o":{"x":0.333,"y":0},"t":64,"s":[234.019,298.121,0],"to":[0,0,0],"ti":[0,0,0]},{"i":{"x":0,"y":1},"o":{"x":0.333,"y":0},"t":72,"s":[194.019,418.121,0],"to":[0,0,0],"ti":[0,0,0]},{"i":{"x":0,"y":1},"o":{"x":0.333,"y":0},"t":80,"s":[234.019,298.121,0],"to":[0,0,0],"ti":[6.667,-20,0]},{"t":88,"s":[194.019,418.121,0]}],"ix":2},"a":{"a":0,"k":[217.288,-165.986,0],"ix":1},"s":{"a":0,"k":[-1200,1200,100],"ix":6}},"ao":0,"shapes":[{"ty":"gr","it":[{"ty":"gr","it":[{"ind":0,"ty":"sh","ix":1,"ks":{"a":0,"k":{"i":[[0,0],[-0.018,0.011],[0,0],[-0.006,-0.028],[0,0],[0.02,-0.012],[0,0],[0.004,0.026],[0,0],[0,0],[-0.021,0.013],[0,0],[-0.016,-0.014],[0,0]],"o":[[-0.004,-0.021],[0,0],[0.021,-0.014],[0,0],[0.006,0.022],[0,0],[-0.021,0.014],[0,0],[0,0],[-0.023,-0.018],[0,0],[0.018,-0.01],[0,0],[0,0]],"v":[[214.107,-163.918],[214.129,-163.966],[214.225,-164.023],[214.271,-164.004],[214.514,-162.898],[214.492,-162.85],[214.396,-162.791],[214.352,-162.811],[214.283,-163.115],[213.631,-163.609],[213.631,-163.66],[213.727,-163.72],[213.777,-163.717],[214.232,-163.371]],"c":true},"ix":2},"nm":"Path 1","mn":"ADBE Vector Shape - Group","hd":false},{"ind":1,"ty":"sh","ix":2,"ks":{"a":0,"k":{"i":[[-0.125,0.074],[0.076,0.126],[0.123,-0.075],[-0.076,-0.128]],"o":[[0.121,-0.075],[-0.076,-0.127],[-0.123,0.075],[0.078,0.126]],"v":[[213.596,-162.856],[213.678,-163.21],[213.326,-163.297],[213.242,-162.942]],"c":true},"ix":2},"nm":"Path 2","mn":"ADBE Vector Shape - Group","hd":false},{"ind":2,"ty":"sh","ix":3,"ks":{"a":0,"k":{"i":[[0.205,-0.124],[0.125,0.206],[-0.205,0.125],[-0.125,-0.209]],"o":[[-0.203,0.126],[-0.127,-0.207],[0.201,-0.126],[0.125,0.207]],"v":[[213.682,-162.711],[213.094,-162.851],[213.238,-163.442],[213.828,-163.302]],"c":true},"ix":2},"nm":"Path 3","mn":"ADBE Vector Shape - Group","hd":false},{"ind":3,"ty":"sh","ix":4,"ks":{"a":0,"k":{"i":[[0,0],[-0.012,-0.02],[0,0],[0.168,-0.103],[0.012,0.019],[0,0],[-0.018,0.013],[0.051,0.086],[0,0],[-0.02,0.012]],"o":[[0.02,-0.012],[0,0],[0.109,0.182],[-0.02,0.013],[0,0],[-0.014,-0.02],[0.068,-0.046],[0,0],[-0.012,-0.02],[0,0]],"v":[[212.76,-163.125],[212.811,-163.112],[213.232,-162.419],[213.143,-161.994],[213.092,-162.006],[213.041,-162.089],[213.053,-162.14],[213.082,-162.328],[212.658,-163.02],[212.672,-163.07]],"c":true},"ix":2},"nm":"Path 4","mn":"ADBE Vector Shape - Group","hd":false},{"ty":"fl","c":{"a":0,"k":[0.188235297799,0.172549024224,0.23137255013,1],"ix":4},"o":{"a":0,"k":100,"ix":5},"r":1,"bm":0,"nm":"Fill 1","mn":"ADBE Vector Graphic - Fill","hd":false},{"ty":"tr","p":{"a":0,"k":[0,0],"ix":2},"a":{"a":0,"k":[0,0],"ix":1},"s":{"a":0,"k":[100,100],"ix":3},"r":{"a":0,"k":0,"ix":6},"o":{"a":0,"k":100,"ix":7},"sk":{"a":0,"k":0,"ix":4},"sa":{"a":0,"k":0,"ix":5},"nm":"Transform"}],"nm":"joy","np":5,"cix":2,"bm":0,"ix":1,"mn":"ADBE Vector Group","hd":false},{"ty":"gr","it":[{"ind":0,"ty":"sh","ix":1,"ks":{"a":0,"k":{"i":[[-0.033,-0.053],[-0.16,-0.268],[0.152,-0.095],[0.096,0.122],[-0.02,0.013],[0,0],[-0.016,-0.013],[-0.061,0.038],[0.033,0.052],[0.16,0.265],[-0.143,0.087],[-0.096,-0.125],[0.02,-0.012],[0,0],[0.016,0.015],[0.051,-0.031]],"o":[[0.086,0.14],[0.084,0.138],[-0.145,0.088],[-0.014,-0.02],[0,0],[0.018,-0.013],[0.043,0.044],[0.072,-0.045],[-0.086,-0.139],[-0.084,-0.136],[0.131,-0.081],[0.014,0.02],[0,0],[-0.018,0.014],[-0.043,-0.042],[-0.064,0.038]],"v":[[217.26,-165.621],[217.83,-165.554],[217.689,-165.171],[217.293,-165.205],[217.305,-165.257],[217.391,-165.31],[217.441,-165.304],[217.605,-165.307],[217.682,-165.461],[217.109,-165.528],[217.242,-165.903],[217.623,-165.86],[217.611,-165.81],[217.523,-165.758],[217.475,-165.766],[217.324,-165.769]],"c":true},"ix":2},"nm":"Path 1","mn":"ADBE Vector Shape - Group","hd":false},{"ind":1,"ty":"sh","ix":2,"ks":{"a":0,"k":{"i":[[0,0],[0.012,0.02],[0,0],[-0.021,0.013],[0,0],[-0.012,-0.021],[0,0],[0.02,-0.013]],"o":[[-0.02,0.013],[0,0],[-0.012,-0.02],[0,0],[0.018,-0.012],[0,0],[0.012,0.02],[0,0]],"v":[[217.188,-164.891],[217.137,-164.902],[216.564,-165.842],[216.578,-165.893],[216.666,-165.946],[216.715,-165.934],[217.287,-164.994],[217.275,-164.942]],"c":true},"ix":2},"nm":"Path 2","mn":"ADBE Vector Shape - Group","hd":false},{"ind":2,"ty":"sh","ix":3,"ks":{"a":0,"k":{"i":[[-0.041,-0.117],[0,0],[0.09,-0.055]],"o":[[0,0],[-0.092,-0.105],[-0.111,0.069]],"v":[[216.271,-164.888],[216.676,-165.135],[216.377,-165.186]],"c":true},"ix":2},"nm":"Path 3","mn":"ADBE Vector Shape - Group","hd":false},{"ind":3,"ty":"sh","ix":4,"ks":{"a":0,"k":{"i":[[-0.217,0.134],[-0.123,-0.201],[-0.006,-0.012],[0.02,-0.011],[0,0],[-0.107,0.064],[-0.006,0.058],[-0.016,0.012],[0,0],[-0.002,-0.025],[0.143,-0.086],[0.127,0.208]],"o":[[0.209,-0.127],[0.006,0.011],[0.01,0.022],[0,0],[0.092,0.101],[0.066,-0.04],[0.004,-0.018],[0,0],[0.023,-0.013],[0.018,0.143],[-0.223,0.137],[-0.127,-0.208]],"v":[[216.295,-165.323],[216.865,-165.166],[216.883,-165.133],[216.867,-165.083],[216.35,-164.763],[216.668,-164.722],[216.777,-164.882],[216.805,-164.925],[216.895,-164.98],[216.941,-164.962],[216.744,-164.593],[216.154,-164.731]],"c":true},"ix":2},"nm":"Path 4","mn":"ADBE Vector Shape - Group","hd":false},{"ind":4,"ty":"sh","ix":5,"ks":{"a":0,"k":{"i":[[0,0],[0.025,-0.017],[0,0],[0.018,0.008],[0,0],[0,0],[0.016,-0.011],[0,0],[0,0.031],[0,0],[0,0],[-0.023,0.015],[0,0],[-0.018,-0.009],[0,0],[0,0],[-0.016,0.011],[0,0],[0,-0.029],[0,0]],"o":[[0.027,0.015],[0,0],[-0.016,0.01],[0,0],[0,0],[0,0.02],[0,0],[-0.023,0.016],[0,0],[0,0],[-0.027,-0.013],[0,0],[0.018,-0.01],[0,0],[0,0],[0,-0.02],[0,0],[0.023,-0.017],[0,0],[0,0]],"v":[[216.334,-164.419],[216.338,-164.367],[216.246,-164.311],[216.195,-164.31],[215.93,-164.438],[215.924,-164.143],[215.9,-164.098],[215.807,-164.043],[215.764,-164.067],[215.773,-164.514],[215.398,-164.696],[215.396,-164.747],[215.488,-164.803],[215.539,-164.807],[215.777,-164.689],[215.783,-164.956],[215.809,-165],[215.9,-165.056],[215.943,-165.031],[215.934,-164.611]],"c":true},"ix":2},"nm":"Path 5","mn":"ADBE Vector Shape - Group","hd":false},{"ind":5,"ty":"sh","ix":6,"ks":{"a":0,"k":{"i":[[0,0],[0.012,0.018],[0,0],[-0.021,0.012],[0,0],[-0.014,-0.02],[0,0],[0.02,-0.013]],"o":[[-0.021,0.012],[0,0],[-0.012,-0.02],[0,0],[0.02,-0.013],[0,0],[0.012,0.02],[0,0]],"v":[[215.59,-163.907],[215.539,-163.919],[215.152,-164.554],[215.166,-164.605],[215.254,-164.657],[215.305,-164.646],[215.689,-164.014],[215.678,-163.961]],"c":true},"ix":2},"nm":"Path 6","mn":"ADBE Vector Shape - Group","hd":false},{"ind":6,"ty":"sh","ix":7,"ks":{"a":0,"k":{"i":[[-0.125,0.078],[0.078,0.129],[0.127,-0.077],[-0.078,-0.13]],"o":[[0.125,-0.076],[-0.078,-0.13],[-0.125,0.076],[0.078,0.131]],"v":[[215.021,-163.731],[215.105,-164.089],[214.75,-164.178],[214.666,-163.819]],"c":true},"ix":2},"nm":"Path 7","mn":"ADBE Vector Shape - Group","hd":false},{"ind":7,"ty":"sh","ix":8,"ks":{"a":0,"k":{"i":[[0,0],[-0.125,-0.206],[0.188,-0.117],[0.096,0.041],[0,0],[0.02,-0.013],[0,0],[0.012,0.02],[0,0],[-0.02,0.013],[0,0],[-0.012,-0.02],[0,0],[-0.109,0.066]],"o":[[0.189,-0.116],[0.127,0.207],[-0.111,0.066],[0,0],[0.012,0.018],[0,0],[-0.02,0.014],[0,0],[-0.012,-0.021],[0,0],[0.021,-0.014],[0,0],[0.008,-0.105],[0,0]],"v":[[214.688,-164.335],[215.256,-164.182],[215.135,-163.602],[214.818,-163.571],[215.031,-163.224],[215.018,-163.173],[214.93,-163.12],[214.879,-163.132],[214.324,-164.044],[214.336,-164.095],[214.424,-164.146],[214.475,-164.135],[214.516,-164.067],[214.688,-164.335]],"c":true},"ix":2},"nm":"Path 8","mn":"ADBE Vector Shape - Group","hd":false},{"ty":"fl","c":{"a":0,"k":[0.188235297799,0.172549024224,0.23137255013,1],"ix":4},"o":{"a":0,"k":100,"ix":5},"r":1,"bm":0,"nm":"Fill 1","mn":"ADBE Vector Graphic - Fill","hd":false},{"ty":"tr","p":{"a":0,"k":[0,0],"ix":2},"a":{"a":0,"k":[0,0],"ix":1},"s":{"a":0,"k":[100,100],"ix":3},"r":{"a":0,"k":0,"ix":6},"o":{"a":0,"k":100,"ix":7},"sk":{"a":0,"k":0,"ix":4},"sa":{"a":0,"k":0,"ix":5},"nm":"Transform"}],"nm":"pixels","np":9,"cix":2,"bm":0,"ix":2,"mn":"ADBE Vector Group","hd":false},{"ty":"gr","it":[{"ind":0,"ty":"sh","ix":1,"ks":{"a":0,"k":{"i":[[-0.008,-0.002],[0,0],[0.002,-0.007],[0,0],[0.01,0.003],[0,0],[-0.002,0.009],[0,0]],"o":[[0,0],[0.01,0.001],[0,0],[-0.002,0.011],[0,0],[-0.01,-0.002],[0,0],[0.004,-0.009]],"v":[[212.488,-163.493],[212.701,-163.44],[212.715,-163.424],[212.662,-163.21],[212.643,-163.197],[212.43,-163.248],[212.418,-163.267],[212.469,-163.48]],"c":true},"ix":2},"nm":"Path 1","mn":"ADBE Vector Shape - Group","hd":false},{"ty":"fl","c":{"a":0,"k":[0.188235297799,0.172549024224,0.23137255013,1],"ix":4},"o":{"a":0,"k":100,"ix":5},"r":1,"bm":0,"nm":"Fill 1","mn":"ADBE Vector Graphic - Fill","hd":false},{"ty":"tr","p":{"a":0,"k":[0,0],"ix":2},"a":{"a":0,"k":[0,0],"ix":1},"s":{"a":0,"k":[100,100],"ix":3},"r":{"a":0,"k":0,"ix":6},"o":{"a":0,"k":100,"ix":7},"sk":{"a":0,"k":0,"ix":4},"sa":{"a":0,"k":0,"ix":5},"nm":"Transform"}],"nm":"diamond","np":2,"cix":2,"bm":0,"ix":3,"mn":"ADBE Vector Group","hd":false},{"ty":"gr","it":[{"ind":0,"ty":"sh","ix":1,"ks":{"a":0,"k":{"i":[[0,0],[0.016,0.023],[0,0],[-0.023,0.016],[0,0],[-0.016,-0.025],[0,0],[0.219,-0.139],[0.121,0.028],[-0.008,0.027],[0,0],[-0.027,-0.006],[-0.062,0.036],[0.025,0.11]],"o":[[-0.023,0.015],[0,0],[-0.014,-0.023],[0,0],[0.021,-0.015],[0,0],[0.135,0.222],[-0.109,0.064],[-0.027,-0.006],[0,0],[0.006,-0.026],[0.068,0.018],[0.1,-0.064],[0,0]],"v":[[211.949,-162.1],[211.893,-162.113],[211.852,-162.183],[211.865,-162.24],[212.094,-162.378],[212.148,-162.363],[212.17,-162.33],[212.014,-161.681],[211.656,-161.626],[211.627,-161.676],[211.656,-161.795],[211.705,-161.826],[211.906,-161.855],[212.025,-162.148]],"c":true},"ix":2},"nm":"Path 1","mn":"ADBE Vector Shape - Group","hd":false},{"ty":"fl","c":{"a":0,"k":[0.188235297799,0.172549024224,0.23137255013,1],"ix":4},"o":{"a":0,"k":100,"ix":5},"r":1,"bm":0,"nm":"Fill 1","mn":"ADBE Vector Graphic - Fill","hd":false},{"ty":"tr","p":{"a":0,"k":[0,0],"ix":2},"a":{"a":0,"k":[0,0],"ix":1},"s":{"a":0,"k":[100,100],"ix":3},"r":{"a":0,"k":0,"ix":6},"o":{"a":0,"k":100,"ix":7},"sk":{"a":0,"k":0,"ix":4},"sa":{"a":0,"k":0,"ix":5},"nm":"Transform"}],"nm":"Combined-Shape","np":2,"cix":2,"bm":0,"ix":4,"mn":"ADBE Vector Group","hd":false},{"ty":"gr","it":[{"ind":0,"ty":"sh","ix":1,"ks":{"a":0,"k":{"i":[[0.385,-0.237],[-0.234,-0.386],[-0.387,0.238],[0.234,0.385]],"o":[[-0.385,0.235],[0.236,0.386],[0.385,-0.237],[-0.234,-0.386]],"v":[[211.342,-162.781],[211.07,-161.655],[212.193,-161.388],[212.465,-162.513]],"c":true},"ix":2},"nm":"Path 1","mn":"ADBE Vector Shape - Group","hd":false},{"ind":1,"ty":"sh","ix":2,"ks":{"a":0,"k":{"i":[[-0.289,0.179],[-0.176,-0.288],[0.289,-0.176],[0.178,0.289]],"o":[[0.289,-0.176],[0.176,0.288],[-0.287,0.178],[-0.174,-0.288]],"v":[[211.449,-162.607],[212.291,-162.406],[212.086,-161.562],[211.244,-161.764]],"c":true},"ix":2},"nm":"Path 2","mn":"ADBE Vector Shape - Group","hd":false},{"ty":"fl","c":{"a":0,"k":[0.188235297799,0.172549024224,0.23137255013,1],"ix":4},"o":{"a":0,"k":100,"ix":5},"r":1,"bm":0,"nm":"Fill 1","mn":"ADBE Vector Graphic - Fill","hd":false},{"ty":"tr","p":{"a":0,"k":[0,0],"ix":2},"a":{"a":0,"k":[0,0],"ix":1},"s":{"a":0,"k":[100,100],"ix":3},"r":{"a":0,"k":0,"ix":6},"o":{"a":0,"k":100,"ix":7},"sk":{"a":0,"k":0,"ix":4},"sa":{"a":0,"k":0,"ix":5},"nm":"Transform"}],"nm":"Shape","np":3,"cix":2,"bm":0,"ix":5,"mn":"ADBE Vector Group","hd":false},{"ty":"tr","p":{"a":0,"k":[0,0],"ix":2},"a":{"a":0,"k":[0,0],"ix":1},"s":{"a":0,"k":[100,100],"ix":3},"r":{"a":0,"k":0,"ix":6},"o":{"a":0,"k":100,"ix":7},"sk":{"a":0,"k":0,"ix":4},"sa":{"a":0,"k":0,"ix":5},"nm":"Transform"}],"nm":"Group 1","np":5,"cix":2,"bm":0,"ix":1,"mn":"ADBE Vector Group","hd":false},{"ty":"gr","it":[{"ty":"gr","it":[{"ind":0,"ty":"sh","ix":1,"ks":{"a":0,"k":{"i":[[-3.098,1.934],[1.842,-1.152]],"o":[[1.842,-1.152],[-3.1,1.935]],"v":[[198.717,-152.169],[197.135,-154.701]],"c":true},"ix":2},"nm":"Path 1","mn":"ADBE Vector Shape - Group","hd":false},{"ty":"gf","o":{"a":0,"k":100,"ix":10},"r":1,"bm":0,"g":{"p":3,"k":{"a":0,"k":[0,0.992,0.839,0.455,0.5,0.947,0.775,0.345,1,0.902,0.71,0.235],"ix":9}},"s":{"a":0,"k":[120.533,-119.827],"ix":5},"e":{"a":0,"k":[123.065,-121.409],"ix":6},"t":1,"nm":"L41Gdru","mn":"ADBE Vector Graphic - G-Fill","hd":false},{"ty":"tr","p":{"a":0,"k":[0,0],"ix":2},"a":{"a":0,"k":[0,0],"ix":1},"s":{"a":0,"k":[100,100],"ix":3},"r":{"a":0,"k":0,"ix":6},"o":{"a":0,"k":100,"ix":7},"sk":{"a":0,"k":0,"ix":4},"sa":{"a":0,"k":0,"ix":5},"nm":"Transform"}],"nm":"Group 1","np":2,"cix":2,"bm":0,"ix":1,"mn":"ADBE Vector Group","hd":false},{"ty":"gr","it":[{"ind":0,"ty":"sh","ix":1,"ks":{"a":0,"k":{"i":[[-15.518,9.697],[0.945,-0.592],[0,0],[0,0]],"o":[[0.947,-0.591],[-15.518,9.697],[0,0],[0,0]],"v":[[230.08,-172.368],[229.037,-174.038],[197.406,-154.016],[198.221,-152.717]],"c":true},"ix":2},"nm":"Path 1","mn":"ADBE Vector Shape - Group","hd":false},{"ty":"gf","o":{"a":0,"k":100,"ix":10},"r":1,"bm":0,"g":{"p":3,"k":{"a":0,"k":[0,0.992,0.839,0.455,0.5,0.947,0.775,0.345,1,0.902,0.71,0.235],"ix":9}},"s":{"a":0,"k":[-473.746,228.611],"ix":5},"e":{"a":0,"k":[-472.703,230.281],"ix":6},"t":1,"nm":"L42Gdru","mn":"ADBE Vector Graphic - G-Fill","hd":false},{"ty":"tr","p":{"a":0,"k":[0,0],"ix":2},"a":{"a":0,"k":[0,0],"ix":1},"s":{"a":0,"k":[100,100],"ix":3},"r":{"a":0,"k":0,"ix":6},"o":{"a":0,"k":100,"ix":7},"sk":{"a":0,"k":0,"ix":4},"sa":{"a":0,"k":0,"ix":5},"nm":"Transform"}],"nm":"Group 2","np":2,"cix":2,"bm":0,"ix":2,"mn":"ADBE Vector Group","hd":false},{"ty":"tr","p":{"a":0,"k":[0,0],"ix":2},"a":{"a":0,"k":[0,0],"ix":1},"s":{"a":0,"k":[100,100],"ix":3},"r":{"a":0,"k":0,"ix":6},"o":{"a":0,"k":100,"ix":7},"sk":{"a":0,"k":0,"ix":4},"sa":{"a":0,"k":0,"ix":5},"nm":"Transform"}],"nm":"Group 2","np":2,"cix":2,"bm":0,"ix":2,"mn":"ADBE Vector Group","hd":false}],"ip":0,"op":48,"st":0,"bm":0},{"ddd":0,"ind":2,"ty":4,"nm":"Layer 3","sr":1,"ks":{"o":{"a":0,"k":100,"ix":11},"r":{"a":1,"k":[{"i":{"x":[0],"y":[1]},"o":{"x":[0.167],"y":[0.167]},"t":0,"s":[0]},{"i":{"x":[0.833],"y":[0.833]},"o":{"x":[0.333],"y":[0]},"t":2,"s":[40]},{"i":{"x":[0],"y":[1]},"o":{"x":[0.167],"y":[0.167]},"t":4,"s":[0]},{"i":{"x":[0.833],"y":[0.833]},"o":{"x":[0.333],"y":[0]},"t":6,"s":[40]},{"i":{"x":[0],"y":[1]},"o":{"x":[0.167],"y":[0.167]},"t":8,"s":[0]},{"i":{"x":[0.833],"y":[0.833]},"o":{"x":[0.333],"y":[0]},"t":10,"s":[40]},{"i":{"x":[0],"y":[1]},"o":{"x":[0.167],"y":[0.167]},"t":13,"s":[0]},{"i":{"x":[0.833],"y":[0.833]},"o":{"x":[0.333],"y":[0]},"t":16,"s":[40]},{"i":{"x":[0],"y":[1]},"o":{"x":[0.167],"y":[0.167]},"t":19,"s":[0]},{"i":{"x":[0.833],"y":[0.833]},"o":{"x":[0.333],"y":[0]},"t":44,"s":[40]},{"t":48,"s":[0]}],"ix":10},"p":{"a":1,"k":[{"i":{"x":0,"y":1},"o":{"x":0.167,"y":0.167},"t":0,"s":[788.019,418.121,0],"to":[6.667,-20,0],"ti":[0,0,0]},{"i":{"x":0.833,"y":0.833},"o":{"x":0.333,"y":0},"t":2,"s":[828.019,298.121,0],"to":[0,0,0],"ti":[0,0,0]},{"i":{"x":0,"y":1},"o":{"x":0.167,"y":0.167},"t":4,"s":[788.019,418.121,0],"to":[0,0,0],"ti":[0,0,0]},{"i":{"x":0.833,"y":0.833},"o":{"x":0.333,"y":0},"t":6,"s":[828.019,298.121,0],"to":[0,0,0],"ti":[0,0,0]},{"i":{"x":0,"y":1},"o":{"x":0.167,"y":0.167},"t":8,"s":[788.019,418.121,0],"to":[0,0,0],"ti":[0,0,0]},{"i":{"x":0.833,"y":0.833},"o":{"x":0.333,"y":0},"t":10,"s":[828.019,298.121,0],"to":[0,0,0],"ti":[0,0,0]},{"i":{"x":0,"y":1},"o":{"x":0.167,"y":0.167},"t":13,"s":[788.019,418.121,0],"to":[0,0,0],"ti":[0,0,0]},{"i":{"x":0.833,"y":0.833},"o":{"x":0.333,"y":0},"t":16,"s":[828.019,298.121,0],"to":[0,0,0],"ti":[0,0,0]},{"i":{"x":0,"y":1},"o":{"x":0.167,"y":0.167},"t":19,"s":[788.019,418.121,0],"to":[0,0,0],"ti":[0,0,0]},{"i":{"x":0.833,"y":0.833},"o":{"x":0.333,"y":0},"t":44,"s":[828.019,298.121,0],"to":[0,0,0],"ti":[6.667,-20,0]},{"t":48,"s":[788.019,418.121,0]}],"ix":2},"a":{"a":0,"k":[217.288,-165.986,0],"ix":1},"s":{"a":0,"k":[1200,1200,100],"ix":6}},"ao":0,"shapes":[{"ty":"gr","it":[{"ty":"gr","it":[{"ind":0,"ty":"sh","ix":1,"ks":{"a":0,"k":{"i":[[0,0],[-0.018,0.011],[0,0],[-0.006,-0.028],[0,0],[0.02,-0.012],[0,0],[0.004,0.026],[0,0],[0,0],[-0.021,0.013],[0,0],[-0.016,-0.014],[0,0]],"o":[[-0.004,-0.021],[0,0],[0.021,-0.014],[0,0],[0.006,0.022],[0,0],[-0.021,0.014],[0,0],[0,0],[-0.023,-0.018],[0,0],[0.018,-0.01],[0,0],[0,0]],"v":[[214.107,-163.918],[214.129,-163.966],[214.225,-164.023],[214.271,-164.004],[214.514,-162.898],[214.492,-162.85],[214.396,-162.791],[214.352,-162.811],[214.283,-163.115],[213.631,-163.609],[213.631,-163.66],[213.727,-163.72],[213.777,-163.717],[214.232,-163.371]],"c":true},"ix":2},"nm":"Path 1","mn":"ADBE Vector Shape - Group","hd":false},{"ind":1,"ty":"sh","ix":2,"ks":{"a":0,"k":{"i":[[-0.125,0.074],[0.076,0.126],[0.123,-0.075],[-0.076,-0.128]],"o":[[0.121,-0.075],[-0.076,-0.127],[-0.123,0.075],[0.078,0.126]],"v":[[213.596,-162.856],[213.678,-163.21],[213.326,-163.297],[213.242,-162.942]],"c":true},"ix":2},"nm":"Path 2","mn":"ADBE Vector Shape - Group","hd":false},{"ind":2,"ty":"sh","ix":3,"ks":{"a":0,"k":{"i":[[0.205,-0.124],[0.125,0.206],[-0.205,0.125],[-0.125,-0.209]],"o":[[-0.203,0.126],[-0.127,-0.207],[0.201,-0.126],[0.125,0.207]],"v":[[213.682,-162.711],[213.094,-162.851],[213.238,-163.442],[213.828,-163.302]],"c":true},"ix":2},"nm":"Path 3","mn":"ADBE Vector Shape - Group","hd":false},{"ind":3,"ty":"sh","ix":4,"ks":{"a":0,"k":{"i":[[0,0],[-0.012,-0.02],[0,0],[0.168,-0.103],[0.012,0.019],[0,0],[-0.018,0.013],[0.051,0.086],[0,0],[-0.02,0.012]],"o":[[0.02,-0.012],[0,0],[0.109,0.182],[-0.02,0.013],[0,0],[-0.014,-0.02],[0.068,-0.046],[0,0],[-0.012,-0.02],[0,0]],"v":[[212.76,-163.125],[212.811,-163.112],[213.232,-162.419],[213.143,-161.994],[213.092,-162.006],[213.041,-162.089],[213.053,-162.14],[213.082,-162.328],[212.658,-163.02],[212.672,-163.07]],"c":true},"ix":2},"nm":"Path 4","mn":"ADBE Vector Shape - Group","hd":false},{"ty":"fl","c":{"a":0,"k":[0.188235297799,0.172549024224,0.23137255013,1],"ix":4},"o":{"a":0,"k":100,"ix":5},"r":1,"bm":0,"nm":"Fill 1","mn":"ADBE Vector Graphic - Fill","hd":false},{"ty":"tr","p":{"a":0,"k":[0,0],"ix":2},"a":{"a":0,"k":[0,0],"ix":1},"s":{"a":0,"k":[100,100],"ix":3},"r":{"a":0,"k":0,"ix":6},"o":{"a":0,"k":100,"ix":7},"sk":{"a":0,"k":0,"ix":4},"sa":{"a":0,"k":0,"ix":5},"nm":"Transform"}],"nm":"joy","np":5,"cix":2,"bm":0,"ix":1,"mn":"ADBE Vector Group","hd":false},{"ty":"gr","it":[{"ind":0,"ty":"sh","ix":1,"ks":{"a":0,"k":{"i":[[-0.033,-0.053],[-0.16,-0.268],[0.152,-0.095],[0.096,0.122],[-0.02,0.013],[0,0],[-0.016,-0.013],[-0.061,0.038],[0.033,0.052],[0.16,0.265],[-0.143,0.087],[-0.096,-0.125],[0.02,-0.012],[0,0],[0.016,0.015],[0.051,-0.031]],"o":[[0.086,0.14],[0.084,0.138],[-0.145,0.088],[-0.014,-0.02],[0,0],[0.018,-0.013],[0.043,0.044],[0.072,-0.045],[-0.086,-0.139],[-0.084,-0.136],[0.131,-0.081],[0.014,0.02],[0,0],[-0.018,0.014],[-0.043,-0.042],[-0.064,0.038]],"v":[[217.26,-165.621],[217.83,-165.554],[217.689,-165.171],[217.293,-165.205],[217.305,-165.257],[217.391,-165.31],[217.441,-165.304],[217.605,-165.307],[217.682,-165.461],[217.109,-165.528],[217.242,-165.903],[217.623,-165.86],[217.611,-165.81],[217.523,-165.758],[217.475,-165.766],[217.324,-165.769]],"c":true},"ix":2},"nm":"Path 1","mn":"ADBE Vector Shape - Group","hd":false},{"ind":1,"ty":"sh","ix":2,"ks":{"a":0,"k":{"i":[[0,0],[0.012,0.02],[0,0],[-0.021,0.013],[0,0],[-0.012,-0.021],[0,0],[0.02,-0.013]],"o":[[-0.02,0.013],[0,0],[-0.012,-0.02],[0,0],[0.018,-0.012],[0,0],[0.012,0.02],[0,0]],"v":[[217.188,-164.891],[217.137,-164.902],[216.564,-165.842],[216.578,-165.893],[216.666,-165.946],[216.715,-165.934],[217.287,-164.994],[217.275,-164.942]],"c":true},"ix":2},"nm":"Path 2","mn":"ADBE Vector Shape - Group","hd":false},{"ind":2,"ty":"sh","ix":3,"ks":{"a":0,"k":{"i":[[-0.041,-0.117],[0,0],[0.09,-0.055]],"o":[[0,0],[-0.092,-0.105],[-0.111,0.069]],"v":[[216.271,-164.888],[216.676,-165.135],[216.377,-165.186]],"c":true},"ix":2},"nm":"Path 3","mn":"ADBE Vector Shape - Group","hd":false},{"ind":3,"ty":"sh","ix":4,"ks":{"a":0,"k":{"i":[[-0.217,0.134],[-0.123,-0.201],[-0.006,-0.012],[0.02,-0.011],[0,0],[-0.107,0.064],[-0.006,0.058],[-0.016,0.012],[0,0],[-0.002,-0.025],[0.143,-0.086],[0.127,0.208]],"o":[[0.209,-0.127],[0.006,0.011],[0.01,0.022],[0,0],[0.092,0.101],[0.066,-0.04],[0.004,-0.018],[0,0],[0.023,-0.013],[0.018,0.143],[-0.223,0.137],[-0.127,-0.208]],"v":[[216.295,-165.323],[216.865,-165.166],[216.883,-165.133],[216.867,-165.083],[216.35,-164.763],[216.668,-164.722],[216.777,-164.882],[216.805,-164.925],[216.895,-164.98],[216.941,-164.962],[216.744,-164.593],[216.154,-164.731]],"c":true},"ix":2},"nm":"Path 4","mn":"ADBE Vector Shape - Group","hd":false},{"ind":4,"ty":"sh","ix":5,"ks":{"a":0,"k":{"i":[[0,0],[0.025,-0.017],[0,0],[0.018,0.008],[0,0],[0,0],[0.016,-0.011],[0,0],[0,0.031],[0,0],[0,0],[-0.023,0.015],[0,0],[-0.018,-0.009],[0,0],[0,0],[-0.016,0.011],[0,0],[0,-0.029],[0,0]],"o":[[0.027,0.015],[0,0],[-0.016,0.01],[0,0],[0,0],[0,0.02],[0,0],[-0.023,0.016],[0,0],[0,0],[-0.027,-0.013],[0,0],[0.018,-0.01],[0,0],[0,0],[0,-0.02],[0,0],[0.023,-0.017],[0,0],[0,0]],"v":[[216.334,-164.419],[216.338,-164.367],[216.246,-164.311],[216.195,-164.31],[215.93,-164.438],[215.924,-164.143],[215.9,-164.098],[215.807,-164.043],[215.764,-164.067],[215.773,-164.514],[215.398,-164.696],[215.396,-164.747],[215.488,-164.803],[215.539,-164.807],[215.777,-164.689],[215.783,-164.956],[215.809,-165],[215.9,-165.056],[215.943,-165.031],[215.934,-164.611]],"c":true},"ix":2},"nm":"Path 5","mn":"ADBE Vector Shape - Group","hd":false},{"ind":5,"ty":"sh","ix":6,"ks":{"a":0,"k":{"i":[[0,0],[0.012,0.018],[0,0],[-0.021,0.012],[0,0],[-0.014,-0.02],[0,0],[0.02,-0.013]],"o":[[-0.021,0.012],[0,0],[-0.012,-0.02],[0,0],[0.02,-0.013],[0,0],[0.012,0.02],[0,0]],"v":[[215.59,-163.907],[215.539,-163.919],[215.152,-164.554],[215.166,-164.605],[215.254,-164.657],[215.305,-164.646],[215.689,-164.014],[215.678,-163.961]],"c":true},"ix":2},"nm":"Path 6","mn":"ADBE Vector Shape - Group","hd":false},{"ind":6,"ty":"sh","ix":7,"ks":{"a":0,"k":{"i":[[-0.125,0.078],[0.078,0.129],[0.127,-0.077],[-0.078,-0.13]],"o":[[0.125,-0.076],[-0.078,-0.13],[-0.125,0.076],[0.078,0.131]],"v":[[215.021,-163.731],[215.105,-164.089],[214.75,-164.178],[214.666,-163.819]],"c":true},"ix":2},"nm":"Path 7","mn":"ADBE Vector Shape - Group","hd":false},{"ind":7,"ty":"sh","ix":8,"ks":{"a":0,"k":{"i":[[0,0],[-0.125,-0.206],[0.188,-0.117],[0.096,0.041],[0,0],[0.02,-0.013],[0,0],[0.012,0.02],[0,0],[-0.02,0.013],[0,0],[-0.012,-0.02],[0,0],[-0.109,0.066]],"o":[[0.189,-0.116],[0.127,0.207],[-0.111,0.066],[0,0],[0.012,0.018],[0,0],[-0.02,0.014],[0,0],[-0.012,-0.021],[0,0],[0.021,-0.014],[0,0],[0.008,-0.105],[0,0]],"v":[[214.688,-164.335],[215.256,-164.182],[215.135,-163.602],[214.818,-163.571],[215.031,-163.224],[215.018,-163.173],[214.93,-163.12],[214.879,-163.132],[214.324,-164.044],[214.336,-164.095],[214.424,-164.146],[214.475,-164.135],[214.516,-164.067],[214.688,-164.335]],"c":true},"ix":2},"nm":"Path 8","mn":"ADBE Vector Shape - Group","hd":false},{"ty":"fl","c":{"a":0,"k":[0.188235297799,0.172549024224,0.23137255013,1],"ix":4},"o":{"a":0,"k":100,"ix":5},"r":1,"bm":0,"nm":"Fill 1","mn":"ADBE Vector Graphic - Fill","hd":false},{"ty":"tr","p":{"a":0,"k":[0,0],"ix":2},"a":{"a":0,"k":[0,0],"ix":1},"s":{"a":0,"k":[100,100],"ix":3},"r":{"a":0,"k":0,"ix":6},"o":{"a":0,"k":100,"ix":7},"sk":{"a":0,"k":0,"ix":4},"sa":{"a":0,"k":0,"ix":5},"nm":"Transform"}],"nm":"pixels","np":9,"cix":2,"bm":0,"ix":2,"mn":"ADBE Vector Group","hd":false},{"ty":"gr","it":[{"ind":0,"ty":"sh","ix":1,"ks":{"a":0,"k":{"i":[[-0.008,-0.002],[0,0],[0.002,-0.007],[0,0],[0.01,0.003],[0,0],[-0.002,0.009],[0,0]],"o":[[0,0],[0.01,0.001],[0,0],[-0.002,0.011],[0,0],[-0.01,-0.002],[0,0],[0.004,-0.009]],"v":[[212.488,-163.493],[212.701,-163.44],[212.715,-163.424],[212.662,-163.21],[212.643,-163.197],[212.43,-163.248],[212.418,-163.267],[212.469,-163.48]],"c":true},"ix":2},"nm":"Path 1","mn":"ADBE Vector Shape - Group","hd":false},{"ty":"fl","c":{"a":0,"k":[0.188235297799,0.172549024224,0.23137255013,1],"ix":4},"o":{"a":0,"k":100,"ix":5},"r":1,"bm":0,"nm":"Fill 1","mn":"ADBE Vector Graphic - Fill","hd":false},{"ty":"tr","p":{"a":0,"k":[0,0],"ix":2},"a":{"a":0,"k":[0,0],"ix":1},"s":{"a":0,"k":[100,100],"ix":3},"r":{"a":0,"k":0,"ix":6},"o":{"a":0,"k":100,"ix":7},"sk":{"a":0,"k":0,"ix":4},"sa":{"a":0,"k":0,"ix":5},"nm":"Transform"}],"nm":"diamond","np":2,"cix":2,"bm":0,"ix":3,"mn":"ADBE Vector Group","hd":false},{"ty":"gr","it":[{"ind":0,"ty":"sh","ix":1,"ks":{"a":0,"k":{"i":[[0,0],[0.016,0.023],[0,0],[-0.023,0.016],[0,0],[-0.016,-0.025],[0,0],[0.219,-0.139],[0.121,0.028],[-0.008,0.027],[0,0],[-0.027,-0.006],[-0.062,0.036],[0.025,0.11]],"o":[[-0.023,0.015],[0,0],[-0.014,-0.023],[0,0],[0.021,-0.015],[0,0],[0.135,0.222],[-0.109,0.064],[-0.027,-0.006],[0,0],[0.006,-0.026],[0.068,0.018],[0.1,-0.064],[0,0]],"v":[[211.949,-162.1],[211.893,-162.113],[211.852,-162.183],[211.865,-162.24],[212.094,-162.378],[212.148,-162.363],[212.17,-162.33],[212.014,-161.681],[211.656,-161.626],[211.627,-161.676],[211.656,-161.795],[211.705,-161.826],[211.906,-161.855],[212.025,-162.148]],"c":true},"ix":2},"nm":"Path 1","mn":"ADBE Vector Shape - Group","hd":false},{"ty":"fl","c":{"a":0,"k":[0.188235297799,0.172549024224,0.23137255013,1],"ix":4},"o":{"a":0,"k":100,"ix":5},"r":1,"bm":0,"nm":"Fill 1","mn":"ADBE Vector Graphic - Fill","hd":false},{"ty":"tr","p":{"a":0,"k":[0,0],"ix":2},"a":{"a":0,"k":[0,0],"ix":1},"s":{"a":0,"k":[100,100],"ix":3},"r":{"a":0,"k":0,"ix":6},"o":{"a":0,"k":100,"ix":7},"sk":{"a":0,"k":0,"ix":4},"sa":{"a":0,"k":0,"ix":5},"nm":"Transform"}],"nm":"Combined-Shape","np":2,"cix":2,"bm":0,"ix":4,"mn":"ADBE Vector Group","hd":false},{"ty":"gr","it":[{"ind":0,"ty":"sh","ix":1,"ks":{"a":0,"k":{"i":[[0.385,-0.237],[-0.234,-0.386],[-0.387,0.238],[0.234,0.385]],"o":[[-0.385,0.235],[0.236,0.386],[0.385,-0.237],[-0.234,-0.386]],"v":[[211.342,-162.781],[211.07,-161.655],[212.193,-161.388],[212.465,-162.513]],"c":true},"ix":2},"nm":"Path 1","mn":"ADBE Vector Shape - Group","hd":false},{"ind":1,"ty":"sh","ix":2,"ks":{"a":0,"k":{"i":[[-0.289,0.179],[-0.176,-0.288],[0.289,-0.176],[0.178,0.289]],"o":[[0.289,-0.176],[0.176,0.288],[-0.287,0.178],[-0.174,-0.288]],"v":[[211.449,-162.607],[212.291,-162.406],[212.086,-161.562],[211.244,-161.764]],"c":true},"ix":2},"nm":"Path 2","mn":"ADBE Vector Shape - Group","hd":false},{"ty":"fl","c":{"a":0,"k":[0.188235297799,0.172549024224,0.23137255013,1],"ix":4},"o":{"a":0,"k":100,"ix":5},"r":1,"bm":0,"nm":"Fill 1","mn":"ADBE Vector Graphic - Fill","hd":false},{"ty":"tr","p":{"a":0,"k":[0,0],"ix":2},"a":{"a":0,"k":[0,0],"ix":1},"s":{"a":0,"k":[100,100],"ix":3},"r":{"a":0,"k":0,"ix":6},"o":{"a":0,"k":100,"ix":7},"sk":{"a":0,"k":0,"ix":4},"sa":{"a":0,"k":0,"ix":5},"nm":"Transform"}],"nm":"Shape","np":3,"cix":2,"bm":0,"ix":5,"mn":"ADBE Vector Group","hd":false},{"ty":"tr","p":{"a":0,"k":[0,0],"ix":2},"a":{"a":0,"k":[0,0],"ix":1},"s":{"a":0,"k":[100,100],"ix":3},"r":{"a":0,"k":0,"ix":6},"o":{"a":0,"k":100,"ix":7},"sk":{"a":0,"k":0,"ix":4},"sa":{"a":0,"k":0,"ix":5},"nm":"Transform"}],"nm":"Group 1","np":5,"cix":2,"bm":0,"ix":1,"mn":"ADBE Vector Group","hd":false},{"ty":"gr","it":[{"ty":"gr","it":[{"ind":0,"ty":"sh","ix":1,"ks":{"a":0,"k":{"i":[[-3.098,1.934],[1.842,-1.152]],"o":[[1.842,-1.152],[-3.1,1.935]],"v":[[198.717,-152.169],[197.135,-154.701]],"c":true},"ix":2},"nm":"Path 1","mn":"ADBE Vector Shape - Group","hd":false},{"ty":"gf","o":{"a":0,"k":100,"ix":10},"r":1,"bm":0,"g":{"p":3,"k":{"a":0,"k":[0,0.992,0.839,0.455,0.5,0.947,0.775,0.345,1,0.902,0.71,0.235],"ix":9}},"s":{"a":0,"k":[120.533,-119.827],"ix":5},"e":{"a":0,"k":[123.065,-121.409],"ix":6},"t":1,"nm":"L31Gdru","mn":"ADBE Vector Graphic - G-Fill","hd":false},{"ty":"tr","p":{"a":0,"k":[0,0],"ix":2},"a":{"a":0,"k":[0,0],"ix":1},"s":{"a":0,"k":[100,100],"ix":3},"r":{"a":0,"k":0,"ix":6},"o":{"a":0,"k":100,"ix":7},"sk":{"a":0,"k":0,"ix":4},"sa":{"a":0,"k":0,"ix":5},"nm":"Transform"}],"nm":"Group 1","np":2,"cix":2,"bm":0,"ix":1,"mn":"ADBE Vector Group","hd":false},{"ty":"gr","it":[{"ind":0,"ty":"sh","ix":1,"ks":{"a":0,"k":{"i":[[-15.518,9.697],[0.945,-0.592],[0,0],[0,0]],"o":[[0.947,-0.591],[-15.518,9.697],[0,0],[0,0]],"v":[[230.08,-172.368],[229.037,-174.038],[197.406,-154.016],[198.221,-152.717]],"c":true},"ix":2},"nm":"Path 1","mn":"ADBE Vector Shape - Group","hd":false},{"ty":"gf","o":{"a":0,"k":100,"ix":10},"r":1,"bm":0,"g":{"p":3,"k":{"a":0,"k":[0,0.992,0.839,0.455,0.5,0.947,0.775,0.345,1,0.902,0.71,0.235],"ix":9}},"s":{"a":0,"k":[-473.746,228.611],"ix":5},"e":{"a":0,"k":[-472.703,230.281],"ix":6},"t":1,"nm":"L32Gdru","mn":"ADBE Vector Graphic - G-Fill","hd":false},{"ty":"tr","p":{"a":0,"k":[0,0],"ix":2},"a":{"a":0,"k":[0,0],"ix":1},"s":{"a":0,"k":[100,100],"ix":3},"r":{"a":0,"k":0,"ix":6},"o":{"a":0,"k":100,"ix":7},"sk":{"a":0,"k":0,"ix":4},"sa":{"a":0,"k":0,"ix":5},"nm":"Transform"}],"nm":"Group 2","np":2,"cix":2,"bm":0,"ix":2,"mn":"ADBE Vector Group","hd":false},{"ty":"tr","p":{"a":0,"k":[0,0],"ix":2},"a":{"a":0,"k":[0,0],"ix":1},"s":{"a":0,"k":[100,100],"ix":3},"r":{"a":0,"k":0,"ix":6},"o":{"a":0,"k":100,"ix":7},"sk":{"a":0,"k":0,"ix":4},"sa":{"a":0,"k":0,"ix":5},"nm":"Transform"}],"nm":"Group 2","np":2,"cix":2,"bm":0,"ix":2,"mn":"ADBE Vector Group","hd":false}],"ip":0,"op":48,"st":0,"bm":0},{"ddd":0,"ind":3,"ty":4,"nm":"Layer 1","sr":1,"ks":{"o":{"a":0,"k":100,"ix":11},"r":{"a":0,"k":0,"ix":10},"p":{"a":0,"k":[510,964,0],"ix":2},"a":{"a":0,"k":[200.286,-114.496,0],"ix":1},"s":{"a":1,"k":[{"i":{"x":[0.667,0.667,0.667],"y":[1,1,1]},"o":{"x":[0.167,0.167,0.167],"y":[0,0.167,0]},"t":0,"s":[1200,1160,100]},{"i":{"x":[0.833,0.833,0.833],"y":[1,0.833,1]},"o":{"x":[0.333,0.333,0.333],"y":[0,0,0]},"t":2,"s":[1200,1200,100]},{"i":{"x":[0.667,0.667,0.667],"y":[1,1,1]},"o":{"x":[0.167,0.167,0.167],"y":[0,0.167,0]},"t":4,"s":[1200,1160,100]},{"i":{"x":[0.833,0.833,0.833],"y":[1,0.833,1]},"o":{"x":[0.333,0.333,0.333],"y":[0,0,0]},"t":6,"s":[1200,1200,100]},{"i":{"x":[0.667,0.667,0.667],"y":[1,1,1]},"o":{"x":[0.167,0.167,0.167],"y":[0,0.167,0]},"t":8,"s":[1200,1160,100]},{"i":{"x":[0.833,0.833,0.833],"y":[1,0.833,1]},"o":{"x":[0.333,0.333,0.333],"y":[0,0,0]},"t":10,"s":[1200,1200,100]},{"i":{"x":[0.667,0.667,0.667],"y":[1,1,1]},"o":{"x":[0.167,0.167,0.167],"y":[0,0.167,0]},"t":13,"s":[1200,1160,100]},{"i":{"x":[0.833,0.833,0.833],"y":[1,0.833,1]},"o":{"x":[0.333,0.333,0.333],"y":[0,0,0]},"t":16,"s":[1200,1200,100]},{"i":{"x":[0.667,0.667,0.667],"y":[1,1,1]},"o":{"x":[0.167,0.167,0.167],"y":[0,0.167,0]},"t":19,"s":[1200,1160,100]},{"t":27,"s":[1200,1200,100]}],"ix":6}},"ao":0,"shapes":[{"ty":"gr","it":[{"ty":"gr","it":[{"ind":0,"ty":"sh","ix":1,"ks":{"a":0,"k":{"i":[[-1.02,0],[0,-0.384],[1.021,0],[0,0.384]],"o":[[1.021,0],[0,0.384],[-1.02,0],[0,-0.384]],"v":[[176.953,-142.381],[178.802,-141.686],[176.953,-140.99],[175.105,-141.686]],"c":true},"ix":2},"nm":"Path 1","mn":"ADBE Vector Shape - Group","hd":false},{"ty":"fl","c":{"a":0,"k":[0.901960790157,0.921568632126,0.937254905701,1],"ix":4},"o":{"a":0,"k":100,"ix":5},"r":1,"bm":0,"nm":"Fill 1","mn":"ADBE Vector Graphic - Fill","hd":false},{"ty":"tr","p":{"a":0,"k":[0,0],"ix":2},"a":{"a":0,"k":[0,0],"ix":1},"s":{"a":0,"k":[100,100],"ix":3},"r":{"a":0,"k":0,"ix":6},"o":{"a":0,"k":100,"ix":7},"sk":{"a":0,"k":0,"ix":4},"sa":{"a":0,"k":0,"ix":5},"nm":"Transform"}],"nm":"Group 1","np":2,"cix":2,"bm":0,"ix":1,"mn":"ADBE Vector Group","hd":false},{"ty":"gr","it":[{"ind":0,"ty":"sh","ix":1,"ks":{"a":0,"k":{"i":[[0,0],[0,0],[0,1.117],[0,0]],"o":[[0,0],[0,1.117],[0,0],[0,0]],"v":[[175.105,-141.686],[175.105,-140.219],[178.802,-140.219],[178.802,-141.686]],"c":true},"ix":2},"nm":"Path 1","mn":"ADBE Vector Shape - Group","hd":false},{"ty":"fl","c":{"a":0,"k":[0.600000023842,0.658823549747,0.68235296011,1],"ix":4},"o":{"a":0,"k":100,"ix":5},"r":1,"bm":0,"nm":"Fill 1","mn":"ADBE Vector Graphic - Fill","hd":false},{"ty":"tr","p":{"a":0,"k":[0,0],"ix":2},"a":{"a":0,"k":[0,0],"ix":1},"s":{"a":0,"k":[100,100],"ix":3},"r":{"a":0,"k":0,"ix":6},"o":{"a":0,"k":100,"ix":7},"sk":{"a":0,"k":0,"ix":4},"sa":{"a":0,"k":0,"ix":5},"nm":"Transform"}],"nm":"Group 2","np":2,"cix":2,"bm":0,"ix":2,"mn":"ADBE Vector Group","hd":false},{"ty":"gr","it":[{"ind":0,"ty":"sh","ix":1,"ks":{"a":0,"k":{"i":[[0,0],[0,0],[0,0.305],[0,0]],"o":[[0,0],[0,0.305],[0,0],[0,0]],"v":[[176.453,-140.345],[176.453,-122.355],[177.453,-122.355],[177.453,-140.345]],"c":true},"ix":2},"nm":"Path 1","mn":"ADBE Vector Shape - Group","hd":false},{"ty":"fl","c":{"a":0,"k":[0.43137255311,0.505882382393,0.537254929543,1],"ix":4},"o":{"a":0,"k":100,"ix":5},"r":1,"bm":0,"nm":"Fill 1","mn":"ADBE Vector Graphic - Fill","hd":false},{"ty":"tr","p":{"a":0,"k":[0,0],"ix":2},"a":{"a":0,"k":[0,0],"ix":1},"s":{"a":0,"k":[100,100],"ix":3},"r":{"a":0,"k":0,"ix":6},"o":{"a":0,"k":100,"ix":7},"sk":{"a":0,"k":0,"ix":4},"sa":{"a":0,"k":0,"ix":5},"nm":"Transform"}],"nm":"Group 3","np":2,"cix":2,"bm":0,"ix":3,"mn":"ADBE Vector Group","hd":false},{"ty":"gr","it":[{"ind":0,"ty":"sh","ix":1,"ks":{"a":0,"k":{"i":[[-1.02,0],[0,-0.384],[1.023,0],[0,0.385]],"o":[[1.023,0],[0,0.385],[-1.02,0],[0,-0.384]],"v":[[176.953,-123.009],[178.802,-122.314],[176.953,-121.618],[175.105,-122.314]],"c":true},"ix":2},"nm":"Path 1","mn":"ADBE Vector Shape - Group","hd":false},{"ty":"fl","c":{"a":0,"k":[0.901960790157,0.921568632126,0.937254905701,1],"ix":4},"o":{"a":0,"k":100,"ix":5},"r":1,"bm":0,"nm":"Fill 1","mn":"ADBE Vector Graphic - Fill","hd":false},{"ty":"tr","p":{"a":0,"k":[0,0],"ix":2},"a":{"a":0,"k":[0,0],"ix":1},"s":{"a":0,"k":[100,100],"ix":3},"r":{"a":0,"k":0,"ix":6},"o":{"a":0,"k":100,"ix":7},"sk":{"a":0,"k":0,"ix":4},"sa":{"a":0,"k":0,"ix":5},"nm":"Transform"}],"nm":"Group 4","np":2,"cix":2,"bm":0,"ix":4,"mn":"ADBE Vector Group","hd":false},{"ty":"gr","it":[{"ind":0,"ty":"sh","ix":1,"ks":{"a":0,"k":{"i":[[0,0],[0,0],[0,1.119],[0,0]],"o":[[0,0],[0,1.119],[0,0],[0,0]],"v":[[175.105,-122.314],[175.105,-120.848],[178.802,-120.848],[178.802,-122.314]],"c":true},"ix":2},"nm":"Path 1","mn":"ADBE Vector Shape - Group","hd":false},{"ty":"fl","c":{"a":0,"k":[0.600000023842,0.658823549747,0.68235296011,1],"ix":4},"o":{"a":0,"k":100,"ix":5},"r":1,"bm":0,"nm":"Fill 1","mn":"ADBE Vector Graphic - Fill","hd":false},{"ty":"tr","p":{"a":0,"k":[0,0],"ix":2},"a":{"a":0,"k":[0,0],"ix":1},"s":{"a":0,"k":[100,100],"ix":3},"r":{"a":0,"k":0,"ix":6},"o":{"a":0,"k":100,"ix":7},"sk":{"a":0,"k":0,"ix":4},"sa":{"a":0,"k":0,"ix":5},"nm":"Transform"}],"nm":"Group 5","np":2,"cix":2,"bm":0,"ix":5,"mn":"ADBE Vector Group","hd":false},{"ty":"tr","p":{"a":0,"k":[0,0],"ix":2},"a":{"a":0,"k":[0,0],"ix":1},"s":{"a":0,"k":[100,100],"ix":3},"r":{"a":0,"k":0,"ix":6},"o":{"a":0,"k":100,"ix":7},"sk":{"a":0,"k":0,"ix":4},"sa":{"a":0,"k":0,"ix":5},"nm":"Transform"}],"nm":"Group 1","np":5,"cix":2,"bm":0,"ix":1,"mn":"ADBE Vector Group","hd":false},{"ty":"gr","it":[{"ty":"gr","it":[{"ind":0,"ty":"sh","ix":1,"ks":{"a":0,"k":{"i":[[-1.02,0],[0,-0.384],[1.021,0],[0,0.384]],"o":[[1.021,0],[0,0.384],[-1.02,0],[0,-0.384]],"v":[[223.953,-142.381],[225.802,-141.686],[223.953,-140.99],[222.105,-141.686]],"c":true},"ix":2},"nm":"Path 1","mn":"ADBE Vector Shape - Group","hd":false},{"ty":"fl","c":{"a":0,"k":[0.901960790157,0.921568632126,0.937254905701,1],"ix":4},"o":{"a":0,"k":100,"ix":5},"r":1,"bm":0,"nm":"Fill 1","mn":"ADBE Vector Graphic - Fill","hd":false},{"ty":"tr","p":{"a":0,"k":[0,0],"ix":2},"a":{"a":0,"k":[0,0],"ix":1},"s":{"a":0,"k":[100,100],"ix":3},"r":{"a":0,"k":0,"ix":6},"o":{"a":0,"k":100,"ix":7},"sk":{"a":0,"k":0,"ix":4},"sa":{"a":0,"k":0,"ix":5},"nm":"Transform"}],"nm":"Group 1","np":2,"cix":2,"bm":0,"ix":1,"mn":"ADBE Vector Group","hd":false},{"ty":"gr","it":[{"ind":0,"ty":"sh","ix":1,"ks":{"a":0,"k":{"i":[[0,0],[0,0],[0,1.117],[0,0]],"o":[[0,0],[0,1.117],[0,0],[0,0]],"v":[[222.105,-141.686],[222.105,-140.219],[225.802,-140.219],[225.802,-141.686]],"c":true},"ix":2},"nm":"Path 1","mn":"ADBE Vector Shape - Group","hd":false},{"ty":"fl","c":{"a":0,"k":[0.600000023842,0.658823549747,0.68235296011,1],"ix":4},"o":{"a":0,"k":100,"ix":5},"r":1,"bm":0,"nm":"Fill 1","mn":"ADBE Vector Graphic - Fill","hd":false},{"ty":"tr","p":{"a":0,"k":[0,0],"ix":2},"a":{"a":0,"k":[0,0],"ix":1},"s":{"a":0,"k":[100,100],"ix":3},"r":{"a":0,"k":0,"ix":6},"o":{"a":0,"k":100,"ix":7},"sk":{"a":0,"k":0,"ix":4},"sa":{"a":0,"k":0,"ix":5},"nm":"Transform"}],"nm":"Group 2","np":2,"cix":2,"bm":0,"ix":2,"mn":"ADBE Vector Group","hd":false},{"ty":"gr","it":[{"ind":0,"ty":"sh","ix":1,"ks":{"a":0,"k":{"i":[[0,0],[0,0],[0,0.305],[0,0]],"o":[[0,0],[0,0.305],[0,0],[0,0]],"v":[[223.453,-140.345],[223.453,-122.355],[224.453,-122.355],[224.453,-140.345]],"c":true},"ix":2},"nm":"Path 1","mn":"ADBE Vector Shape - Group","hd":false},{"ty":"fl","c":{"a":0,"k":[0.43137255311,0.505882382393,0.537254929543,1],"ix":4},"o":{"a":0,"k":100,"ix":5},"r":1,"bm":0,"nm":"Fill 1","mn":"ADBE Vector Graphic - Fill","hd":false},{"ty":"tr","p":{"a":0,"k":[0,0],"ix":2},"a":{"a":0,"k":[0,0],"ix":1},"s":{"a":0,"k":[100,100],"ix":3},"r":{"a":0,"k":0,"ix":6},"o":{"a":0,"k":100,"ix":7},"sk":{"a":0,"k":0,"ix":4},"sa":{"a":0,"k":0,"ix":5},"nm":"Transform"}],"nm":"Group 3","np":2,"cix":2,"bm":0,"ix":3,"mn":"ADBE Vector Group","hd":false},{"ty":"gr","it":[{"ind":0,"ty":"sh","ix":1,"ks":{"a":0,"k":{"i":[[-1.02,0],[0,-0.384],[1.023,0],[0,0.385]],"o":[[1.023,0],[0,0.385],[-1.02,0],[0,-0.384]],"v":[[223.953,-123.009],[225.802,-122.314],[223.953,-121.618],[222.105,-122.314]],"c":true},"ix":2},"nm":"Path 1","mn":"ADBE Vector Shape - Group","hd":false},{"ty":"fl","c":{"a":0,"k":[0.901960790157,0.921568632126,0.937254905701,1],"ix":4},"o":{"a":0,"k":100,"ix":5},"r":1,"bm":0,"nm":"Fill 1","mn":"ADBE Vector Graphic - Fill","hd":false},{"ty":"tr","p":{"a":0,"k":[0,0],"ix":2},"a":{"a":0,"k":[0,0],"ix":1},"s":{"a":0,"k":[100,100],"ix":3},"r":{"a":0,"k":0,"ix":6},"o":{"a":0,"k":100,"ix":7},"sk":{"a":0,"k":0,"ix":4},"sa":{"a":0,"k":0,"ix":5},"nm":"Transform"}],"nm":"Group 4","np":2,"cix":2,"bm":0,"ix":4,"mn":"ADBE Vector Group","hd":false},{"ty":"gr","it":[{"ind":0,"ty":"sh","ix":1,"ks":{"a":0,"k":{"i":[[0,0],[0,0],[0,1.119],[0,0]],"o":[[0,0],[0,1.119],[0,0],[0,0]],"v":[[222.105,-122.314],[222.105,-120.848],[225.802,-120.848],[225.802,-122.314]],"c":true},"ix":2},"nm":"Path 1","mn":"ADBE Vector Shape - Group","hd":false},{"ty":"fl","c":{"a":0,"k":[0.600000023842,0.658823549747,0.68235296011,1],"ix":4},"o":{"a":0,"k":100,"ix":5},"r":1,"bm":0,"nm":"Fill 1","mn":"ADBE Vector Graphic - Fill","hd":false},{"ty":"tr","p":{"a":0,"k":[0,0],"ix":2},"a":{"a":0,"k":[0,0],"ix":1},"s":{"a":0,"k":[100,100],"ix":3},"r":{"a":0,"k":0,"ix":6},"o":{"a":0,"k":100,"ix":7},"sk":{"a":0,"k":0,"ix":4},"sa":{"a":0,"k":0,"ix":5},"nm":"Transform"}],"nm":"Group 5","np":2,"cix":2,"bm":0,"ix":5,"mn":"ADBE Vector Group","hd":false},{"ty":"tr","p":{"a":0,"k":[0,0],"ix":2},"a":{"a":0,"k":[0,0],"ix":1},"s":{"a":0,"k":[100,100],"ix":3},"r":{"a":0,"k":0,"ix":6},"o":{"a":0,"k":100,"ix":7},"sk":{"a":0,"k":0,"ix":4},"sa":{"a":0,"k":0,"ix":5},"nm":"Transform"}],"nm":"Group 2","np":5,"cix":2,"bm":0,"ix":2,"mn":"ADBE Vector Group","hd":false},{"ty":"gr","it":[{"ty":"gr","it":[{"ind":0,"ty":"sh","ix":1,"ks":{"a":0,"k":{"i":[[-1.02,0],[0,-0.384],[1.021,0],[0,0.384]],"o":[[1.021,0],[0,0.384],[-1.02,0],[0,-0.384]],"v":[[191.328,-138.265],[193.177,-137.569],[191.328,-136.874],[189.48,-137.569]],"c":true},"ix":2},"nm":"Path 1","mn":"ADBE Vector Shape - Group","hd":false},{"ty":"fl","c":{"a":0,"k":[0.901960790157,0.921568632126,0.937254905701,1],"ix":4},"o":{"a":0,"k":100,"ix":5},"r":1,"bm":0,"nm":"Fill 1","mn":"ADBE Vector Graphic - Fill","hd":false},{"ty":"tr","p":{"a":0,"k":[0,0],"ix":2},"a":{"a":0,"k":[0,0],"ix":1},"s":{"a":0,"k":[100,100],"ix":3},"r":{"a":0,"k":0,"ix":6},"o":{"a":0,"k":100,"ix":7},"sk":{"a":0,"k":0,"ix":4},"sa":{"a":0,"k":0,"ix":5},"nm":"Transform"}],"nm":"Group 1","np":2,"cix":2,"bm":0,"ix":1,"mn":"ADBE Vector Group","hd":false},{"ty":"gr","it":[{"ind":0,"ty":"sh","ix":1,"ks":{"a":0,"k":{"i":[[0,0],[0,0],[0,1.117],[0,0]],"o":[[0,0],[0,1.117],[0,0],[0,0]],"v":[[189.48,-137.569],[189.48,-136.102],[193.177,-136.102],[193.177,-137.569]],"c":true},"ix":2},"nm":"Path 1","mn":"ADBE Vector Shape - Group","hd":false},{"ty":"fl","c":{"a":0,"k":[0.600000023842,0.658823549747,0.68235296011,1],"ix":4},"o":{"a":0,"k":100,"ix":5},"r":1,"bm":0,"nm":"Fill 1","mn":"ADBE Vector Graphic - Fill","hd":false},{"ty":"tr","p":{"a":0,"k":[0,0],"ix":2},"a":{"a":0,"k":[0,0],"ix":1},"s":{"a":0,"k":[100,100],"ix":3},"r":{"a":0,"k":0,"ix":6},"o":{"a":0,"k":100,"ix":7},"sk":{"a":0,"k":0,"ix":4},"sa":{"a":0,"k":0,"ix":5},"nm":"Transform"}],"nm":"Group 2","np":2,"cix":2,"bm":0,"ix":2,"mn":"ADBE Vector Group","hd":false},{"ty":"gr","it":[{"ind":0,"ty":"sh","ix":1,"ks":{"a":0,"k":{"i":[[0,0],[0,0],[0,0.305],[0,0]],"o":[[0,0],[0,0.305],[0,0],[0,0]],"v":[[190.828,-136.229],[190.828,-118.238],[191.828,-118.238],[191.828,-136.229]],"c":true},"ix":2},"nm":"Path 1","mn":"ADBE Vector Shape - Group","hd":false},{"ty":"fl","c":{"a":0,"k":[0.43137255311,0.505882382393,0.537254929543,1],"ix":4},"o":{"a":0,"k":100,"ix":5},"r":1,"bm":0,"nm":"Fill 1","mn":"ADBE Vector Graphic - Fill","hd":false},{"ty":"tr","p":{"a":0,"k":[0,0],"ix":2},"a":{"a":0,"k":[0,0],"ix":1},"s":{"a":0,"k":[100,100],"ix":3},"r":{"a":0,"k":0,"ix":6},"o":{"a":0,"k":100,"ix":7},"sk":{"a":0,"k":0,"ix":4},"sa":{"a":0,"k":0,"ix":5},"nm":"Transform"}],"nm":"Group 3","np":2,"cix":2,"bm":0,"ix":3,"mn":"ADBE Vector Group","hd":false},{"ty":"gr","it":[{"ind":0,"ty":"sh","ix":1,"ks":{"a":0,"k":{"i":[[-1.02,0],[0,-0.384],[1.023,0],[0,0.385]],"o":[[1.023,0],[0,0.385],[-1.02,0],[0,-0.384]],"v":[[191.328,-118.893],[193.177,-118.197],[191.328,-117.502],[189.48,-118.197]],"c":true},"ix":2},"nm":"Path 1","mn":"ADBE Vector Shape - Group","hd":false},{"ty":"fl","c":{"a":0,"k":[0.901960790157,0.921568632126,0.937254905701,1],"ix":4},"o":{"a":0,"k":100,"ix":5},"r":1,"bm":0,"nm":"Fill 1","mn":"ADBE Vector Graphic - Fill","hd":false},{"ty":"tr","p":{"a":0,"k":[0,0],"ix":2},"a":{"a":0,"k":[0,0],"ix":1},"s":{"a":0,"k":[100,100],"ix":3},"r":{"a":0,"k":0,"ix":6},"o":{"a":0,"k":100,"ix":7},"sk":{"a":0,"k":0,"ix":4},"sa":{"a":0,"k":0,"ix":5},"nm":"Transform"}],"nm":"Group 4","np":2,"cix":2,"bm":0,"ix":4,"mn":"ADBE Vector Group","hd":false},{"ty":"gr","it":[{"ind":0,"ty":"sh","ix":1,"ks":{"a":0,"k":{"i":[[0,0],[0,0],[0,1.119],[0,0]],"o":[[0,0],[0,1.119],[0,0],[0,0]],"v":[[189.48,-118.197],[189.48,-116.731],[193.177,-116.731],[193.177,-118.197]],"c":true},"ix":2},"nm":"Path 1","mn":"ADBE Vector Shape - Group","hd":false},{"ty":"fl","c":{"a":0,"k":[0.600000023842,0.658823549747,0.68235296011,1],"ix":4},"o":{"a":0,"k":100,"ix":5},"r":1,"bm":0,"nm":"Fill 1","mn":"ADBE Vector Graphic - Fill","hd":false},{"ty":"tr","p":{"a":0,"k":[0,0],"ix":2},"a":{"a":0,"k":[0,0],"ix":1},"s":{"a":0,"k":[100,100],"ix":3},"r":{"a":0,"k":0,"ix":6},"o":{"a":0,"k":100,"ix":7},"sk":{"a":0,"k":0,"ix":4},"sa":{"a":0,"k":0,"ix":5},"nm":"Transform"}],"nm":"Group 5","np":2,"cix":2,"bm":0,"ix":5,"mn":"ADBE Vector Group","hd":false},{"ty":"tr","p":{"a":0,"k":[0,0],"ix":2},"a":{"a":0,"k":[0,0],"ix":1},"s":{"a":0,"k":[100,100],"ix":3},"r":{"a":0,"k":0,"ix":6},"o":{"a":0,"k":100,"ix":7},"sk":{"a":0,"k":0,"ix":4},"sa":{"a":0,"k":0,"ix":5},"nm":"Transform"}],"nm":"Group 3","np":5,"cix":2,"bm":0,"ix":3,"mn":"ADBE Vector Group","hd":false},{"ty":"gr","it":[{"ty":"gr","it":[{"ind":0,"ty":"sh","ix":1,"ks":{"a":0,"k":{"i":[[-1.02,0],[0,-0.384],[1.021,0],[0,0.384]],"o":[[1.021,0],[0,0.384],[-1.02,0],[0,-0.384]],"v":[[209.578,-138.265],[211.427,-137.569],[209.578,-136.874],[207.73,-137.569]],"c":true},"ix":2},"nm":"Path 1","mn":"ADBE Vector Shape - Group","hd":false},{"ty":"fl","c":{"a":0,"k":[0.901960790157,0.921568632126,0.937254905701,1],"ix":4},"o":{"a":0,"k":100,"ix":5},"r":1,"bm":0,"nm":"Fill 1","mn":"ADBE Vector Graphic - Fill","hd":false},{"ty":"tr","p":{"a":0,"k":[0,0],"ix":2},"a":{"a":0,"k":[0,0],"ix":1},"s":{"a":0,"k":[100,100],"ix":3},"r":{"a":0,"k":0,"ix":6},"o":{"a":0,"k":100,"ix":7},"sk":{"a":0,"k":0,"ix":4},"sa":{"a":0,"k":0,"ix":5},"nm":"Transform"}],"nm":"Group 1","np":2,"cix":2,"bm":0,"ix":1,"mn":"ADBE Vector Group","hd":false},{"ty":"gr","it":[{"ind":0,"ty":"sh","ix":1,"ks":{"a":0,"k":{"i":[[0,0],[0,0],[0,1.117],[0,0]],"o":[[0,0],[0,1.117],[0,0],[0,0]],"v":[[207.73,-137.569],[207.73,-136.102],[211.427,-136.102],[211.427,-137.569]],"c":true},"ix":2},"nm":"Path 1","mn":"ADBE Vector Shape - Group","hd":false},{"ty":"fl","c":{"a":0,"k":[0.600000023842,0.658823549747,0.68235296011,1],"ix":4},"o":{"a":0,"k":100,"ix":5},"r":1,"bm":0,"nm":"Fill 1","mn":"ADBE Vector Graphic - Fill","hd":false},{"ty":"tr","p":{"a":0,"k":[0,0],"ix":2},"a":{"a":0,"k":[0,0],"ix":1},"s":{"a":0,"k":[100,100],"ix":3},"r":{"a":0,"k":0,"ix":6},"o":{"a":0,"k":100,"ix":7},"sk":{"a":0,"k":0,"ix":4},"sa":{"a":0,"k":0,"ix":5},"nm":"Transform"}],"nm":"Group 2","np":2,"cix":2,"bm":0,"ix":2,"mn":"ADBE Vector Group","hd":false},{"ty":"gr","it":[{"ind":0,"ty":"sh","ix":1,"ks":{"a":0,"k":{"i":[[0,0],[0,0],[0,0.305],[0,0]],"o":[[0,0],[0,0.305],[0,0],[0,0]],"v":[[209.078,-136.229],[209.078,-118.238],[210.078,-118.238],[210.078,-136.229]],"c":true},"ix":2},"nm":"Path 1","mn":"ADBE Vector Shape - Group","hd":false},{"ty":"fl","c":{"a":0,"k":[0.43137255311,0.505882382393,0.537254929543,1],"ix":4},"o":{"a":0,"k":100,"ix":5},"r":1,"bm":0,"nm":"Fill 1","mn":"ADBE Vector Graphic - Fill","hd":false},{"ty":"tr","p":{"a":0,"k":[0,0],"ix":2},"a":{"a":0,"k":[0,0],"ix":1},"s":{"a":0,"k":[100,100],"ix":3},"r":{"a":0,"k":0,"ix":6},"o":{"a":0,"k":100,"ix":7},"sk":{"a":0,"k":0,"ix":4},"sa":{"a":0,"k":0,"ix":5},"nm":"Transform"}],"nm":"Group 3","np":2,"cix":2,"bm":0,"ix":3,"mn":"ADBE Vector Group","hd":false},{"ty":"gr","it":[{"ind":0,"ty":"sh","ix":1,"ks":{"a":0,"k":{"i":[[-1.02,0],[0,-0.384],[1.023,0],[0,0.385]],"o":[[1.023,0],[0,0.385],[-1.02,0],[0,-0.384]],"v":[[209.578,-118.893],[211.427,-118.197],[209.578,-117.502],[207.73,-118.197]],"c":true},"ix":2},"nm":"Path 1","mn":"ADBE Vector Shape - Group","hd":false},{"ty":"fl","c":{"a":0,"k":[0.901960790157,0.921568632126,0.937254905701,1],"ix":4},"o":{"a":0,"k":100,"ix":5},"r":1,"bm":0,"nm":"Fill 1","mn":"ADBE Vector Graphic - Fill","hd":false},{"ty":"tr","p":{"a":0,"k":[0,0],"ix":2},"a":{"a":0,"k":[0,0],"ix":1},"s":{"a":0,"k":[100,100],"ix":3},"r":{"a":0,"k":0,"ix":6},"o":{"a":0,"k":100,"ix":7},"sk":{"a":0,"k":0,"ix":4},"sa":{"a":0,"k":0,"ix":5},"nm":"Transform"}],"nm":"Group 4","np":2,"cix":2,"bm":0,"ix":4,"mn":"ADBE Vector Group","hd":false},{"ty":"gr","it":[{"ind":0,"ty":"sh","ix":1,"ks":{"a":0,"k":{"i":[[0,0],[0,0],[0,1.119],[0,0]],"o":[[0,0],[0,1.119],[0,0],[0,0]],"v":[[207.73,-118.197],[207.73,-116.731],[211.427,-116.731],[211.427,-118.197]],"c":true},"ix":2},"nm":"Path 1","mn":"ADBE Vector Shape - Group","hd":false},{"ty":"fl","c":{"a":0,"k":[0.600000023842,0.658823549747,0.68235296011,1],"ix":4},"o":{"a":0,"k":100,"ix":5},"r":1,"bm":0,"nm":"Fill 1","mn":"ADBE Vector Graphic - Fill","hd":false},{"ty":"tr","p":{"a":0,"k":[0,0],"ix":2},"a":{"a":0,"k":[0,0],"ix":1},"s":{"a":0,"k":[100,100],"ix":3},"r":{"a":0,"k":0,"ix":6},"o":{"a":0,"k":100,"ix":7},"sk":{"a":0,"k":0,"ix":4},"sa":{"a":0,"k":0,"ix":5},"nm":"Transform"}],"nm":"Group 5","np":2,"cix":2,"bm":0,"ix":5,"mn":"ADBE Vector Group","hd":false},{"ty":"tr","p":{"a":0,"k":[0,0],"ix":2},"a":{"a":0,"k":[0,0],"ix":1},"s":{"a":0,"k":[100,100],"ix":3},"r":{"a":0,"k":0,"ix":6},"o":{"a":0,"k":100,"ix":7},"sk":{"a":0,"k":0,"ix":4},"sa":{"a":0,"k":0,"ix":5},"nm":"Transform"}],"nm":"Group 4","np":5,"cix":2,"bm":0,"ix":4,"mn":"ADBE Vector Group","hd":false},{"ty":"gr","it":[{"ty":"gr","it":[{"ty":"gr","it":[{"ty":"gr","it":[{"ty":"gr","it":[{"ty":"gr","it":[{"ind":0,"ty":"sh","ix":1,"ks":{"a":0,"k":{"i":[[-13.068,0],[-1.265,4.469],[13.066,0],[1.264,-4.47]],"o":[[13.066,0],[-1.265,-4.47],[-13.068,0],[1.264,4.469]],"v":[[200.453,-141.47],[225.527,-149.428],[200.453,-157.387],[175.379,-149.428]],"c":true},"ix":2},"nm":"Path 1","mn":"ADBE Vector Shape - Group","hd":false},{"ty":"fl","c":{"a":0,"k":[1,1,1,1],"ix":4},"o":{"a":0,"k":100,"ix":5},"r":1,"bm":0,"nm":"Fill 1","mn":"ADBE Vector Graphic - Fill","hd":false},{"ty":"tr","p":{"a":0,"k":[0,0],"ix":2},"a":{"a":0,"k":[0,0],"ix":1},"s":{"a":0,"k":[100,100],"ix":3},"r":{"a":0,"k":0,"ix":6},"o":{"a":0,"k":100,"ix":7},"sk":{"a":0,"k":0,"ix":4},"sa":{"a":0,"k":0,"ix":5},"nm":"Transform"}],"nm":"Group 1","np":2,"cix":2,"bm":0,"ix":1,"mn":"ADBE Vector Group","hd":false},{"ty":"gr","it":[{"ind":0,"ty":"sh","ix":1,"ks":{"a":0,"k":{"i":[[-13.068,0],[-1.265,-4.47],[0,0.3],[13.917,0],[0,-4.885],[-0.083,-0.291]],"o":[[13.066,0],[0.083,-0.291],[0,-4.884],[-13.919,0],[0,0.3],[1.264,-4.47]],"v":[[200.453,-157.387],[225.527,-149.428],[225.653,-150.312],[200.453,-159.155],[175.253,-150.312],[175.379,-149.428]],"c":true},"ix":2},"nm":"Path 1","mn":"ADBE Vector Shape - Group","hd":false},{"ty":"fl","c":{"a":0,"k":[0.600000023842,0.658823549747,0.68235296011,1],"ix":4},"o":{"a":0,"k":100,"ix":5},"r":1,"bm":0,"nm":"Fill 1","mn":"ADBE Vector Graphic - Fill","hd":false},{"ty":"tr","p":{"a":0,"k":[0,0],"ix":2},"a":{"a":0,"k":[0,0],"ix":1},"s":{"a":0,"k":[100,100],"ix":3},"r":{"a":0,"k":0,"ix":6},"o":{"a":0,"k":100,"ix":7},"sk":{"a":0,"k":0,"ix":4},"sa":{"a":0,"k":0,"ix":5},"nm":"Transform"}],"nm":"Group 2","np":2,"cix":2,"bm":0,"ix":2,"mn":"ADBE Vector Group","hd":false},{"ty":"tr","p":{"a":0,"k":[0,0],"ix":2},"a":{"a":0,"k":[0,0],"ix":1},"s":{"a":0,"k":[100,100],"ix":3},"r":{"a":0,"k":0,"ix":6},"o":{"a":0,"k":100,"ix":7},"sk":{"a":0,"k":0,"ix":4},"sa":{"a":0,"k":0,"ix":5},"nm":"Transform"}],"nm":"Group 1","np":2,"cix":2,"bm":0,"ix":1,"mn":"ADBE Vector Group","hd":false},{"ty":"gr","it":[{"ind":0,"ty":"sh","ix":1,"ks":{"a":0,"k":{"i":[[14.911,0],[0,-5.684],[-14.913,0],[0,5.684]],"o":[[-14.913,0],[0,5.684],[14.911,0],[0,-5.683]],"v":[[200.453,-160.163],[173.453,-149.873],[200.453,-139.583],[227.453,-149.873]],"c":true},"ix":2},"nm":"Path 1","mn":"ADBE Vector Shape - Group","hd":false},{"ty":"fl","c":{"a":0,"k":[0.901960790157,0.921568632126,0.937254905701,1],"ix":4},"o":{"a":0,"k":100,"ix":5},"r":1,"bm":0,"nm":"Fill 1","mn":"ADBE Vector Graphic - Fill","hd":false},{"ty":"tr","p":{"a":0,"k":[0,0],"ix":2},"a":{"a":0,"k":[0,0],"ix":1},"s":{"a":0,"k":[100,100],"ix":3},"r":{"a":0,"k":0,"ix":6},"o":{"a":0,"k":100,"ix":7},"sk":{"a":0,"k":0,"ix":4},"sa":{"a":0,"k":0,"ix":5},"nm":"Transform"}],"nm":"Group 2","np":2,"cix":2,"bm":0,"ix":2,"mn":"ADBE Vector Group","hd":false},{"ty":"tr","p":{"a":0,"k":[0,0],"ix":2},"a":{"a":0,"k":[0,0],"ix":1},"s":{"a":0,"k":[100,100],"ix":3},"r":{"a":0,"k":0,"ix":6},"o":{"a":0,"k":100,"ix":7},"sk":{"a":0,"k":0,"ix":4},"sa":{"a":0,"k":0,"ix":5},"nm":"Transform"}],"nm":"Group 1","np":2,"cix":2,"bm":0,"ix":1,"mn":"ADBE Vector Group","hd":false},{"ty":"gr","it":[{"ind":0,"ty":"sh","ix":1,"ks":{"a":0,"k":{"i":[[0,0],[5.906,9.666],[0,0],[-24.102,0],[0,0],[0,0]],"o":[[0,0],[0,0],[0,0],[24.1,0],[0,0],[-5.906,9.666]],"v":[[200.453,-139.583],[173.453,-149.873],[173.453,-144.26],[200.453,-135.842],[227.453,-144.26],[227.453,-149.873]],"c":true},"ix":2},"nm":"Path 1","mn":"ADBE Vector Shape - Group","hd":false},{"ty":"gf","o":{"a":0,"k":100,"ix":10},"r":1,"bm":0,"g":{"p":3,"k":{"a":0,"k":[0,0.812,0.847,0.867,0.5,0.706,0.753,0.775,1,0.6,0.659,0.682],"ix":9}},"s":{"a":0,"k":[173,-143],"ix":5},"e":{"a":0,"k":[227,-143],"ix":6},"t":1,"nm":"drumB1G","mn":"ADBE Vector Graphic - G-Fill","hd":false},{"ty":"tr","p":{"a":0,"k":[0,0],"ix":2},"a":{"a":0,"k":[0,0],"ix":1},"s":{"a":0,"k":[100,100],"ix":3},"r":{"a":0,"k":0,"ix":6},"o":{"a":0,"k":100,"ix":7},"sk":{"a":0,"k":0,"ix":4},"sa":{"a":0,"k":0,"ix":5},"nm":"Transform"}],"nm":"Group 2","np":2,"cix":2,"bm":0,"ix":2,"mn":"ADBE Vector Group","hd":false},{"ty":"tr","p":{"a":0,"k":[0,0],"ix":2},"a":{"a":0,"k":[0,0],"ix":1},"s":{"a":0,"k":[100,100],"ix":3},"r":{"a":0,"k":0,"ix":6},"o":{"a":0,"k":100,"ix":7},"sk":{"a":0,"k":0,"ix":4},"sa":{"a":0,"k":0,"ix":5},"nm":"Transform"}],"nm":"Group 1","np":2,"cix":2,"bm":0,"ix":1,"mn":"ADBE Vector Group","hd":false},{"ty":"gr","it":[{"ty":"gr","it":[{"ind":0,"ty":"sh","ix":1,"ks":{"a":0,"k":{"i":[[5.469,8.95],[0,0],[-22.316,0],[0,0],[0,0]],"o":[[0,0],[0,0],[22.314,0],[0,0],[-5.469,8.95]],"v":[[175.453,-146.806],[175.453,-139.583],[200.453,-133.814],[225.453,-139.583],[225.453,-146.806]],"c":true},"ix":2},"nm":"Path 1","mn":"ADBE Vector Shape - Group","hd":false},{"ty":"fl","c":{"a":0,"k":[0.678431391716,0.070588238537,0.066666670144,1],"ix":4},"o":{"a":0,"k":100,"ix":5},"r":1,"bm":0,"nm":"Fill 1","mn":"ADBE Vector Graphic - Fill","hd":false},{"ty":"tr","p":{"a":0,"k":[0,0],"ix":2},"a":{"a":0,"k":[0,0],"ix":1},"s":{"a":0,"k":[100,100],"ix":3},"r":{"a":0,"k":0,"ix":6},"o":{"a":0,"k":100,"ix":7},"sk":{"a":0,"k":0,"ix":4},"sa":{"a":0,"k":0,"ix":5},"nm":"Transform"}],"nm":"Group 1","np":2,"cix":2,"bm":0,"ix":1,"mn":"ADBE Vector Group","hd":false},{"ty":"tr","p":{"a":0,"k":[0,0],"ix":2},"a":{"a":0,"k":[0,0],"ix":1},"s":{"a":0,"k":[100,100],"ix":3},"r":{"a":0,"k":0,"ix":6},"o":{"a":0,"k":100,"ix":7},"sk":{"a":0,"k":0,"ix":4},"sa":{"a":0,"k":0,"ix":5},"nm":"Transform"}],"nm":"Group 2","np":1,"cix":2,"bm":0,"ix":2,"mn":"ADBE Vector Group","hd":false},{"ty":"tr","p":{"a":0,"k":[0,0],"ix":2},"a":{"a":0,"k":[0,0],"ix":1},"s":{"a":0,"k":[100,100],"ix":3},"r":{"a":0,"k":0,"ix":6},"o":{"a":0,"k":100,"ix":7},"sk":{"a":0,"k":0,"ix":4},"sa":{"a":0,"k":0,"ix":5},"nm":"Transform"}],"nm":"Group 1","np":2,"cix":2,"bm":0,"ix":1,"mn":"ADBE Vector Group","hd":false},{"ty":"gr","it":[{"ty":"gr","it":[{"ty":"gr","it":[{"ind":0,"ty":"sh","ix":1,"ks":{"a":0,"k":{"i":[[0,0],[0,0],[-22.316,0],[0,0],[0,0]],"o":[[0,0],[0,0],[22.314,0],[0,0],[0,0]],"v":[[175.453,-142.872],[175.453,-129.872],[200.453,-122.416],[225.453,-129.872],[225.453,-142.872]],"c":true},"ix":2},"nm":"Path 1","mn":"ADBE Vector Shape - Group","hd":false},{"ty":"gf","o":{"a":0,"k":100,"ix":10},"r":1,"bm":0,"g":{"p":3,"k":{"a":0,"k":[0,1,0,0.055,0.527,0.906,0,0.027,1,0.812,0,0],"ix":9}},"s":{"a":0,"k":[175,-133],"ix":5},"e":{"a":0,"k":[225,-133],"ix":6},"t":1,"nm":"drumB2G","mn":"ADBE Vector Graphic - G-Fill","hd":false},{"ty":"tr","p":{"a":0,"k":[0,0],"ix":2},"a":{"a":0,"k":[0,0],"ix":1},"s":{"a":0,"k":[100,100],"ix":3},"r":{"a":0,"k":0,"ix":6},"o":{"a":0,"k":100,"ix":7},"sk":{"a":0,"k":0,"ix":4},"sa":{"a":0,"k":0,"ix":5},"nm":"Transform"}],"nm":"Group 1","np":2,"cix":2,"bm":0,"ix":1,"mn":"ADBE Vector Group","hd":false},{"ty":"tr","p":{"a":0,"k":[0,0],"ix":2},"a":{"a":0,"k":[0,0],"ix":1},"s":{"a":0,"k":[100,100],"ix":3},"r":{"a":0,"k":0,"ix":6},"o":{"a":0,"k":100,"ix":7},"sk":{"a":0,"k":0,"ix":4},"sa":{"a":0,"k":0,"ix":5},"nm":"Transform"}],"nm":"Group 1","np":1,"cix":2,"bm":0,"ix":1,"mn":"ADBE Vector Group","hd":false},{"ty":"gr","it":[{"ty":"gr","it":[{"ind":0,"ty":"sh","ix":1,"ks":{"a":0,"k":{"i":[[5.469,8.95],[0,0],[-22.316,0],[0,0],[0,0]],"o":[[0,0],[0,0],[22.314,0],[0,0],[-5.469,8.95]],"v":[[175.453,-133.448],[175.453,-127.325],[200.453,-119.87],[225.453,-127.325],[225.453,-133.448]],"c":true},"ix":2},"nm":"Path 1","mn":"ADBE Vector Shape - Group","hd":false},{"ty":"fl","c":{"a":0,"k":[0.678431391716,0.070588238537,0.066666670144,1],"ix":4},"o":{"a":0,"k":100,"ix":5},"r":1,"bm":0,"nm":"Fill 1","mn":"ADBE Vector Graphic - Fill","hd":false},{"ty":"tr","p":{"a":0,"k":[0,0],"ix":2},"a":{"a":0,"k":[0,0],"ix":1},"s":{"a":0,"k":[100,100],"ix":3},"r":{"a":0,"k":0,"ix":6},"o":{"a":0,"k":100,"ix":7},"sk":{"a":0,"k":0,"ix":4},"sa":{"a":0,"k":0,"ix":5},"nm":"Transform"}],"nm":"Group 1","np":2,"cix":2,"bm":0,"ix":1,"mn":"ADBE Vector Group","hd":false},{"ty":"tr","p":{"a":0,"k":[0,0],"ix":2},"a":{"a":0,"k":[0,0],"ix":1},"s":{"a":0,"k":[100,100],"ix":3},"r":{"a":0,"k":0,"ix":6},"o":{"a":0,"k":100,"ix":7},"sk":{"a":0,"k":0,"ix":4},"sa":{"a":0,"k":0,"ix":5},"nm":"Transform"}],"nm":"Group 2","np":1,"cix":2,"bm":0,"ix":2,"mn":"ADBE Vector Group","hd":false},{"ty":"gr","it":[{"ty":"gr","it":[{"ty":"gr","it":[{"ind":0,"ty":"sh","ix":1,"ks":{"a":0,"k":{"i":[[14.911,0],[0,-5.685],[-14.913,0],[0,5.683]],"o":[[-14.913,0],[0,5.683],[14.911,0],[0,-5.684]],"v":[[200.453,-138.485],[173.453,-128.194],[200.453,-117.904],[227.453,-128.194]],"c":true},"ix":2},"nm":"Path 1","mn":"ADBE Vector Shape - Group","hd":false},{"ty":"fl","c":{"a":0,"k":[0.901960790157,0.921568632126,0.937254905701,1],"ix":4},"o":{"a":0,"k":100,"ix":5},"r":1,"bm":0,"nm":"Fill 1","mn":"ADBE Vector Graphic - Fill","hd":false},{"ty":"tr","p":{"a":0,"k":[0,0],"ix":2},"a":{"a":0,"k":[0,0],"ix":1},"s":{"a":0,"k":[100,100],"ix":3},"r":{"a":0,"k":0,"ix":6},"o":{"a":0,"k":100,"ix":7},"sk":{"a":0,"k":0,"ix":4},"sa":{"a":0,"k":0,"ix":5},"nm":"Transform"}],"nm":"Group 1","np":2,"cix":2,"bm":0,"ix":1,"mn":"ADBE Vector Group","hd":false},{"ty":"tr","p":{"a":0,"k":[0,0],"ix":2},"a":{"a":0,"k":[0,0],"ix":1},"s":{"a":0,"k":[100,100],"ix":3},"r":{"a":0,"k":0,"ix":6},"o":{"a":0,"k":100,"ix":7},"sk":{"a":0,"k":0,"ix":4},"sa":{"a":0,"k":0,"ix":5},"nm":"Transform"}],"nm":"Group 1","np":1,"cix":2,"bm":0,"ix":1,"mn":"ADBE Vector Group","hd":false},{"ty":"gr","it":[{"ind":0,"ty":"sh","ix":1,"ks":{"a":0,"k":{"i":[[0,0],[5.906,9.666],[0,0],[-24.102,0],[0,0],[0,0]],"o":[[0,0],[0,0],[0,0],[24.1,0],[0,0],[-5.906,9.666]],"v":[[200.453,-117.904],[173.453,-128.194],[173.453,-122.581],[200.453,-114.163],[227.453,-122.581],[227.453,-128.194]],"c":true},"ix":2},"nm":"Path 1","mn":"ADBE Vector Shape - Group","hd":false},{"ty":"gf","o":{"a":0,"k":100,"ix":10},"r":1,"bm":0,"g":{"p":3,"k":{"a":0,"k":[0,0.812,0.847,0.867,0.5,0.706,0.753,0.775,1,0.6,0.659,0.682],"ix":9}},"s":{"a":0,"k":[173,-122],"ix":5},"e":{"a":0,"k":[227,-122],"ix":6},"t":1,"nm":"drumB3G","mn":"ADBE Vector Graphic - G-Fill","hd":false},{"ty":"tr","p":{"a":0,"k":[0,0],"ix":2},"a":{"a":0,"k":[0,0],"ix":1},"s":{"a":0,"k":[100,100],"ix":3},"r":{"a":0,"k":0,"ix":6},"o":{"a":0,"k":100,"ix":7},"sk":{"a":0,"k":0,"ix":4},"sa":{"a":0,"k":0,"ix":5},"nm":"Transform"}],"nm":"Group 2","np":2,"cix":2,"bm":0,"ix":2,"mn":"ADBE Vector Group","hd":false},{"ty":"tr","p":{"a":0,"k":[0,0],"ix":2},"a":{"a":0,"k":[0,0],"ix":1},"s":{"a":0,"k":[100,100],"ix":3},"r":{"a":0,"k":0,"ix":6},"o":{"a":0,"k":100,"ix":7},"sk":{"a":0,"k":0,"ix":4},"sa":{"a":0,"k":0,"ix":5},"nm":"Transform"}],"nm":"Group 3","np":2,"cix":2,"bm":0,"ix":3,"mn":"ADBE Vector Group","hd":false},{"ty":"tr","p":{"a":0,"k":[0,0],"ix":2},"a":{"a":0,"k":[0,0],"ix":1},"s":{"a":0,"k":[100,100],"ix":3},"r":{"a":0,"k":0,"ix":6},"o":{"a":0,"k":100,"ix":7},"sk":{"a":0,"k":0,"ix":4},"sa":{"a":0,"k":0,"ix":5},"nm":"Transform"}],"nm":"Group 2","np":3,"cix":2,"bm":0,"ix":2,"mn":"ADBE Vector Group","hd":false},{"ty":"tr","p":{"a":0,"k":[0,0],"ix":2},"a":{"a":0,"k":[0,0],"ix":1},"s":{"a":0,"k":[100,100],"ix":3},"r":{"a":0,"k":0,"ix":6},"o":{"a":0,"k":100,"ix":7},"sk":{"a":0,"k":0,"ix":4},"sa":{"a":0,"k":0,"ix":5},"nm":"Transform"}],"nm":"Group 5","np":2,"cix":2,"bm":0,"ix":5,"mn":"ADBE Vector Group","hd":false}],"ip":0,"op":48,"st":0,"bm":0}]}],"layers":[{"ddd":0,"ind":1,"ty":0,"nm":"drum","refId":"comp_0","sr":1,"ks":{"o":{"a":0,"k":100,"ix":11},"r":{"a":0,"k":0,"ix":10},"p":{"a":0,"k":[512,472,0],"ix":2},"a":{"a":0,"k":[512,512,0],"ix":1},"s":{"a":0,"k":[100,100,100],"ix":6}},"ao":0,"w":1024,"h":1024,"ip":0,"op":48,"st":0,"bm":0}],"markers":[]}