{"v":"5.6.2","fr":24,"ip":0,"op":48,"w":1024,"h":1024,"nm":"direct_hit","ddd":0,"assets":[{"id":"comp_0","layers":[{"ddd":0,"ind":1,"ty":4,"nm":"Dart 2","sr":1,"ks":{"o":{"a":0,"k":100,"ix":11},"r":{"a":0,"k":14,"ix":10},"p":{"a":1,"k":[{"i":{"x":0.833,"y":0.833},"o":{"x":0.167,"y":0.167},"t":2,"s":[952.172,250.582,0],"to":[-61.333,36.667,0],"ti":[61.333,-36.667,0]},{"t":4,"s":[584.172,470.582,0]}],"ix":2},"a":{"a":0,"k":[-142.935,-69.695,0],"ix":1},"s":{"a":0,"k":[1201,1201,100],"ix":6}},"ao":0,"shapes":[{"ty":"gr","it":[{"ty":"gr","it":[{"ind":0,"ty":"sh","ix":1,"ks":{"a":0,"k":{"i":[[0.15,1.139],[-3.993,3.995],[-0.076,-2.417]],"o":[[-0.396,-2.991],[7.692,-7.69],[0.012,0.414]],"v":[[-131.415,-83.439],[-127.981,-96.396],[-119.396,-93.951]],"c":true},"ix":2},"nm":"Path 1","mn":"ADBE Vector Shape - Group","hd":false},{"ty":"gf","o":{"a":0,"k":100,"ix":10},"r":1,"bm":0,"g":{"p":3,"k":{"a":0,"k":[0,0,0.604,0.969,0.388,0.153,0.706,0.935,1,0.306,0.808,0.902],"ix":9}},"s":{"a":0,"k":[-132,-92],"ix":5},"e":{"a":0,"k":[-119.789,-92],"ix":6},"t":1,"nm":"Dg1G","mn":"ADBE Vector Graphic - G-Fill","hd":false},{"ty":"tr","p":{"a":0,"k":[0,0],"ix":2},"a":{"a":0,"k":[0,0],"ix":1},"s":{"a":0,"k":[100,100],"ix":3},"r":{"a":0,"k":0,"ix":6},"o":{"a":0,"k":100,"ix":7},"sk":{"a":0,"k":0,"ix":4},"sa":{"a":0,"k":0,"ix":5},"nm":"Transform"}],"nm":"Group 1","np":2,"cix":2,"bm":0,"ix":1,"mn":"ADBE Vector Group","hd":false},{"ty":"gr","it":[{"ty":"gr","it":[{"ind":0,"ty":"sh","ix":1,"ks":{"a":0,"k":{"i":[[7.912,-7.913],[-3.986,3.986],[-0.803,-0.802]],"o":[[-3.986,3.986],[7.912,-7.913],[0.801,0.802]],"v":[[-137.18,-71.038],[-141.633,-75.492],[-117.555,-95.117]],"c":true},"ix":2},"nm":"Path 1","mn":"ADBE Vector Shape - Group","hd":false},{"ty":"gf","o":{"a":0,"k":100,"ix":10},"r":1,"bm":0,"g":{"p":3,"k":{"a":0,"k":[0,0.133,0.537,0.78,0.491,0.067,0.437,0.655,1,0,0.337,0.529],"ix":9}},"s":{"a":0,"k":[-133,-85],"ix":5},"e":{"a":0,"k":[-128.546,-80.546],"ix":6},"t":1,"nm":"Dg2G","mn":"ADBE Vector Graphic - G-Fill","hd":false},{"ty":"tr","p":{"a":0,"k":[0,0],"ix":2},"a":{"a":0,"k":[0,0],"ix":1},"s":{"a":0,"k":[100,100],"ix":3},"r":{"a":0,"k":0,"ix":6},"o":{"a":0,"k":100,"ix":7},"sk":{"a":0,"k":0,"ix":4},"sa":{"a":0,"k":0,"ix":5},"nm":"Transform"}],"nm":"Group 1","np":2,"cix":2,"bm":0,"ix":1,"mn":"ADBE Vector Group","hd":false},{"ty":"tr","p":{"a":0,"k":[0,0],"ix":2},"a":{"a":0,"k":[0,0],"ix":1},"s":{"a":0,"k":[100,100],"ix":3},"r":{"a":0,"k":0,"ix":6},"o":{"a":0,"k":100,"ix":7},"sk":{"a":0,"k":0,"ix":4},"sa":{"a":0,"k":0,"ix":5},"nm":"Transform"}],"nm":"Group 2","np":1,"cix":2,"bm":0,"ix":2,"mn":"ADBE Vector Group","hd":false},{"ty":"gr","it":[{"ind":0,"ty":"sh","ix":1,"ks":{"a":0,"k":{"i":[[0,0],[0,0],[-5.518,5.519]],"o":[[0,0],[0,0],[9.006,-9.005]],"v":[[-119.393,-93.279],[-131.08,-81.593],[-116.275,-84.692]],"c":true},"ix":2},"nm":"Path 1","mn":"ADBE Vector Shape - Group","hd":false},{"ty":"gf","o":{"a":0,"k":100,"ix":10},"r":1,"bm":0,"g":{"p":3,"k":{"a":0,"k":[0,0,0.604,0.969,0.388,0.153,0.706,0.935,1,0.306,0.808,0.902],"ix":9}},"s":{"a":0,"k":[-132,-88],"ix":5},"e":{"a":0,"k":[-113.867,-88],"ix":6},"t":1,"nm":"Dg3G","mn":"ADBE Vector Graphic - G-Fill","hd":false},{"ty":"tr","p":{"a":0,"k":[0,0],"ix":2},"a":{"a":0,"k":[0,0],"ix":1},"s":{"a":0,"k":[100,100],"ix":3},"r":{"a":0,"k":0,"ix":6},"o":{"a":0,"k":100,"ix":7},"sk":{"a":0,"k":0,"ix":4},"sa":{"a":0,"k":0,"ix":5},"nm":"Transform"}],"nm":"Group 3","np":2,"cix":2,"bm":0,"ix":3,"mn":"ADBE Vector Group","hd":false},{"ty":"gr","it":[{"ind":0,"ty":"sh","ix":1,"ks":{"a":0,"k":{"i":[[4.75,-4.75],[-0.824,0.825]],"o":[[-0.826,0.826],[4.75,-4.751]],"v":[[-142.209,-68.965],[-143.707,-70.463]],"c":true},"ix":2},"nm":"Path 1","mn":"ADBE Vector Shape - Group","hd":false},{"ty":"fl","c":{"a":0,"k":[0.600000023842,0.658823549747,0.68235296011,1],"ix":4},"o":{"a":0,"k":100,"ix":5},"r":1,"bm":0,"nm":"Fill 1","mn":"ADBE Vector Graphic - Fill","hd":false},{"ty":"tr","p":{"a":0,"k":[0,0],"ix":2},"a":{"a":0,"k":[0,0],"ix":1},"s":{"a":0,"k":[100,100],"ix":3},"r":{"a":0,"k":0,"ix":6},"o":{"a":0,"k":100,"ix":7},"sk":{"a":0,"k":0,"ix":4},"sa":{"a":0,"k":0,"ix":5},"nm":"Transform"}],"nm":"Group 4","np":2,"cix":2,"bm":0,"ix":4,"mn":"ADBE Vector Group","hd":false},{"ty":"tr","p":{"a":0,"k":[0,0],"ix":2},"a":{"a":0,"k":[0,0],"ix":1},"s":{"a":0,"k":[100,100],"ix":3},"r":{"a":0,"k":0,"ix":6},"o":{"a":0,"k":100,"ix":7},"sk":{"a":0,"k":0,"ix":4},"sa":{"a":0,"k":0,"ix":5},"nm":"Transform"}],"nm":"Group 1","np":4,"cix":2,"bm":0,"ix":1,"mn":"ADBE Vector Group","hd":false}],"ip":2,"op":4,"st":0,"bm":0},{"ddd":0,"ind":2,"ty":4,"nm":"Dart","sr":1,"ks":{"o":{"a":1,"k":[{"i":{"x":[0.833],"y":[0.833]},"o":{"x":[0.167],"y":[0.167]},"t":43,"s":[100]},{"t":47,"s":[0]}],"ix":11},"r":{"a":1,"k":[{"i":{"x":[0.999],"y":[1]},"o":{"x":[0.333],"y":[0]},"t":4,"s":[28]},{"i":{"x":[0.5],"y":[1]},"o":{"x":[0.001],"y":[0]},"t":4.9,"s":[0]},{"i":{"x":[0.5],"y":[1]},"o":{"x":[0.5],"y":[0]},"t":5.65,"s":[0.749]},{"i":{"x":[0.5],"y":[1]},"o":{"x":[0.5],"y":[0]},"t":7.15,"s":[-11.067]},{"i":{"x":[0.5],"y":[1]},"o":{"x":[0.5],"y":[0]},"t":8.65,"s":[7.838]},{"i":{"x":[0.5],"y":[1]},"o":{"x":[0.5],"y":[0]},"t":10.15,"s":[-5.551]},{"i":{"x":[0.5],"y":[1]},"o":{"x":[0.5],"y":[0]},"t":11.65,"s":[3.931]},{"i":{"x":[0.5],"y":[1]},"o":{"x":[0.5],"y":[0]},"t":13.15,"s":[-2.784]},{"i":{"x":[0.5],"y":[1]},"o":{"x":[0.5],"y":[0]},"t":14.65,"s":[1.972]},{"i":{"x":[0.5],"y":[1]},"o":{"x":[0.5],"y":[0]},"t":16.15,"s":[-1.396]},{"i":{"x":[0.5],"y":[1]},"o":{"x":[0.5],"y":[0]},"t":17.65,"s":[0.989]},{"i":{"x":[0.5],"y":[1]},"o":{"x":[0.5],"y":[0]},"t":19.15,"s":[-0.7]},{"i":{"x":[0.5],"y":[1]},"o":{"x":[0.5],"y":[0]},"t":20.65,"s":[0.496]},{"i":{"x":[0.5],"y":[1]},"o":{"x":[0.5],"y":[0]},"t":22.15,"s":[-0.351]},{"i":{"x":[0.5],"y":[1]},"o":{"x":[0.5],"y":[0]},"t":23.65,"s":[0.249]},{"i":{"x":[0.5],"y":[1]},"o":{"x":[0.5],"y":[0]},"t":25.15,"s":[-0.176]},{"i":{"x":[0.5],"y":[1]},"o":{"x":[0.5],"y":[0]},"t":26.65,"s":[0.125]},{"i":{"x":[0.5],"y":[1]},"o":{"x":[0.5],"y":[0]},"t":28.15,"s":[-0.088]},{"i":{"x":[0.5],"y":[1]},"o":{"x":[0.5],"y":[0]},"t":29.65,"s":[0.063]},{"i":{"x":[0.5],"y":[1]},"o":{"x":[0.5],"y":[0]},"t":31.15,"s":[-0.044]},{"i":{"x":[0.5],"y":[1]},"o":{"x":[0.5],"y":[0]},"t":32.65,"s":[0.031]},{"i":{"x":[0.5],"y":[1]},"o":{"x":[0.5],"y":[0]},"t":34.15,"s":[-0.022]},{"i":{"x":[0.5],"y":[1]},"o":{"x":[0.5],"y":[0]},"t":35.65,"s":[0.016]},{"i":{"x":[0.5],"y":[1]},"o":{"x":[0.5],"y":[0]},"t":37.15,"s":[-0.011]},{"i":{"x":[0.5],"y":[1]},"o":{"x":[0.5],"y":[0]},"t":38.65,"s":[0.008]},{"i":{"x":[0.5],"y":[1]},"o":{"x":[0.5],"y":[0]},"t":40.15,"s":[-0.006]},{"i":{"x":[0.5],"y":[1]},"o":{"x":[0.5],"y":[0]},"t":41.65,"s":[0.004]},{"i":{"x":[0.5],"y":[1]},"o":{"x":[0.5],"y":[0]},"t":43.15,"s":[-0.003]},{"i":{"x":[0.5],"y":[1]},"o":{"x":[0.5],"y":[0]},"t":44.65,"s":[0.002]},{"i":{"x":[0.5],"y":[1]},"o":{"x":[0.5],"y":[0]},"t":46.15,"s":[-0.001]},{"i":{"x":[0.833],"y":[1]},"o":{"x":[0.5],"y":[0]},"t":47.65,"s":[0.001]},{"t":49.150390625,"s":[-0.001]}],"ix":10},"p":{"a":1,"k":[{"i":{"x":0.833,"y":0.833},"o":{"x":0.428,"y":0.634},"t":3,"s":[638.172,390.582,0],"to":[-82.946,70.616,0],"ti":[34.959,-29.762,0]},{"t":4,"s":[512.148,512.359,0]}],"ix":2},"a":{"a":0,"k":[-142.935,-69.695,0],"ix":1},"s":{"a":0,"k":[1201,1201,100],"ix":6}},"ao":0,"shapes":[{"ty":"gr","it":[{"ty":"gr","it":[{"ind":0,"ty":"sh","ix":1,"ks":{"a":0,"k":{"i":[[0.15,1.139],[-3.993,3.995],[-0.076,-2.417]],"o":[[-0.396,-2.991],[7.692,-7.69],[0.012,0.414]],"v":[[-131.415,-83.439],[-127.981,-96.396],[-119.396,-93.951]],"c":true},"ix":2},"nm":"Path 1","mn":"ADBE Vector Shape - Group","hd":false},{"ty":"gf","o":{"a":0,"k":100,"ix":10},"r":1,"bm":0,"g":{"p":3,"k":{"a":0,"k":[0,0,0.604,0.969,0.388,0.153,0.706,0.935,1,0.306,0.808,0.902],"ix":9}},"s":{"a":0,"k":[-132,-92],"ix":5},"e":{"a":0,"k":[-119.789,-92],"ix":6},"t":1,"nm":"D1G","mn":"ADBE Vector Graphic - G-Fill","hd":false},{"ty":"tr","p":{"a":0,"k":[0,0],"ix":2},"a":{"a":0,"k":[0,0],"ix":1},"s":{"a":0,"k":[100,100],"ix":3},"r":{"a":0,"k":0,"ix":6},"o":{"a":0,"k":100,"ix":7},"sk":{"a":0,"k":0,"ix":4},"sa":{"a":0,"k":0,"ix":5},"nm":"Transform"}],"nm":"Group 1","np":2,"cix":2,"bm":0,"ix":1,"mn":"ADBE Vector Group","hd":false},{"ty":"gr","it":[{"ty":"gr","it":[{"ind":0,"ty":"sh","ix":1,"ks":{"a":0,"k":{"i":[[7.912,-7.913],[-3.986,3.986],[-0.803,-0.802]],"o":[[-3.986,3.986],[7.912,-7.913],[0.801,0.802]],"v":[[-137.18,-71.038],[-141.633,-75.492],[-117.555,-95.117]],"c":true},"ix":2},"nm":"Path 1","mn":"ADBE Vector Shape - Group","hd":false},{"ty":"gf","o":{"a":0,"k":100,"ix":10},"r":1,"bm":0,"g":{"p":3,"k":{"a":0,"k":[0,0.133,0.537,0.78,0.491,0.067,0.437,0.655,1,0,0.337,0.529],"ix":9}},"s":{"a":0,"k":[-133,-85],"ix":5},"e":{"a":0,"k":[-128.546,-80.546],"ix":6},"t":1,"nm":"D2G","mn":"ADBE Vector Graphic - G-Fill","hd":false},{"ty":"tr","p":{"a":0,"k":[0,0],"ix":2},"a":{"a":0,"k":[0,0],"ix":1},"s":{"a":0,"k":[100,100],"ix":3},"r":{"a":0,"k":0,"ix":6},"o":{"a":0,"k":100,"ix":7},"sk":{"a":0,"k":0,"ix":4},"sa":{"a":0,"k":0,"ix":5},"nm":"Transform"}],"nm":"Group 1","np":2,"cix":2,"bm":0,"ix":1,"mn":"ADBE Vector Group","hd":false},{"ty":"tr","p":{"a":0,"k":[0,0],"ix":2},"a":{"a":0,"k":[0,0],"ix":1},"s":{"a":0,"k":[100,100],"ix":3},"r":{"a":0,"k":0,"ix":6},"o":{"a":0,"k":100,"ix":7},"sk":{"a":0,"k":0,"ix":4},"sa":{"a":0,"k":0,"ix":5},"nm":"Transform"}],"nm":"Group 2","np":1,"cix":2,"bm":0,"ix":2,"mn":"ADBE Vector Group","hd":false},{"ty":"gr","it":[{"ind":0,"ty":"sh","ix":1,"ks":{"a":0,"k":{"i":[[0,0],[0,0],[-5.518,5.519]],"o":[[0,0],[0,0],[9.006,-9.005]],"v":[[-119.393,-93.279],[-131.08,-81.593],[-116.275,-84.692]],"c":true},"ix":2},"nm":"Path 1","mn":"ADBE Vector Shape - Group","hd":false},{"ty":"gf","o":{"a":0,"k":100,"ix":10},"r":1,"bm":0,"g":{"p":3,"k":{"a":0,"k":[0,0,0.604,0.969,0.388,0.153,0.706,0.935,1,0.306,0.808,0.902],"ix":9}},"s":{"a":0,"k":[-132,-88],"ix":5},"e":{"a":0,"k":[-113.867,-88],"ix":6},"t":1,"nm":"D3G","mn":"ADBE Vector Graphic - G-Fill","hd":false},{"ty":"tr","p":{"a":0,"k":[0,0],"ix":2},"a":{"a":0,"k":[0,0],"ix":1},"s":{"a":0,"k":[100,100],"ix":3},"r":{"a":0,"k":0,"ix":6},"o":{"a":0,"k":100,"ix":7},"sk":{"a":0,"k":0,"ix":4},"sa":{"a":0,"k":0,"ix":5},"nm":"Transform"}],"nm":"Group 3","np":2,"cix":2,"bm":0,"ix":3,"mn":"ADBE Vector Group","hd":false},{"ty":"gr","it":[{"ind":0,"ty":"sh","ix":1,"ks":{"a":0,"k":{"i":[[4.75,-4.75],[-0.824,0.825]],"o":[[-0.826,0.826],[4.75,-4.751]],"v":[[-142.209,-68.965],[-143.707,-70.463]],"c":true},"ix":2},"nm":"Path 1","mn":"ADBE Vector Shape - Group","hd":false},{"ty":"fl","c":{"a":0,"k":[0.600000023842,0.658823549747,0.68235296011,1],"ix":4},"o":{"a":0,"k":100,"ix":5},"r":1,"bm":0,"nm":"Fill 1","mn":"ADBE Vector Graphic - Fill","hd":false},{"ty":"tr","p":{"a":0,"k":[0,0],"ix":2},"a":{"a":0,"k":[0,0],"ix":1},"s":{"a":0,"k":[100,100],"ix":3},"r":{"a":0,"k":0,"ix":6},"o":{"a":0,"k":100,"ix":7},"sk":{"a":0,"k":0,"ix":4},"sa":{"a":0,"k":0,"ix":5},"nm":"Transform"}],"nm":"Group 4","np":2,"cix":2,"bm":0,"ix":4,"mn":"ADBE Vector Group","hd":false},{"ty":"tr","p":{"a":0,"k":[0,0],"ix":2},"a":{"a":0,"k":[0,0],"ix":1},"s":{"a":0,"k":[100,100],"ix":3},"r":{"a":0,"k":0,"ix":6},"o":{"a":0,"k":100,"ix":7},"sk":{"a":0,"k":0,"ix":4},"sa":{"a":0,"k":0,"ix":5},"nm":"Transform"}],"nm":"Group 1","np":4,"cix":2,"bm":0,"ix":1,"mn":"ADBE Vector Group","hd":false}],"ip":4,"op":48,"st":0,"bm":0},{"ddd":0,"ind":3,"ty":4,"nm":"Dartboard 2","td":1,"sr":1,"ks":{"o":{"a":0,"k":100,"ix":11},"r":{"a":0,"k":0,"ix":10},"p":{"a":0,"k":[512,512,0],"ix":2},"a":{"a":0,"k":[-142.947,-69.725,0],"ix":1},"s":{"a":0,"k":[1201,1201,100],"ix":6}},"ao":0,"shapes":[{"ty":"gr","it":[{"ind":0,"ty":"sh","ix":1,"ks":{"a":0,"k":{"i":[[0,-3.865],[3.865,0],[0,3.866],[-3.865,0]],"o":[[0,3.866],[-3.865,0],[0,-3.865],[3.865,0]],"v":[[-135.947,-69.725],[-142.947,-62.725],[-149.947,-69.725],[-142.947,-76.725]],"c":true},"ix":2},"nm":"Path 1","mn":"ADBE Vector Shape - Group","hd":false},{"ty":"fl","c":{"a":0,"k":[1,1,1,1],"ix":4},"o":{"a":0,"k":100,"ix":5},"r":1,"bm":0,"nm":"Fill 1","mn":"ADBE Vector Graphic - Fill","hd":false},{"ty":"tr","p":{"a":0,"k":[0,0],"ix":2},"a":{"a":0,"k":[0,0],"ix":1},"s":{"a":0,"k":[100,100],"ix":3},"r":{"a":0,"k":0,"ix":6},"o":{"a":0,"k":100,"ix":7},"sk":{"a":0,"k":0,"ix":4},"sa":{"a":0,"k":0,"ix":5},"nm":"Transform"}],"nm":"Group 1","np":2,"cix":2,"bm":0,"ix":1,"mn":"ADBE Vector Group","hd":false},{"ty":"gr","it":[{"ind":0,"ty":"sh","ix":1,"ks":{"a":0,"k":{"i":[[0,-8.283],[8.283,0],[0,8.284],[-8.285,0]],"o":[[0,8.284],[-8.285,0],[0,-8.283],[8.283,0]],"v":[[-127.948,-69.725],[-142.947,-54.725],[-157.947,-69.725],[-142.947,-84.725]],"c":true},"ix":2},"nm":"Path 1","mn":"ADBE Vector Shape - Group","hd":false},{"ty":"gf","o":{"a":0,"k":100,"ix":10},"r":1,"bm":0,"g":{"p":7,"k":{"a":0,"k":[0,0.702,0.761,0.776,0.126,0.727,0.78,0.796,0.252,0.753,0.8,0.816,0.435,0.775,0.818,0.835,0.618,0.796,0.835,0.855,0.809,0.804,0.841,0.861,1,0.812,0.847,0.867],"ix":9}},"s":{"a":0,"k":[-158,-70],"ix":5},"e":{"a":0,"k":[-128.001,-70],"ix":6},"t":1,"nm":"Gradient Fill 1","mn":"ADBE Vector Graphic - G-Fill","hd":false},{"ty":"tr","p":{"a":0,"k":[0,0],"ix":2},"a":{"a":0,"k":[0,0],"ix":1},"s":{"a":0,"k":[100,100],"ix":3},"r":{"a":0,"k":0,"ix":6},"o":{"a":0,"k":100,"ix":7},"sk":{"a":0,"k":0,"ix":4},"sa":{"a":0,"k":0,"ix":5},"nm":"Transform"}],"nm":"Group 2","np":2,"cix":2,"bm":0,"ix":2,"mn":"ADBE Vector Group","hd":false},{"ty":"gr","it":[{"ind":0,"ty":"sh","ix":1,"ks":{"a":0,"k":{"i":[[0,-12.149],[12.149,0],[0,12.149],[-12.15,0]],"o":[[0,12.149],[-12.15,0],[0,-12.149],[12.149,0]],"v":[[-120.947,-69.725],[-142.947,-47.725],[-164.947,-69.725],[-142.947,-91.725]],"c":true},"ix":2},"nm":"Path 1","mn":"ADBE Vector Shape - Group","hd":false},{"ty":"fl","c":{"a":0,"k":[1,1,1,1],"ix":4},"o":{"a":0,"k":100,"ix":5},"r":1,"bm":0,"nm":"Fill 1","mn":"ADBE Vector Graphic - Fill","hd":false},{"ty":"tr","p":{"a":0,"k":[0,0],"ix":2},"a":{"a":0,"k":[0,0],"ix":1},"s":{"a":0,"k":[100,100],"ix":3},"r":{"a":0,"k":0,"ix":6},"o":{"a":0,"k":100,"ix":7},"sk":{"a":0,"k":0,"ix":4},"sa":{"a":0,"k":0,"ix":5},"nm":"Transform"}],"nm":"Group 3","np":2,"cix":2,"bm":0,"ix":3,"mn":"ADBE Vector Group","hd":false},{"ty":"gr","it":[{"ind":0,"ty":"sh","ix":1,"ks":{"a":0,"k":{"i":[[0,-16.567],[16.567,0],[0,16.567],[-16.568,0]],"o":[[0,16.567],[-16.568,0],[0,-16.567],[16.567,0]],"v":[[-112.947,-69.725],[-142.947,-39.725],[-172.947,-69.725],[-142.947,-99.725]],"c":true},"ix":2},"nm":"Path 1","mn":"ADBE Vector Shape - Group","hd":false},{"ty":"gf","o":{"a":0,"k":100,"ix":10},"r":1,"bm":0,"g":{"p":7,"k":{"a":0,"k":[0,0.702,0.761,0.776,0.126,0.727,0.78,0.796,0.252,0.753,0.8,0.816,0.435,0.775,0.818,0.835,0.618,0.796,0.835,0.855,0.809,0.804,0.841,0.861,1,0.812,0.847,0.867],"ix":9}},"s":{"a":0,"k":[-173,-70],"ix":5},"e":{"a":0,"k":[-113,-70],"ix":6},"t":1,"nm":"Gradient Fill 1","mn":"ADBE Vector Graphic - G-Fill","hd":false},{"ty":"tr","p":{"a":0,"k":[0,0],"ix":2},"a":{"a":0,"k":[0,0],"ix":1},"s":{"a":0,"k":[100,100],"ix":3},"r":{"a":0,"k":0,"ix":6},"o":{"a":0,"k":100,"ix":7},"sk":{"a":0,"k":0,"ix":4},"sa":{"a":0,"k":0,"ix":5},"nm":"Transform"}],"nm":"Group 4","np":2,"cix":2,"bm":0,"ix":4,"mn":"ADBE Vector Group","hd":false}],"ip":0,"op":48,"st":0,"bm":0},{"ddd":0,"ind":4,"ty":4,"nm":"Shadow","tt":1,"sr":1,"ks":{"o":{"a":1,"k":[{"i":{"x":[0.833],"y":[0.833]},"o":{"x":[0.167],"y":[0.167]},"t":43,"s":[20]},{"t":47,"s":[0]}],"ix":11},"r":{"a":1,"k":[{"i":{"x":[0.999],"y":[1]},"o":{"x":[0.333],"y":[0]},"t":4,"s":[-27]},{"i":{"x":[0.5],"y":[1]},"o":{"x":[0.001],"y":[0]},"t":5,"s":[-0.2]},{"i":{"x":[0.5],"y":[1]},"o":{"x":[0.5],"y":[0]},"t":6,"s":[0.3]},{"i":{"x":[0.5],"y":[1]},"o":{"x":[0.5],"y":[0]},"t":7,"s":[10]},{"i":{"x":[0.5],"y":[1]},"o":{"x":[0.5],"y":[0]},"t":9,"s":[-6.6]},{"i":{"x":[0.5],"y":[1]},"o":{"x":[0.5],"y":[0]},"t":10,"s":[5.6]},{"i":{"x":[0.5],"y":[1]},"o":{"x":[0.5],"y":[0]},"t":12,"s":[-3.323]},{"i":{"x":[0.5],"y":[1]},"o":{"x":[0.5],"y":[0]},"t":13,"s":[2.798]},{"i":{"x":[0.5],"y":[1]},"o":{"x":[0.5],"y":[0]},"t":15,"s":[-1.667]},{"i":{"x":[0.5],"y":[1]},"o":{"x":[0.5],"y":[0]},"t":16,"s":[1.403]},{"i":{"x":[0.5],"y":[1]},"o":{"x":[0.5],"y":[0]},"t":18,"s":[-0.836]},{"i":{"x":[0.5],"y":[1]},"o":{"x":[0.5],"y":[0]},"t":19,"s":[0.704]},{"i":{"x":[0.5],"y":[1]},"o":{"x":[0.5],"y":[0]},"t":20.65,"s":[0.496]},{"i":{"x":[0.5],"y":[1]},"o":{"x":[0.5],"y":[0]},"t":22.15,"s":[-0.351]},{"i":{"x":[0.5],"y":[1]},"o":{"x":[0.5],"y":[0]},"t":23.65,"s":[0.249]},{"i":{"x":[0.5],"y":[1]},"o":{"x":[0.5],"y":[0]},"t":25.15,"s":[-0.176]},{"i":{"x":[0.5],"y":[1]},"o":{"x":[0.5],"y":[0]},"t":26.65,"s":[0.125]},{"i":{"x":[0.5],"y":[1]},"o":{"x":[0.5],"y":[0]},"t":28.15,"s":[-0.088]},{"i":{"x":[0.5],"y":[1]},"o":{"x":[0.5],"y":[0]},"t":29.65,"s":[0.063]},{"i":{"x":[0.5],"y":[1]},"o":{"x":[0.5],"y":[0]},"t":31.15,"s":[-0.044]},{"i":{"x":[0.5],"y":[1]},"o":{"x":[0.5],"y":[0]},"t":32.65,"s":[0.031]},{"i":{"x":[0.5],"y":[1]},"o":{"x":[0.5],"y":[0]},"t":34.15,"s":[-0.022]},{"i":{"x":[0.5],"y":[1]},"o":{"x":[0.5],"y":[0]},"t":35.65,"s":[0.016]},{"i":{"x":[0.5],"y":[1]},"o":{"x":[0.5],"y":[0]},"t":37.15,"s":[-0.011]},{"i":{"x":[0.5],"y":[1]},"o":{"x":[0.5],"y":[0]},"t":38.65,"s":[0.008]},{"i":{"x":[0.5],"y":[1]},"o":{"x":[0.5],"y":[0]},"t":40.15,"s":[-0.006]},{"i":{"x":[0.5],"y":[1]},"o":{"x":[0.5],"y":[0]},"t":41.65,"s":[0.004]},{"i":{"x":[0.5],"y":[1]},"o":{"x":[0.5],"y":[0]},"t":43.15,"s":[-0.003]},{"i":{"x":[0.5],"y":[1]},"o":{"x":[0.5],"y":[0]},"t":44.65,"s":[0.002]},{"i":{"x":[0.5],"y":[1]},"o":{"x":[0.5],"y":[0]},"t":46.15,"s":[-0.001]},{"i":{"x":[0.833],"y":[1]},"o":{"x":[0.5],"y":[0]},"t":47.65,"s":[0.001]},{"t":49.150390625,"s":[-0.001]}],"ix":10},"p":{"a":0,"k":[501.701,514.496,0],"ix":2},"a":{"a":0,"k":[-143.805,-69.517,0],"ix":1},"s":{"a":0,"k":[1201,1201,100],"ix":6}},"ao":0,"shapes":[{"ty":"gr","it":[{"ind":0,"ty":"sh","ix":1,"ks":{"a":0,"k":{"i":[[10.098,11.395],[-11.867,-8.393],[-1.285,0.687],[-1.937,1.622],[0.798,2.577]],"o":[[0,0],[0,0],[1.412,-0.755],[0.552,-0.462],[-4.087,-9.924]],"v":[[-143.947,-70.058],[-131.08,-42.165],[-122.788,-37.776],[-120.076,-39.332],[-122.014,-48.238]],"c":true},"ix":2},"nm":"Path 1","mn":"ADBE Vector Shape - Group","hd":false},{"ty":"fl","c":{"a":0,"k":[0.188235297799,0.172549024224,0.23137255013,1],"ix":4},"o":{"a":0,"k":100,"ix":5},"r":1,"bm":0,"nm":"Fill 1","mn":"ADBE Vector Graphic - Fill","hd":false},{"ty":"tr","p":{"a":0,"k":[0,0],"ix":2},"a":{"a":0,"k":[0,0],"ix":1},"s":{"a":0,"k":[100,100],"ix":3},"r":{"a":0,"k":0,"ix":6},"o":{"a":0,"k":100,"ix":7},"sk":{"a":0,"k":0,"ix":4},"sa":{"a":0,"k":0,"ix":5},"nm":"Transform"}],"nm":"Group 1","np":2,"cix":2,"bm":0,"ix":1,"mn":"ADBE Vector Group","hd":false}],"ip":4,"op":48,"st":0,"bm":0},{"ddd":0,"ind":5,"ty":4,"nm":"Dartboard","sr":1,"ks":{"o":{"a":0,"k":100,"ix":11},"r":{"a":0,"k":0,"ix":10},"p":{"a":0,"k":[512,512,0],"ix":2},"a":{"a":0,"k":[-142.947,-69.725,0],"ix":1},"s":{"a":0,"k":[1201,1201,100],"ix":6}},"ao":0,"shapes":[{"ty":"gr","it":[{"ind":0,"ty":"sh","ix":1,"ks":{"a":0,"k":{"i":[[0,-3.865],[3.865,0],[0,3.866],[-3.865,0]],"o":[[0,3.866],[-3.865,0],[0,-3.865],[3.865,0]],"v":[[-135.947,-69.725],[-142.947,-62.725],[-149.947,-69.725],[-142.947,-76.725]],"c":true},"ix":2},"nm":"Path 1","mn":"ADBE Vector Shape - Group","hd":false},{"ty":"fl","c":{"a":0,"k":[1,1,1,1],"ix":4},"o":{"a":0,"k":100,"ix":5},"r":1,"bm":0,"nm":"Fill 1","mn":"ADBE Vector Graphic - Fill","hd":false},{"ty":"tr","p":{"a":0,"k":[0,0],"ix":2},"a":{"a":0,"k":[0,0],"ix":1},"s":{"a":0,"k":[100,100],"ix":3},"r":{"a":0,"k":0,"ix":6},"o":{"a":0,"k":100,"ix":7},"sk":{"a":0,"k":0,"ix":4},"sa":{"a":0,"k":0,"ix":5},"nm":"Transform"}],"nm":"Group 1","np":2,"cix":2,"bm":0,"ix":1,"mn":"ADBE Vector Group","hd":false},{"ty":"gr","it":[{"ind":0,"ty":"sh","ix":1,"ks":{"a":0,"k":{"i":[[0,-8.283],[8.283,0],[0,8.284],[-8.285,0]],"o":[[0,8.284],[-8.285,0],[0,-8.283],[8.283,0]],"v":[[-127.948,-69.725],[-142.947,-54.725],[-157.947,-69.725],[-142.947,-84.725]],"c":true},"ix":2},"nm":"Path 1","mn":"ADBE Vector Shape - Group","hd":false},{"ty":"gf","o":{"a":0,"k":100,"ix":10},"r":1,"bm":0,"g":{"p":3,"k":{"a":0,"k":[0,1,0,0.055,0.527,0.906,0,0.027,1,0.812,0,0],"ix":9}},"s":{"a":0,"k":[-158,-70],"ix":5},"e":{"a":0,"k":[-128.001,-70],"ix":6},"t":1,"nm":"C1g","mn":"ADBE Vector Graphic - G-Fill","hd":false},{"ty":"tr","p":{"a":0,"k":[0,0],"ix":2},"a":{"a":0,"k":[0,0],"ix":1},"s":{"a":0,"k":[100,100],"ix":3},"r":{"a":0,"k":0,"ix":6},"o":{"a":0,"k":100,"ix":7},"sk":{"a":0,"k":0,"ix":4},"sa":{"a":0,"k":0,"ix":5},"nm":"Transform"}],"nm":"Group 2","np":2,"cix":2,"bm":0,"ix":2,"mn":"ADBE Vector Group","hd":false},{"ty":"gr","it":[{"ind":0,"ty":"sh","ix":1,"ks":{"a":0,"k":{"i":[[0,-12.149],[12.149,0],[0,12.149],[-12.15,0]],"o":[[0,12.149],[-12.15,0],[0,-12.149],[12.149,0]],"v":[[-120.947,-69.725],[-142.947,-47.725],[-164.947,-69.725],[-142.947,-91.725]],"c":true},"ix":2},"nm":"Path 1","mn":"ADBE Vector Shape - Group","hd":false},{"ty":"fl","c":{"a":0,"k":[1,1,1,1],"ix":4},"o":{"a":0,"k":100,"ix":5},"r":1,"bm":0,"nm":"Fill 1","mn":"ADBE Vector Graphic - Fill","hd":false},{"ty":"tr","p":{"a":0,"k":[0,0],"ix":2},"a":{"a":0,"k":[0,0],"ix":1},"s":{"a":0,"k":[100,100],"ix":3},"r":{"a":0,"k":0,"ix":6},"o":{"a":0,"k":100,"ix":7},"sk":{"a":0,"k":0,"ix":4},"sa":{"a":0,"k":0,"ix":5},"nm":"Transform"}],"nm":"Group 3","np":2,"cix":2,"bm":0,"ix":3,"mn":"ADBE Vector Group","hd":false},{"ty":"gr","it":[{"ind":0,"ty":"sh","ix":1,"ks":{"a":0,"k":{"i":[[0,-16.567],[16.567,0],[0,16.567],[-16.568,0]],"o":[[0,16.567],[-16.568,0],[0,-16.567],[16.567,0]],"v":[[-112.947,-69.725],[-142.947,-39.725],[-172.947,-69.725],[-142.947,-99.725]],"c":true},"ix":2},"nm":"Path 1","mn":"ADBE Vector Shape - Group","hd":false},{"ty":"gf","o":{"a":0,"k":100,"ix":10},"r":1,"bm":0,"g":{"p":3,"k":{"a":0,"k":[0,1,0,0.055,0.527,0.906,0,0.027,1,0.812,0,0],"ix":9}},"s":{"a":0,"k":[-173,-70],"ix":5},"e":{"a":0,"k":[-113,-70],"ix":6},"t":1,"nm":"C2G","mn":"ADBE Vector Graphic - G-Fill","hd":false},{"ty":"tr","p":{"a":0,"k":[0,0],"ix":2},"a":{"a":0,"k":[0,0],"ix":1},"s":{"a":0,"k":[100,100],"ix":3},"r":{"a":0,"k":0,"ix":6},"o":{"a":0,"k":100,"ix":7},"sk":{"a":0,"k":0,"ix":4},"sa":{"a":0,"k":0,"ix":5},"nm":"Transform"}],"nm":"Group 4","np":2,"cix":2,"bm":0,"ix":4,"mn":"ADBE Vector Group","hd":false}],"ip":0,"op":48,"st":0,"bm":0}]}],"layers":[{"ddd":0,"ind":1,"ty":0,"nm":"direct_hit","refId":"comp_0","sr":1,"ks":{"o":{"a":0,"k":100,"ix":11},"r":{"a":0,"k":0,"ix":10},"p":{"a":0,"k":[512,512,0],"ix":2},"a":{"a":0,"k":[512,512,0],"ix":1},"s":{"a":0,"k":[100,100,100],"ix":6}},"ao":0,"w":1024,"h":1024,"ip":0,"op":16,"st":-32,"bm":0},{"ddd":0,"ind":2,"ty":0,"nm":"direct_hit","refId":"comp_0","sr":1,"ks":{"o":{"a":0,"k":100,"ix":11},"r":{"a":0,"k":0,"ix":10},"p":{"a":0,"k":[512,512,0],"ix":2},"a":{"a":0,"k":[512,512,0],"ix":1},"s":{"a":0,"k":[100,100,100],"ix":6}},"ao":0,"w":1024,"h":1024,"ip":16,"op":48,"st":16,"bm":0}],"markers":[]}