{"v":"5.6.2","fr":24,"ip":0,"op":48,"w":1024,"h":1024,"nm":"nerd_face","ddd":0,"assets":[{"id":"comp_0","layers":[{"ddd":0,"ind":1,"ty":3,"nm":"Head_CTRL","sr":1,"ks":{"o":{"a":0,"k":100,"ix":11},"r":{"a":0,"k":0,"ix":10},"p":{"a":0,"k":[512,844,0],"ix":2},"a":{"a":0,"k":[0,0,0],"ix":1},"s":{"a":0,"k":[100,100,100],"ix":6}},"ao":0,"ef":[{"ty":5,"nm":"Controller","np":13,"mn":"Pseudo/DUIK controller","ix":1,"en":1,"ef":[{"ty":6,"nm":"Icon","mn":"Pseudo/DUIK controller-0001","ix":1,"v":0},{"ty":2,"nm":"Color","mn":"Pseudo/DUIK controller-0002","ix":2,"v":{"a":0,"k":[0.92549020052,0.0941176489,0.0941176489,1],"ix":2}},{"ty":3,"nm":"Position","mn":"Pseudo/DUIK controller-0003","ix":3,"v":{"a":0,"k":[0,0],"ix":3}},{"ty":0,"nm":"Size","mn":"Pseudo/DUIK controller-0004","ix":4,"v":{"a":0,"k":100,"ix":4}},{"ty":0,"nm":"Orientation","mn":"Pseudo/DUIK controller-0005","ix":5,"v":{"a":0,"k":0,"ix":5}},{"ty":0,"nm":"Opacity","mn":"Pseudo/DUIK controller-0006","ix":6,"v":{"a":0,"k":100,"ix":6}},{"ty":6,"nm":"","mn":"Pseudo/DUIK controller-0007","ix":7,"v":0},{"ty":6,"nm":"Anchor","mn":"Pseudo/DUIK controller-0008","ix":8,"v":0},{"ty":2,"nm":"Color","mn":"Pseudo/DUIK controller-0009","ix":9,"v":{"a":0,"k":[0,0,0,1],"ix":9}},{"ty":0,"nm":"Size","mn":"Pseudo/DUIK controller-0010","ix":10,"v":{"a":0,"k":100,"ix":10}},{"ty":6,"nm":"","mn":"Pseudo/DUIK controller-0011","ix":11,"v":0}]}],"ip":0,"op":48,"st":0,"bm":0},{"ddd":0,"ind":2,"ty":3,"nm":"Face_CTRL","parent":1,"sr":1,"ks":{"o":{"a":0,"k":100,"ix":11},"r":{"a":0,"k":0,"ix":10},"p":{"a":1,"k":[{"i":{"x":0,"y":1},"o":{"x":0.333,"y":0},"t":0,"s":[0,-332,0],"to":[0,3.469,0],"ti":[0,0,0]},{"i":{"x":0,"y":1},"o":{"x":0.333,"y":0},"t":17,"s":[0,-311.184,0],"to":[0,0,0],"ti":[0,3.469,0]},{"t":37,"s":[0,-332,0]}],"ix":2},"a":{"a":0,"k":[0,0,0],"ix":1},"s":{"a":0,"k":[100,100,100],"ix":6}},"ao":0,"ef":[{"ty":5,"nm":"Controller","np":13,"mn":"Pseudo/DUIK controller","ix":1,"en":1,"ef":[{"ty":6,"nm":"Icon","mn":"Pseudo/DUIK controller-0001","ix":1,"v":0},{"ty":2,"nm":"Color","mn":"Pseudo/DUIK controller-0002","ix":2,"v":{"a":0,"k":[0.92549020052,0.0941176489,0.0941176489,1],"ix":2}},{"ty":3,"nm":"Position","mn":"Pseudo/DUIK controller-0003","ix":3,"v":{"a":0,"k":[0,0],"ix":3}},{"ty":0,"nm":"Size","mn":"Pseudo/DUIK controller-0004","ix":4,"v":{"a":0,"k":100,"ix":4}},{"ty":0,"nm":"Orientation","mn":"Pseudo/DUIK controller-0005","ix":5,"v":{"a":0,"k":0,"ix":5}},{"ty":0,"nm":"Opacity","mn":"Pseudo/DUIK controller-0006","ix":6,"v":{"a":0,"k":100,"ix":6}},{"ty":6,"nm":"","mn":"Pseudo/DUIK controller-0007","ix":7,"v":0},{"ty":6,"nm":"Anchor","mn":"Pseudo/DUIK controller-0008","ix":8,"v":0},{"ty":2,"nm":"Color","mn":"Pseudo/DUIK controller-0009","ix":9,"v":{"a":0,"k":[0,0,0,1],"ix":9}},{"ty":0,"nm":"Size","mn":"Pseudo/DUIK controller-0010","ix":10,"v":{"a":0,"k":100,"ix":10}},{"ty":6,"nm":"","mn":"Pseudo/DUIK controller-0011","ix":11,"v":0}]}],"ip":0,"op":48,"st":0,"bm":0},{"ddd":0,"ind":3,"ty":4,"nm":"Hand","sr":1,"ks":{"o":{"a":0,"k":100,"ix":11},"r":{"a":0,"k":-20,"ix":10},"p":{"a":1,"k":[{"i":{"x":0,"y":1},"o":{"x":0.333,"y":0},"t":0,"s":[312.077,1100.997,0],"to":[0,0,0],"ti":[0,0,0]},{"i":{"x":0,"y":1},"o":{"x":0.333,"y":0},"t":17,"s":[320.077,680.997,0],"to":[0,0,0],"ti":[0,0,0]},{"i":{"x":0,"y":0},"o":{"x":0.333,"y":0.333},"t":26,"s":[298.077,602.997,0],"to":[0,0,0],"ti":[0,0,0]},{"i":{"x":0.667,"y":0.78},"o":{"x":0.333,"y":0},"t":34,"s":[298.077,602.997,0],"to":[0,0,0],"ti":[0,0,0]},{"i":{"x":0.667,"y":1},"o":{"x":0.333,"y":0.592},"t":47,"s":[293.195,1040.761,0],"to":[0,0,0],"ti":[0,0,0]},{"t":55,"s":[292.077,1140.997,0]}],"ix":2},"a":{"a":0,"k":[-185.729,-209.405,0],"ix":1},"s":{"a":1,"k":[{"i":{"x":[0,0,0.667],"y":[1,1,1]},"o":{"x":[0.333,0.333,0.333],"y":[0,0,0]},"t":0,"s":[0,0,100]},{"i":{"x":[0,0,0.667],"y":[1,1,1]},"o":{"x":[0.333,0.333,0.333],"y":[0,0,0]},"t":17,"s":[1200,1200,100]},{"i":{"x":[0,0,0.667],"y":[1,1,1]},"o":{"x":[0.333,0.333,0.333],"y":[0,0,0]},"t":26,"s":[1200,1200,100]},{"i":{"x":[0.667,0.667,0.667],"y":[1,1,1]},"o":{"x":[0.333,0.333,0.333],"y":[0,0,0]},"t":34,"s":[1200,1200,100]},{"t":47,"s":[0,0,100]}],"ix":6}},"ao":0,"shapes":[{"ty":"gr","it":[{"ty":"gr","it":[{"ind":0,"ty":"sh","ix":1,"ks":{"a":1,"k":[{"i":{"x":0,"y":1},"o":{"x":0.333,"y":0},"t":0,"s":[{"i":[[-8.234,3.772],[0,0],[5.178,1.877],[-0.512,-0.399],[3.009,1.835],[0,0],[2.732,1.391],[-1.224,-0.284],[2.568,0.168],[1.86,-0.148],[5.811,-1.578],[2.553,-0.781],[1.369,-4.048]],"o":[[0,0],[4.898,2.186],[1.462,0.064],[1.519,-2.108],[2.055,0.422],[1.486,-2.664],[2.032,0.126],[3.08,0.717],[-3.163,-0.209],[-2.656,0.213],[0.273,-5.148],[-2.21,0.674],[-3.067,9.074]],"v":[[-185.26,-200.54],[-186.45,-199.318],[-183.3,-204.145],[-180.268,-203.134],[-181.924,-208.445],[-179.116,-207.109],[-181.226,-212.28],[-176.697,-210.805],[-174.855,-213.986],[-182.904,-215.975],[-192.922,-212.662],[-196.66,-219.664],[-197.501,-211.878]],"c":true}]},{"i":{"x":0,"y":1},"o":{"x":0.333,"y":0},"t":17,"s":[{"i":[[-8.234,3.772],[0,0],[5.178,1.877],[-0.512,-0.399],[3.009,1.835],[0,0],[2.732,1.391],[-1.123,-0.564],[2.092,0.997],[1.86,-0.148],[5.811,-1.578],[3.416,-0.589],[2.019,-4.617]],"o":[[0,0],[4.898,2.186],[1.462,0.064],[1.519,-2.108],[2.055,0.422],[1.486,-2.664],[2.032,0.126],[3.554,1.785],[-2.861,-1.363],[-2.656,0.213],[2.339,-4.466],[-1.212,0.209],[-3.837,8.776]],"v":[[-185.26,-200.54],[-186.45,-199.318],[-183.3,-204.145],[-180.268,-203.134],[-181.924,-208.445],[-179.116,-207.109],[-181.226,-212.28],[-176.866,-209.622],[-175.023,-212.804],[-182.904,-215.975],[-192.922,-212.662],[-193.788,-220.002],[-197.501,-211.878]],"c":true}]},{"t":47,"s":[{"i":[[-8.234,3.772],[0,0],[5.178,1.877],[-0.512,-0.399],[3.009,1.835],[0,0],[2.732,1.391],[-1.224,-0.284],[2.568,0.168],[1.86,-0.148],[5.811,-1.578],[2.553,-0.781],[1.369,-4.048]],"o":[[0,0],[4.898,2.186],[1.462,0.064],[1.519,-2.108],[2.055,0.422],[1.486,-2.664],[2.032,0.126],[3.08,0.717],[-3.163,-0.209],[-2.656,0.213],[0.273,-5.148],[-2.21,0.674],[-3.067,9.074]],"v":[[-185.26,-200.54],[-186.45,-199.318],[-183.3,-204.145],[-180.268,-203.134],[-181.924,-208.445],[-179.116,-207.109],[-181.226,-212.28],[-176.697,-210.805],[-174.855,-213.986],[-182.904,-215.975],[-192.922,-212.662],[-196.66,-219.664],[-197.501,-211.878]],"c":true}]}],"ix":2},"nm":"Path 1","mn":"ADBE Vector Shape - Group","hd":false},{"ind":1,"ty":"sh","ix":2,"ks":{"a":1,"k":[{"i":{"x":0,"y":1},"o":{"x":0.333,"y":0},"t":0,"s":[{"i":[[3.502,2.071],[-2.811,7.005],[-3.117,1.694],[-0.105,-5.685],[-2.452,-0.157],[-1.54,-0.105],[6.812,0.672],[0.989,-0.991],[1.495,-1.48]],"o":[[-10.721,2.289],[1.163,-2.902],[3.203,-1.743],[2.85,-0.601],[1.34,0.088],[5.294,0.357],[0.107,0.957],[0.43,1.113],[0.583,3.855]],"v":[[-187.245,-197.868],[-199.348,-212.015],[-198.152,-221.127],[-190.862,-215.301],[-182.444,-217.783],[-174.877,-215.526],[-176.81,-209.096],[-177.888,-206],[-178.89,-201.762]],"c":true}]},{"i":{"x":0,"y":1},"o":{"x":0.333,"y":0},"t":17,"s":[{"i":[[3.502,2.071],[-3.308,6.784],[-1.51,0.705],[2.305,-6.05],[-2.452,-0.157],[-1.469,-0.539],[4.892,2.525],[0.989,-0.991],[1.495,-1.48]],"o":[[-10.721,2.289],[2.514,-5.156],[3.305,-1.542],[2.85,-0.601],[1.34,0.088],[5.071,1.861],[0.107,0.957],[0.43,1.113],[0.583,3.855]],"v":[[-187.245,-197.868],[-199.348,-212.015],[-194.774,-221.423],[-190.355,-215.385],[-182.444,-217.783],[-175.046,-214.344],[-176.979,-208.716],[-177.888,-206],[-178.89,-201.762]],"c":true}]},{"t":47,"s":[{"i":[[3.502,2.071],[-2.811,7.005],[-3.117,1.694],[-0.105,-5.685],[-2.452,-0.157],[-1.54,-0.105],[6.812,0.672],[0.989,-0.991],[1.495,-1.48]],"o":[[-10.721,2.289],[1.163,-2.902],[3.203,-1.743],[2.85,-0.601],[1.34,0.088],[5.294,0.357],[0.107,0.957],[0.43,1.113],[0.583,3.855]],"v":[[-187.245,-197.868],[-199.348,-212.015],[-198.152,-221.127],[-190.862,-215.301],[-182.444,-217.783],[-174.877,-215.526],[-176.81,-209.096],[-177.888,-206],[-178.89,-201.762]],"c":true}]}],"ix":2},"nm":"Path 2","mn":"ADBE Vector Shape - Group","hd":false},{"ty":"fl","c":{"a":0,"k":[0.600000023842,0.658823549747,0.68235296011,1],"ix":4},"o":{"a":0,"k":100,"ix":5},"r":1,"bm":0,"nm":"Fill 1","mn":"ADBE Vector Graphic - Fill","hd":false},{"ty":"tr","p":{"a":0,"k":[0,0],"ix":2},"a":{"a":0,"k":[0,0],"ix":1},"s":{"a":0,"k":[100,100],"ix":3},"r":{"a":0,"k":0,"ix":6},"o":{"a":0,"k":100,"ix":7},"sk":{"a":0,"k":0,"ix":4},"sa":{"a":0,"k":0,"ix":5},"nm":"Transform"}],"nm":"Group 1","np":3,"cix":2,"bm":0,"ix":1,"mn":"ADBE Vector Group","hd":false},{"ty":"gr","it":[{"ind":0,"ty":"sh","ix":1,"ks":{"a":1,"k":[{"i":{"x":0,"y":1},"o":{"x":0.333,"y":0},"t":0,"s":[{"i":[[3.275,1.886],[-2.952,7.418],[-2.914,1.543],[-0.1,-5.174],[-2.292,-0.143],[-1.438,-0.095],[6.37,0.612],[0.926,-0.903],[1.4,-1.346]],"o":[[-10.024,2.083],[1.057,-2.652],[2.996,-1.585],[2.664,-0.543],[1.252,0.079],[4.951,0.327],[0.1,0.872],[0.404,1.012],[0.548,3.512]],"v":[[-187.019,-198.621],[-198.491,-212.292],[-197.296,-220.435],[-191.396,-214.472],[-182.824,-216.905],[-175.758,-214.949],[-177.344,-209.511],[-178.565,-206.179],[-179.503,-202.322]],"c":true}]},{"i":{"x":0,"y":1},"o":{"x":0.333,"y":0},"t":17,"s":[{"i":[[3.275,1.886],[-2.952,7.418],[-2.914,1.543],[1.699,-4.768],[-2.292,-0.143],[-1.438,-0.095],[6.313,2.306],[0.926,-0.903],[1.4,-1.346]],"o":[[-10.024,2.083],[1.057,-2.652],[2.996,-1.585],[2.664,-0.543],[1.252,0.079],[4.951,0.327],[0.1,0.872],[0.404,1.012],[0.548,3.512]],"v":[[-187.019,-198.621],[-198.491,-212.292],[-194.425,-220.646],[-191.396,-214.472],[-182.824,-216.905],[-175.927,-213.767],[-177.344,-209.511],[-178.565,-206.179],[-179.503,-202.322]],"c":true}]},{"t":47,"s":[{"i":[[3.275,1.886],[-2.952,7.418],[-2.914,1.543],[-0.1,-5.174],[-2.292,-0.143],[-1.438,-0.095],[6.37,0.612],[0.926,-0.903],[1.4,-1.346]],"o":[[-10.024,2.083],[1.057,-2.652],[2.996,-1.585],[2.664,-0.543],[1.252,0.079],[4.951,0.327],[0.1,0.872],[0.404,1.012],[0.548,3.512]],"v":[[-187.019,-198.621],[-198.491,-212.292],[-197.296,-220.435],[-191.396,-214.472],[-182.824,-216.905],[-175.758,-214.949],[-177.344,-209.511],[-178.565,-206.179],[-179.503,-202.322]],"c":true}]}],"ix":2},"nm":"Path 1","mn":"ADBE Vector Shape - Group","hd":false},{"ty":"fl","c":{"a":0,"k":[1,1,1,1],"ix":4},"o":{"a":0,"k":100,"ix":5},"r":1,"bm":0,"nm":"Fill 1","mn":"ADBE Vector Graphic - Fill","hd":false},{"ty":"tr","p":{"a":0,"k":[0,0],"ix":2},"a":{"a":0,"k":[0,0],"ix":1},"s":{"a":0,"k":[100,100],"ix":3},"r":{"a":0,"k":0,"ix":6},"o":{"a":0,"k":100,"ix":7},"sk":{"a":0,"k":0,"ix":4},"sa":{"a":0,"k":0,"ix":5},"nm":"Transform"}],"nm":"Group 2","np":2,"cix":2,"bm":0,"ix":2,"mn":"ADBE Vector Group","hd":false},{"ty":"tr","p":{"a":0,"k":[0,0],"ix":2},"a":{"a":0,"k":[0,0],"ix":1},"s":{"a":0,"k":[100,100],"ix":3},"r":{"a":0,"k":0,"ix":6},"o":{"a":0,"k":100,"ix":7},"sk":{"a":0,"k":0,"ix":4},"sa":{"a":0,"k":0,"ix":5},"nm":"Transform"}],"nm":"Group 3","np":2,"cix":2,"bm":0,"ix":1,"mn":"ADBE Vector Group","hd":false}],"ip":0,"op":49,"st":0,"bm":0},{"ddd":0,"ind":4,"ty":4,"nm":"Glasses","parent":2,"sr":1,"ks":{"o":{"a":0,"k":100,"ix":11},"r":{"a":0,"k":0,"ix":10},"p":{"a":1,"k":[{"i":{"x":0,"y":1},"o":{"x":0.289,"y":0},"t":0,"s":[-0.001,-70.976,0],"to":[0,0,0],"ti":[0,0,0]},{"i":{"x":0,"y":0},"o":{"x":0.333,"y":0.333},"t":8,"s":[-0.001,-10.976,0],"to":[0,0,0],"ti":[0,0,0]},{"i":{"x":0,"y":1},"o":{"x":0.333,"y":0},"t":17,"s":[-0.001,-10.976,0],"to":[0,0,0],"ti":[0,0,0]},{"t":26,"s":[-0.001,-70.976,0]}],"ix":2},"a":{"a":0,"k":[238.62,211.753,0],"ix":1},"s":{"a":0,"k":[1200,1200,100],"ix":6}},"ao":0,"shapes":[{"ty":"gr","it":[{"ind":0,"ty":"sh","ix":1,"ks":{"a":0,"k":{"i":[[2.381,-3.745],[2.484,1.284],[-2.021,2.177],[-3.164,-2.736]],"o":[[-2.401,3.791],[-4.863,-2.525],[3.544,-3.81],[2.31,1.999]],"v":[[261.874,217.021],[249.05,218.751],[243.192,205.589],[263.273,203.75]],"c":true},"ix":2},"nm":"Path 1","mn":"ADBE Vector Shape - Group","hd":false},{"ind":1,"ty":"sh","ix":2,"ks":{"a":0,"k":{"i":[[4.678,-2.86],[2.657,3.612],[-2.161,2.153],[-3.8,-3.553]],"o":[[-2.388,1.455],[-2.64,-3.572],[2.965,-2.951],[2.171,2.029]],"v":[[229.145,219.447],[216.231,218.617],[213.908,205.476],[234.068,205.908]],"c":true},"ix":2},"nm":"Path 2","mn":"ADBE Vector Shape - Group","hd":false},{"ind":2,"ty":"sh","ix":3,"ks":{"a":0,"k":{"i":[[0.162,1.036],[5.664,0.14],[4.817,-1.004],[1.36,-0.037],[1.515,0.202],[7.764,-0.745],[2.014,-0.146],[-0.392,-1.059],[-0.508,-0.561],[-9.309,-0.448],[-1.925,6.095],[-1.619,0.058],[-0.664,-1.681],[-8.675,1.025],[-2.387,3.016],[-0.243,0.845]],"o":[[-2.02,-0.003],[-7.802,-0.203],[-1.496,0.311],[-1.358,0.059],[-4.875,-0.667],[-5.645,0.536],[-0.087,1.048],[0.302,0.826],[2.591,2.844],[8.724,0.419],[0.544,-1.722],[1.62,-0.058],[2.348,5.946],[9.252,-1.098],[0.473,-0.596],[0.312,-1.086]],"v":[[268.35,202.193],[257.959,200.637],[242.798,202.836],[238.547,203.367],[234.271,203.135],[218.995,201.995],[208.735,204.273],[208.864,207.953],[210.442,209.51],[221.288,222.858],[235.672,213.367],[238.73,208.606],[242.111,213.143],[257.125,221.608],[267.008,207.535],[268.479,205.872]],"c":true},"ix":2},"nm":"Path 3","mn":"ADBE Vector Shape - Group","hd":false},{"ty":"fl","c":{"a":0,"k":[0.101960785687,0.086274512112,0.149019613862,1],"ix":4},"o":{"a":0,"k":100,"ix":5},"r":1,"bm":0,"nm":"Fill 1","mn":"ADBE Vector Graphic - Fill","hd":false},{"ty":"tr","p":{"a":0,"k":[0,0],"ix":2},"a":{"a":0,"k":[0,0],"ix":1},"s":{"a":0,"k":[100,100],"ix":3},"r":{"a":0,"k":0,"ix":6},"o":{"a":0,"k":100,"ix":7},"sk":{"a":0,"k":0,"ix":4},"sa":{"a":0,"k":0,"ix":5},"nm":"Transform"}],"nm":"Group 1","np":4,"cix":2,"bm":0,"ix":1,"mn":"ADBE Vector Group","hd":false},{"ty":"gr","it":[{"ind":0,"ty":"sh","ix":1,"ks":{"a":0,"k":{"i":[[-3.8,-3.553],[4.678,-2.859],[2.657,3.612],[-2.161,2.153]],"o":[[2.168,2.03],[-2.388,1.454],[-2.64,-3.573],[2.965,-2.951]],"v":[[234.068,205.908],[229.145,219.448],[216.231,218.618],[213.908,205.476]],"c":true},"ix":2},"nm":"Path 1","mn":"ADBE Vector Shape - Group","hd":false},{"ty":"gf","o":{"a":0,"k":100,"ix":10},"r":1,"bm":0,"g":{"p":3,"k":{"a":0,"k":[0,1,1,1,0.5,1,1,1,1,1,1,1,0,0,0.5,0.5,1,1],"ix":9}},"s":{"a":0,"k":[222.869,221.201],"ix":5},"e":{"a":0,"k":[223.188,204.027],"ix":6},"t":1,"nm":"GlassesG1","mn":"ADBE Vector Graphic - G-Fill","hd":false},{"ty":"tr","p":{"a":0,"k":[0,0],"ix":2},"a":{"a":0,"k":[0,0],"ix":1},"s":{"a":0,"k":[100,100],"ix":3},"r":{"a":0,"k":0,"ix":6},"o":{"a":0,"k":50,"ix":7},"sk":{"a":0,"k":0,"ix":4},"sa":{"a":0,"k":0,"ix":5},"nm":"Transform"}],"nm":"Group 2","np":2,"cix":2,"bm":0,"ix":2,"mn":"ADBE Vector Group","hd":false},{"ty":"gr","it":[{"ind":0,"ty":"sh","ix":1,"ks":{"a":0,"k":{"i":[[3.544,-3.809],[-4.863,-2.525],[-2.401,3.791],[2.31,1.997]],"o":[[-2.021,2.176],[2.486,1.285],[2.381,-3.746],[-3.164,-2.737]],"v":[[243.192,205.59],[249.05,218.751],[261.874,217.023],[263.273,203.752]],"c":true},"ix":2},"nm":"Path 1","mn":"ADBE Vector Shape - Group","hd":false},{"ty":"gf","o":{"a":0,"k":100,"ix":10},"r":1,"bm":0,"g":{"p":3,"k":{"a":0,"k":[0,1,1,1,0.5,1,1,1,1,1,1,1,0,0,0.5,0.5,1,1],"ix":9}},"s":{"a":0,"k":[253.788,219.943],"ix":5},"e":{"a":0,"k":[253.938,202.628],"ix":6},"t":1,"nm":"GlassesG2","mn":"ADBE Vector Graphic - G-Fill","hd":false},{"ty":"tr","p":{"a":0,"k":[0,0],"ix":2},"a":{"a":0,"k":[0,0],"ix":1},"s":{"a":0,"k":[100,100],"ix":3},"r":{"a":0,"k":0,"ix":6},"o":{"a":0,"k":50,"ix":7},"sk":{"a":0,"k":0,"ix":4},"sa":{"a":0,"k":0,"ix":5},"nm":"Transform"}],"nm":"Group 3","np":2,"cix":2,"bm":0,"ix":3,"mn":"ADBE Vector Group","hd":false}],"ip":0,"op":48,"st":0,"bm":0},{"ddd":0,"ind":5,"ty":4,"nm":"Mask 2","parent":2,"td":1,"sr":1,"ks":{"o":{"a":0,"k":100,"ix":11},"r":{"a":0,"k":0,"ix":10},"p":{"a":0,"k":[0,164,0],"ix":2},"a":{"a":0,"k":[238.62,231.668,0],"ix":1},"s":{"a":0,"k":[1054,905,100],"ix":6}},"ao":0,"shapes":[{"ty":"gr","it":[{"ty":"gr","it":[{"ind":0,"ty":"sh","ix":1,"ks":{"a":0,"k":{"i":[[1.53,0.344],[5.392,0],[3.034,-0.682],[-0.074,-1.541],[-9.539,0],[-0.243,5.089]],"o":[[-3.034,-0.681],[-5.392,0],[-1.53,0.344],[0.243,5.089],[9.541,0],[0.074,-1.541]],"v":[[251.324,224.996],[238.622,223.668],[225.916,224.996],[223.625,228.402],[238.622,239.668],[253.615,228.402]],"c":true},"ix":2,"x":"var $bm_rt;\n$bm_rt = thisComp.layer('Mouth_Shape').content('Group 6').content('Group 3').content('Path 1').path;"},"nm":"Path 1","mn":"ADBE Vector Shape - Group","hd":false},{"ty":"fl","c":{"a":0,"k":[0.101960785687,0.086274512112,0.149019613862,1],"ix":4},"o":{"a":0,"k":100,"ix":5},"r":1,"bm":0,"nm":"Fill 1","mn":"ADBE Vector Graphic - Fill","hd":false},{"ty":"tr","p":{"a":0,"k":[0,0],"ix":2},"a":{"a":0,"k":[0,0],"ix":1},"s":{"a":0,"k":[100,100],"ix":3},"r":{"a":0,"k":0,"ix":6},"o":{"a":0,"k":100,"ix":7},"sk":{"a":0,"k":0,"ix":4},"sa":{"a":0,"k":0,"ix":5},"nm":"Transform"}],"nm":"Group 3","np":2,"cix":2,"bm":0,"ix":1,"mn":"ADBE Vector Group","hd":false},{"ty":"tr","p":{"a":0,"k":[0,0],"ix":2},"a":{"a":0,"k":[0,0],"ix":1},"s":{"a":0,"k":[100,100],"ix":3},"r":{"a":0,"k":0,"ix":6},"o":{"a":0,"k":100,"ix":7},"sk":{"a":0,"k":0,"ix":4},"sa":{"a":0,"k":0,"ix":5},"nm":"Transform"}],"nm":"Group 6","np":1,"cix":2,"bm":0,"ix":1,"mn":"ADBE Vector Group","hd":false}],"ip":0,"op":48,"st":0,"bm":0},{"ddd":0,"ind":6,"ty":4,"nm":"Tongue","parent":2,"tt":1,"sr":1,"ks":{"o":{"a":0,"k":100,"ix":11},"r":{"a":0,"k":0,"ix":10},"p":{"a":0,"k":[0,168,0],"ix":2},"a":{"a":0,"k":[238.62,231.668,0],"ix":1},"s":{"a":0,"k":[1200,1200,100],"ix":6}},"ao":0,"shapes":[{"ty":"gr","it":[{"ty":"gr","it":[{"ind":0,"ty":"sh","ix":1,"ks":{"a":0,"k":{"i":[[0,0],[-3.947,0],[0,0],[4.736,-1]],"o":[[0,0],[3.947,0],[0,0],[-4.736,-1]],"v":[[231.516,235.668],[238.62,237.668],[245.725,235.668],[238.62,233.668]],"c":true},"ix":2},"nm":"Path 1","mn":"ADBE Vector Shape - Group","hd":false},{"ty":"fl","c":{"a":0,"k":[0.992156863213,0.450980395079,0.51372551918,1],"ix":4},"o":{"a":0,"k":100,"ix":5},"r":1,"bm":0,"nm":"Fill 1","mn":"ADBE Vector Graphic - Fill","hd":false},{"ty":"tr","p":{"a":0,"k":[0,0],"ix":2},"a":{"a":0,"k":[0,0],"ix":1},"s":{"a":0,"k":[100,100],"ix":3},"r":{"a":0,"k":0,"ix":6},"o":{"a":0,"k":100,"ix":7},"sk":{"a":0,"k":0,"ix":4},"sa":{"a":0,"k":0,"ix":5},"nm":"Transform"}],"nm":"Group 2","np":2,"cix":2,"bm":0,"ix":1,"mn":"ADBE Vector Group","hd":false},{"ty":"tr","p":{"a":0,"k":[0,0],"ix":2},"a":{"a":0,"k":[0,0],"ix":1},"s":{"a":0,"k":[100,100],"ix":3},"r":{"a":0,"k":0,"ix":6},"o":{"a":0,"k":100,"ix":7},"sk":{"a":0,"k":0,"ix":4},"sa":{"a":0,"k":0,"ix":5},"nm":"Transform"}],"nm":"Group 6","np":1,"cix":2,"bm":0,"ix":1,"mn":"ADBE Vector Group","hd":false}],"ip":0,"op":48,"st":0,"bm":0},{"ddd":0,"ind":7,"ty":4,"nm":"Mask","parent":2,"td":1,"sr":1,"ks":{"o":{"a":0,"k":100,"ix":11},"r":{"a":0,"k":0,"ix":10},"p":{"a":0,"k":[0,168,0],"ix":2},"a":{"a":0,"k":[238.62,231.668,0],"ix":1},"s":{"a":0,"k":[1054,905,100],"ix":6}},"ao":0,"shapes":[{"ty":"gr","it":[{"ty":"gr","it":[{"ind":0,"ty":"sh","ix":1,"ks":{"a":0,"k":{"i":[[1.53,0.344],[5.392,0],[3.034,-0.682],[-0.074,-1.541],[-9.539,0],[-0.243,5.089]],"o":[[-3.034,-0.681],[-5.392,0],[-1.53,0.344],[0.243,5.089],[9.541,0],[0.074,-1.541]],"v":[[251.324,224.996],[238.622,223.668],[225.916,224.996],[223.625,228.402],[238.622,239.668],[253.615,228.402]],"c":true},"ix":2,"x":"var $bm_rt;\n$bm_rt = thisComp.layer('Mouth_Shape').content('Group 6').content('Group 3').content('Path 1').path;"},"nm":"Path 1","mn":"ADBE Vector Shape - Group","hd":false},{"ty":"fl","c":{"a":0,"k":[0.101960785687,0.086274512112,0.149019613862,1],"ix":4},"o":{"a":0,"k":100,"ix":5},"r":1,"bm":0,"nm":"Fill 1","mn":"ADBE Vector Graphic - Fill","hd":false},{"ty":"tr","p":{"a":0,"k":[0,0],"ix":2},"a":{"a":0,"k":[0,0],"ix":1},"s":{"a":0,"k":[100,100],"ix":3},"r":{"a":0,"k":0,"ix":6},"o":{"a":0,"k":100,"ix":7},"sk":{"a":0,"k":0,"ix":4},"sa":{"a":0,"k":0,"ix":5},"nm":"Transform"}],"nm":"Group 3","np":2,"cix":2,"bm":0,"ix":1,"mn":"ADBE Vector Group","hd":false},{"ty":"tr","p":{"a":0,"k":[0,0],"ix":2},"a":{"a":0,"k":[0,0],"ix":1},"s":{"a":0,"k":[100,100],"ix":3},"r":{"a":0,"k":0,"ix":6},"o":{"a":0,"k":100,"ix":7},"sk":{"a":0,"k":0,"ix":4},"sa":{"a":0,"k":0,"ix":5},"nm":"Transform"}],"nm":"Group 6","np":1,"cix":2,"bm":0,"ix":1,"mn":"ADBE Vector Group","hd":false}],"ip":0,"op":48,"st":0,"bm":0},{"ddd":0,"ind":8,"ty":4,"nm":"Upper_Teeth","parent":2,"tt":1,"sr":1,"ks":{"o":{"a":0,"k":100,"ix":11},"r":{"a":0,"k":0,"ix":10},"p":{"a":0,"k":[0,168,0],"ix":2},"a":{"a":0,"k":[238.62,231.668,0],"ix":1},"s":{"a":0,"k":[1200,1200,100],"ix":6}},"ao":0,"shapes":[{"ty":"gr","it":[{"ind":0,"ty":"sh","ix":1,"ks":{"a":0,"k":{"i":[[0,0],[0,0],[0,0],[0,0]],"o":[[0,0],[0,0],[0,0],[0,0]],"v":[[253.12,228.661],[224.12,228.661],[224.12,228.161],[253.12,228.161]],"c":true},"ix":2},"nm":"Path 1","mn":"ADBE Vector Shape - Group","hd":false},{"ty":"gf","o":{"a":0,"k":100,"ix":10},"r":1,"bm":0,"g":{"p":7,"k":{"a":0,"k":[0,0.102,0.086,0.149,0.05,0.327,0.341,0.384,0.1,0.553,0.596,0.62,0.5,0.553,0.596,0.62,0.9,0.553,0.596,0.62,0.95,0.327,0.341,0.384,1,0.102,0.086,0.149],"ix":9}},"s":{"a":0,"k":[224,228],"ix":5},"e":{"a":0,"k":[253,228],"ix":6},"t":1,"nm":"upperteeth_gradient","mn":"ADBE Vector Graphic - G-Fill","hd":false},{"ty":"tr","p":{"a":0,"k":[0,0],"ix":2},"a":{"a":0,"k":[0,0],"ix":1},"s":{"a":0,"k":[100,100],"ix":3},"r":{"a":0,"k":0,"ix":6},"o":{"a":0,"k":100,"ix":7},"sk":{"a":0,"k":0,"ix":4},"sa":{"a":0,"k":0,"ix":5},"nm":"Transform"}],"nm":"Group 1","np":2,"cix":2,"bm":0,"ix":1,"mn":"ADBE Vector Group","hd":false},{"ty":"gr","it":[{"ty":"gr","it":[{"ind":0,"ty":"sh","ix":1,"ks":{"a":0,"k":{"i":[[-0.515,0],[-1.041,0],[0.516,0],[1.27,0]],"o":[[1.472,0],[0.516,0],[-1.115,0],[-0.515,0]],"v":[[228.317,227.161],[231.033,227.161],[231.033,229.672],[228.317,229.672]],"c":true},"ix":2},"nm":"Path 1","mn":"ADBE Vector Shape - Group","hd":false},{"ty":"fl","c":{"a":0,"k":[0.643137276173,0.698039233685,0.721568644047,1],"ix":4},"o":{"a":0,"k":100,"ix":5},"r":1,"bm":0,"nm":"Fill 1","mn":"ADBE Vector Graphic - Fill","hd":false},{"ty":"tr","p":{"a":0,"k":[0,0],"ix":2},"a":{"a":0,"k":[0,0],"ix":1},"s":{"a":0,"k":[100,100],"ix":3},"r":{"a":0,"k":0,"ix":6},"o":{"a":0,"k":100,"ix":7},"sk":{"a":0,"k":0,"ix":4},"sa":{"a":0,"k":0,"ix":5},"nm":"Transform"}],"nm":"Group 1","np":2,"cix":2,"bm":0,"ix":1,"mn":"ADBE Vector Group","hd":false},{"ty":"tr","p":{"a":0,"k":[0,0],"ix":2},"a":{"a":0,"k":[0,0],"ix":1},"s":{"a":0,"k":[100,100],"ix":3},"r":{"a":0,"k":0,"ix":6},"o":{"a":0,"k":100,"ix":7},"sk":{"a":0,"k":0,"ix":4},"sa":{"a":0,"k":0,"ix":5},"nm":"Transform"}],"nm":"Group 2","np":1,"cix":2,"bm":0,"ix":2,"mn":"ADBE Vector Group","hd":false},{"ty":"gr","it":[{"ty":"gr","it":[{"ind":0,"ty":"sh","ix":1,"ks":{"a":0,"k":{"i":[[-0.594,0],[-1.2,0],[0.594,0],[1.463,0]],"o":[[1.695,0],[0.594,0],[-1.285,0],[-0.594,0]],"v":[[234.137,227.087],[237.266,227.087],[237.266,229.74],[234.137,229.74]],"c":true},"ix":2},"nm":"Path 1","mn":"ADBE Vector Shape - Group","hd":false},{"ty":"fl","c":{"a":0,"k":[0.643137276173,0.698039233685,0.721568644047,1],"ix":4},"o":{"a":0,"k":100,"ix":5},"r":1,"bm":0,"nm":"Fill 1","mn":"ADBE Vector Graphic - Fill","hd":false},{"ty":"tr","p":{"a":0,"k":[0,0],"ix":2},"a":{"a":0,"k":[0,0],"ix":1},"s":{"a":0,"k":[100,100],"ix":3},"r":{"a":0,"k":0,"ix":6},"o":{"a":0,"k":100,"ix":7},"sk":{"a":0,"k":0,"ix":4},"sa":{"a":0,"k":0,"ix":5},"nm":"Transform"}],"nm":"Group 1","np":2,"cix":2,"bm":0,"ix":1,"mn":"ADBE Vector Group","hd":false},{"ty":"tr","p":{"a":0,"k":[0,0],"ix":2},"a":{"a":0,"k":[0,0],"ix":1},"s":{"a":0,"k":[100,100],"ix":3},"r":{"a":0,"k":0,"ix":6},"o":{"a":0,"k":100,"ix":7},"sk":{"a":0,"k":0,"ix":4},"sa":{"a":0,"k":0,"ix":5},"nm":"Transform"}],"nm":"Group 3","np":1,"cix":2,"bm":0,"ix":3,"mn":"ADBE Vector Group","hd":false},{"ty":"gr","it":[{"ty":"gr","it":[{"ind":0,"ty":"sh","ix":1,"ks":{"a":0,"k":{"i":[[0.515,0],[1.041,0],[-0.516,0],[-1.271,0]],"o":[[-1.472,0],[-0.516,0],[1.115,0],[0.515,0]],"v":[[249.11,229.666],[246.395,229.666],[246.395,227.155],[249.11,227.155]],"c":true},"ix":2},"nm":"Path 1","mn":"ADBE Vector Shape - Group","hd":false},{"ty":"fl","c":{"a":0,"k":[0.643137276173,0.698039233685,0.721568644047,1],"ix":4},"o":{"a":0,"k":100,"ix":5},"r":1,"bm":0,"nm":"Fill 1","mn":"ADBE Vector Graphic - Fill","hd":false},{"ty":"tr","p":{"a":0,"k":[0,0],"ix":2},"a":{"a":0,"k":[0,0],"ix":1},"s":{"a":0,"k":[100,100],"ix":3},"r":{"a":0,"k":0,"ix":6},"o":{"a":0,"k":100,"ix":7},"sk":{"a":0,"k":0,"ix":4},"sa":{"a":0,"k":0,"ix":5},"nm":"Transform"}],"nm":"Group 1","np":2,"cix":2,"bm":0,"ix":1,"mn":"ADBE Vector Group","hd":false},{"ty":"tr","p":{"a":0,"k":[0,0],"ix":2},"a":{"a":0,"k":[0,0],"ix":1},"s":{"a":0,"k":[100,100],"ix":3},"r":{"a":0,"k":0,"ix":6},"o":{"a":0,"k":100,"ix":7},"sk":{"a":0,"k":0,"ix":4},"sa":{"a":0,"k":0,"ix":5},"nm":"Transform"}],"nm":"Group 4","np":1,"cix":2,"bm":0,"ix":4,"mn":"ADBE Vector Group","hd":false},{"ty":"gr","it":[{"ty":"gr","it":[{"ind":0,"ty":"sh","ix":1,"ks":{"a":0,"k":{"i":[[0.594,0],[1.2,0],[-0.594,0],[-1.463,0]],"o":[[-1.695,0],[-0.594,0],[1.285,0],[0.594,0]],"v":[[243.291,229.74],[240.162,229.74],[240.162,227.087],[243.291,227.087]],"c":true},"ix":2},"nm":"Path 1","mn":"ADBE Vector Shape - Group","hd":false},{"ty":"fl","c":{"a":0,"k":[0.643137276173,0.698039233685,0.721568644047,1],"ix":4},"o":{"a":0,"k":100,"ix":5},"r":1,"bm":0,"nm":"Fill 1","mn":"ADBE Vector Graphic - Fill","hd":false},{"ty":"tr","p":{"a":0,"k":[0,0],"ix":2},"a":{"a":0,"k":[0,0],"ix":1},"s":{"a":0,"k":[100,100],"ix":3},"r":{"a":0,"k":0,"ix":6},"o":{"a":0,"k":100,"ix":7},"sk":{"a":0,"k":0,"ix":4},"sa":{"a":0,"k":0,"ix":5},"nm":"Transform"}],"nm":"Group 1","np":2,"cix":2,"bm":0,"ix":1,"mn":"ADBE Vector Group","hd":false},{"ty":"tr","p":{"a":0,"k":[0,0],"ix":2},"a":{"a":0,"k":[0,0],"ix":1},"s":{"a":0,"k":[100,100],"ix":3},"r":{"a":0,"k":0,"ix":6},"o":{"a":0,"k":100,"ix":7},"sk":{"a":0,"k":0,"ix":4},"sa":{"a":0,"k":0,"ix":5},"nm":"Transform"}],"nm":"Group 5","np":1,"cix":2,"bm":0,"ix":5,"mn":"ADBE Vector Group","hd":false},{"ty":"gr","it":[{"ind":0,"ty":"sh","ix":1,"ks":{"a":0,"k":{"i":[[1.307,0.284],[5.574,0],[2.093,-0.449],[-0.173,-1.311],[-1.013,-0.017],[0,0],[-0.929,0.016],[-0.153,1.145]],"o":[[-2.092,-0.449],[-5.574,0],[-1.307,0.284],[0.153,1.145],[0.929,0.016],[0,0],[1.013,-0.017],[0.173,-1.311]],"v":[[250.709,226.91],[238.62,225.668],[226.531,226.91],[225.371,229.188],[226.64,230.656],[238.62,230.656],[250.601,230.656],[251.869,229.188]],"c":true},"ix":2},"nm":"Path 1","mn":"ADBE Vector Shape - Group","hd":false},{"ty":"gf","o":{"a":0,"k":100,"ix":10},"r":1,"bm":0,"g":{"p":7,"k":{"a":0,"k":[0,0.812,0.843,0.902,0.09,0.906,0.922,0.951,0.3,1,1,1,0.5,1,1,1,0.7,1,1,1,0.91,0.906,0.922,0.951,1,0.812,0.843,0.902],"ix":9}},"s":{"a":0,"k":[225,228],"ix":5},"e":{"a":0,"k":[251.649,228],"ix":6},"t":1,"nm":"UpTeethG","mn":"ADBE Vector Graphic - G-Fill","hd":false},{"ty":"tr","p":{"a":0,"k":[0,0],"ix":2},"a":{"a":0,"k":[0,0],"ix":1},"s":{"a":0,"k":[100,100],"ix":3},"r":{"a":0,"k":0,"ix":6},"o":{"a":0,"k":100,"ix":7},"sk":{"a":0,"k":0,"ix":4},"sa":{"a":0,"k":0,"ix":5},"nm":"Transform"}],"nm":"Group 6","np":2,"cix":2,"bm":0,"ix":6,"mn":"ADBE Vector Group","hd":false}],"ip":0,"op":48,"st":0,"bm":0},{"ddd":0,"ind":9,"ty":4,"nm":"Mouth_Shape","parent":2,"sr":1,"ks":{"o":{"a":0,"k":100,"ix":11},"r":{"a":0,"k":0,"ix":10},"p":{"a":0,"k":[0,168,0],"ix":2},"a":{"a":0,"k":[238.62,231.668,0],"ix":1},"s":{"a":0,"k":[1200,1200,100],"ix":6}},"ao":0,"shapes":[{"ty":"gr","it":[{"ty":"gr","it":[{"ind":0,"ty":"sh","ix":1,"ks":{"a":1,"k":[{"i":{"x":0,"y":1},"o":{"x":0.333,"y":0},"t":0,"s":[{"i":[[1.53,0.344],[5.392,0],[3.034,-0.682],[-0.074,-1.541],[-9.539,0],[-0.243,5.089]],"o":[[-3.034,-0.681],[-5.392,0],[-1.53,0.344],[0.243,5.089],[9.541,0],[0.074,-1.541]],"v":[[251.324,224.996],[238.622,223.668],[225.916,224.996],[223.625,228.402],[238.622,239.668],[253.615,228.402]],"c":true}]},{"i":{"x":0,"y":1},"o":{"x":0.333,"y":0},"t":17,"s":[{"i":[[1.53,0.344],[5.392,0],[3.034,-0.682],[-0.074,-1.541],[-9.539,0],[-0.243,5.089]],"o":[[-3.034,-0.681],[-5.392,0],[-1.53,0.344],[0.243,5.089],[9.541,0],[0.074,-1.541]],"v":[[251.324,224.996],[238.622,223.668],[225.916,224.996],[223.625,228.402],[238.622,236.335],[253.615,228.402]],"c":true}]},{"t":33,"s":[{"i":[[1.53,0.344],[5.392,0],[3.034,-0.682],[-0.074,-1.541],[-9.539,0],[-0.243,5.089]],"o":[[-3.034,-0.681],[-5.392,0],[-1.53,0.344],[0.243,5.089],[9.541,0],[0.074,-1.541]],"v":[[251.324,224.996],[238.622,223.668],[225.916,224.996],[223.625,228.402],[238.622,239.668],[253.615,228.402]],"c":true}]}],"ix":2},"nm":"Path 1","mn":"ADBE Vector Shape - Group","hd":false},{"ty":"fl","c":{"a":0,"k":[0.101960785687,0.086274512112,0.149019613862,1],"ix":4},"o":{"a":0,"k":100,"ix":5},"r":1,"bm":0,"nm":"Fill 1","mn":"ADBE Vector Graphic - Fill","hd":false},{"ty":"tr","p":{"a":0,"k":[0,0],"ix":2},"a":{"a":0,"k":[0,0],"ix":1},"s":{"a":0,"k":[100,100],"ix":3},"r":{"a":0,"k":0,"ix":6},"o":{"a":0,"k":100,"ix":7},"sk":{"a":0,"k":0,"ix":4},"sa":{"a":0,"k":0,"ix":5},"nm":"Transform"}],"nm":"Group 3","np":2,"cix":2,"bm":0,"ix":1,"mn":"ADBE Vector Group","hd":false},{"ty":"tr","p":{"a":0,"k":[0,0],"ix":2},"a":{"a":0,"k":[0,0],"ix":1},"s":{"a":0,"k":[100,100],"ix":3},"r":{"a":0,"k":0,"ix":6},"o":{"a":0,"k":100,"ix":7},"sk":{"a":0,"k":0,"ix":4},"sa":{"a":0,"k":0,"ix":5},"nm":"Transform"}],"nm":"Group 6","np":1,"cix":2,"bm":0,"ix":1,"mn":"ADBE Vector Group","hd":false}],"ip":0,"op":48,"st":0,"bm":0},{"ddd":0,"ind":10,"ty":4,"nm":"Eye_L","parent":2,"sr":1,"ks":{"o":{"a":0,"k":100,"ix":11},"r":{"a":0,"k":0,"ix":10},"p":{"a":0,"k":[144,-72,0],"ix":2},"a":{"a":0,"k":[250.62,211.668,0],"ix":1},"s":{"a":0,"k":[1200,1200,100],"ix":6}},"ao":0,"shapes":[{"ty":"gr","it":[{"ind":0,"ty":"sh","ix":1,"ks":{"a":1,"k":[{"i":{"x":0.833,"y":0.833},"o":{"x":0.333,"y":0},"t":18,"s":[{"i":[[-2.209,0],[0,-2.762],[2.209,0],[0,2.762]],"o":[[2.209,0],[0,2.762],[-2.209,0],[0,-2.762]],"v":[[250.62,206.668],[254.62,211.668],[250.62,216.668],[246.62,211.668]],"c":true}]},{"i":{"x":0,"y":1},"o":{"x":0.167,"y":0.167},"t":22,"s":[{"i":[[-2.209,0],[0,-2.762],[2.209,0],[0,2.762]],"o":[[2.209,0],[0,2.762],[-2.209,0],[0,-2.762]],"v":[[250.62,210.056],[254.62,212.346],[250.62,213.28],[246.62,212.346]],"c":true}]},{"t":30,"s":[{"i":[[-2.209,0],[0,-2.762],[2.209,0],[0,2.762]],"o":[[2.209,0],[0,2.762],[-2.209,0],[0,-2.762]],"v":[[250.62,206.668],[254.62,211.668],[250.62,216.668],[246.62,211.668]],"c":true}]}],"ix":2},"nm":"Path 1","mn":"ADBE Vector Shape - Group","hd":false},{"ty":"fl","c":{"a":0,"k":[0.101960785687,0.086274512112,0.149019613862,1],"ix":4},"o":{"a":0,"k":100,"ix":5},"r":1,"bm":0,"nm":"Fill 1","mn":"ADBE Vector Graphic - Fill","hd":false},{"ty":"tr","p":{"a":0,"k":[0,0],"ix":2},"a":{"a":0,"k":[0,0],"ix":1},"s":{"a":0,"k":[100,100],"ix":3},"r":{"a":0,"k":0,"ix":6},"o":{"a":0,"k":100,"ix":7},"sk":{"a":0,"k":0,"ix":4},"sa":{"a":0,"k":0,"ix":5},"nm":"Transform"}],"nm":"Oval","np":2,"cix":2,"bm":0,"ix":1,"mn":"ADBE Vector Group","hd":false}],"ip":0,"op":48,"st":0,"bm":0},{"ddd":0,"ind":11,"ty":4,"nm":"Eye_R","parent":2,"sr":1,"ks":{"o":{"a":0,"k":100,"ix":11},"r":{"a":0,"k":0,"ix":10},"p":{"a":0,"k":[-144,-72,0],"ix":2},"a":{"a":0,"k":[226.62,211.668,0],"ix":1},"s":{"a":0,"k":[1200,1200,100],"ix":6}},"ao":0,"shapes":[{"ty":"gr","it":[{"ind":0,"ty":"sh","ix":1,"ks":{"a":1,"k":[{"i":{"x":0.833,"y":0.833},"o":{"x":0.333,"y":0},"t":18,"s":[{"i":[[-2.209,0],[0,-2.762],[2.209,0],[0,2.762]],"o":[[2.209,0],[0,2.762],[-2.209,0],[0,-2.762]],"v":[[226.62,206.668],[230.62,211.668],[226.62,216.668],[222.62,211.668]],"c":true}]},{"i":{"x":0,"y":1},"o":{"x":0.167,"y":0.167},"t":22,"s":[{"i":[[-2.209,0],[0,-2.762],[2.209,0],[0,2.762]],"o":[[2.209,0],[0,2.762],[-2.209,0],[0,-2.762]],"v":[[226.62,210.056],[230.62,212.346],[226.62,213.28],[222.62,212.346]],"c":true}]},{"t":30,"s":[{"i":[[-2.209,0],[0,-2.762],[2.209,0],[0,2.762]],"o":[[2.209,0],[0,2.762],[-2.209,0],[0,-2.762]],"v":[[226.62,206.668],[230.62,211.668],[226.62,216.668],[222.62,211.668]],"c":true}]}],"ix":2},"nm":"Path 1","mn":"ADBE Vector Shape - Group","hd":false},{"ty":"fl","c":{"a":0,"k":[0.101960785687,0.086274512112,0.149019613862,1],"ix":4},"o":{"a":0,"k":100,"ix":5},"r":1,"bm":0,"nm":"Fill 1","mn":"ADBE Vector Graphic - Fill","hd":false},{"ty":"tr","p":{"a":0,"k":[0,0],"ix":2},"a":{"a":0,"k":[0,0],"ix":1},"s":{"a":0,"k":[100,100],"ix":3},"r":{"a":0,"k":0,"ix":6},"o":{"a":0,"k":100,"ix":7},"sk":{"a":0,"k":0,"ix":4},"sa":{"a":0,"k":0,"ix":5},"nm":"Transform"}],"nm":"Oval","np":2,"cix":2,"bm":0,"ix":1,"mn":"ADBE Vector Group","hd":false}],"ip":0,"op":48,"st":0,"bm":0},{"ddd":0,"ind":12,"ty":4,"nm":"Head 2","parent":1,"sr":1,"ks":{"o":{"a":0,"k":100,"ix":11},"r":{"a":0,"k":0,"ix":10},"p":{"a":0,"k":[0,-332,0],"ix":2},"a":{"a":0,"k":[0,0,0],"ix":1},"s":{"a":0,"k":[100,100,100],"ix":6}},"ao":0,"shapes":[{"ty":"gr","it":[{"ind":0,"ty":"sh","ix":1,"ks":{"a":0,"k":{"i":[[-198.545,0],[0,-198.543],[198.545,0],[0,198.545]],"o":[[198.545,0],[0,198.545],[-198.545,0],[0,-198.543]],"v":[[0,-359.5],[359.5,0],[0,359.5],[-359.5,0]],"c":true},"ix":2},"nm":"Path 1","mn":"ADBE Vector Shape - Group","hd":false},{"ty":"gf","o":{"a":0,"k":100,"ix":10},"r":1,"bm":0,"g":{"p":3,"k":{"a":0,"k":[0,1,0.482,0,0.4,1,0.725,0,1,1,0.969,0],"ix":9}},"s":{"a":0,"k":[6.859,367.625],"ix":5},"e":{"a":0,"k":[-4.828,-354.141],"ix":6},"t":1,"nm":"Pou2Gradient Fill 1","mn":"ADBE Vector Graphic - G-Fill","hd":false},{"ty":"tr","p":{"a":0,"k":[0,0],"ix":2},"a":{"a":0,"k":[0,0],"ix":1},"s":{"a":0,"k":[100,100],"ix":3},"r":{"a":0,"k":0,"ix":6},"o":{"a":0,"k":100,"ix":7},"sk":{"a":0,"k":0,"ix":4},"sa":{"a":0,"k":0,"ix":5},"nm":"Transform"}],"nm":"Oval","np":2,"cix":2,"bm":0,"ix":1,"mn":"ADBE Vector Group","hd":false}],"ip":0,"op":48,"st":0,"bm":0}]}],"layers":[{"ddd":0,"ind":1,"ty":0,"nm":"nerd_face","refId":"comp_0","sr":1,"ks":{"o":{"a":0,"k":100,"ix":11},"r":{"a":0,"k":0,"ix":10},"p":{"a":0,"k":[512,512,0],"ix":2},"a":{"a":0,"k":[512,512,0],"ix":1},"s":{"a":0,"k":[100,100,100],"ix":6}},"ao":0,"w":1024,"h":1024,"ip":0,"op":48,"st":0,"bm":0}],"markers":[]}