{"v":"5.6.2","fr":24,"ip":0,"op":48,"w":1024,"h":1024,"nm":"volcano","ddd":0,"assets":[{"id":"comp_0","layers":[{"ddd":0,"ind":1,"ty":3,"nm":"Master","sr":1,"ks":{"o":{"a":0,"k":100,"ix":11},"r":{"a":0,"k":0,"ix":10},"p":{"a":0,"k":[512,856,0],"ix":2},"a":{"a":0,"k":[0,0,0],"ix":1},"s":{"a":1,"k":[{"i":{"x":[0,0,0.667],"y":[1,1,1]},"o":{"x":[0.167,0.167,0.167],"y":[0.167,0.167,0]},"t":0,"s":[100,100,100]},{"i":{"x":[0.833,0.833,0.833],"y":[0.833,0.833,1]},"o":{"x":[0.333,0.333,0.333],"y":[0,0,0]},"t":7,"s":[110,90,100]},{"i":{"x":[0,0,0.667],"y":[1,1,1]},"o":{"x":[0.167,0.167,0.167],"y":[0.167,0.167,0]},"t":13,"s":[85,115,100]},{"t":38,"s":[100,100,100]}],"ix":6}},"ao":0,"ef":[{"ty":5,"nm":"Controller","np":13,"mn":"Pseudo/DUIK controller","ix":1,"en":1,"ef":[{"ty":6,"nm":"Icon","mn":"Pseudo/DUIK controller-0001","ix":1,"v":0},{"ty":2,"nm":"Color","mn":"Pseudo/DUIK controller-0002","ix":2,"v":{"a":0,"k":[0.92549020052,0.0941176489,0.0941176489,1],"ix":2}},{"ty":3,"nm":"Position","mn":"Pseudo/DUIK controller-0003","ix":3,"v":{"a":0,"k":[0,0],"ix":3}},{"ty":0,"nm":"Size","mn":"Pseudo/DUIK controller-0004","ix":4,"v":{"a":0,"k":100,"ix":4}},{"ty":0,"nm":"Orientation","mn":"Pseudo/DUIK controller-0005","ix":5,"v":{"a":0,"k":0,"ix":5}},{"ty":0,"nm":"Opacity","mn":"Pseudo/DUIK controller-0006","ix":6,"v":{"a":0,"k":100,"ix":6}},{"ty":6,"nm":"","mn":"Pseudo/DUIK controller-0007","ix":7,"v":0},{"ty":6,"nm":"Anchor","mn":"Pseudo/DUIK controller-0008","ix":8,"v":0},{"ty":2,"nm":"Color","mn":"Pseudo/DUIK controller-0009","ix":9,"v":{"a":0,"k":[0,0,0,1],"ix":9}},{"ty":0,"nm":"Size","mn":"Pseudo/DUIK controller-0010","ix":10,"v":{"a":0,"k":100,"ix":10}},{"ty":6,"nm":"","mn":"Pseudo/DUIK controller-0011","ix":11,"v":0}]}],"ip":0,"op":48,"st":0,"bm":0},{"ddd":0,"ind":2,"ty":3,"nm":"Lava 3","sr":1,"ks":{"o":{"a":0,"k":100,"ix":11},"r":{"a":0,"k":0,"ix":10},"p":{"a":0,"k":[512,512,0],"ix":2},"a":{"a":0,"k":[0,0,0],"ix":1},"s":{"a":1,"k":[{"i":{"x":[0,0,0.667],"y":[1,1,1]},"o":{"x":[0.333,0.333,0.333],"y":[0,0,0]},"t":16,"s":[0,0,100]},{"t":39,"s":[188,188,100]}],"ix":6}},"ao":0,"ef":[{"ty":5,"nm":"Controller","np":13,"mn":"Pseudo/DUIK controller","ix":1,"en":1,"ef":[{"ty":6,"nm":"Icon","mn":"Pseudo/DUIK controller-0001","ix":1,"v":0},{"ty":2,"nm":"Color","mn":"Pseudo/DUIK controller-0002","ix":2,"v":{"a":0,"k":[0.92549020052,0.0941176489,0.0941176489,1],"ix":2}},{"ty":3,"nm":"Position","mn":"Pseudo/DUIK controller-0003","ix":3,"v":{"a":0,"k":[0,0],"ix":3}},{"ty":0,"nm":"Size","mn":"Pseudo/DUIK controller-0004","ix":4,"v":{"a":0,"k":100,"ix":4}},{"ty":0,"nm":"Orientation","mn":"Pseudo/DUIK controller-0005","ix":5,"v":{"a":0,"k":0,"ix":5}},{"ty":0,"nm":"Opacity","mn":"Pseudo/DUIK controller-0006","ix":6,"v":{"a":0,"k":100,"ix":6}},{"ty":6,"nm":"","mn":"Pseudo/DUIK controller-0007","ix":7,"v":0},{"ty":6,"nm":"Anchor","mn":"Pseudo/DUIK controller-0008","ix":8,"v":0},{"ty":2,"nm":"Color","mn":"Pseudo/DUIK controller-0009","ix":9,"v":{"a":0,"k":[0,0,0,1],"ix":9}},{"ty":0,"nm":"Size","mn":"Pseudo/DUIK controller-0010","ix":10,"v":{"a":0,"k":100,"ix":10}},{"ty":6,"nm":"","mn":"Pseudo/DUIK controller-0011","ix":11,"v":0}]}],"ip":0,"op":48,"st":0,"bm":0},{"ddd":0,"ind":3,"ty":3,"nm":"Lava","sr":1,"ks":{"o":{"a":0,"k":100,"ix":11},"r":{"a":0,"k":0,"ix":10},"p":{"a":0,"k":[512,512,0],"ix":2},"a":{"a":0,"k":[0,0,0],"ix":1},"s":{"a":1,"k":[{"i":{"x":[0,0,0.667],"y":[1,1,1]},"o":{"x":[0.333,0.333,0.333],"y":[0,0,0]},"t":7,"s":[0,0,100]},{"t":39,"s":[100,100,100]}],"ix":6}},"ao":0,"ef":[{"ty":5,"nm":"Controller","np":13,"mn":"Pseudo/DUIK controller","ix":1,"en":1,"ef":[{"ty":6,"nm":"Icon","mn":"Pseudo/DUIK controller-0001","ix":1,"v":0},{"ty":2,"nm":"Color","mn":"Pseudo/DUIK controller-0002","ix":2,"v":{"a":0,"k":[0.92549020052,0.0941176489,0.0941176489,1],"ix":2}},{"ty":3,"nm":"Position","mn":"Pseudo/DUIK controller-0003","ix":3,"v":{"a":0,"k":[0,0],"ix":3}},{"ty":0,"nm":"Size","mn":"Pseudo/DUIK controller-0004","ix":4,"v":{"a":0,"k":100,"ix":4}},{"ty":0,"nm":"Orientation","mn":"Pseudo/DUIK controller-0005","ix":5,"v":{"a":0,"k":0,"ix":5}},{"ty":0,"nm":"Opacity","mn":"Pseudo/DUIK controller-0006","ix":6,"v":{"a":0,"k":100,"ix":6}},{"ty":6,"nm":"","mn":"Pseudo/DUIK controller-0007","ix":7,"v":0},{"ty":6,"nm":"Anchor","mn":"Pseudo/DUIK controller-0008","ix":8,"v":0},{"ty":2,"nm":"Color","mn":"Pseudo/DUIK controller-0009","ix":9,"v":{"a":0,"k":[0,0,0,1],"ix":9}},{"ty":0,"nm":"Size","mn":"Pseudo/DUIK controller-0010","ix":10,"v":{"a":0,"k":100,"ix":10}},{"ty":6,"nm":"","mn":"Pseudo/DUIK controller-0011","ix":11,"v":0}]}],"ip":0,"op":48,"st":0,"bm":0},{"ddd":0,"ind":4,"ty":3,"nm":"Smoke","sr":1,"ks":{"o":{"a":0,"k":100,"ix":11},"r":{"a":0,"k":0,"ix":10},"p":{"a":0,"k":[512,512,0],"ix":2},"a":{"a":0,"k":[0,0,0],"ix":1},"s":{"a":1,"k":[{"i":{"x":[0,0,0.667],"y":[1,1,1]},"o":{"x":[0.333,0.333,0.333],"y":[0,0,0]},"t":7,"s":[0,0,100]},{"t":47,"s":[100,100,100]}],"ix":6}},"ao":0,"ef":[{"ty":5,"nm":"Controller","np":13,"mn":"Pseudo/DUIK controller","ix":1,"en":1,"ef":[{"ty":6,"nm":"Icon","mn":"Pseudo/DUIK controller-0001","ix":1,"v":0},{"ty":2,"nm":"Color","mn":"Pseudo/DUIK controller-0002","ix":2,"v":{"a":0,"k":[0.92549020052,0.0941176489,0.0941176489,1],"ix":2}},{"ty":3,"nm":"Position","mn":"Pseudo/DUIK controller-0003","ix":3,"v":{"a":0,"k":[0,0],"ix":3}},{"ty":0,"nm":"Size","mn":"Pseudo/DUIK controller-0004","ix":4,"v":{"a":0,"k":100,"ix":4}},{"ty":0,"nm":"Orientation","mn":"Pseudo/DUIK controller-0005","ix":5,"v":{"a":0,"k":0,"ix":5}},{"ty":0,"nm":"Opacity","mn":"Pseudo/DUIK controller-0006","ix":6,"v":{"a":0,"k":100,"ix":6}},{"ty":6,"nm":"","mn":"Pseudo/DUIK controller-0007","ix":7,"v":0},{"ty":6,"nm":"Anchor","mn":"Pseudo/DUIK controller-0008","ix":8,"v":0},{"ty":2,"nm":"Color","mn":"Pseudo/DUIK controller-0009","ix":9,"v":{"a":0,"k":[0,0,0,1],"ix":9}},{"ty":0,"nm":"Size","mn":"Pseudo/DUIK controller-0010","ix":10,"v":{"a":0,"k":100,"ix":10}},{"ty":6,"nm":"","mn":"Pseudo/DUIK controller-0011","ix":11,"v":0}]}],"ip":0,"op":48,"st":0,"bm":0},{"ddd":0,"ind":5,"ty":4,"nm":"Layer 6 - Group 11","sr":1,"ks":{"o":{"a":1,"k":[{"i":{"x":[0.833],"y":[0.833]},"o":{"x":[0.167],"y":[0.167]},"t":10,"s":[0]},{"i":{"x":[0.833],"y":[0.833]},"o":{"x":[0.167],"y":[0.167]},"t":12,"s":[100]},{"i":{"x":[0.667],"y":[1]},"o":{"x":[0.167],"y":[0.167]},"t":32,"s":[100]},{"t":38,"s":[0]}],"ix":11},"r":{"a":0,"k":0,"ix":10},"p":{"a":1,"k":[{"i":{"x":0.667,"y":1},"o":{"x":0.167,"y":0.167},"t":10,"s":[508.238,493.508,0],"to":[12,-1.333,0],"ti":[-12,1.333,0]},{"t":38,"s":[580.238,485.508,0]}],"ix":2},"a":{"a":0,"k":[49.317,11.702,0],"ix":1},"s":{"a":0,"k":[1200,1200,100],"ix":6}},"ao":0,"shapes":[{"ty":"gr","it":[{"ind":0,"ty":"sh","ix":1,"ks":{"a":0,"k":{"i":[[0,-0.975],[0,0.975]],"o":[[0,0.975],[0,-0.975]],"v":[[50.099,11.702],[48.536,11.702]],"c":true},"ix":2},"nm":"Path 1","mn":"ADBE Vector Shape - Group","hd":false},{"ty":"fl","c":{"a":0,"k":[0.968627510819,0.290196078431,0,1],"ix":4},"o":{"a":0,"k":100,"ix":5},"r":1,"bm":0,"nm":"Fill 1","mn":"ADBE Vector Graphic - Fill","hd":false},{"ty":"tr","p":{"a":0,"k":[0,0],"ix":2},"a":{"a":0,"k":[0,0],"ix":1},"s":{"a":0,"k":[100,100],"ix":3},"r":{"a":0,"k":0,"ix":6},"o":{"a":0,"k":100,"ix":7},"sk":{"a":0,"k":0,"ix":4},"sa":{"a":0,"k":0,"ix":5},"nm":"Transform"}],"nm":"Group 11","np":2,"cix":2,"bm":0,"ix":1,"mn":"ADBE Vector Group","hd":false}],"ip":10,"op":39,"st":10,"bm":0},{"ddd":0,"ind":6,"ty":4,"nm":"Layer 6 - Group 18","sr":1,"ks":{"o":{"a":1,"k":[{"i":{"x":[0.833],"y":[0.833]},"o":{"x":[0.167],"y":[0.167]},"t":10,"s":[0]},{"i":{"x":[0.833],"y":[0.833]},"o":{"x":[0.167],"y":[0.167]},"t":12,"s":[100]},{"i":{"x":[0.667],"y":[1]},"o":{"x":[0.167],"y":[0.167]},"t":32,"s":[100]},{"t":38,"s":[0]}],"ix":11},"r":{"a":0,"k":0,"ix":10},"p":{"a":1,"k":[{"i":{"x":0.667,"y":1},"o":{"x":0.167,"y":0.167},"t":10,"s":[508.238,493.508,0],"to":[15.667,-26.667,0],"ti":[-15.667,26.667,0]},{"t":38,"s":[602.238,333.508,0]}],"ix":2},"a":{"a":0,"k":[49.317,11.702,0],"ix":1},"s":{"a":0,"k":[1200,1200,100],"ix":6}},"ao":0,"shapes":[{"ty":"gr","it":[{"ind":0,"ty":"sh","ix":1,"ks":{"a":0,"k":{"i":[[0,-0.975],[0,0.975]],"o":[[0,0.975],[0,-0.975]],"v":[[50.099,11.702],[48.536,11.702]],"c":true},"ix":2},"nm":"Path 1","mn":"ADBE Vector Shape - Group","hd":false},{"ty":"fl","c":{"a":0,"k":[0.968627510819,0.290196078431,0,1],"ix":4},"o":{"a":0,"k":100,"ix":5},"r":1,"bm":0,"nm":"Fill 1","mn":"ADBE Vector Graphic - Fill","hd":false},{"ty":"tr","p":{"a":0,"k":[0,0],"ix":2},"a":{"a":0,"k":[0,0],"ix":1},"s":{"a":0,"k":[100,100],"ix":3},"r":{"a":0,"k":0,"ix":6},"o":{"a":0,"k":100,"ix":7},"sk":{"a":0,"k":0,"ix":4},"sa":{"a":0,"k":0,"ix":5},"nm":"Transform"}],"nm":"Group 11","np":2,"cix":2,"bm":0,"ix":1,"mn":"ADBE Vector Group","hd":false}],"ip":10,"op":39,"st":10,"bm":0},{"ddd":0,"ind":7,"ty":4,"nm":"Layer 6 - Group 32","sr":1,"ks":{"o":{"a":1,"k":[{"i":{"x":[0.833],"y":[0.833]},"o":{"x":[0.167],"y":[0.167]},"t":10,"s":[0]},{"i":{"x":[0.833],"y":[0.833]},"o":{"x":[0.167],"y":[0.167]},"t":12,"s":[100]},{"i":{"x":[0.667],"y":[1]},"o":{"x":[0.167],"y":[0.167]},"t":32,"s":[100]},{"t":38,"s":[0]}],"ix":11},"r":{"a":0,"k":0,"ix":10},"p":{"a":1,"k":[{"i":{"x":0.667,"y":1},"o":{"x":0.167,"y":0.167},"t":10,"s":[508.238,493.508,0],"to":[-1.667,-37,0],"ti":[1.667,37,0]},{"t":38,"s":[498.238,271.508,0]}],"ix":2},"a":{"a":0,"k":[49.317,11.702,0],"ix":1},"s":{"a":0,"k":[1200,1200,100],"ix":6}},"ao":0,"shapes":[{"ty":"gr","it":[{"ind":0,"ty":"sh","ix":1,"ks":{"a":0,"k":{"i":[[0,-0.975],[0,0.975]],"o":[[0,0.975],[0,-0.975]],"v":[[50.099,11.702],[48.536,11.702]],"c":true},"ix":2},"nm":"Path 1","mn":"ADBE Vector Shape - Group","hd":false},{"ty":"fl","c":{"a":0,"k":[0.968627510819,0.290196078431,0,1],"ix":4},"o":{"a":0,"k":100,"ix":5},"r":1,"bm":0,"nm":"Fill 1","mn":"ADBE Vector Graphic - Fill","hd":false},{"ty":"tr","p":{"a":0,"k":[0,0],"ix":2},"a":{"a":0,"k":[0,0],"ix":1},"s":{"a":0,"k":[100,100],"ix":3},"r":{"a":0,"k":0,"ix":6},"o":{"a":0,"k":100,"ix":7},"sk":{"a":0,"k":0,"ix":4},"sa":{"a":0,"k":0,"ix":5},"nm":"Transform"}],"nm":"Group 11","np":2,"cix":2,"bm":0,"ix":1,"mn":"ADBE Vector Group","hd":false}],"ip":10,"op":39,"st":10,"bm":0},{"ddd":0,"ind":8,"ty":4,"nm":"Layer 6 - Group 46","sr":1,"ks":{"o":{"a":1,"k":[{"i":{"x":[0.833],"y":[0.833]},"o":{"x":[0.167],"y":[0.167]},"t":10,"s":[0]},{"i":{"x":[0.833],"y":[0.833]},"o":{"x":[0.167],"y":[0.167]},"t":12,"s":[100]},{"i":{"x":[0.667],"y":[1]},"o":{"x":[0.167],"y":[0.167]},"t":32,"s":[100]},{"t":38,"s":[0]}],"ix":11},"r":{"a":0,"k":0,"ix":10},"p":{"a":1,"k":[{"i":{"x":0.667,"y":1},"o":{"x":0.167,"y":0.167},"t":10,"s":[508.238,493.508,0],"to":[-24.333,-5.333,0],"ti":[24.333,5.333,0]},{"t":38,"s":[362.238,461.508,0]}],"ix":2},"a":{"a":0,"k":[49.317,11.702,0],"ix":1},"s":{"a":0,"k":[1200,1200,100],"ix":6}},"ao":0,"shapes":[{"ty":"gr","it":[{"ind":0,"ty":"sh","ix":1,"ks":{"a":0,"k":{"i":[[0,-0.975],[0,0.975]],"o":[[0,0.975],[0,-0.975]],"v":[[50.099,11.702],[48.536,11.702]],"c":true},"ix":2},"nm":"Path 1","mn":"ADBE Vector Shape - Group","hd":false},{"ty":"fl","c":{"a":0,"k":[0.968627510819,0.290196078431,0,1],"ix":4},"o":{"a":0,"k":100,"ix":5},"r":1,"bm":0,"nm":"Fill 1","mn":"ADBE Vector Graphic - Fill","hd":false},{"ty":"tr","p":{"a":0,"k":[0,0],"ix":2},"a":{"a":0,"k":[0,0],"ix":1},"s":{"a":0,"k":[100,100],"ix":3},"r":{"a":0,"k":0,"ix":6},"o":{"a":0,"k":100,"ix":7},"sk":{"a":0,"k":0,"ix":4},"sa":{"a":0,"k":0,"ix":5},"nm":"Transform"}],"nm":"Group 11","np":2,"cix":2,"bm":0,"ix":1,"mn":"ADBE Vector Group","hd":false}],"ip":10,"op":39,"st":10,"bm":0},{"ddd":0,"ind":9,"ty":4,"nm":"Layer 6 - Group 3","sr":1,"ks":{"o":{"a":1,"k":[{"i":{"x":[0.833],"y":[0.833]},"o":{"x":[0.167],"y":[0.167]},"t":10,"s":[0]},{"i":{"x":[0.833],"y":[0.833]},"o":{"x":[0.167],"y":[0.167]},"t":12,"s":[100]},{"i":{"x":[0.667],"y":[1]},"o":{"x":[0.167],"y":[0.167]},"t":32,"s":[100]},{"t":38,"s":[0]}],"ix":11},"r":{"a":0,"k":0,"ix":10},"p":{"a":1,"k":[{"i":{"x":0.667,"y":1},"o":{"x":0.167,"y":0.167},"t":10,"s":[504.207,490.789,0],"to":[5.5,-32.667,0],"ti":[-5.5,32.667,0]},{"t":38,"s":[537.207,294.789,0]}],"ix":2},"a":{"a":0,"k":[38.398,4.976,0],"ix":1},"s":{"a":0,"k":[1200,1200,100],"ix":6}},"ao":0,"shapes":[{"ty":"gr","it":[{"ind":0,"ty":"sh","ix":1,"ks":{"a":0,"k":{"i":[[0.482,-1.006],[-1.99,0.576]],"o":[[-1.629,-1.064],[2.301,1.326]],"v":[[38.796,6.915],[38.331,3.036]],"c":true},"ix":2},"nm":"Path 1","mn":"ADBE Vector Shape - Group","hd":false},{"ty":"fl","c":{"a":0,"k":[0.968627510819,0.290196078431,0,1],"ix":4},"o":{"a":0,"k":100,"ix":5},"r":1,"bm":0,"nm":"Fill 1","mn":"ADBE Vector Graphic - Fill","hd":false},{"ty":"tr","p":{"a":0,"k":[0,0],"ix":2},"a":{"a":0,"k":[0,0],"ix":1},"s":{"a":0,"k":[100,100],"ix":3},"r":{"a":0,"k":0,"ix":6},"o":{"a":0,"k":100,"ix":7},"sk":{"a":0,"k":0,"ix":4},"sa":{"a":0,"k":0,"ix":5},"nm":"Transform"}],"nm":"Group 3","np":2,"cix":2,"bm":0,"ix":1,"mn":"ADBE Vector Group","hd":false}],"ip":10,"op":39,"st":10,"bm":0},{"ddd":0,"ind":10,"ty":4,"nm":"Layer 6 - Group 26","sr":1,"ks":{"o":{"a":1,"k":[{"i":{"x":[0.833],"y":[0.833]},"o":{"x":[0.167],"y":[0.167]},"t":10,"s":[0]},{"i":{"x":[0.833],"y":[0.833]},"o":{"x":[0.167],"y":[0.167]},"t":12,"s":[100]},{"i":{"x":[0.667],"y":[1]},"o":{"x":[0.167],"y":[0.167]},"t":32,"s":[100]},{"t":38,"s":[0]}],"ix":11},"r":{"a":0,"k":0,"ix":10},"p":{"a":1,"k":[{"i":{"x":0.667,"y":1},"o":{"x":0.167,"y":0.167},"t":10,"s":[504.207,490.789,0],"to":[-9.167,-14.333,0],"ti":[9.167,14.333,0]},{"t":38,"s":[449.207,404.789,0]}],"ix":2},"a":{"a":0,"k":[38.398,4.976,0],"ix":1},"s":{"a":0,"k":[1200,1200,100],"ix":6}},"ao":0,"shapes":[{"ty":"gr","it":[{"ind":0,"ty":"sh","ix":1,"ks":{"a":0,"k":{"i":[[0.482,-1.006],[-1.99,0.576]],"o":[[-1.629,-1.064],[2.301,1.326]],"v":[[38.796,6.915],[38.331,3.036]],"c":true},"ix":2},"nm":"Path 1","mn":"ADBE Vector Shape - Group","hd":false},{"ty":"fl","c":{"a":0,"k":[0.968627510819,0.290196078431,0,1],"ix":4},"o":{"a":0,"k":100,"ix":5},"r":1,"bm":0,"nm":"Fill 1","mn":"ADBE Vector Graphic - Fill","hd":false},{"ty":"tr","p":{"a":0,"k":[0,0],"ix":2},"a":{"a":0,"k":[0,0],"ix":1},"s":{"a":0,"k":[100,100],"ix":3},"r":{"a":0,"k":0,"ix":6},"o":{"a":0,"k":100,"ix":7},"sk":{"a":0,"k":0,"ix":4},"sa":{"a":0,"k":0,"ix":5},"nm":"Transform"}],"nm":"Group 3","np":2,"cix":2,"bm":0,"ix":1,"mn":"ADBE Vector Group","hd":false}],"ip":10,"op":39,"st":10,"bm":0},{"ddd":0,"ind":11,"ty":0,"nm":"LAVA","parent":12,"td":1,"refId":"comp_1","sr":1,"ks":{"o":{"a":0,"k":100,"ix":11},"r":{"a":0,"k":0,"ix":10},"p":{"a":0,"k":[-151.536,-407.742,0],"ix":2},"a":{"a":0,"k":[512,512,0],"ix":1},"s":{"a":0,"k":[8.333,8.333,100],"ix":6}},"ao":0,"w":1024,"h":1024,"ip":0,"op":48,"st":0,"bm":0},{"ddd":0,"ind":12,"ty":4,"nm":"Lava 2","parent":13,"tt":1,"sr":1,"ks":{"o":{"a":0,"k":100,"ix":11},"r":{"a":0,"k":0,"ix":10},"p":{"a":0,"k":[-152.134,-392.144,0],"ix":2},"a":{"a":0,"k":[-152.134,-392.144,0],"ix":1},"s":{"a":0,"k":[100,100,100],"ix":6}},"ao":0,"shapes":[{"ty":"gr","it":[{"ind":0,"ty":"sh","ix":1,"ks":{"a":0,"k":{"i":[[0.559,-1.189],[-5.043,-3.657],[-4.252,0.07],[1.436,3.443]],"o":[[-1.061,2.26],[8.725,6.328],[3.9,-0.066],[-0.717,-1.721]],"v":[[-177.959,-422.423],[-189.261,-373.07],[-114.097,-368.448],[-118.203,-419.698]],"c":true},"ix":2},"nm":"Path 1","mn":"ADBE Vector Shape - Group","hd":false},{"ty":"gf","o":{"a":0,"k":100,"ix":10},"r":1,"bm":0,"g":{"p":3,"k":{"a":0,"k":[0,1,0.882,0.173,0.673,0.984,0.586,0.086,1,0.969,0.29,0],"ix":9}},"s":{"a":0,"k":[-146.351,-396.074],"ix":5},"e":{"a":0,"k":[-144.292,-411.059],"ix":6},"t":2,"h":{"a":0,"k":0,"ix":7},"a":{"a":0,"k":0,"ix":8},"nm":"volcanol2g","mn":"ADBE Vector Graphic - G-Fill","hd":false},{"ty":"tr","p":{"a":0,"k":[0,0],"ix":2},"a":{"a":0,"k":[0,0],"ix":1},"s":{"a":0,"k":[100,100],"ix":3},"r":{"a":0,"k":0,"ix":6},"o":{"a":0,"k":100,"ix":7},"sk":{"a":0,"k":0,"ix":4},"sa":{"a":0,"k":0,"ix":5},"nm":"Transform"}],"nm":"Group 1","np":2,"cix":2,"bm":0,"ix":1,"mn":"ADBE Vector Group","hd":false}],"ip":0,"op":48,"st":0,"bm":0},{"ddd":0,"ind":13,"ty":4,"nm":"Mountain","parent":1,"sr":1,"ks":{"o":{"a":0,"k":100,"ix":11},"r":{"a":0,"k":0,"ix":10},"p":{"a":0,"k":[-7.177,-156.827,0],"ix":2},"a":{"a":0,"k":[-152.134,-392.144,0],"ix":1},"s":{"a":0,"k":[1200,1200,100],"ix":6}},"ao":0,"shapes":[{"ty":"gr","it":[{"ind":0,"ty":"sh","ix":1,"ks":{"a":0,"k":{"i":[[-2.5,1.92],[0,0],[0,0]],"o":[[-6,2.213],[0,0],[0,0]],"v":[[-164.208,-383.614],[-174.012,-378.792],[-167.97,-379.267]],"c":true},"ix":2},"nm":"Path 1","mn":"ADBE Vector Shape - Group","hd":false},{"ty":"fl","c":{"a":0,"k":[0.270588248968,0.20000000298,0.172549024224,1],"ix":4},"o":{"a":0,"k":100,"ix":5},"r":1,"bm":0,"nm":"Fill 1","mn":"ADBE Vector Graphic - Fill","hd":false},{"ty":"tr","p":{"a":0,"k":[0,0],"ix":2},"a":{"a":0,"k":[0,0],"ix":1},"s":{"a":0,"k":[100,100],"ix":3},"r":{"a":0,"k":0,"ix":6},"o":{"a":0,"k":100,"ix":7},"sk":{"a":0,"k":0,"ix":4},"sa":{"a":0,"k":0,"ix":5},"nm":"Transform"}],"nm":"Group 2","np":2,"cix":2,"bm":0,"ix":1,"mn":"ADBE Vector Group","hd":false},{"ty":"gr","it":[{"ind":0,"ty":"sh","ix":1,"ks":{"a":0,"k":{"i":[[0,0],[0,0],[0,0],[0,0],[0,0],[0,0]],"o":[[0,0],[0,0],[0,0],[0,0],[0,0],[0,0]],"v":[[-161.638,-394.985],[-163.773,-390.63],[-178.642,-381.101],[-161.972,-388.064],[-160.583,-394.233],[-154.159,-403.528]],"c":true},"ix":2},"nm":"Path 1","mn":"ADBE Vector Shape - Group","hd":false},{"ty":"fl","c":{"a":0,"k":[0.270588248968,0.20000000298,0.172549024224,1],"ix":4},"o":{"a":0,"k":100,"ix":5},"r":1,"bm":0,"nm":"Fill 1","mn":"ADBE Vector Graphic - Fill","hd":false},{"ty":"tr","p":{"a":0,"k":[0,0],"ix":2},"a":{"a":0,"k":[0,0],"ix":1},"s":{"a":0,"k":[100,100],"ix":3},"r":{"a":0,"k":0,"ix":6},"o":{"a":0,"k":100,"ix":7},"sk":{"a":0,"k":0,"ix":4},"sa":{"a":0,"k":0,"ix":5},"nm":"Transform"}],"nm":"Group 3","np":2,"cix":2,"bm":0,"ix":2,"mn":"ADBE Vector Group","hd":false},{"ty":"gr","it":[{"ind":0,"ty":"sh","ix":1,"ks":{"a":0,"k":{"i":[[0,0],[0,0],[0,0],[0,0],[0,0],[0,0],[0,0],[0,0],[0,0],[0,0],[0,0],[0,0],[0,0],[0,0],[0,0],[0,0],[-6.918,-0.344],[7.117,10.1],[4.959,7.35]],"o":[[0,0],[0,0],[0,0],[0,0],[0,0],[0,0],[0,0],[0,0],[0,0],[0,0],[0,0],[0,0],[0,0],[0,0],[0,0],[0,0],[0,-2.889],[-5,-2.393],[0,0]],"v":[[-152.649,-406.216],[-152.073,-399.78],[-154.185,-397.358],[-155.349,-393.081],[-161.315,-385.903],[-151.472,-393.347],[-155.284,-387.628],[-153.567,-381.745],[-159.474,-383.852],[-153.374,-375.78],[-143.374,-377.604],[-146.54,-386.946],[-134.29,-380.196],[-142.304,-389.173],[-144.401,-397.146],[-133.036,-388.011],[-122.134,-379.944],[-130.856,-391.511],[-144.067,-406.216]],"c":true},"ix":2},"nm":"Path 1","mn":"ADBE Vector Shape - Group","hd":false},{"ty":"fl","c":{"a":0,"k":[0.270588248968,0.20000000298,0.172549024224,1],"ix":4},"o":{"a":0,"k":100,"ix":5},"r":1,"bm":0,"nm":"Fill 1","mn":"ADBE Vector Graphic - Fill","hd":false},{"ty":"tr","p":{"a":0,"k":[0,0],"ix":2},"a":{"a":0,"k":[0,0],"ix":1},"s":{"a":0,"k":[100,100],"ix":3},"r":{"a":0,"k":0,"ix":6},"o":{"a":0,"k":100,"ix":7},"sk":{"a":0,"k":0,"ix":4},"sa":{"a":0,"k":0,"ix":5},"nm":"Transform"}],"nm":"Group 4","np":2,"cix":2,"bm":0,"ix":3,"mn":"ADBE Vector Group","hd":false},{"ty":"gr","it":[{"ind":0,"ty":"sh","ix":1,"ks":{"a":0,"k":{"i":[[0,0.832],[-0.891,3.658],[-1.043,3.396],[0,0],[0,0],[0,0],[0,0],[0,0],[2.208,1.896],[0,0]],"o":[[0,-2.324],[4.357,-1.705],[5.184,-3.811],[0,0],[0,0],[-8.074,2.703],[0,0],[0,0],[0,0],[0,0]],"v":[[-182.134,-379.944],[-175.056,-386.86],[-168.04,-395.712],[-157.722,-406.216],[-148.067,-406.216],[-122.134,-379.944],[-143.374,-377.604],[-153.374,-375.78],[-167.97,-379.267],[-174.012,-378.792]],"c":true},"ix":2},"nm":"Path 1","mn":"ADBE Vector Shape - Group","hd":false},{"ty":"gf","o":{"a":0,"k":100,"ix":10},"r":1,"bm":0,"g":{"p":3,"k":{"a":0,"k":[0,0.569,0.412,0.345,0.648,0.429,0.298,0.243,1,0.29,0.184,0.141],"ix":9}},"s":{"a":0,"k":[-183,-391],"ix":5},"e":{"a":0,"k":[-123,-391],"ix":6},"t":1,"nm":"volcanomoung","mn":"ADBE Vector Graphic - G-Fill","hd":false},{"ty":"tr","p":{"a":0,"k":[0,0],"ix":2},"a":{"a":0,"k":[0,0],"ix":1},"s":{"a":0,"k":[100,100],"ix":3},"r":{"a":0,"k":0,"ix":6},"o":{"a":0,"k":100,"ix":7},"sk":{"a":0,"k":0,"ix":4},"sa":{"a":0,"k":0,"ix":5},"nm":"Transform"}],"nm":"Group 5","np":2,"cix":2,"bm":0,"ix":4,"mn":"ADBE Vector Group","hd":false}],"ip":0,"op":48,"st":0,"bm":0},{"ddd":0,"ind":14,"ty":4,"nm":"Layer 30","parent":4,"sr":1,"ks":{"o":{"a":1,"k":[{"i":{"x":[0.833],"y":[0.833]},"o":{"x":[0.167],"y":[0.167]},"t":43,"s":[100]},{"t":48,"s":[0]}],"ix":11},"r":{"a":0,"k":0,"ix":10},"p":{"a":0,"k":[97.612,-252.035,0],"ix":2},"a":{"a":0,"k":[-143.401,-428.745,0],"ix":1},"s":{"a":0,"k":[1200,1200,100],"ix":6}},"ao":0,"shapes":[{"ty":"gr","it":[{"ind":0,"ty":"sh","ix":1,"ks":{"a":0,"k":{"i":[[0,-7.875],[0,7.875]],"o":[[0,7.875],[0,-7.875]],"v":[[-149.327,-428.745],[-137.476,-428.745]],"c":true},"ix":2},"nm":"Path 1","mn":"ADBE Vector Shape - Group","hd":false},{"ty":"gf","o":{"a":0,"k":100,"ix":10},"r":1,"bm":0,"g":{"p":3,"k":{"a":0,"k":[0.424,1,1,1,0.819,1,1,1,1,1,1,1,0.424,1,0.819,0.5,1,0],"ix":9}},"s":{"a":0,"k":[-143.669,-428.616],"ix":5},"e":{"a":0,"k":[-142.849,-434.52],"ix":6},"t":2,"h":{"a":0,"k":0,"ix":7},"a":{"a":0,"k":0,"ix":8},"nm":"volcano30g","mn":"ADBE Vector Graphic - G-Fill","hd":false},{"ty":"tr","p":{"a":0,"k":[0,0],"ix":2},"a":{"a":0,"k":[0,0],"ix":1},"s":{"a":0,"k":[100,100],"ix":3},"r":{"a":0,"k":0,"ix":6},"o":{"a":0,"k":100,"ix":7},"sk":{"a":0,"k":0,"ix":4},"sa":{"a":0,"k":0,"ix":5},"nm":"Transform"}],"nm":"Group 1","np":2,"cix":2,"bm":0,"ix":1,"mn":"ADBE Vector Group","hd":false}],"ip":0,"op":48,"st":0,"bm":0},{"ddd":0,"ind":15,"ty":4,"nm":"Layer 29","parent":4,"sr":1,"ks":{"o":{"a":1,"k":[{"i":{"x":[0.833],"y":[0.833]},"o":{"x":[0.167],"y":[0.167]},"t":43,"s":[100]},{"t":48,"s":[0]}],"ix":11},"r":{"a":0,"k":0,"ix":10},"p":{"a":0,"k":[112.494,-173.707,0],"ix":2},"a":{"a":0,"k":[-142.161,-422.218,0],"ix":1},"s":{"a":0,"k":[1200,1200,100],"ix":6}},"ao":0,"shapes":[{"ty":"gr","it":[{"ind":0,"ty":"sh","ix":1,"ks":{"a":0,"k":{"i":[[0,-7.875],[0,7.875]],"o":[[0,7.875],[0,-7.875]],"v":[[-148.087,-422.218],[-136.235,-422.218]],"c":true},"ix":2},"nm":"Path 1","mn":"ADBE Vector Shape - Group","hd":false},{"ty":"gf","o":{"a":0,"k":100,"ix":10},"r":1,"bm":0,"g":{"p":3,"k":{"a":0,"k":[0.424,1,1,1,0.819,1,1,1,1,1,1,1,0.424,1,0.819,0.5,1,0],"ix":9}},"s":{"a":0,"k":[-142.006,-421.559],"ix":5},"e":{"a":0,"k":[-142.287,-428.238],"ix":6},"t":2,"h":{"a":0,"k":0,"ix":7},"a":{"a":0,"k":0,"ix":8},"nm":"volcano29g","mn":"ADBE Vector Graphic - G-Fill","hd":false},{"ty":"tr","p":{"a":0,"k":[0,0],"ix":2},"a":{"a":0,"k":[0,0],"ix":1},"s":{"a":0,"k":[100,100],"ix":3},"r":{"a":0,"k":0,"ix":6},"o":{"a":0,"k":100,"ix":7},"sk":{"a":0,"k":0,"ix":4},"sa":{"a":0,"k":0,"ix":5},"nm":"Transform"}],"nm":"Group 1","np":2,"cix":2,"bm":0,"ix":1,"mn":"ADBE Vector Group","hd":false}],"ip":0,"op":48,"st":0,"bm":0},{"ddd":0,"ind":16,"ty":4,"nm":"Layer 28","parent":4,"sr":1,"ks":{"o":{"a":1,"k":[{"i":{"x":[0.833],"y":[0.833]},"o":{"x":[0.167],"y":[0.167]},"t":43,"s":[100]},{"t":48,"s":[0]}],"ix":11},"r":{"a":0,"k":0,"ix":10},"p":{"a":0,"k":[-7.177,-171.081,0],"ix":2},"a":{"a":0,"k":[-152.134,-421.999,0],"ix":1},"s":{"a":0,"k":[1200,1200,100],"ix":6}},"ao":0,"shapes":[{"ty":"gr","it":[{"ind":0,"ty":"sh","ix":1,"ks":{"a":0,"k":{"i":[[0,-7.875],[0,7.875]],"o":[[0,7.875],[0,-7.875]],"v":[[-144.728,-421.999],[-159.54,-421.999]],"c":true},"ix":2},"nm":"Path 1","mn":"ADBE Vector Shape - Group","hd":false},{"ty":"gf","o":{"a":0,"k":100,"ix":10},"r":1,"bm":0,"g":{"p":3,"k":{"a":0,"k":[0.424,1,1,1,0.819,1,1,1,1,1,1,1,0.424,1,0.819,0.5,1,0],"ix":9}},"s":{"a":0,"k":[-152.223,-422.351],"ix":5},"e":{"a":0,"k":[-148.094,-427.786],"ix":6},"t":2,"h":{"a":0,"k":0,"ix":7},"a":{"a":0,"k":0,"ix":8},"nm":"volcano28g","mn":"ADBE Vector Graphic - G-Fill","hd":false},{"ty":"tr","p":{"a":0,"k":[0,0],"ix":2},"a":{"a":0,"k":[0,0],"ix":1},"s":{"a":0,"k":[100,100],"ix":3},"r":{"a":0,"k":0,"ix":6},"o":{"a":0,"k":100,"ix":7},"sk":{"a":0,"k":0,"ix":4},"sa":{"a":0,"k":0,"ix":5},"nm":"Transform"}],"nm":"Group 1","np":2,"cix":2,"bm":0,"ix":1,"mn":"ADBE Vector Group","hd":false}],"ip":0,"op":48,"st":0,"bm":0},{"ddd":0,"ind":17,"ty":4,"nm":"Layer 27","parent":4,"sr":1,"ks":{"o":{"a":1,"k":[{"i":{"x":[0.833],"y":[0.833]},"o":{"x":[0.167],"y":[0.167]},"t":43,"s":[100]},{"t":48,"s":[0]}],"ix":11},"r":{"a":0,"k":0,"ix":10},"p":{"a":0,"k":[-126.838,-173.707,0],"ix":2},"a":{"a":0,"k":[-162.106,-422.218,0],"ix":1},"s":{"a":0,"k":[1200,1200,100],"ix":6}},"ao":0,"shapes":[{"ty":"gr","it":[{"ind":0,"ty":"sh","ix":1,"ks":{"a":0,"k":{"i":[[0,-7.875],[0,7.875]],"o":[[0,7.875],[0,-7.875]],"v":[[-156.181,-422.218],[-168.03,-422.218]],"c":true},"ix":2},"nm":"Path 1","mn":"ADBE Vector Shape - Group","hd":false},{"ty":"gf","o":{"a":0,"k":100,"ix":10},"r":1,"bm":0,"g":{"p":3,"k":{"a":0,"k":[0.424,1,1,1,0.819,1,1,1,1,1,1,1,0.424,1,0.819,0.5,1,0],"ix":9}},"s":{"a":0,"k":[-162.376,-422.189],"ix":5},"e":{"a":0,"k":[-158.467,-427.945],"ix":6},"t":2,"h":{"a":0,"k":0,"ix":7},"a":{"a":0,"k":0,"ix":8},"nm":"volcano27g","mn":"ADBE Vector Graphic - G-Fill","hd":false},{"ty":"tr","p":{"a":0,"k":[0,0],"ix":2},"a":{"a":0,"k":[0,0],"ix":1},"s":{"a":0,"k":[100,100],"ix":3},"r":{"a":0,"k":0,"ix":6},"o":{"a":0,"k":100,"ix":7},"sk":{"a":0,"k":0,"ix":4},"sa":{"a":0,"k":0,"ix":5},"nm":"Transform"}],"nm":"Group 1","np":2,"cix":2,"bm":0,"ix":1,"mn":"ADBE Vector Group","hd":false}],"ip":0,"op":48,"st":0,"bm":0},{"ddd":0,"ind":18,"ty":4,"nm":"Layer 37","parent":2,"sr":1,"ks":{"o":{"a":1,"k":[{"i":{"x":[0.833],"y":[0.833]},"o":{"x":[0.167],"y":[0.167]},"t":35,"s":[100]},{"t":46,"s":[0]}],"ix":11},"r":{"a":0,"k":0,"ix":10},"p":{"a":0,"k":[191.826,-72.187,0],"ix":2},"a":{"a":0,"k":[-135.55,-413.758,0],"ix":1},"s":{"a":0,"k":[275,275,100],"ix":6}},"ao":0,"shapes":[{"ty":"gr","it":[{"ind":0,"ty":"sh","ix":1,"ks":{"a":0,"k":{"i":[[1.25,-1.793],[-2.221,2.316]],"o":[[-1.994,2.85],[2.221,-2.33]],"v":[[-131.712,-415.714],[-139.148,-412.077]],"c":true},"ix":2},"nm":"Path 1","mn":"ADBE Vector Shape - Group","hd":false},{"ty":"gf","o":{"a":0,"k":100,"ix":10},"r":1,"bm":0,"g":{"p":3,"k":{"a":0,"k":[0,0.969,0.29,0,0.636,0.984,0.586,0.086,1,1,0.882,0.173],"ix":9}},"s":{"a":0,"k":[-136,-412],"ix":5},"e":{"a":0,"k":[-136,-416.982],"ix":6},"t":1,"nm":"volcano37g","mn":"ADBE Vector Graphic - G-Fill","hd":false},{"ty":"tr","p":{"a":0,"k":[-2.615,0],"ix":2},"a":{"a":0,"k":[0,0],"ix":1},"s":{"a":0,"k":[100,100],"ix":3},"r":{"a":0,"k":0,"ix":6},"o":{"a":0,"k":100,"ix":7},"sk":{"a":0,"k":0,"ix":4},"sa":{"a":0,"k":0,"ix":5},"nm":"Transform"}],"nm":"Group 1","np":2,"cix":2,"bm":0,"ix":1,"mn":"ADBE Vector Group","hd":false}],"ip":0,"op":48,"st":0,"bm":0},{"ddd":0,"ind":19,"ty":4,"nm":"Layer 36","parent":2,"sr":1,"ks":{"o":{"a":1,"k":[{"i":{"x":[0.833],"y":[0.833]},"o":{"x":[0.167],"y":[0.167]},"t":35,"s":[100]},{"t":46,"s":[0]}],"ix":11},"r":{"a":0,"k":0,"ix":10},"p":{"a":0,"k":[137.405,-120.348,0],"ix":2},"a":{"a":0,"k":[-140.085,-417.771,0],"ix":1},"s":{"a":0,"k":[275,275,100],"ix":6}},"ao":0,"shapes":[{"ty":"gr","it":[{"ind":0,"ty":"sh","ix":1,"ks":{"a":0,"k":{"i":[[2.637,-1.064],[0.637,-3.842]],"o":[[-2.643,1.061],[-0.686,4.098]],"v":[[-135.923,-425.427],[-144.599,-410.63]],"c":true},"ix":2},"nm":"Path 1","mn":"ADBE Vector Shape - Group","hd":false},{"ty":"gf","o":{"a":0,"k":100,"ix":10},"r":1,"bm":0,"g":{"p":3,"k":{"a":0,"k":[0,0.969,0.29,0,0.636,0.984,0.586,0.086,1,1,0.882,0.173],"ix":9}},"s":{"a":0,"k":[-141,-411],"ix":5},"e":{"a":0,"k":[-141,-426.393],"ix":6},"t":1,"nm":"volcano36g","mn":"ADBE Vector Graphic - G-Fill","hd":false},{"ty":"tr","p":{"a":0,"k":[0,0],"ix":2},"a":{"a":0,"k":[0,0],"ix":1},"s":{"a":0,"k":[100,100],"ix":3},"r":{"a":0,"k":0,"ix":6},"o":{"a":0,"k":100,"ix":7},"sk":{"a":0,"k":0,"ix":4},"sa":{"a":0,"k":0,"ix":5},"nm":"Transform"}],"nm":"Group 1","np":2,"cix":2,"bm":0,"ix":1,"mn":"ADBE Vector Group","hd":false}],"ip":0,"op":48,"st":0,"bm":0},{"ddd":0,"ind":20,"ty":4,"nm":"Layer 35","parent":2,"sr":1,"ks":{"o":{"a":1,"k":[{"i":{"x":[0.833],"y":[0.833]},"o":{"x":[0.167],"y":[0.167]},"t":35,"s":[100]},{"t":46,"s":[0]}],"ix":11},"r":{"a":0,"k":0,"ix":10},"p":{"a":0,"k":[47.602,-179.031,0],"ix":2},"a":{"a":0,"k":[-147.569,-422.661,0],"ix":1},"s":{"a":0,"k":[275,275,100],"ix":6}},"ao":0,"shapes":[{"ty":"gr","it":[{"ind":0,"ty":"sh","ix":1,"ks":{"a":0,"k":{"i":[[2.119,-2.06],[-1.055,-4.018]],"o":[[-2.127,2.061],[1.121,4.281]],"v":[[-146.702,-431.784],[-148.739,-413.923]],"c":true},"ix":2},"nm":"Path 1","mn":"ADBE Vector Shape - Group","hd":false},{"ty":"gf","o":{"a":0,"k":100,"ix":10},"r":1,"bm":0,"g":{"p":3,"k":{"a":0,"k":[0,0.969,0.29,0,0.636,0.984,0.586,0.086,1,1,0.882,0.173],"ix":9}},"s":{"a":0,"k":[-148,-414],"ix":5},"e":{"a":0,"k":[-148,-432.495],"ix":6},"t":1,"nm":"volcano35g","mn":"ADBE Vector Graphic - G-Fill","hd":false},{"ty":"tr","p":{"a":0,"k":[0,0],"ix":2},"a":{"a":0,"k":[0,0],"ix":1},"s":{"a":0,"k":[100,100],"ix":3},"r":{"a":0,"k":0,"ix":6},"o":{"a":0,"k":100,"ix":7},"sk":{"a":0,"k":0,"ix":4},"sa":{"a":0,"k":0,"ix":5},"nm":"Transform"}],"nm":"Group 1","np":2,"cix":2,"bm":0,"ix":1,"mn":"ADBE Vector Group","hd":false}],"ip":0,"op":48,"st":0,"bm":0},{"ddd":0,"ind":21,"ty":4,"nm":"Layer 34","parent":2,"sr":1,"ks":{"o":{"a":1,"k":[{"i":{"x":[0.833],"y":[0.833]},"o":{"x":[0.167],"y":[0.167]},"t":35,"s":[100]},{"t":46,"s":[0]}],"ix":11},"r":{"a":0,"k":0,"ix":10},"p":{"a":0,"k":[-139.736,-124.534,0],"ix":2},"a":{"a":0,"k":[-163.18,-418.12,0],"ix":1},"s":{"a":0,"k":[275,275,100],"ix":6}},"ao":0,"shapes":[{"ty":"gr","it":[{"ind":0,"ty":"sh","ix":1,"ks":{"a":0,"k":{"i":[[2.76,5.279],[0.205,-5.672]],"o":[[-2.764,-5.277],[-0.158,4.469]],"v":[[-157.753,-411.487],[-168.964,-424.565]],"c":true},"ix":2},"nm":"Path 1","mn":"ADBE Vector Shape - Group","hd":false},{"ty":"gf","o":{"a":0,"k":100,"ix":10},"r":1,"bm":0,"g":{"p":3,"k":{"a":0,"k":[0,0.969,0.29,0,0.636,0.984,0.586,0.086,1,1,0.882,0.173],"ix":9}},"s":{"a":0,"k":[-164,-411],"ix":5},"e":{"a":0,"k":[-164,-426.625],"ix":6},"t":1,"nm":"volcano34g","mn":"ADBE Vector Graphic - G-Fill","hd":false},{"ty":"tr","p":{"a":0,"k":[0,0],"ix":2},"a":{"a":0,"k":[0,0],"ix":1},"s":{"a":0,"k":[100,100],"ix":3},"r":{"a":0,"k":0,"ix":6},"o":{"a":0,"k":100,"ix":7},"sk":{"a":0,"k":0,"ix":4},"sa":{"a":0,"k":0,"ix":5},"nm":"Transform"}],"nm":"Group 1","np":2,"cix":2,"bm":0,"ix":1,"mn":"ADBE Vector Group","hd":false}],"ip":0,"op":48,"st":0,"bm":0},{"ddd":0,"ind":22,"ty":4,"nm":"Layer 33","parent":2,"sr":1,"ks":{"o":{"a":1,"k":[{"i":{"x":[0.833],"y":[0.833]},"o":{"x":[0.167],"y":[0.167]},"t":35,"s":[100]},{"t":46,"s":[0]}],"ix":11},"r":{"a":0,"k":0,"ix":10},"p":{"a":0,"k":[-94.28,-176.309,0],"ix":2},"a":{"a":0,"k":[-159.392,-422.435,0],"ix":1},"s":{"a":0,"k":[275,275,100],"ix":6}},"ao":0,"shapes":[{"ty":"gr","it":[{"ind":0,"ty":"sh","ix":1,"ks":{"a":0,"k":{"i":[[0.5,-3.621],[-3.252,-4.504]],"o":[[-0.502,3.621],[3.463,4.81]],"v":[[-164.185,-434.216],[-155.2,-410.862]],"c":true},"ix":2},"nm":"Path 1","mn":"ADBE Vector Shape - Group","hd":false},{"ty":"gf","o":{"a":0,"k":100,"ix":10},"r":1,"bm":0,"g":{"p":3,"k":{"a":0,"k":[0,0.969,0.29,0,0.636,0.984,0.586,0.086,1,1,0.882,0.173],"ix":9}},"s":{"a":0,"k":[-160,-411],"ix":5},"e":{"a":0,"k":[-160,-435.139],"ix":6},"t":1,"nm":"volcano33g","mn":"ADBE Vector Graphic - G-Fill","hd":false},{"ty":"tr","p":{"a":0,"k":[0,0],"ix":2},"a":{"a":0,"k":[0,0],"ix":1},"s":{"a":0,"k":[100,100],"ix":3},"r":{"a":0,"k":0,"ix":6},"o":{"a":0,"k":100,"ix":7},"sk":{"a":0,"k":0,"ix":4},"sa":{"a":0,"k":0,"ix":5},"nm":"Transform"}],"nm":"Group 1","np":2,"cix":2,"bm":0,"ix":1,"mn":"ADBE Vector Group","hd":false}],"ip":0,"op":48,"st":0,"bm":0},{"ddd":0,"ind":23,"ty":4,"nm":"Layer 32","parent":2,"sr":1,"ks":{"o":{"a":1,"k":[{"i":{"x":[0.833],"y":[0.833]},"o":{"x":[0.167],"y":[0.167]},"t":35,"s":[100]},{"t":46,"s":[0]}],"ix":11},"r":{"a":0,"k":0,"ix":10},"p":{"a":0,"k":[-15.8,-169.204,0],"ix":2},"a":{"a":0,"k":[-152.852,-421.843,0],"ix":1},"s":{"a":0,"k":[275,275,100],"ix":6}},"ao":0,"shapes":[{"ty":"gr","it":[{"ind":0,"ty":"sh","ix":1,"ks":{"a":0,"k":{"i":[[1.668,-3.254],[-1.578,-5.326]],"o":[[-1.67,3.252],[1.682,5.682]],"v":[[-153.251,-434.56],[-152.483,-409.548]],"c":true},"ix":2},"nm":"Path 1","mn":"ADBE Vector Shape - Group","hd":false},{"ty":"gf","o":{"a":0,"k":100,"ix":10},"r":1,"bm":0,"g":{"p":3,"k":{"a":0,"k":[0,0.969,0.29,0,0.636,0.984,0.586,0.086,1,1,0.882,0.173],"ix":9}},"s":{"a":0,"k":[-153,-409],"ix":5},"e":{"a":0,"k":[-153,-434.875],"ix":6},"t":1,"nm":"volcano32g","mn":"ADBE Vector Graphic - G-Fill","hd":false},{"ty":"tr","p":{"a":0,"k":[0,0],"ix":2},"a":{"a":0,"k":[0,0],"ix":1},"s":{"a":0,"k":[100,100],"ix":3},"r":{"a":0,"k":0,"ix":6},"o":{"a":0,"k":100,"ix":7},"sk":{"a":0,"k":0,"ix":4},"sa":{"a":0,"k":0,"ix":5},"nm":"Transform"}],"nm":"Group 1","np":2,"cix":2,"bm":0,"ix":1,"mn":"ADBE Vector Group","hd":false}],"ip":0,"op":48,"st":0,"bm":0},{"ddd":0,"ind":24,"ty":4,"nm":"Layer 31","parent":2,"sr":1,"ks":{"o":{"a":1,"k":[{"i":{"x":[0.833],"y":[0.833]},"o":{"x":[0.167],"y":[0.167]},"t":35,"s":[100]},{"t":46,"s":[0]}],"ix":11},"r":{"a":0,"k":0,"ix":10},"p":{"a":0,"k":[-165.753,-42.284,0],"ix":2},"a":{"a":0,"k":[-165.348,-411.266,0],"ix":1},"s":{"a":0,"k":[275,275,100],"ix":6}},"ao":0,"shapes":[{"ty":"gr","it":[{"ind":0,"ty":"sh","ix":1,"ks":{"a":0,"k":{"i":[[-2.033,-1.748],[3.35,2.076]],"o":[[3.242,2.779],[-3.35,-2.092]],"v":[[-170.509,-412.435],[-160.556,-410.382]],"c":true},"ix":2},"nm":"Path 1","mn":"ADBE Vector Shape - Group","hd":false},{"ty":"gf","o":{"a":0,"k":100,"ix":10},"r":1,"bm":0,"g":{"p":3,"k":{"a":0,"k":[0,0.969,0.29,0,0.636,0.984,0.586,0.086,1,1,0.882,0.173],"ix":9}},"s":{"a":0,"k":[-166,-410],"ix":5},"e":{"a":0,"k":[-166,-413.785],"ix":6},"t":1,"nm":"volcano31g","mn":"ADBE Vector Graphic - G-Fill","hd":false},{"ty":"tr","p":{"a":0,"k":[0,0],"ix":2},"a":{"a":0,"k":[0,0],"ix":1},"s":{"a":0,"k":[100,100],"ix":3},"r":{"a":0,"k":0,"ix":6},"o":{"a":0,"k":100,"ix":7},"sk":{"a":0,"k":0,"ix":4},"sa":{"a":0,"k":0,"ix":5},"nm":"Transform"}],"nm":"Group 1","np":2,"cix":2,"bm":0,"ix":1,"mn":"ADBE Vector Group","hd":false}],"ip":0,"op":48,"st":0,"bm":0},{"ddd":0,"ind":25,"ty":4,"nm":"Layer 26","parent":3,"sr":1,"ks":{"o":{"a":1,"k":[{"i":{"x":[0.833],"y":[0.833]},"o":{"x":[0.167],"y":[0.167]},"t":33,"s":[100]},{"t":44,"s":[0]}],"ix":11},"r":{"a":0,"k":0,"ix":10},"p":{"a":0,"k":[191.826,-72.187,0],"ix":2},"a":{"a":0,"k":[-135.55,-413.758,0],"ix":1},"s":{"a":0,"k":[1200,1200,100],"ix":6}},"ao":0,"shapes":[{"ty":"gr","it":[{"ind":0,"ty":"sh","ix":1,"ks":{"a":0,"k":{"i":[[1.25,-1.793],[-2.221,2.316]],"o":[[-1.994,2.85],[2.221,-2.33]],"v":[[-131.712,-415.714],[-139.148,-412.077]],"c":true},"ix":2},"nm":"Path 1","mn":"ADBE Vector Shape - Group","hd":false},{"ty":"gf","o":{"a":0,"k":100,"ix":10},"r":1,"bm":0,"g":{"p":3,"k":{"a":0,"k":[0,0.969,0.29,0,0.636,0.984,0.586,0.086,1,1,0.882,0.173],"ix":9}},"s":{"a":0,"k":[-136,-412],"ix":5},"e":{"a":0,"k":[-136,-416.982],"ix":6},"t":1,"nm":"volcano26g","mn":"ADBE Vector Graphic - G-Fill","hd":false},{"ty":"tr","p":{"a":0,"k":[0,0],"ix":2},"a":{"a":0,"k":[0,0],"ix":1},"s":{"a":0,"k":[100,100],"ix":3},"r":{"a":0,"k":0,"ix":6},"o":{"a":0,"k":100,"ix":7},"sk":{"a":0,"k":0,"ix":4},"sa":{"a":0,"k":0,"ix":5},"nm":"Transform"}],"nm":"Group 1","np":2,"cix":2,"bm":0,"ix":1,"mn":"ADBE Vector Group","hd":false}],"ip":0,"op":48,"st":0,"bm":0},{"ddd":0,"ind":26,"ty":4,"nm":"Layer 25","parent":3,"sr":1,"ks":{"o":{"a":1,"k":[{"i":{"x":[0.833],"y":[0.833]},"o":{"x":[0.167],"y":[0.167]},"t":33,"s":[100]},{"t":44,"s":[0]}],"ix":11},"r":{"a":0,"k":0,"ix":10},"p":{"a":0,"k":[137.405,-120.348,0],"ix":2},"a":{"a":0,"k":[-140.085,-417.771,0],"ix":1},"s":{"a":0,"k":[1200,1200,100],"ix":6}},"ao":0,"shapes":[{"ty":"gr","it":[{"ind":0,"ty":"sh","ix":1,"ks":{"a":0,"k":{"i":[[2.637,-1.064],[0.637,-3.842]],"o":[[-2.643,1.061],[-0.686,4.098]],"v":[[-135.923,-425.427],[-144.599,-410.63]],"c":true},"ix":2},"nm":"Path 1","mn":"ADBE Vector Shape - Group","hd":false},{"ty":"gf","o":{"a":0,"k":100,"ix":10},"r":1,"bm":0,"g":{"p":3,"k":{"a":0,"k":[0,0.969,0.29,0,0.636,0.984,0.586,0.086,1,1,0.882,0.173],"ix":9}},"s":{"a":0,"k":[-141,-411],"ix":5},"e":{"a":0,"k":[-141,-426.393],"ix":6},"t":1,"nm":"volcano25g","mn":"ADBE Vector Graphic - G-Fill","hd":false},{"ty":"tr","p":{"a":0,"k":[0,0],"ix":2},"a":{"a":0,"k":[0,0],"ix":1},"s":{"a":0,"k":[100,100],"ix":3},"r":{"a":0,"k":0,"ix":6},"o":{"a":0,"k":100,"ix":7},"sk":{"a":0,"k":0,"ix":4},"sa":{"a":0,"k":0,"ix":5},"nm":"Transform"}],"nm":"Group 1","np":2,"cix":2,"bm":0,"ix":1,"mn":"ADBE Vector Group","hd":false}],"ip":0,"op":48,"st":0,"bm":0},{"ddd":0,"ind":27,"ty":4,"nm":"Layer 24","parent":3,"sr":1,"ks":{"o":{"a":1,"k":[{"i":{"x":[0.833],"y":[0.833]},"o":{"x":[0.167],"y":[0.167]},"t":33,"s":[100]},{"t":44,"s":[0]}],"ix":11},"r":{"a":0,"k":0,"ix":10},"p":{"a":0,"k":[47.602,-179.031,0],"ix":2},"a":{"a":0,"k":[-147.569,-422.661,0],"ix":1},"s":{"a":0,"k":[1200,1200,100],"ix":6}},"ao":0,"shapes":[{"ty":"gr","it":[{"ind":0,"ty":"sh","ix":1,"ks":{"a":0,"k":{"i":[[2.119,-2.06],[-1.055,-4.018]],"o":[[-2.127,2.061],[1.121,4.281]],"v":[[-146.702,-431.784],[-148.739,-413.923]],"c":true},"ix":2},"nm":"Path 1","mn":"ADBE Vector Shape - Group","hd":false},{"ty":"gf","o":{"a":0,"k":100,"ix":10},"r":1,"bm":0,"g":{"p":3,"k":{"a":0,"k":[0,0.969,0.29,0,0.636,0.984,0.586,0.086,1,1,0.882,0.173],"ix":9}},"s":{"a":0,"k":[-148,-414],"ix":5},"e":{"a":0,"k":[-148,-432.495],"ix":6},"t":1,"nm":"volcano24g","mn":"ADBE Vector Graphic - G-Fill","hd":false},{"ty":"tr","p":{"a":0,"k":[0,0],"ix":2},"a":{"a":0,"k":[0,0],"ix":1},"s":{"a":0,"k":[100,100],"ix":3},"r":{"a":0,"k":0,"ix":6},"o":{"a":0,"k":100,"ix":7},"sk":{"a":0,"k":0,"ix":4},"sa":{"a":0,"k":0,"ix":5},"nm":"Transform"}],"nm":"Group 1","np":2,"cix":2,"bm":0,"ix":1,"mn":"ADBE Vector Group","hd":false}],"ip":0,"op":48,"st":0,"bm":0},{"ddd":0,"ind":28,"ty":4,"nm":"Layer 23","parent":3,"sr":1,"ks":{"o":{"a":1,"k":[{"i":{"x":[0.833],"y":[0.833]},"o":{"x":[0.167],"y":[0.167]},"t":33,"s":[100]},{"t":44,"s":[0]}],"ix":11},"r":{"a":0,"k":0,"ix":10},"p":{"a":0,"k":[-139.736,-124.534,0],"ix":2},"a":{"a":0,"k":[-163.18,-418.12,0],"ix":1},"s":{"a":0,"k":[1200,1200,100],"ix":6}},"ao":0,"shapes":[{"ty":"gr","it":[{"ind":0,"ty":"sh","ix":1,"ks":{"a":0,"k":{"i":[[2.76,5.279],[0.205,-5.672]],"o":[[-2.764,-5.277],[-0.158,4.469]],"v":[[-157.753,-411.487],[-168.964,-424.565]],"c":true},"ix":2},"nm":"Path 1","mn":"ADBE Vector Shape - Group","hd":false},{"ty":"gf","o":{"a":0,"k":100,"ix":10},"r":1,"bm":0,"g":{"p":3,"k":{"a":0,"k":[0,0.969,0.29,0,0.636,0.984,0.586,0.086,1,1,0.882,0.173],"ix":9}},"s":{"a":0,"k":[-164,-411],"ix":5},"e":{"a":0,"k":[-164,-426.625],"ix":6},"t":1,"nm":"volcano23g","mn":"ADBE Vector Graphic - G-Fill","hd":false},{"ty":"tr","p":{"a":0,"k":[0,0],"ix":2},"a":{"a":0,"k":[0,0],"ix":1},"s":{"a":0,"k":[100,100],"ix":3},"r":{"a":0,"k":0,"ix":6},"o":{"a":0,"k":100,"ix":7},"sk":{"a":0,"k":0,"ix":4},"sa":{"a":0,"k":0,"ix":5},"nm":"Transform"}],"nm":"Group 1","np":2,"cix":2,"bm":0,"ix":1,"mn":"ADBE Vector Group","hd":false}],"ip":0,"op":48,"st":0,"bm":0},{"ddd":0,"ind":29,"ty":4,"nm":"Layer 22","parent":3,"sr":1,"ks":{"o":{"a":1,"k":[{"i":{"x":[0.833],"y":[0.833]},"o":{"x":[0.167],"y":[0.167]},"t":33,"s":[100]},{"t":44,"s":[0]}],"ix":11},"r":{"a":0,"k":0,"ix":10},"p":{"a":0,"k":[-94.28,-176.309,0],"ix":2},"a":{"a":0,"k":[-159.392,-422.435,0],"ix":1},"s":{"a":0,"k":[1200,1200,100],"ix":6}},"ao":0,"shapes":[{"ty":"gr","it":[{"ind":0,"ty":"sh","ix":1,"ks":{"a":0,"k":{"i":[[0.5,-3.621],[-3.252,-4.504]],"o":[[-0.502,3.621],[3.463,4.81]],"v":[[-164.185,-434.216],[-155.2,-410.862]],"c":true},"ix":2},"nm":"Path 1","mn":"ADBE Vector Shape - Group","hd":false},{"ty":"gf","o":{"a":0,"k":100,"ix":10},"r":1,"bm":0,"g":{"p":3,"k":{"a":0,"k":[0,0.969,0.29,0,0.636,0.984,0.586,0.086,1,1,0.882,0.173],"ix":9}},"s":{"a":0,"k":[-160,-411],"ix":5},"e":{"a":0,"k":[-160,-435.139],"ix":6},"t":1,"nm":"volcano22g","mn":"ADBE Vector Graphic - G-Fill","hd":false},{"ty":"tr","p":{"a":0,"k":[0,0],"ix":2},"a":{"a":0,"k":[0,0],"ix":1},"s":{"a":0,"k":[100,100],"ix":3},"r":{"a":0,"k":0,"ix":6},"o":{"a":0,"k":100,"ix":7},"sk":{"a":0,"k":0,"ix":4},"sa":{"a":0,"k":0,"ix":5},"nm":"Transform"}],"nm":"Group 1","np":2,"cix":2,"bm":0,"ix":1,"mn":"ADBE Vector Group","hd":false}],"ip":0,"op":48,"st":0,"bm":0},{"ddd":0,"ind":30,"ty":4,"nm":"Layer 21","parent":3,"sr":1,"ks":{"o":{"a":1,"k":[{"i":{"x":[0.833],"y":[0.833]},"o":{"x":[0.167],"y":[0.167]},"t":33,"s":[100]},{"t":44,"s":[0]}],"ix":11},"r":{"a":0,"k":0,"ix":10},"p":{"a":0,"k":[-15.8,-169.204,0],"ix":2},"a":{"a":0,"k":[-152.852,-421.843,0],"ix":1},"s":{"a":0,"k":[1200,1200,100],"ix":6}},"ao":0,"shapes":[{"ty":"gr","it":[{"ind":0,"ty":"sh","ix":1,"ks":{"a":0,"k":{"i":[[1.668,-3.254],[-1.578,-5.326]],"o":[[-1.67,3.252],[1.682,5.682]],"v":[[-153.251,-434.56],[-152.483,-409.548]],"c":true},"ix":2},"nm":"Path 1","mn":"ADBE Vector Shape - Group","hd":false},{"ty":"gf","o":{"a":0,"k":100,"ix":10},"r":1,"bm":0,"g":{"p":3,"k":{"a":0,"k":[0,0.969,0.29,0,0.636,0.984,0.586,0.086,1,1,0.882,0.173],"ix":9}},"s":{"a":0,"k":[-153,-409],"ix":5},"e":{"a":0,"k":[-153,-434.875],"ix":6},"t":1,"nm":"volcano21g","mn":"ADBE Vector Graphic - G-Fill","hd":false},{"ty":"tr","p":{"a":0,"k":[0,0],"ix":2},"a":{"a":0,"k":[0,0],"ix":1},"s":{"a":0,"k":[100,100],"ix":3},"r":{"a":0,"k":0,"ix":6},"o":{"a":0,"k":100,"ix":7},"sk":{"a":0,"k":0,"ix":4},"sa":{"a":0,"k":0,"ix":5},"nm":"Transform"}],"nm":"Group 1","np":2,"cix":2,"bm":0,"ix":1,"mn":"ADBE Vector Group","hd":false}],"ip":0,"op":48,"st":0,"bm":0},{"ddd":0,"ind":31,"ty":4,"nm":"Layer 20","parent":3,"sr":1,"ks":{"o":{"a":1,"k":[{"i":{"x":[0.833],"y":[0.833]},"o":{"x":[0.167],"y":[0.167]},"t":33,"s":[100]},{"t":44,"s":[0]}],"ix":11},"r":{"a":0,"k":0,"ix":10},"p":{"a":0,"k":[-165.753,-42.284,0],"ix":2},"a":{"a":0,"k":[-165.348,-411.266,0],"ix":1},"s":{"a":0,"k":[1200,1200,100],"ix":6}},"ao":0,"shapes":[{"ty":"gr","it":[{"ind":0,"ty":"sh","ix":1,"ks":{"a":0,"k":{"i":[[-2.033,-1.748],[3.35,2.076]],"o":[[3.242,2.779],[-3.35,-2.092]],"v":[[-170.509,-412.435],[-160.556,-410.382]],"c":true},"ix":2},"nm":"Path 1","mn":"ADBE Vector Shape - Group","hd":false},{"ty":"gf","o":{"a":0,"k":100,"ix":10},"r":1,"bm":0,"g":{"p":3,"k":{"a":0,"k":[0,0.969,0.29,0,0.636,0.984,0.586,0.086,1,1,0.882,0.173],"ix":9}},"s":{"a":0,"k":[-166,-410],"ix":5},"e":{"a":0,"k":[-166,-413.785],"ix":6},"t":1,"nm":"volcano20g","mn":"ADBE Vector Graphic - G-Fill","hd":false},{"ty":"tr","p":{"a":0,"k":[0,0],"ix":2},"a":{"a":0,"k":[0,0],"ix":1},"s":{"a":0,"k":[100,100],"ix":3},"r":{"a":0,"k":0,"ix":6},"o":{"a":0,"k":100,"ix":7},"sk":{"a":0,"k":0,"ix":4},"sa":{"a":0,"k":0,"ix":5},"nm":"Transform"}],"nm":"Group 1","np":2,"cix":2,"bm":0,"ix":1,"mn":"ADBE Vector Group","hd":false}],"ip":0,"op":48,"st":0,"bm":0},{"ddd":0,"ind":32,"ty":4,"nm":"Layer 18","parent":4,"sr":1,"ks":{"o":{"a":1,"k":[{"i":{"x":[0.833],"y":[0.833]},"o":{"x":[0.167],"y":[0.167]},"t":43,"s":[100]},{"t":48,"s":[0]}],"ix":11},"r":{"a":0,"k":0,"ix":10},"p":{"a":0,"k":[177.463,-213.573,0],"ix":2},"a":{"a":0,"k":[-136.747,-425.54,0],"ix":1},"s":{"a":0,"k":[1200,1200,100],"ix":6}},"ao":0,"shapes":[{"ty":"gr","it":[{"ind":0,"ty":"sh","ix":1,"ks":{"a":0,"k":{"i":[[0,-7.875],[0,7.875]],"o":[[0,7.875],[0,-7.875]],"v":[[-142.673,-425.54],[-130.821,-425.54]],"c":true},"ix":2},"nm":"Path 1","mn":"ADBE Vector Shape - Group","hd":false},{"ty":"gf","o":{"a":0,"k":100,"ix":10},"r":1,"bm":0,"g":{"p":3,"k":{"a":0,"k":[0.424,1,1,1,0.819,1,1,1,1,1,1,1,0.424,1,0.819,0.5,1,0],"ix":9}},"s":{"a":0,"k":[-136.541,-425.18],"ix":5},"e":{"a":0,"k":[-139.524,-430.576],"ix":6},"t":2,"h":{"a":0,"k":0,"ix":7},"a":{"a":0,"k":0,"ix":8},"nm":"volcano18g","mn":"ADBE Vector Graphic - G-Fill","hd":false},{"ty":"tr","p":{"a":0,"k":[0,0],"ix":2},"a":{"a":0,"k":[0,0],"ix":1},"s":{"a":0,"k":[100,100],"ix":3},"r":{"a":0,"k":0,"ix":6},"o":{"a":0,"k":100,"ix":7},"sk":{"a":0,"k":0,"ix":4},"sa":{"a":0,"k":0,"ix":5},"nm":"Transform"}],"nm":"Group 1","np":2,"cix":2,"bm":0,"ix":1,"mn":"ADBE Vector Group","hd":false}],"ip":0,"op":48,"st":0,"bm":0},{"ddd":0,"ind":33,"ty":4,"nm":"Layer 17","parent":4,"sr":1,"ks":{"o":{"a":1,"k":[{"i":{"x":[0.833],"y":[0.833]},"o":{"x":[0.167],"y":[0.167]},"t":43,"s":[100]},{"t":48,"s":[0]}],"ix":11},"r":{"a":0,"k":0,"ix":10},"p":{"a":0,"k":[226.119,-159.752,0],"ix":2},"a":{"a":0,"k":[-132.692,-421.055,0],"ix":1},"s":{"a":0,"k":[1200,1200,100],"ix":6}},"ao":0,"shapes":[{"ty":"gr","it":[{"ind":0,"ty":"sh","ix":1,"ks":{"a":0,"k":{"i":[[0,-7.873],[0,7.875]],"o":[[0,7.875],[0,-7.873]],"v":[[-138.618,-421.056],[-126.767,-421.056]],"c":true},"ix":2},"nm":"Path 1","mn":"ADBE Vector Shape - Group","hd":false},{"ty":"gf","o":{"a":0,"k":100,"ix":10},"r":1,"bm":0,"g":{"p":3,"k":{"a":0,"k":[0.424,1,1,1,0.819,1,1,1,1,1,1,1,0.424,1,0.819,0.5,1,0],"ix":9}},"s":{"a":0,"k":[-132.79,-421.135],"ix":5},"e":{"a":0,"k":[-136.13,-425.234],"ix":6},"t":2,"h":{"a":0,"k":0,"ix":7},"a":{"a":0,"k":0,"ix":8},"nm":"volcano17g","mn":"ADBE Vector Graphic - G-Fill","hd":false},{"ty":"tr","p":{"a":0,"k":[0,0],"ix":2},"a":{"a":0,"k":[0,0],"ix":1},"s":{"a":0,"k":[100,100],"ix":3},"r":{"a":0,"k":0,"ix":6},"o":{"a":0,"k":100,"ix":7},"sk":{"a":0,"k":0,"ix":4},"sa":{"a":0,"k":0,"ix":5},"nm":"Transform"}],"nm":"Group 1","np":2,"cix":2,"bm":0,"ix":1,"mn":"ADBE Vector Group","hd":false}],"ip":0,"op":48,"st":0,"bm":0},{"ddd":0,"ind":34,"ty":4,"nm":"Layer 16","parent":4,"sr":1,"ks":{"o":{"a":1,"k":[{"i":{"x":[0.833],"y":[0.833]},"o":{"x":[0.167],"y":[0.167]},"t":43,"s":[100]},{"t":48,"s":[0]}],"ix":11},"r":{"a":0,"k":0,"ix":10},"p":{"a":0,"k":[-111.966,-252.035,0],"ix":2},"a":{"a":0,"k":[-160.866,-428.745,0],"ix":1},"s":{"a":0,"k":[1200,1200,100],"ix":6}},"ao":0,"shapes":[{"ty":"gr","it":[{"ind":0,"ty":"sh","ix":1,"ks":{"a":0,"k":{"i":[[0,-7.875],[0,7.875]],"o":[[0,7.875],[0,-7.875]],"v":[[-154.94,-428.745],[-166.792,-428.745]],"c":true},"ix":2},"nm":"Path 1","mn":"ADBE Vector Shape - Group","hd":false},{"ty":"gf","o":{"a":0,"k":100,"ix":10},"r":1,"bm":0,"g":{"p":3,"k":{"a":0,"k":[0.424,1,1,1,0.819,1,1,1,1,1,1,1,0.424,1,0.819,0.5,1,0],"ix":9}},"s":{"a":0,"k":[-160.935,-429.08],"ix":5},"e":{"a":0,"k":[-156.308,-433.08],"ix":6},"t":2,"h":{"a":0,"k":0,"ix":7},"a":{"a":0,"k":0,"ix":8},"nm":"volcano16g","mn":"ADBE Vector Graphic - G-Fill","hd":false},{"ty":"tr","p":{"a":0,"k":[0,0],"ix":2},"a":{"a":0,"k":[0,0],"ix":1},"s":{"a":0,"k":[100,100],"ix":3},"r":{"a":0,"k":0,"ix":6},"o":{"a":0,"k":100,"ix":7},"sk":{"a":0,"k":0,"ix":4},"sa":{"a":0,"k":0,"ix":5},"nm":"Transform"}],"nm":"Group 1","np":2,"cix":2,"bm":0,"ix":1,"mn":"ADBE Vector Group","hd":false}],"ip":0,"op":48,"st":0,"bm":0},{"ddd":0,"ind":35,"ty":4,"nm":"Layer 15","parent":4,"sr":1,"ks":{"o":{"a":1,"k":[{"i":{"x":[0.833],"y":[0.833]},"o":{"x":[0.167],"y":[0.167]},"t":43,"s":[100]},{"t":48,"s":[0]}],"ix":11},"r":{"a":0,"k":0,"ix":10},"p":{"a":0,"k":[-191.806,-213.573,0],"ix":2},"a":{"a":0,"k":[-167.52,-425.54,0],"ix":1},"s":{"a":0,"k":[1200,1200,100],"ix":6}},"ao":0,"shapes":[{"ty":"gr","it":[{"ind":0,"ty":"sh","ix":1,"ks":{"a":0,"k":{"i":[[0,-7.875],[0,7.875]],"o":[[0,7.875],[0,-7.875]],"v":[[-161.595,-425.54],[-173.444,-425.54]],"c":true},"ix":2},"nm":"Path 1","mn":"ADBE Vector Shape - Group","hd":false},{"ty":"gf","o":{"a":0,"k":100,"ix":10},"r":1,"bm":0,"g":{"p":3,"k":{"a":0,"k":[0.424,1,1,1,0.819,1,1,1,1,1,1,1,0.424,1,0.819,0.5,1,0],"ix":9}},"s":{"a":0,"k":[-167.7,-425.943],"ix":5},"e":{"a":0,"k":[-163.783,-429.787],"ix":6},"t":2,"h":{"a":0,"k":0,"ix":7},"a":{"a":0,"k":0,"ix":8},"nm":"volcano15g","mn":"ADBE Vector Graphic - G-Fill","hd":false},{"ty":"tr","p":{"a":0,"k":[0,0],"ix":2},"a":{"a":0,"k":[0,0],"ix":1},"s":{"a":0,"k":[100,100],"ix":3},"r":{"a":0,"k":0,"ix":6},"o":{"a":0,"k":100,"ix":7},"sk":{"a":0,"k":0,"ix":4},"sa":{"a":0,"k":0,"ix":5},"nm":"Transform"}],"nm":"Group 1","np":2,"cix":2,"bm":0,"ix":1,"mn":"ADBE Vector Group","hd":false}],"ip":0,"op":48,"st":0,"bm":0},{"ddd":0,"ind":36,"ty":4,"nm":"Layer 14","parent":4,"sr":1,"ks":{"o":{"a":1,"k":[{"i":{"x":[0.833],"y":[0.833]},"o":{"x":[0.167],"y":[0.167]},"t":43,"s":[100]},{"t":48,"s":[0]}],"ix":11},"r":{"a":0,"k":0,"ix":10},"p":{"a":0,"k":[-240.462,-159.752,0],"ix":2},"a":{"a":0,"k":[-171.574,-421.055,0],"ix":1},"s":{"a":0,"k":[1200,1200,100],"ix":6}},"ao":0,"shapes":[{"ty":"gr","it":[{"ind":0,"ty":"sh","ix":1,"ks":{"a":0,"k":{"i":[[0,-7.873],[0,7.875]],"o":[[0,7.875],[0,-7.873]],"v":[[-165.649,-421.056],[-177.499,-421.056]],"c":true},"ix":2},"nm":"Path 1","mn":"ADBE Vector Shape - Group","hd":false},{"ty":"gf","o":{"a":0,"k":100,"ix":10},"r":1,"bm":0,"g":{"p":3,"k":{"a":0,"k":[0.424,1,1,1,0.819,1,1,1,1,1,1,1,0.424,1,0.819,0.5,1,0],"ix":9}},"s":{"a":0,"k":[-171.304,-421.293],"ix":5},"e":{"a":0,"k":[-166.744,-425.587],"ix":6},"t":2,"h":{"a":0,"k":0,"ix":7},"a":{"a":0,"k":0,"ix":8},"nm":"volcano14g","mn":"ADBE Vector Graphic - G-Fill","hd":false},{"ty":"tr","p":{"a":0,"k":[0,0],"ix":2},"a":{"a":0,"k":[0,0],"ix":1},"s":{"a":0,"k":[100,100],"ix":3},"r":{"a":0,"k":0,"ix":6},"o":{"a":0,"k":100,"ix":7},"sk":{"a":0,"k":0,"ix":4},"sa":{"a":0,"k":0,"ix":5},"nm":"Transform"}],"nm":"Group 1","np":2,"cix":2,"bm":0,"ix":1,"mn":"ADBE Vector Group","hd":false}],"ip":0,"op":48,"st":0,"bm":0},{"ddd":0,"ind":37,"ty":4,"nm":"Layer 13","parent":4,"sr":1,"ks":{"o":{"a":1,"k":[{"i":{"x":[0.833],"y":[0.833]},"o":{"x":[0.167],"y":[0.167]},"t":43,"s":[100]},{"t":48,"s":[0]}],"ix":11},"r":{"a":0,"k":0,"ix":10},"p":{"a":0,"k":[-7.177,-265.581,0],"ix":2},"a":{"a":0,"k":[-152.134,-429.874,0],"ix":1},"s":{"a":0,"k":[1200,1200,100],"ix":6}},"ao":0,"shapes":[{"ty":"gr","it":[{"ind":0,"ty":"sh","ix":1,"ks":{"a":0,"k":{"i":[[0,-7.875],[0,7.875]],"o":[[0,7.875],[0,-7.875]],"v":[[-144.304,-429.874],[-159.964,-429.874]],"c":true},"ix":2},"nm":"Path 1","mn":"ADBE Vector Shape - Group","hd":false},{"ty":"gf","o":{"a":0,"k":100,"ix":10},"r":1,"bm":0,"g":{"p":3,"k":{"a":0,"k":[0.424,1,1,1,0.819,1,1,1,1,1,1,1,0.424,1,0.819,0.5,1,0],"ix":9}},"s":{"a":0,"k":[-151.991,-428.256],"ix":5},"e":{"a":0,"k":[-145.657,-432.27],"ix":6},"t":2,"h":{"a":0,"k":0,"ix":7},"a":{"a":0,"k":0,"ix":8},"nm":"volcano13g","mn":"ADBE Vector Graphic - G-Fill","hd":false},{"ty":"tr","p":{"a":0,"k":[0,0],"ix":2},"a":{"a":0,"k":[0,0],"ix":1},"s":{"a":0,"k":[100,100],"ix":3},"r":{"a":0,"k":0,"ix":6},"o":{"a":0,"k":100,"ix":7},"sk":{"a":0,"k":0,"ix":4},"sa":{"a":0,"k":0,"ix":5},"nm":"Transform"}],"nm":"Group 1","np":2,"cix":2,"bm":0,"ix":1,"mn":"ADBE Vector Group","hd":false}],"ip":0,"op":48,"st":0,"bm":0},{"ddd":0,"ind":38,"ty":4,"nm":"Layer 12","parent":4,"sr":1,"ks":{"o":{"a":1,"k":[{"i":{"x":[0.833],"y":[0.833]},"o":{"x":[0.167],"y":[0.167]},"t":43,"s":[100]},{"t":48,"s":[0]}],"ix":11},"r":{"a":0,"k":0,"ix":10},"p":{"a":0,"k":[112.494,-173.707,0],"ix":2},"a":{"a":0,"k":[-142.161,-422.218,0],"ix":1},"s":{"a":0,"k":[1200,1200,100],"ix":6}},"ao":0,"shapes":[{"ty":"gr","it":[{"ind":0,"ty":"sh","ix":1,"ks":{"a":0,"k":{"i":[[0,-7.875],[0,7.875]],"o":[[0,7.875],[0,-7.875]],"v":[[-148.087,-422.218],[-136.235,-422.218]],"c":true},"ix":2},"nm":"Path 1","mn":"ADBE Vector Shape - Group","hd":false},{"ty":"fl","c":{"a":0,"k":[0.811764717102,0.847058832645,0.866666674614,1],"ix":4},"o":{"a":0,"k":100,"ix":5},"r":1,"bm":0,"nm":"Fill 1","mn":"ADBE Vector Graphic - Fill","hd":false},{"ty":"tr","p":{"a":0,"k":[0,0],"ix":2},"a":{"a":0,"k":[0,0],"ix":1},"s":{"a":0,"k":[100,100],"ix":3},"r":{"a":0,"k":0,"ix":6},"o":{"a":0,"k":100,"ix":7},"sk":{"a":0,"k":0,"ix":4},"sa":{"a":0,"k":0,"ix":5},"nm":"Transform"}],"nm":"Group 1","np":2,"cix":2,"bm":0,"ix":1,"mn":"ADBE Vector Group","hd":false}],"ip":0,"op":48,"st":0,"bm":0},{"ddd":0,"ind":39,"ty":4,"nm":"Layer 11","parent":4,"sr":1,"ks":{"o":{"a":1,"k":[{"i":{"x":[0.833],"y":[0.833]},"o":{"x":[0.167],"y":[0.167]},"t":43,"s":[100]},{"t":48,"s":[0]}],"ix":11},"r":{"a":0,"k":0,"ix":10},"p":{"a":0,"k":[97.612,-252.035,0],"ix":2},"a":{"a":0,"k":[-143.401,-428.745,0],"ix":1},"s":{"a":0,"k":[1200,1200,100],"ix":6}},"ao":0,"shapes":[{"ty":"gr","it":[{"ind":0,"ty":"sh","ix":1,"ks":{"a":0,"k":{"i":[[0,-7.875],[0,7.875]],"o":[[0,7.875],[0,-7.875]],"v":[[-149.327,-428.745],[-137.476,-428.745]],"c":true},"ix":2},"nm":"Path 1","mn":"ADBE Vector Shape - Group","hd":false},{"ty":"fl","c":{"a":0,"k":[0.811764717102,0.847058832645,0.866666674614,1],"ix":4},"o":{"a":0,"k":100,"ix":5},"r":1,"bm":0,"nm":"Fill 1","mn":"ADBE Vector Graphic - Fill","hd":false},{"ty":"tr","p":{"a":0,"k":[0,0],"ix":2},"a":{"a":0,"k":[0,0],"ix":1},"s":{"a":0,"k":[100,100],"ix":3},"r":{"a":0,"k":0,"ix":6},"o":{"a":0,"k":100,"ix":7},"sk":{"a":0,"k":0,"ix":4},"sa":{"a":0,"k":0,"ix":5},"nm":"Transform"}],"nm":"Group 1","np":2,"cix":2,"bm":0,"ix":1,"mn":"ADBE Vector Group","hd":false}],"ip":0,"op":48,"st":0,"bm":0},{"ddd":0,"ind":40,"ty":4,"nm":"Layer 10","parent":4,"sr":1,"ks":{"o":{"a":1,"k":[{"i":{"x":[0.833],"y":[0.833]},"o":{"x":[0.167],"y":[0.167]},"t":43,"s":[100]},{"t":48,"s":[0]}],"ix":11},"r":{"a":0,"k":0,"ix":10},"p":{"a":0,"k":[177.463,-213.573,0],"ix":2},"a":{"a":0,"k":[-136.747,-425.54,0],"ix":1},"s":{"a":0,"k":[1200,1200,100],"ix":6}},"ao":0,"shapes":[{"ty":"gr","it":[{"ind":0,"ty":"sh","ix":1,"ks":{"a":0,"k":{"i":[[0,-7.875],[0,7.875]],"o":[[0,7.875],[0,-7.875]],"v":[[-142.673,-425.54],[-130.821,-425.54]],"c":true},"ix":2},"nm":"Path 1","mn":"ADBE Vector Shape - Group","hd":false},{"ty":"fl","c":{"a":0,"k":[0.811764717102,0.847058832645,0.866666674614,1],"ix":4},"o":{"a":0,"k":100,"ix":5},"r":1,"bm":0,"nm":"Fill 1","mn":"ADBE Vector Graphic - Fill","hd":false},{"ty":"tr","p":{"a":0,"k":[0,0],"ix":2},"a":{"a":0,"k":[0,0],"ix":1},"s":{"a":0,"k":[100,100],"ix":3},"r":{"a":0,"k":0,"ix":6},"o":{"a":0,"k":100,"ix":7},"sk":{"a":0,"k":0,"ix":4},"sa":{"a":0,"k":0,"ix":5},"nm":"Transform"}],"nm":"Group 1","np":2,"cix":2,"bm":0,"ix":1,"mn":"ADBE Vector Group","hd":false}],"ip":0,"op":48,"st":0,"bm":0},{"ddd":0,"ind":41,"ty":4,"nm":"Layer 9","parent":4,"sr":1,"ks":{"o":{"a":1,"k":[{"i":{"x":[0.833],"y":[0.833]},"o":{"x":[0.167],"y":[0.167]},"t":43,"s":[100]},{"t":48,"s":[0]}],"ix":11},"r":{"a":0,"k":0,"ix":10},"p":{"a":0,"k":[226.119,-159.752,0],"ix":2},"a":{"a":0,"k":[-132.692,-421.055,0],"ix":1},"s":{"a":0,"k":[1200,1200,100],"ix":6}},"ao":0,"shapes":[{"ty":"gr","it":[{"ind":0,"ty":"sh","ix":1,"ks":{"a":0,"k":{"i":[[0,-7.873],[0,7.875]],"o":[[0,7.875],[0,-7.873]],"v":[[-138.618,-421.056],[-126.767,-421.056]],"c":true},"ix":2},"nm":"Path 1","mn":"ADBE Vector Shape - Group","hd":false},{"ty":"fl","c":{"a":0,"k":[0.811764717102,0.847058832645,0.866666674614,1],"ix":4},"o":{"a":0,"k":100,"ix":5},"r":1,"bm":0,"nm":"Fill 1","mn":"ADBE Vector Graphic - Fill","hd":false},{"ty":"tr","p":{"a":0,"k":[0,0],"ix":2},"a":{"a":0,"k":[0,0],"ix":1},"s":{"a":0,"k":[100,100],"ix":3},"r":{"a":0,"k":0,"ix":6},"o":{"a":0,"k":100,"ix":7},"sk":{"a":0,"k":0,"ix":4},"sa":{"a":0,"k":0,"ix":5},"nm":"Transform"}],"nm":"Group 1","np":2,"cix":2,"bm":0,"ix":1,"mn":"ADBE Vector Group","hd":false}],"ip":0,"op":48,"st":0,"bm":0},{"ddd":0,"ind":42,"ty":4,"nm":"Layer 8","parent":4,"sr":1,"ks":{"o":{"a":1,"k":[{"i":{"x":[0.833],"y":[0.833]},"o":{"x":[0.167],"y":[0.167]},"t":43,"s":[100]},{"t":48,"s":[0]}],"ix":11},"r":{"a":0,"k":0,"ix":10},"p":{"a":0,"k":[-126.838,-173.707,0],"ix":2},"a":{"a":0,"k":[-162.106,-422.218,0],"ix":1},"s":{"a":0,"k":[1200,1200,100],"ix":6}},"ao":0,"shapes":[{"ty":"gr","it":[{"ind":0,"ty":"sh","ix":1,"ks":{"a":0,"k":{"i":[[0,-7.875],[0,7.875]],"o":[[0,7.875],[0,-7.875]],"v":[[-156.181,-422.218],[-168.03,-422.218]],"c":true},"ix":2},"nm":"Path 1","mn":"ADBE Vector Shape - Group","hd":false},{"ty":"fl","c":{"a":0,"k":[0.811764717102,0.847058832645,0.866666674614,1],"ix":4},"o":{"a":0,"k":100,"ix":5},"r":1,"bm":0,"nm":"Fill 1","mn":"ADBE Vector Graphic - Fill","hd":false},{"ty":"tr","p":{"a":0,"k":[0,0],"ix":2},"a":{"a":0,"k":[0,0],"ix":1},"s":{"a":0,"k":[100,100],"ix":3},"r":{"a":0,"k":0,"ix":6},"o":{"a":0,"k":100,"ix":7},"sk":{"a":0,"k":0,"ix":4},"sa":{"a":0,"k":0,"ix":5},"nm":"Transform"}],"nm":"Group 1","np":2,"cix":2,"bm":0,"ix":1,"mn":"ADBE Vector Group","hd":false}],"ip":0,"op":48,"st":0,"bm":0},{"ddd":0,"ind":43,"ty":4,"nm":"Layer 7","parent":4,"sr":1,"ks":{"o":{"a":1,"k":[{"i":{"x":[0.833],"y":[0.833]},"o":{"x":[0.167],"y":[0.167]},"t":43,"s":[100]},{"t":48,"s":[0]}],"ix":11},"r":{"a":0,"k":0,"ix":10},"p":{"a":0,"k":[-111.966,-252.035,0],"ix":2},"a":{"a":0,"k":[-160.866,-428.745,0],"ix":1},"s":{"a":0,"k":[1200,1200,100],"ix":6}},"ao":0,"shapes":[{"ty":"gr","it":[{"ind":0,"ty":"sh","ix":1,"ks":{"a":0,"k":{"i":[[0,-7.875],[0,7.875]],"o":[[0,7.875],[0,-7.875]],"v":[[-154.94,-428.745],[-166.792,-428.745]],"c":true},"ix":2},"nm":"Path 1","mn":"ADBE Vector Shape - Group","hd":false},{"ty":"fl","c":{"a":0,"k":[0.811764717102,0.847058832645,0.866666674614,1],"ix":4},"o":{"a":0,"k":100,"ix":5},"r":1,"bm":0,"nm":"Fill 1","mn":"ADBE Vector Graphic - Fill","hd":false},{"ty":"tr","p":{"a":0,"k":[0,0],"ix":2},"a":{"a":0,"k":[0,0],"ix":1},"s":{"a":0,"k":[100,100],"ix":3},"r":{"a":0,"k":0,"ix":6},"o":{"a":0,"k":100,"ix":7},"sk":{"a":0,"k":0,"ix":4},"sa":{"a":0,"k":0,"ix":5},"nm":"Transform"}],"nm":"Group 1","np":2,"cix":2,"bm":0,"ix":1,"mn":"ADBE Vector Group","hd":false}],"ip":0,"op":48,"st":0,"bm":0},{"ddd":0,"ind":44,"ty":4,"nm":"Layer 6","parent":4,"sr":1,"ks":{"o":{"a":1,"k":[{"i":{"x":[0.833],"y":[0.833]},"o":{"x":[0.167],"y":[0.167]},"t":43,"s":[100]},{"t":48,"s":[0]}],"ix":11},"r":{"a":0,"k":0,"ix":10},"p":{"a":0,"k":[-191.806,-213.573,0],"ix":2},"a":{"a":0,"k":[-167.52,-425.54,0],"ix":1},"s":{"a":0,"k":[1200,1200,100],"ix":6}},"ao":0,"shapes":[{"ty":"gr","it":[{"ind":0,"ty":"sh","ix":1,"ks":{"a":0,"k":{"i":[[0,-7.875],[0,7.875]],"o":[[0,7.875],[0,-7.875]],"v":[[-161.595,-425.54],[-173.444,-425.54]],"c":true},"ix":2},"nm":"Path 1","mn":"ADBE Vector Shape - Group","hd":false},{"ty":"fl","c":{"a":0,"k":[0.811764717102,0.847058832645,0.866666674614,1],"ix":4},"o":{"a":0,"k":100,"ix":5},"r":1,"bm":0,"nm":"Fill 1","mn":"ADBE Vector Graphic - Fill","hd":false},{"ty":"tr","p":{"a":0,"k":[0,0],"ix":2},"a":{"a":0,"k":[0,0],"ix":1},"s":{"a":0,"k":[100,100],"ix":3},"r":{"a":0,"k":0,"ix":6},"o":{"a":0,"k":100,"ix":7},"sk":{"a":0,"k":0,"ix":4},"sa":{"a":0,"k":0,"ix":5},"nm":"Transform"}],"nm":"Group 1","np":2,"cix":2,"bm":0,"ix":1,"mn":"ADBE Vector Group","hd":false}],"ip":0,"op":48,"st":0,"bm":0},{"ddd":0,"ind":45,"ty":4,"nm":"Layer 5","parent":4,"sr":1,"ks":{"o":{"a":1,"k":[{"i":{"x":[0.833],"y":[0.833]},"o":{"x":[0.167],"y":[0.167]},"t":43,"s":[100]},{"t":48,"s":[0]}],"ix":11},"r":{"a":0,"k":0,"ix":10},"p":{"a":0,"k":[-240.462,-159.752,0],"ix":2},"a":{"a":0,"k":[-171.574,-421.055,0],"ix":1},"s":{"a":0,"k":[1200,1200,100],"ix":6}},"ao":0,"shapes":[{"ty":"gr","it":[{"ind":0,"ty":"sh","ix":1,"ks":{"a":0,"k":{"i":[[0,-7.873],[0,7.875]],"o":[[0,7.875],[0,-7.873]],"v":[[-165.649,-421.056],[-177.499,-421.056]],"c":true},"ix":2},"nm":"Path 1","mn":"ADBE Vector Shape - Group","hd":false},{"ty":"fl","c":{"a":0,"k":[0.811764717102,0.847058832645,0.866666674614,1],"ix":4},"o":{"a":0,"k":100,"ix":5},"r":1,"bm":0,"nm":"Fill 1","mn":"ADBE Vector Graphic - Fill","hd":false},{"ty":"tr","p":{"a":0,"k":[0,0],"ix":2},"a":{"a":0,"k":[0,0],"ix":1},"s":{"a":0,"k":[100,100],"ix":3},"r":{"a":0,"k":0,"ix":6},"o":{"a":0,"k":100,"ix":7},"sk":{"a":0,"k":0,"ix":4},"sa":{"a":0,"k":0,"ix":5},"nm":"Transform"}],"nm":"Group 1","np":2,"cix":2,"bm":0,"ix":1,"mn":"ADBE Vector Group","hd":false}],"ip":0,"op":48,"st":0,"bm":0},{"ddd":0,"ind":46,"ty":4,"nm":"Layer 4","parent":4,"sr":1,"ks":{"o":{"a":1,"k":[{"i":{"x":[0.833],"y":[0.833]},"o":{"x":[0.167],"y":[0.167]},"t":43,"s":[100]},{"t":48,"s":[0]}],"ix":11},"r":{"a":0,"k":0,"ix":10},"p":{"a":0,"k":[-7.177,-171.081,0],"ix":2},"a":{"a":0,"k":[-152.134,-421.999,0],"ix":1},"s":{"a":0,"k":[1200,1200,100],"ix":6}},"ao":0,"shapes":[{"ty":"gr","it":[{"ind":0,"ty":"sh","ix":1,"ks":{"a":0,"k":{"i":[[0,-7.875],[0,7.875]],"o":[[0,7.875],[0,-7.875]],"v":[[-144.728,-421.999],[-159.54,-421.999]],"c":true},"ix":2},"nm":"Path 1","mn":"ADBE Vector Shape - Group","hd":false},{"ty":"fl","c":{"a":0,"k":[0.811764717102,0.847058832645,0.866666674614,1],"ix":4},"o":{"a":0,"k":100,"ix":5},"r":1,"bm":0,"nm":"Fill 1","mn":"ADBE Vector Graphic - Fill","hd":false},{"ty":"tr","p":{"a":0,"k":[0,0],"ix":2},"a":{"a":0,"k":[0,0],"ix":1},"s":{"a":0,"k":[100,100],"ix":3},"r":{"a":0,"k":0,"ix":6},"o":{"a":0,"k":100,"ix":7},"sk":{"a":0,"k":0,"ix":4},"sa":{"a":0,"k":0,"ix":5},"nm":"Transform"}],"nm":"Group 1","np":2,"cix":2,"bm":0,"ix":1,"mn":"ADBE Vector Group","hd":false}],"ip":0,"op":48,"st":0,"bm":0},{"ddd":0,"ind":47,"ty":4,"nm":"Layer 3","parent":4,"sr":1,"ks":{"o":{"a":1,"k":[{"i":{"x":[0.833],"y":[0.833]},"o":{"x":[0.167],"y":[0.167]},"t":43,"s":[100]},{"t":48,"s":[0]}],"ix":11},"r":{"a":0,"k":0,"ix":10},"p":{"a":0,"k":[-7.177,-265.581,0],"ix":2},"a":{"a":0,"k":[-152.134,-429.874,0],"ix":1},"s":{"a":0,"k":[1200,1200,100],"ix":6}},"ao":0,"shapes":[{"ty":"gr","it":[{"ind":0,"ty":"sh","ix":1,"ks":{"a":0,"k":{"i":[[0,-7.875],[0,7.875]],"o":[[0,7.875],[0,-7.875]],"v":[[-144.304,-429.874],[-159.964,-429.874]],"c":true},"ix":2},"nm":"Path 1","mn":"ADBE Vector Shape - Group","hd":false},{"ty":"fl","c":{"a":0,"k":[0.811764717102,0.847058832645,0.866666674614,1],"ix":4},"o":{"a":0,"k":100,"ix":5},"r":1,"bm":0,"nm":"Fill 1","mn":"ADBE Vector Graphic - Fill","hd":false},{"ty":"tr","p":{"a":0,"k":[0,0],"ix":2},"a":{"a":0,"k":[0,0],"ix":1},"s":{"a":0,"k":[100,100],"ix":3},"r":{"a":0,"k":0,"ix":6},"o":{"a":0,"k":100,"ix":7},"sk":{"a":0,"k":0,"ix":4},"sa":{"a":0,"k":0,"ix":5},"nm":"Transform"}],"nm":"Group 1","np":2,"cix":2,"bm":0,"ix":1,"mn":"ADBE Vector Group","hd":false}],"ip":0,"op":48,"st":0,"bm":0},{"ddd":0,"ind":48,"ty":4,"nm":"Lava","parent":1,"sr":1,"ks":{"o":{"a":1,"k":[{"i":{"x":[0.833],"y":[0.833]},"o":{"x":[0.167],"y":[0.167]},"t":36,"s":[100]},{"t":44,"s":[0]}],"ix":11},"r":{"a":0,"k":0,"ix":10},"p":{"a":0,"k":[6.858,-313.577,0],"ix":2},"a":{"a":0,"k":[-150.964,-405.207,0],"ix":1},"s":{"a":1,"k":[{"i":{"x":[0,0,0.667],"y":[1,1,1]},"o":{"x":[0.333,0.333,0.333],"y":[0,0,0]},"t":7,"s":[0,0,100]},{"t":46,"s":[1200,1200,100]}],"ix":6}},"ao":0,"shapes":[{"ty":"gr","it":[{"ind":0,"ty":"sh","ix":1,"ks":{"a":0,"k":{"i":[[0,0],[-0.152,-8.953],[0,0],[0,0]],"o":[[0,0],[0,0],[0.121,-10.795],[0,0]],"v":[[-159.958,-422.839],[-156.773,-405.575],[-145.3,-405.575],[-142.304,-422.839]],"c":true},"ix":2},"nm":"Path 1","mn":"ADBE Vector Shape - Group","hd":false},{"ty":"gf","o":{"a":0,"k":100,"ix":10},"r":1,"bm":0,"g":{"p":3,"k":{"a":0,"k":[0,1,0.882,0.173,0.673,0.984,0.586,0.086,1,0.969,0.29,0],"ix":9}},"s":{"a":0,"k":[-150.633,-412.048],"ix":5},"e":{"a":0,"k":[-148.055,-419.082],"ix":6},"t":2,"h":{"a":0,"k":0,"ix":7},"a":{"a":0,"k":0,"ix":8},"nm":"volcanolavag","mn":"ADBE Vector Graphic - G-Fill","hd":false},{"ty":"tr","p":{"a":0,"k":[0,0],"ix":2},"a":{"a":0,"k":[0,0],"ix":1},"s":{"a":0,"k":[100,100],"ix":3},"r":{"a":0,"k":0,"ix":6},"o":{"a":0,"k":100,"ix":7},"sk":{"a":0,"k":0,"ix":4},"sa":{"a":0,"k":0,"ix":5},"nm":"Transform"}],"nm":"Group 1","np":2,"cix":2,"bm":0,"ix":1,"mn":"ADBE Vector Group","hd":false}],"ip":0,"op":48,"st":0,"bm":0},{"ddd":0,"ind":49,"ty":4,"nm":"Layer 1","parent":4,"sr":1,"ks":{"o":{"a":1,"k":[{"i":{"x":[0.833],"y":[0.833]},"o":{"x":[0.167],"y":[0.167]},"t":43,"s":[100]},{"t":48,"s":[0]}],"ix":11},"r":{"a":0,"k":0,"ix":10},"p":{"a":0,"k":[4.87,-130.628,0],"ix":2},"a":{"a":0,"k":[-151.13,-418.628,0],"ix":1},"s":{"a":0,"k":[1200,1200,100],"ix":6}},"ao":0,"shapes":[{"ty":"gr","it":[{"ind":0,"ty":"sh","ix":1,"ks":{"a":0,"k":{"i":[[0,-7.875],[0,7.875]],"o":[[0,7.875],[0,-7.875]],"v":[[-146.14,-418.628],[-134.29,-418.628]],"c":true},"ix":2},"nm":"Path 1","mn":"ADBE Vector Shape - Group","hd":false},{"ty":"fl","c":{"a":0,"k":[0.811764717102,0.847058832645,0.866666674614,1],"ix":4},"o":{"a":0,"k":100,"ix":5},"r":1,"bm":0,"nm":"Fill 1","mn":"ADBE Vector Graphic - Fill","hd":false},{"ty":"tr","p":{"a":0,"k":[0,0],"ix":2},"a":{"a":0,"k":[0,0],"ix":1},"s":{"a":0,"k":[100,100],"ix":3},"r":{"a":0,"k":0,"ix":6},"o":{"a":0,"k":100,"ix":7},"sk":{"a":0,"k":0,"ix":4},"sa":{"a":0,"k":0,"ix":5},"nm":"Transform"}],"nm":"Group 1","np":2,"cix":2,"bm":0,"ix":1,"mn":"ADBE Vector Group","hd":false},{"ty":"gr","it":[{"ind":0,"ty":"sh","ix":1,"ks":{"a":0,"k":{"i":[[0,-7.875],[0,7.875]],"o":[[0,7.875],[0,-7.875]],"v":[[-167.97,-418.628],[-156.12,-418.628]],"c":true},"ix":2},"nm":"Path 1","mn":"ADBE Vector Shape - Group","hd":false},{"ty":"fl","c":{"a":0,"k":[0.811764717102,0.847058832645,0.866666674614,1],"ix":4},"o":{"a":0,"k":100,"ix":5},"r":1,"bm":0,"nm":"Fill 1","mn":"ADBE Vector Graphic - Fill","hd":false},{"ty":"tr","p":{"a":0,"k":[0,0],"ix":2},"a":{"a":0,"k":[0,0],"ix":1},"s":{"a":0,"k":[100,100],"ix":3},"r":{"a":0,"k":0,"ix":6},"o":{"a":0,"k":100,"ix":7},"sk":{"a":0,"k":0,"ix":4},"sa":{"a":0,"k":0,"ix":5},"nm":"Transform"}],"nm":"Group 2","np":2,"cix":2,"bm":0,"ix":2,"mn":"ADBE Vector Group","hd":false}],"ip":0,"op":48,"st":0,"bm":0}]},{"id":"comp_1","layers":[{"ddd":0,"ind":1,"ty":4,"nm":"Shape Layer 4","sr":1,"ks":{"o":{"a":0,"k":100,"ix":11},"r":{"a":0,"k":0,"ix":10},"p":{"a":0,"k":[512,512,0],"ix":2},"a":{"a":0,"k":[0,0,0],"ix":1},"s":{"a":0,"k":[100,100,100],"ix":6}},"ao":0,"shapes":[{"ty":"gr","it":[{"ind":0,"ty":"sh","ix":1,"ks":{"a":0,"k":{"i":[[-12,-5],[-9.317,-13.199],[-9.798,-52.555],[-54,-16]],"o":[[12,5],[12,17],[11,59],[54,16]],"v":[[34,46],[76,87],[108,175],[231,309]],"c":false},"ix":2},"nm":"Path 1","mn":"ADBE Vector Shape - Group","hd":false},{"ty":"tm","s":{"a":1,"k":[{"i":{"x":[0.833],"y":[0.833]},"o":{"x":[0.167],"y":[0.167]},"t":0,"s":[0]},{"i":{"x":[0.833],"y":[0.833]},"o":{"x":[0.167],"y":[0.167]},"t":1,"s":[7]},{"t":31,"s":[100]}],"ix":1},"e":{"a":1,"k":[{"i":{"x":[0.833],"y":[0.833]},"o":{"x":[0.167],"y":[0.167]},"t":0,"s":[0]},{"i":{"x":[0.833],"y":[0.833]},"o":{"x":[0.167],"y":[0.167]},"t":31,"s":[94]},{"t":33,"s":[100]}],"ix":2},"o":{"a":0,"k":0,"ix":3},"m":1,"ix":2,"nm":"Trim Paths 1","mn":"ADBE Vector Filter - Trim","hd":false},{"ty":"st","c":{"a":0,"k":[0,0,0,1],"ix":3},"o":{"a":0,"k":100,"ix":4},"w":{"a":0,"k":11,"ix":5},"lc":2,"lj":2,"bm":0,"nm":"Stroke 1","mn":"ADBE Vector Graphic - Stroke","hd":false},{"ty":"tr","p":{"a":0,"k":[0,0],"ix":2},"a":{"a":0,"k":[0,0],"ix":1},"s":{"a":0,"k":[100,100],"ix":3},"r":{"a":0,"k":0,"ix":6},"o":{"a":0,"k":100,"ix":7},"sk":{"a":0,"k":0,"ix":4},"sa":{"a":0,"k":0,"ix":5},"nm":"Transform"}],"nm":"Shape 1","np":4,"cix":2,"bm":0,"ix":1,"mn":"ADBE Vector Group","hd":false}],"ip":0,"op":48,"st":0,"bm":0},{"ddd":0,"ind":2,"ty":4,"nm":"Shape Layer 3","sr":1,"ks":{"o":{"a":0,"k":100,"ix":11},"r":{"a":0,"k":0,"ix":10},"p":{"a":0,"k":[512,512,0],"ix":2},"a":{"a":0,"k":[0,0,0],"ix":1},"s":{"a":0,"k":[100,100,100],"ix":6}},"ao":0,"shapes":[{"ty":"gr","it":[{"ind":0,"ty":"sh","ix":1,"ks":{"a":1,"k":[{"i":{"x":0.833,"y":0.833},"o":{"x":0.167,"y":0.167},"t":-22,"s":[{"i":[[10.125,3.825],[1.688,-9.562],[-8.438,-1.275],[0,7.65]],"o":[[-10.125,-3.825],[-1.688,9.563],[8.438,1.275],[0,-7.65]],"v":[[-19.125,5.825],[-30.094,25.587],[-27.562,51.725],[-17.438,24.95]],"c":true}]},{"i":{"x":0.833,"y":0.833},"o":{"x":0.167,"y":0.167},"t":-12,"s":[{"i":[[10.125,3.825],[1.231,-9.619],[-8.438,-1.275],[-0.256,21.468]],"o":[[-10.125,-3.825],[-2.696,30.403],[8.438,1.275],[0.051,-7.65]],"v":[[-23.216,23.552],[-36.003,51.951],[-29.744,106.543],[-23.347,51.314]],"c":true}]},{"i":{"x":0.833,"y":0.833},"o":{"x":0.167,"y":0.167},"t":0,"s":[{"i":[[10.125,3.825],[0.683,-9.686],[-6.985,4.901],[-0.562,38.05]],"o":[[-10.125,-3.825],[-3.906,55.412],[19.562,-13.725],[0.113,-7.649]],"v":[[-28.125,44.825],[-39.094,83.588],[-12.562,154.725],[-26.438,82.95]],"c":true}]},{"i":{"x":0.833,"y":0.833},"o":{"x":0.167,"y":0.167},"t":13,"s":[{"i":[[10.125,3.825],[-2.662,-9.338],[-8.438,-1.275],[14.438,20.05]],"o":[[-10.125,-3.825],[10.094,35.413],[8.438,1.275],[-4.47,-6.208]],"v":[[-29.125,88.825],[-31.094,119.587],[7.438,165.725],[-18.438,118.95]],"c":true}]},{"t":25,"s":[{"i":[[0.375,-0.575],[-0.656,-0.212],[-8.438,-1.275],[2.092,1.562]],"o":[[-1.124,0.776],[1.511,0.311],[8.438,1.275],[-0.938,-0.7]],"v":[[8.75,173.45],[6.281,177.712],[13.312,181.35],[15.188,178.95]],"c":true}]}],"ix":2},"nm":"Path 1","mn":"ADBE Vector Shape - Group","hd":false},{"ty":"fl","c":{"a":0,"k":[0,0,0,1],"ix":4},"o":{"a":0,"k":100,"ix":5},"r":1,"bm":0,"nm":"Fill 1","mn":"ADBE Vector Graphic - Fill","hd":false},{"ty":"tr","p":{"a":0,"k":[0,0],"ix":2},"a":{"a":0,"k":[0,0],"ix":1},"s":{"a":0,"k":[100,100],"ix":3},"r":{"a":0,"k":0,"ix":6},"o":{"a":0,"k":100,"ix":7},"sk":{"a":0,"k":0,"ix":4},"sa":{"a":0,"k":0,"ix":5},"nm":"Transform"}],"nm":"Shape 1","np":3,"cix":2,"bm":0,"ix":1,"mn":"ADBE Vector Group","hd":false}],"ip":0,"op":26,"st":-22,"bm":0},{"ddd":0,"ind":3,"ty":4,"nm":"Shape Layer 2","sr":1,"ks":{"o":{"a":0,"k":100,"ix":11},"r":{"a":0,"k":0,"ix":10},"p":{"a":0,"k":[512,512,0],"ix":2},"a":{"a":0,"k":[0,0,0],"ix":1},"s":{"a":0,"k":[100,100,100],"ix":6}},"ao":0,"shapes":[{"ty":"gr","it":[{"ind":0,"ty":"sh","ix":1,"ks":{"a":1,"k":[{"i":{"x":0.833,"y":0.833},"o":{"x":0.167,"y":0.167},"t":26,"s":[{"i":[[10.125,3.825],[1.688,-9.562],[-8.438,-1.275],[0,7.65]],"o":[[-10.125,-3.825],[-1.688,9.563],[8.438,1.275],[0,-7.65]],"v":[[-19.125,5.825],[-30.094,25.587],[-27.562,51.725],[-17.438,24.95]],"c":true}]},{"i":{"x":0.833,"y":0.833},"o":{"x":0.167,"y":0.167},"t":36,"s":[{"i":[[10.125,3.825],[1.231,-9.619],[-8.438,-1.275],[-0.256,21.468]],"o":[[-10.125,-3.825],[-2.696,30.403],[8.438,1.275],[0.051,-7.65]],"v":[[-23.216,23.552],[-36.003,51.951],[-29.744,106.543],[-23.347,51.314]],"c":true}]},{"i":{"x":0.833,"y":0.833},"o":{"x":0.167,"y":0.167},"t":48,"s":[{"i":[[10.125,3.825],[0.683,-9.686],[-6.985,4.901],[-0.562,38.05]],"o":[[-10.125,-3.825],[-3.906,55.412],[19.562,-13.725],[0.113,-7.649]],"v":[[-28.125,44.825],[-39.094,83.588],[-12.562,154.725],[-26.438,82.95]],"c":true}]},{"i":{"x":0.833,"y":0.833},"o":{"x":0.167,"y":0.167},"t":61,"s":[{"i":[[10.125,3.825],[-2.662,-9.338],[-8.438,-1.275],[14.438,20.05]],"o":[[-10.125,-3.825],[10.094,35.413],[8.438,1.275],[-4.47,-6.208]],"v":[[-29.125,88.825],[-31.094,119.587],[7.438,165.725],[-18.438,118.95]],"c":true}]},{"t":73,"s":[{"i":[[0.375,-0.575],[-0.656,-0.212],[-8.438,-1.275],[2.092,1.562]],"o":[[-1.124,0.776],[1.511,0.311],[8.438,1.275],[-0.938,-0.7]],"v":[[8.75,173.45],[6.281,177.712],[13.312,181.35],[15.188,178.95]],"c":true}]}],"ix":2},"nm":"Path 1","mn":"ADBE Vector Shape - Group","hd":false},{"ty":"fl","c":{"a":0,"k":[0,0,0,1],"ix":4},"o":{"a":0,"k":100,"ix":5},"r":1,"bm":0,"nm":"Fill 1","mn":"ADBE Vector Graphic - Fill","hd":false},{"ty":"tr","p":{"a":0,"k":[0,0],"ix":2},"a":{"a":0,"k":[0,0],"ix":1},"s":{"a":0,"k":[100,100],"ix":3},"r":{"a":0,"k":0,"ix":6},"o":{"a":0,"k":100,"ix":7},"sk":{"a":0,"k":0,"ix":4},"sa":{"a":0,"k":0,"ix":5},"nm":"Transform"}],"nm":"Shape 1","np":3,"cix":2,"bm":0,"ix":1,"mn":"ADBE Vector Group","hd":false}],"ip":26,"op":48,"st":26,"bm":0},{"ddd":0,"ind":4,"ty":4,"nm":"Shape Layer 1","sr":1,"ks":{"o":{"a":0,"k":100,"ix":11},"r":{"a":0,"k":0,"ix":10},"p":{"a":0,"k":[512,512,0],"ix":2},"a":{"a":0,"k":[0,0,0],"ix":1},"s":{"a":0,"k":[100,100,100],"ix":6}},"ao":0,"shapes":[{"ty":"gr","it":[{"ind":0,"ty":"sh","ix":1,"ks":{"a":1,"k":[{"i":{"x":0.833,"y":0.833},"o":{"x":0.167,"y":0.167},"t":0,"s":[{"i":[[16,2],[-9,-9]],"o":[[-16,-2],[9,9]],"v":[[-77,42],[-95,71]],"c":true}]},{"i":{"x":0.833,"y":0.833},"o":{"x":0.167,"y":0.167},"t":22,"s":[{"i":[[16,2],[-21,-14]],"o":[[-16,-2],[10.59,7.06]],"v":[[-125,109],[-221,222]],"c":true}]},{"t":48,"s":[{"i":[[1.971,0.567],[-0.191,-1.076]],"o":[[-1.241,-0.357],[0.808,0.154]],"v":[[-244.346,256.308],[-247.808,258.846]],"c":true}]}],"ix":2},"nm":"Path 1","mn":"ADBE Vector Shape - Group","hd":false},{"ty":"fl","c":{"a":0,"k":[0,0,0,1],"ix":4},"o":{"a":0,"k":100,"ix":5},"r":1,"bm":0,"nm":"Fill 1","mn":"ADBE Vector Graphic - Fill","hd":false},{"ty":"tr","p":{"a":0,"k":[0,0],"ix":2},"a":{"a":0,"k":[0,0],"ix":1},"s":{"a":0,"k":[100,100],"ix":3},"r":{"a":0,"k":0,"ix":6},"o":{"a":0,"k":100,"ix":7},"sk":{"a":0,"k":0,"ix":4},"sa":{"a":0,"k":0,"ix":5},"nm":"Transform"}],"nm":"Shape 1","np":3,"cix":2,"bm":0,"ix":1,"mn":"ADBE Vector Group","hd":false}],"ip":0,"op":48,"st":0,"bm":0},{"ddd":0,"ind":5,"ty":4,"nm":"Lava","sr":1,"ks":{"o":{"a":0,"k":100,"ix":11},"r":{"a":0,"k":0,"ix":10},"p":{"a":0,"k":[504.823,699.173,0],"ix":2},"a":{"a":0,"k":[-152.134,-392.144,0],"ix":1},"s":{"a":0,"k":[1200,1200,100],"ix":6}},"ao":0,"shapes":[{"ty":"gr","it":[{"ind":0,"ty":"sh","ix":1,"ks":{"a":0,"k":{"i":[[0.971,-1.164],[0.559,-1.189],[-1.047,-1.318],[0.496,-1.186],[-1.502,-1.473],[0.049,-2.627],[-4.793,3.979],[-2.564,2.352],[-1.395,-1.943],[-1.146,0.785],[-3.205,-2.422],[-1.932,0.713],[2.186,2.006],[-0.893,0.473],[-2.229,-1.232],[-2.445,-1.801],[-2.156,-2.906],[-4.252,0.07],[3.312,6.02],[3.219,4.359],[-5.826,-7.061],[1.436,3.443],[2.256,-1.078]],"o":[[-0.965,-0.574],[-1.061,2.26],[0,0],[-1.771,4.24],[1.504,1.471],[-0.143,7.641],[8.236,-6.84],[1.082,-0.992],[1.395,1.947],[1.73,-1.188],[2.598,1.965],[1.936,-0.713],[-2.185,-2.008],[0.891,-0.475],[2.256,1.244],[5.477,4.039],[2.623,3.539],[3.9,-0.066],[-0.836,-1.514],[-0.92,-1.244],[1.772,-1.566],[-0.717,-1.721],[-1.4,-0.836]],"v":[[-154.411,-407.425],[-158.126,-406.423],[-161.63,-401.634],[-159.36,-403.337],[-167.413,-392.648],[-157.427,-402.267],[-163.761,-385.403],[-154.487,-404.831],[-154.327,-399.169],[-153.079,-404.356],[-150.317,-396.247],[-148.731,-389.833],[-149.105,-397.183],[-150.317,-404.546],[-148.448,-401.126],[-147.065,-403.692],[-140.138,-390.657],[-130.431,-383.614],[-138.149,-391.349],[-142.86,-401.396],[-137.855,-397.462],[-143.536,-406.364],[-148.353,-408.023]],"c":true},"ix":2},"nm":"Path 1","mn":"ADBE Vector Shape - Group","hd":false},{"ty":"fl","c":{"a":0,"k":[0,0,0,1],"ix":4},"o":{"a":0,"k":100,"ix":5},"r":1,"bm":0,"nm":"Fill 1","mn":"ADBE Vector Graphic - Fill","hd":false},{"ty":"tr","p":{"a":0,"k":[0,0],"ix":2},"a":{"a":0,"k":[0,0],"ix":1},"s":{"a":0,"k":[100,100],"ix":3},"r":{"a":0,"k":0,"ix":6},"o":{"a":0,"k":100,"ix":7},"sk":{"a":0,"k":0,"ix":4},"sa":{"a":0,"k":0,"ix":5},"nm":"Transform"}],"nm":"Group 1","np":2,"cix":2,"bm":0,"ix":1,"mn":"ADBE Vector Group","hd":false}],"ip":0,"op":48,"st":0,"bm":0}]}],"layers":[{"ddd":0,"ind":1,"ty":0,"nm":"volcano","parent":2,"refId":"comp_0","sr":1,"ks":{"o":{"a":0,"k":100,"ix":11},"r":{"a":0,"k":0,"ix":10},"p":{"a":0,"k":[512,512,0],"ix":2},"a":{"a":0,"k":[512,512,0],"ix":1},"s":{"a":0,"k":[100,100,100],"ix":6}},"ao":0,"w":1024,"h":1024,"ip":0,"op":12,"st":-36,"bm":0},{"ddd":0,"ind":2,"ty":0,"nm":"volcano","refId":"comp_0","sr":1,"ks":{"o":{"a":0,"k":100,"ix":11},"r":{"a":0,"k":0,"ix":10},"p":{"a":0,"k":[512,512,0],"ix":2},"a":{"a":0,"k":[512,512,0],"ix":1},"s":{"a":0,"k":[110,110,100],"ix":6}},"ao":0,"w":1024,"h":1024,"ip":12,"op":48,"st":12,"bm":0}],"markers":[]}