{"v":"5.6.2","fr":24,"ip":0,"op":48,"w":1024,"h":1024,"nm":"light_bulb","ddd":0,"assets":[{"id":"comp_0","layers":[{"ddd":0,"ind":1,"ty":4,"nm":"Layer 22","parent":11,"sr":1,"ks":{"o":{"a":0,"k":100,"ix":11},"r":{"a":0,"k":0,"ix":10},"p":{"a":0,"k":[-287.585,65.902,0],"ix":2},"a":{"a":0,"k":[-287.585,65.902,0],"ix":1},"s":{"a":0,"k":[100,100,100],"ix":6}},"ao":0,"shapes":[{"ty":"gr","it":[{"ind":0,"ty":"sh","ix":1,"ks":{"a":0,"k":{"i":[[0.507,0],[0,0],[0,0]],"o":[[0,0],[0,0],[0.507,0]],"v":[[-280.283,66.402],[-295.267,66.402],[-280.283,65.402]],"c":true},"ix":2},"nm":"Path 1","mn":"ADBE Vector Shape - Group","hd":false},{"ty":"gf","o":{"a":0,"k":100,"ix":10},"r":1,"bm":0,"g":{"p":3,"k":{"a":0,"k":[0,0.702,0.761,0.776,0.539,0.802,0.841,0.857,1,0.902,0.922,0.937],"ix":9}},"s":{"a":0,"k":[-288,66],"ix":5},"e":{"a":0,"k":[-288.073,64.956],"ix":6},"t":1,"nm":"L22G","mn":"ADBE Vector Graphic - G-Fill","hd":false},{"ty":"tr","p":{"a":0,"k":[0,0],"ix":2},"a":{"a":0,"k":[0,0],"ix":1},"s":{"a":0,"k":[100,100],"ix":3},"r":{"a":0,"k":0,"ix":6},"o":{"a":0,"k":100,"ix":7},"sk":{"a":0,"k":0,"ix":4},"sa":{"a":0,"k":0,"ix":5},"nm":"Transform"}],"nm":"Group 1","np":2,"cix":2,"bm":0,"ix":1,"mn":"ADBE Vector Group","hd":false}],"ip":0,"op":48,"st":0,"bm":0},{"ddd":0,"ind":2,"ty":4,"nm":"Layer 21","parent":11,"sr":1,"ks":{"o":{"a":0,"k":100,"ix":11},"r":{"a":0,"k":0,"ix":10},"p":{"a":0,"k":[-287.775,64.012,0],"ix":2},"a":{"a":0,"k":[-287.775,64.012,0],"ix":1},"s":{"a":0,"k":[100,100,100],"ix":6}},"ao":0,"shapes":[{"ty":"gr","it":[{"ind":0,"ty":"sh","ix":1,"ks":{"a":0,"k":{"i":[[0.507,0],[0,0],[-0.507,0],[0,0]],"o":[[0,0],[-0.507,0],[0,0],[0.507,0]],"v":[[-280.283,64.262],[-295.267,64.762],[-295.267,63.762],[-280.283,63.262]],"c":true},"ix":2},"nm":"Path 1","mn":"ADBE Vector Shape - Group","hd":false},{"ty":"gf","o":{"a":0,"k":100,"ix":10},"r":1,"bm":0,"g":{"p":3,"k":{"a":0,"k":[0,0.188,0.173,0.231,0.436,0.31,0.327,0.376,1,0.431,0.482,0.522],"ix":9}},"s":{"a":0,"k":[-288,64],"ix":5},"e":{"a":0,"k":[-288.108,62.458],"ix":6},"t":1,"nm":"L21G","mn":"ADBE Vector Graphic - G-Fill","hd":false},{"ty":"tr","p":{"a":0,"k":[0,0],"ix":2},"a":{"a":0,"k":[0,0],"ix":1},"s":{"a":0,"k":[100,100],"ix":3},"r":{"a":0,"k":0,"ix":6},"o":{"a":0,"k":100,"ix":7},"sk":{"a":0,"k":0,"ix":4},"sa":{"a":0,"k":0,"ix":5},"nm":"Transform"}],"nm":"Group 1","np":2,"cix":2,"bm":0,"ix":1,"mn":"ADBE Vector Group","hd":false}],"ip":0,"op":48,"st":0,"bm":0},{"ddd":0,"ind":3,"ty":4,"nm":"Layer 20","parent":11,"sr":1,"ks":{"o":{"a":0,"k":100,"ix":11},"r":{"a":0,"k":0,"ix":10},"p":{"a":0,"k":[-287.775,61.871,0],"ix":2},"a":{"a":0,"k":[-287.775,61.871,0],"ix":1},"s":{"a":0,"k":[100,100,100],"ix":6}},"ao":0,"shapes":[{"ty":"gr","it":[{"ind":0,"ty":"sh","ix":1,"ks":{"a":0,"k":{"i":[[0.507,0],[0,0],[-0.507,0],[0,0]],"o":[[0,0],[-0.507,0],[0,0],[0.507,0]],"v":[[-280.283,62.121],[-295.267,62.621],[-295.267,61.621],[-280.283,61.121]],"c":true},"ix":2},"nm":"Path 1","mn":"ADBE Vector Shape - Group","hd":false},{"ty":"gf","o":{"a":0,"k":100,"ix":10},"r":1,"bm":0,"g":{"p":3,"k":{"a":0,"k":[0,0.188,0.173,0.231,0.436,0.31,0.327,0.376,1,0.431,0.482,0.522],"ix":9}},"s":{"a":0,"k":[-288,62],"ix":5},"e":{"a":0,"k":[-288.108,60.458],"ix":6},"t":1,"nm":"L20G","mn":"ADBE Vector Graphic - G-Fill","hd":false},{"ty":"tr","p":{"a":0,"k":[0,0],"ix":2},"a":{"a":0,"k":[0,0],"ix":1},"s":{"a":0,"k":[100,100],"ix":3},"r":{"a":0,"k":0,"ix":6},"o":{"a":0,"k":100,"ix":7},"sk":{"a":0,"k":0,"ix":4},"sa":{"a":0,"k":0,"ix":5},"nm":"Transform"}],"nm":"Group 1","np":2,"cix":2,"bm":0,"ix":1,"mn":"ADBE Vector Group","hd":false}],"ip":0,"op":48,"st":0,"bm":0},{"ddd":0,"ind":4,"ty":4,"nm":"Layer 19","parent":11,"sr":1,"ks":{"o":{"a":0,"k":100,"ix":11},"r":{"a":0,"k":0,"ix":10},"p":{"a":0,"k":[-287.775,59.73,0],"ix":2},"a":{"a":0,"k":[-287.775,59.73,0],"ix":1},"s":{"a":0,"k":[100,100,100],"ix":6}},"ao":0,"shapes":[{"ty":"gr","it":[{"ind":0,"ty":"sh","ix":1,"ks":{"a":0,"k":{"i":[[0.507,0],[0,0],[-0.507,0],[0,0]],"o":[[0,0],[-0.507,0],[0,0],[0.507,0]],"v":[[-280.283,59.98],[-295.267,60.48],[-295.267,59.48],[-280.283,58.98]],"c":true},"ix":2},"nm":"Path 1","mn":"ADBE Vector Shape - Group","hd":false},{"ty":"gf","o":{"a":0,"k":100,"ix":10},"r":1,"bm":0,"g":{"p":3,"k":{"a":0,"k":[0,0.188,0.173,0.231,0.436,0.31,0.327,0.376,1,0.431,0.482,0.522],"ix":9}},"s":{"a":0,"k":[-288,60],"ix":5},"e":{"a":0,"k":[-288.108,58.458],"ix":6},"t":1,"nm":"L19G","mn":"ADBE Vector Graphic - G-Fill","hd":false},{"ty":"tr","p":{"a":0,"k":[0,0],"ix":2},"a":{"a":0,"k":[0,0],"ix":1},"s":{"a":0,"k":[100,100],"ix":3},"r":{"a":0,"k":0,"ix":6},"o":{"a":0,"k":100,"ix":7},"sk":{"a":0,"k":0,"ix":4},"sa":{"a":0,"k":0,"ix":5},"nm":"Transform"}],"nm":"Group 1","np":2,"cix":2,"bm":0,"ix":1,"mn":"ADBE Vector Group","hd":false}],"ip":0,"op":48,"st":0,"bm":0},{"ddd":0,"ind":5,"ty":4,"nm":"Layer 18","parent":11,"sr":1,"ks":{"o":{"a":0,"k":100,"ix":11},"r":{"a":0,"k":0,"ix":10},"p":{"a":0,"k":[-287.775,57.371,0],"ix":2},"a":{"a":0,"k":[-287.775,57.371,0],"ix":1},"s":{"a":0,"k":[100,100,100],"ix":6}},"ao":0,"shapes":[{"ty":"gr","it":[{"ind":0,"ty":"sh","ix":1,"ks":{"a":0,"k":{"i":[[0,0],[0,0],[0,0],[0,0]],"o":[[0,0],[0,0],[0,0],[0,0]],"v":[[-280.014,58.559],[-295.536,58.559],[-295.536,56.184],[-280.014,56.184]],"c":true},"ix":2},"nm":"Path 1","mn":"ADBE Vector Shape - Group","hd":false},{"ty":"gf","o":{"a":0,"k":100,"ix":10},"r":1,"bm":0,"g":{"p":5,"k":{"a":0,"k":[0,0.702,0.761,0.776,0.135,0.802,0.841,0.857,0.364,0.902,0.922,0.937,0.603,0.802,0.841,0.857,0.842,0.702,0.761,0.776],"ix":9}},"s":{"a":0,"k":[-296,57],"ix":5},"e":{"a":0,"k":[-280.479,57],"ix":6},"t":1,"nm":"L18G","mn":"ADBE Vector Graphic - G-Fill","hd":false},{"ty":"tr","p":{"a":0,"k":[0,0],"ix":2},"a":{"a":0,"k":[0,0],"ix":1},"s":{"a":0,"k":[100,100],"ix":3},"r":{"a":0,"k":0,"ix":6},"o":{"a":0,"k":100,"ix":7},"sk":{"a":0,"k":0,"ix":4},"sa":{"a":0,"k":0,"ix":5},"nm":"Transform"}],"nm":"Group 1","np":2,"cix":2,"bm":0,"ix":1,"mn":"ADBE Vector Group","hd":false}],"ip":0,"op":48,"st":0,"bm":0},{"ddd":0,"ind":6,"ty":4,"nm":"Layer 17","parent":11,"sr":1,"ks":{"o":{"a":0,"k":100,"ix":11},"r":{"a":0,"k":0,"ix":10},"p":{"a":0,"k":[-287.775,56.697,0],"ix":2},"a":{"a":0,"k":[-287.775,56.697,0],"ix":1},"s":{"a":0,"k":[100,100,100],"ix":6}},"ao":0,"shapes":[{"ty":"gr","it":[{"ind":0,"ty":"sh","ix":1,"ks":{"a":0,"k":{"i":[[0,0],[3.369,1.927],[0,0],[0,0]],"o":[[-3.369,1.927],[0,0],[0,0],[0,0]],"v":[[-280.014,56.184],[-295.536,56.184],[-295.78,55.765],[-279.77,55.765]],"c":true},"ix":2},"nm":"Path 1","mn":"ADBE Vector Shape - Group","hd":false},{"ty":"gf","o":{"a":0,"k":100,"ix":10},"r":1,"bm":0,"g":{"p":5,"k":{"a":0,"k":[0,0.702,0.761,0.776,0.108,0.775,0.816,0.833,0.291,0.847,0.871,0.89,0.521,0.775,0.816,0.833,0.752,0.702,0.761,0.776],"ix":9}},"s":{"a":0,"k":[-296,56],"ix":5},"e":{"a":0,"k":[-279.99,56],"ix":6},"t":1,"nm":"L17G","mn":"ADBE Vector Graphic - G-Fill","hd":false},{"ty":"tr","p":{"a":0,"k":[0,0],"ix":2},"a":{"a":0,"k":[0,0],"ix":1},"s":{"a":0,"k":[100,100],"ix":3},"r":{"a":0,"k":0,"ix":6},"o":{"a":0,"k":100,"ix":7},"sk":{"a":0,"k":0,"ix":4},"sa":{"a":0,"k":0,"ix":5},"nm":"Transform"}],"nm":"Group 1","np":2,"cix":2,"bm":0,"ix":1,"mn":"ADBE Vector Group","hd":false}],"ip":0,"op":48,"st":0,"bm":0},{"ddd":0,"ind":7,"ty":4,"nm":"Layer 16","parent":11,"sr":1,"ks":{"o":{"a":1,"k":[{"i":{"x":[0.833],"y":[1]},"o":{"x":[0.167],"y":[0]},"t":2,"s":[0]},{"i":{"x":[0.833],"y":[1]},"o":{"x":[0.167],"y":[0]},"t":10,"s":[100]},{"i":{"x":[0.833],"y":[1]},"o":{"x":[0.167],"y":[0]},"t":23,"s":[100]},{"i":{"x":[0.833],"y":[1]},"o":{"x":[0.167],"y":[0]},"t":26,"s":[0]},{"i":{"x":[0.833],"y":[1]},"o":{"x":[0.167],"y":[0]},"t":28,"s":[50]},{"t":30,"s":[0]}],"ix":11},"r":{"a":0,"k":0,"ix":10},"p":{"a":0,"k":[-287.778,34.701,0],"ix":2},"a":{"a":0,"k":[-287.778,34.701,0],"ix":1},"s":{"a":0,"k":[100,100,100],"ix":6}},"ao":0,"shapes":[{"ty":"gr","it":[{"ind":0,"ty":"sh","ix":1,"ks":{"a":0,"k":{"i":[[-1.289,-0.812],[-2.456,1.551],[-1.192,0.769],[-0.109,-0.07]],"o":[[1.75,1.105],[1.287,-0.811],[0.109,-0.07],[1.18,0.761]],"v":[[-285.077,57.288],[-290.403,57.288],[-290.092,46.778],[-285.385,46.778]],"c":true},"ix":2},"nm":"Path 1","mn":"ADBE Vector Shape - Group","hd":false},{"ty":"gf","o":{"a":0,"k":100,"ix":10},"r":1,"bm":0,"g":{"p":3,"k":{"a":0,"k":[0,1,1,1,0.721,0.7,0.7,0.7,1,0.4,0.4,0.4],"ix":9}},"s":{"a":0,"k":[144.936,51.363],"ix":5},"e":{"a":0,"k":[0,0],"ix":6},"t":2,"h":{"a":0,"k":0,"ix":7},"a":{"a":0,"k":0,"ix":8},"nm":"1L16G","mn":"ADBE Vector Graphic - G-Fill","hd":false},{"ty":"tr","p":{"a":0,"k":[0,0],"ix":2},"a":{"a":0,"k":[0,0],"ix":1},"s":{"a":0,"k":[100,100],"ix":3},"r":{"a":0,"k":0,"ix":6},"o":{"a":0,"k":50,"ix":7},"sk":{"a":0,"k":0,"ix":4},"sa":{"a":0,"k":0,"ix":5},"nm":"Transform"}],"nm":"Group 1","np":2,"cix":2,"bm":0,"ix":1,"mn":"ADBE Vector Group","hd":false},{"ty":"gr","it":[{"ind":0,"ty":"sh","ix":1,"ks":{"a":0,"k":{"i":[[0.582,-0.542],[0.047,0.043],[-0.518,0.535],[-0.4,-0.414]],"o":[[-0.07,0.065],[-0.584,-0.535],[0.399,-0.414],[0.511,0.53]],"v":[[-286.602,46.776],[-288.911,46.776],[-288.776,40.124],[-286.735,40.124]],"c":true},"ix":2},"nm":"Path 1","mn":"ADBE Vector Shape - Group","hd":false},{"ty":"gf","o":{"a":0,"k":100,"ix":10},"r":1,"bm":0,"g":{"p":3,"k":{"a":0,"k":[0,1,1,1,0.721,0.7,0.7,0.7,1,0.4,0.4,0.4],"ix":9}},"s":{"a":0,"k":[-288,43],"ix":5},"e":{"a":0,"k":[-285.304,43],"ix":6},"t":2,"h":{"a":0,"k":0,"ix":7},"a":{"a":0,"k":0,"ix":8},"nm":"2L16G","mn":"ADBE Vector Graphic - G-Fill","hd":false},{"ty":"tr","p":{"a":0,"k":[0,0],"ix":2},"a":{"a":0,"k":[0,0],"ix":1},"s":{"a":0,"k":[100,100],"ix":3},"r":{"a":0,"k":0,"ix":6},"o":{"a":0,"k":50,"ix":7},"sk":{"a":0,"k":0,"ix":4},"sa":{"a":0,"k":0,"ix":5},"nm":"Transform"}],"nm":"Group 2","np":2,"cix":2,"bm":0,"ix":2,"mn":"ADBE Vector Group","hd":false},{"ty":"gr","it":[{"ind":0,"ty":"sh","ix":1,"ks":{"a":0,"k":{"i":[[1.492,-12.375],[-0.01,0.059],[0,0],[0,0]],"o":[[-0.008,0.061],[1.855,-11.253],[0,0],[0,0]],"v":[[-289.211,57.936],[-288.987,57.859],[-295.79,26.138],[-296.014,26.215]],"c":true},"ix":2},"nm":"Path 1","mn":"ADBE Vector Shape - Group","hd":false},{"ty":"gf","o":{"a":0,"k":100,"ix":10},"r":1,"bm":0,"g":{"p":3,"k":{"a":0,"k":[0.57,0.2,0.2,0.2,0.69,0.551,0.551,0.551,0.842,0.902,0.902,0.902],"ix":9}},"s":{"a":0,"k":[-1741.74,57],"ix":5},"e":{"a":0,"k":[-1741.74,88.821],"ix":6},"t":1,"nm":"3L16G","mn":"ADBE Vector Graphic - G-Fill","hd":false},{"ty":"tr","p":{"a":0,"k":[0,0],"ix":2},"a":{"a":0,"k":[0,0],"ix":1},"s":{"a":0,"k":[100,100],"ix":3},"r":{"a":0,"k":0,"ix":6},"o":{"a":0,"k":50,"ix":7},"sk":{"a":0,"k":0,"ix":4},"sa":{"a":0,"k":0,"ix":5},"nm":"Transform"}],"nm":"Group 3","np":2,"cix":2,"bm":0,"ix":3,"mn":"ADBE Vector Group","hd":false},{"ty":"gr","it":[{"ind":0,"ty":"sh","ix":1,"ks":{"a":0,"k":{"i":[[-1.491,-12.375],[0.01,0.059],[0,0],[0,0]],"o":[[0.007,0.061],[-1.855,-11.253],[0,0],[0,0]],"v":[[-286.343,57.936],[-286.569,57.859],[-279.766,26.138],[-279.541,26.215]],"c":true},"ix":2},"nm":"Path 1","mn":"ADBE Vector Shape - Group","hd":false},{"ty":"gf","o":{"a":0,"k":100,"ix":10},"r":1,"bm":0,"g":{"p":3,"k":{"a":0,"k":[0.57,0.2,0.2,0.2,0.69,0.551,0.551,0.551,0.842,0.902,0.902,0.902],"ix":9}},"s":{"a":0,"k":[-284,57],"ix":5},"e":{"a":0,"k":[-284,25.179],"ix":6},"t":1,"nm":"4L16G","mn":"ADBE Vector Graphic - G-Fill","hd":false},{"ty":"tr","p":{"a":0,"k":[0,0],"ix":2},"a":{"a":0,"k":[0,0],"ix":1},"s":{"a":0,"k":[100,100],"ix":3},"r":{"a":0,"k":0,"ix":6},"o":{"a":0,"k":50,"ix":7},"sk":{"a":0,"k":0,"ix":4},"sa":{"a":0,"k":0,"ix":5},"nm":"Transform"}],"nm":"Group 4","np":2,"cix":2,"bm":0,"ix":4,"mn":"ADBE Vector Group","hd":false},{"ty":"gr","it":[{"ty":"gr","it":[{"ind":0,"ty":"sh","ix":1,"ks":{"a":0,"k":{"i":[[-0.5,-0.689],[0,0],[-1.571,0.435],[0.908,-1.055],[0,0],[1.353,-0.41]],"o":[[5.006,-1.367],[0,0],[-1.619,0.181],[-5.609,-0.949],[0,0],[1.21,-0.075]],"v":[[-292.501,29.111],[-283.007,29.115],[-279.792,26.596],[-283.135,28.693],[-292.39,28.708],[-295.638,26.976]],"c":true},"ix":2},"nm":"Path 1","mn":"ADBE Vector Shape - Group","hd":false},{"ty":"gf","o":{"a":0,"k":100,"ix":10},"r":1,"bm":0,"g":{"p":3,"k":{"a":0,"k":[0.57,0.2,0.2,0.2,0.69,0.551,0.551,0.551,0.842,0.902,0.902,0.902],"ix":9}},"s":{"a":0,"k":[-296,27],"ix":5},"e":{"a":0,"k":[-280.153,27],"ix":6},"t":1,"nm":"5L16G","mn":"ADBE Vector Graphic - G-Fill","hd":false},{"ty":"tr","p":{"a":0,"k":[0,0],"ix":2},"a":{"a":0,"k":[0,0],"ix":1},"s":{"a":0,"k":[100,100],"ix":3},"r":{"a":0,"k":0,"ix":6},"o":{"a":0,"k":100,"ix":7},"sk":{"a":0,"k":0,"ix":4},"sa":{"a":0,"k":0,"ix":5},"nm":"Transform"}],"nm":"Group 1","np":2,"cix":2,"bm":0,"ix":1,"mn":"ADBE Vector Group","hd":false},{"ty":"tr","p":{"a":0,"k":[0,0],"ix":2},"a":{"a":0,"k":[0,0],"ix":1},"s":{"a":0,"k":[100,100],"ix":3},"r":{"a":0,"k":0,"ix":6},"o":{"a":0,"k":50,"ix":7},"sk":{"a":0,"k":0,"ix":4},"sa":{"a":0,"k":0,"ix":5},"nm":"Transform"}],"nm":"Group 5","np":1,"cix":2,"bm":0,"ix":5,"mn":"ADBE Vector Group","hd":false},{"ty":"gr","it":[{"ty":"gr","it":[{"ty":"gr","it":[{"ind":0,"ty":"sh","ix":1,"ks":{"a":0,"k":{"i":[[0,0],[0,0],[0,0],[0,0]],"o":[[0,0],[0,0],[0,0],[0,0]],"v":[[-286.908,40.815],[-287.133,40.74],[-283.232,28.886],[-283.007,28.963]],"c":true},"ix":2},"nm":"Path 1","mn":"ADBE Vector Shape - Group","hd":false},{"ty":"gf","o":{"a":0,"k":100,"ix":10},"r":1,"bm":0,"g":{"p":3,"k":{"a":0,"k":[0.57,0.2,0.2,0.2,0.69,0.551,0.551,0.551,0.842,0.902,0.902,0.902],"ix":9}},"s":{"a":0,"k":[-286,40],"ix":5},"e":{"a":0,"k":[-286,28.07],"ix":6},"t":1,"nm":"6L16G","mn":"ADBE Vector Graphic - G-Fill","hd":false},{"ty":"tr","p":{"a":0,"k":[0,0],"ix":2},"a":{"a":0,"k":[0,0],"ix":1},"s":{"a":0,"k":[100,100],"ix":3},"r":{"a":0,"k":0,"ix":6},"o":{"a":0,"k":100,"ix":7},"sk":{"a":0,"k":0,"ix":4},"sa":{"a":0,"k":0,"ix":5},"nm":"Transform"}],"nm":"Group 1","np":2,"cix":2,"bm":0,"ix":1,"mn":"ADBE Vector Group","hd":false},{"ty":"tr","p":{"a":0,"k":[0,0],"ix":2},"a":{"a":0,"k":[0,0],"ix":1},"s":{"a":0,"k":[100,100],"ix":3},"r":{"a":0,"k":0,"ix":6},"o":{"a":0,"k":100,"ix":7},"sk":{"a":0,"k":0,"ix":4},"sa":{"a":0,"k":0,"ix":5},"nm":"Transform"}],"nm":"Group 1","np":1,"cix":2,"bm":0,"ix":1,"mn":"ADBE Vector Group","hd":false},{"ty":"gr","it":[{"ty":"gr","it":[{"ind":0,"ty":"sh","ix":1,"ks":{"a":0,"k":{"i":[[0,0],[0,0],[0,0],[0,0]],"o":[[0,0],[0,0],[0,0],[0,0]],"v":[[-288.649,40.815],[-292.549,28.963],[-292.325,28.886],[-288.424,40.74]],"c":true},"ix":2},"nm":"Path 1","mn":"ADBE Vector Shape - Group","hd":false},{"ty":"gf","o":{"a":0,"k":100,"ix":10},"r":1,"bm":0,"g":{"p":3,"k":{"a":0,"k":[0.57,0.2,0.2,0.2,0.69,0.551,0.551,0.551,0.842,0.902,0.902,0.902],"ix":9}},"s":{"a":0,"k":[-291,40],"ix":5},"e":{"a":0,"k":[-291,28.07],"ix":6},"t":1,"nm":"616L16G","mn":"ADBE Vector Graphic - G-Fill","hd":false},{"ty":"tr","p":{"a":0,"k":[0,0],"ix":2},"a":{"a":0,"k":[0,0],"ix":1},"s":{"a":0,"k":[100,100],"ix":3},"r":{"a":0,"k":0,"ix":6},"o":{"a":0,"k":100,"ix":7},"sk":{"a":0,"k":0,"ix":4},"sa":{"a":0,"k":0,"ix":5},"nm":"Transform"}],"nm":"Group 1","np":2,"cix":2,"bm":0,"ix":1,"mn":"ADBE Vector Group","hd":false},{"ty":"tr","p":{"a":0,"k":[0,0],"ix":2},"a":{"a":0,"k":[0,0],"ix":1},"s":{"a":0,"k":[100,100],"ix":3},"r":{"a":0,"k":0,"ix":6},"o":{"a":0,"k":100,"ix":7},"sk":{"a":0,"k":0,"ix":4},"sa":{"a":0,"k":0,"ix":5},"nm":"Transform"}],"nm":"Group 2","np":1,"cix":2,"bm":0,"ix":2,"mn":"ADBE Vector Group","hd":false},{"ty":"tr","p":{"a":0,"k":[0,0],"ix":2},"a":{"a":0,"k":[0,0],"ix":1},"s":{"a":0,"k":[100,100],"ix":3},"r":{"a":0,"k":0,"ix":6},"o":{"a":0,"k":50,"ix":7},"sk":{"a":0,"k":0,"ix":4},"sa":{"a":0,"k":0,"ix":5},"nm":"Transform"}],"nm":"Group 6","np":2,"cix":2,"bm":0,"ix":6,"mn":"ADBE Vector Group","hd":false},{"ty":"gr","it":[{"ind":0,"ty":"sh","ix":1,"ks":{"a":0,"k":{"i":[[6.471,-5.037],[3.977,5.235],[-6.47,5.041],[-3.986,-5.239]],"o":[[-6.469,5.046],[-3.987,-5.243],[6.471,-5.048],[3.988,5.241]],"v":[[-284.491,35.97],[-303.411,35.622],[-298.913,17.006],[-279.985,17.355]],"c":true},"ix":2},"nm":"Path 1","mn":"ADBE Vector Shape - Group","hd":false},{"ty":"gf","o":{"a":0,"k":100,"ix":10},"r":1,"bm":0,"g":{"p":3,"k":{"a":0,"k":[0,1,1,1,0.552,1,1,1,1,1,1,1,0,0.6,0.552,0.3,1,0],"ix":9}},"s":{"a":0,"k":[-406.236,354.765],"ix":5},"e":{"a":0,"k":[-392.284,383.653],"ix":6},"t":2,"h":{"a":0,"k":0,"ix":7},"a":{"a":0,"k":0,"ix":8},"nm":"7L16G","mn":"ADBE Vector Graphic - G-Fill","hd":false},{"ty":"tr","p":{"a":0,"k":[0,0],"ix":2},"a":{"a":0,"k":[0,0],"ix":1},"s":{"a":0,"k":[100,100],"ix":3},"r":{"a":0,"k":0,"ix":6},"o":{"a":0,"k":100,"ix":7},"sk":{"a":0,"k":0,"ix":4},"sa":{"a":0,"k":0,"ix":5},"nm":"Transform"}],"nm":"Group 7","np":2,"cix":2,"bm":0,"ix":7,"mn":"ADBE Vector Group","hd":false},{"ty":"gr","it":[{"ind":0,"ty":"sh","ix":1,"ks":{"a":0,"k":{"i":[[0,7.643],[11.027,0],[0,-9.816],[-3.137,-6.317],[-1.817,-1.501],[0,0],[0,0],[-1.057,2.129]],"o":[[0,-9.816],[-11.025,0],[0,7.643],[1.056,2.129],[0,0],[0,0],[1.817,-1.501],[3.136,-6.317]],"v":[[-267.778,28.914],[-287.778,11.111],[-307.777,28.914],[-298.653,48.974],[-295.78,55.765],[-287.778,56.102],[-279.77,55.765],[-276.901,48.974]],"c":true},"ix":2},"nm":"Path 1","mn":"ADBE Vector Shape - Group","hd":false},{"ty":"gf","o":{"a":0,"k":100,"ix":10},"r":1,"bm":0,"g":{"p":3,"k":{"a":0,"k":[0,1,1,1,0.721,0.8,0.8,0.8,1,0.6,0.6,0.6],"ix":9}},"s":{"a":0,"k":[-290.961,33],"ix":5},"e":{"a":0,"k":[-269.823,29.695],"ix":6},"t":2,"h":{"a":0,"k":0,"ix":7},"a":{"a":0,"k":0,"ix":8},"nm":"8L16G","mn":"ADBE Vector Graphic - G-Fill","hd":false},{"ty":"tr","p":{"a":0,"k":[0,0],"ix":2},"a":{"a":0,"k":[0,0],"ix":1},"s":{"a":0,"k":[100,100],"ix":3},"r":{"a":0,"k":0,"ix":6},"o":{"a":0,"k":100,"ix":7},"sk":{"a":0,"k":0,"ix":4},"sa":{"a":0,"k":0,"ix":5},"nm":"Transform"}],"nm":"Group 8","np":2,"cix":2,"bm":0,"ix":8,"mn":"ADBE Vector Group","hd":false}],"ip":0,"op":48,"st":0,"bm":0},{"ddd":0,"ind":8,"ty":4,"nm":"Layer 15","parent":11,"sr":1,"ks":{"o":{"a":0,"k":100,"ix":11},"r":{"a":0,"k":0,"ix":10},"p":{"a":0,"k":[-287.775,57.493,0],"ix":2},"a":{"a":0,"k":[-287.775,57.493,0],"ix":1},"s":{"a":0,"k":[100,100,100],"ix":6}},"ao":0,"shapes":[{"ty":"gr","it":[{"ind":0,"ty":"sh","ix":1,"ks":{"a":0,"k":{"i":[[0,0],[0,0],[0,0],[-1.864,-3.403]],"o":[[0,0],[0,0],[1.864,-3.403],[0,0]],"v":[[-280.283,58.98],[-295.267,58.98],[-295.536,58.559],[-280.014,58.559]],"c":true},"ix":2},"nm":"Path 1","mn":"ADBE Vector Shape - Group","hd":false},{"ty":"gf","o":{"a":0,"k":100,"ix":10},"r":1,"bm":0,"g":{"p":5,"k":{"a":0,"k":[0,0.702,0.761,0.776,0.108,0.775,0.816,0.833,0.291,0.847,0.871,0.89,0.521,0.775,0.816,0.833,0.752,0.702,0.761,0.776],"ix":9}},"s":{"a":0,"k":[-296,57],"ix":5},"e":{"a":0,"k":[-280.479,57],"ix":6},"t":1,"nm":"L15G","mn":"ADBE Vector Graphic - G-Fill","hd":false},{"ty":"tr","p":{"a":0,"k":[0,0],"ix":2},"a":{"a":0,"k":[0,0],"ix":1},"s":{"a":0,"k":[100,100],"ix":3},"r":{"a":0,"k":0,"ix":6},"o":{"a":0,"k":100,"ix":7},"sk":{"a":0,"k":0,"ix":4},"sa":{"a":0,"k":0,"ix":5},"nm":"Transform"}],"nm":"Group 1","np":2,"cix":2,"bm":0,"ix":1,"mn":"ADBE Vector Group","hd":false}],"ip":0,"op":48,"st":0,"bm":0},{"ddd":0,"ind":9,"ty":4,"nm":"Layer 14","parent":11,"sr":1,"ks":{"o":{"a":0,"k":100,"ix":11},"r":{"a":0,"k":0,"ix":10},"p":{"a":0,"k":[-287.775,62.814,0],"ix":2},"a":{"a":0,"k":[-287.775,62.814,0],"ix":1},"s":{"a":0,"k":[100,100,100],"ix":6}},"ao":0,"shapes":[{"ty":"gr","it":[{"ind":0,"ty":"sh","ix":1,"ks":{"a":0,"k":{"i":[[2.648,-2.648],[0,0],[0,0],[0,0],[0,0],[0,0]],"o":[[0,0],[0,0],[0,0],[0,0],[0,0],[-2.648,-2.648]],"v":[[-295.267,58.98],[-295.267,66.402],[-292.988,68.634],[-282.567,68.634],[-280.283,66.402],[-280.283,58.98]],"c":true},"ix":2},"nm":"Path 1","mn":"ADBE Vector Shape - Group","hd":false},{"ty":"gf","o":{"a":0,"k":100,"ix":10},"r":1,"bm":0,"g":{"p":5,"k":{"a":0,"k":[0,0.702,0.761,0.776,0.108,0.802,0.841,0.857,0.291,0.902,0.922,0.937,0.521,0.802,0.841,0.857,0.752,0.702,0.761,0.776],"ix":9}},"s":{"a":0,"k":[-296,62],"ix":5},"e":{"a":0,"k":[-279.64,62],"ix":6},"t":1,"nm":"L14G","mn":"ADBE Vector Graphic - G-Fill","hd":false},{"ty":"tr","p":{"a":0,"k":[0,0],"ix":2},"a":{"a":0,"k":[0,0],"ix":1},"s":{"a":0,"k":[100,100],"ix":3},"r":{"a":0,"k":0,"ix":6},"o":{"a":0,"k":100,"ix":7},"sk":{"a":0,"k":0,"ix":4},"sa":{"a":0,"k":0,"ix":5},"nm":"Transform"}],"nm":"Group 1","np":2,"cix":2,"bm":0,"ix":1,"mn":"ADBE Vector Group","hd":false}],"ip":0,"op":48,"st":0,"bm":0},{"ddd":0,"ind":10,"ty":4,"nm":"Layer 13","parent":11,"sr":1,"ks":{"o":{"a":0,"k":100,"ix":11},"r":{"a":0,"k":0,"ix":10},"p":{"a":0,"k":[-287.777,69.04,0],"ix":2},"a":{"a":0,"k":[-287.777,69.04,0],"ix":1},"s":{"a":0,"k":[100,100,100],"ix":6}},"ao":0,"shapes":[{"ty":"gr","it":[{"ind":0,"ty":"sh","ix":1,"ks":{"a":0,"k":{"i":[[1.843,-1.842],[0,0],[0,0],[0,0],[0,0],[0,0]],"o":[[0,0],[0,0],[0,0],[0,0],[0,0],[-1.843,-1.842]],"v":[[-292.988,68.634],[-292.988,68.934],[-289.576,70.828],[-285.979,70.828],[-282.567,68.934],[-282.567,68.634]],"c":true},"ix":2},"nm":"Path 1","mn":"ADBE Vector Shape - Group","hd":false},{"ty":"gf","o":{"a":0,"k":100,"ix":10},"r":1,"bm":0,"g":{"p":3,"k":{"a":0,"k":[0.145,0.925,0.945,0.961,0.646,0.861,0.888,0.906,1,0.796,0.831,0.851],"ix":9}},"s":{"a":0,"k":[-293,69],"ix":5},"e":{"a":0,"k":[-282.579,69],"ix":6},"t":1,"nm":"L13G","mn":"ADBE Vector Graphic - G-Fill","hd":false},{"ty":"tr","p":{"a":0,"k":[0,0],"ix":2},"a":{"a":0,"k":[0,0],"ix":1},"s":{"a":0,"k":[100,100],"ix":3},"r":{"a":0,"k":0,"ix":6},"o":{"a":0,"k":100,"ix":7},"sk":{"a":0,"k":0,"ix":4},"sa":{"a":0,"k":0,"ix":5},"nm":"Transform"}],"nm":"Group 1","np":2,"cix":2,"bm":0,"ix":1,"mn":"ADBE Vector Group","hd":false}],"ip":0,"op":48,"st":0,"bm":0},{"ddd":0,"ind":11,"ty":4,"nm":"Layer 5","parent":22,"sr":1,"ks":{"o":{"a":0,"k":100,"ix":11},"r":{"a":0,"k":0,"ix":10},"p":{"a":0,"k":[-287.778,70.628,0],"ix":2},"a":{"a":0,"k":[-287.778,70.628,0],"ix":1},"s":{"a":0,"k":[100,100,100],"ix":6}},"ao":0,"shapes":[{"ty":"gr","it":[{"ind":0,"ty":"sh","ix":1,"ks":{"a":0,"k":{"i":[[0,-0.864],[0,0.424]],"o":[[0,0.424],[0,-0.864]],"v":[[-286.401,70.793],[-289.155,70.793]],"c":true},"ix":2},"nm":"Path 1","mn":"ADBE Vector Shape - Group","hd":false},{"ty":"fl","c":{"a":0,"k":[0.43137255311,0.505882382393,0.537254929543,1],"ix":4},"o":{"a":0,"k":100,"ix":5},"r":1,"bm":0,"nm":"Fill 1","mn":"ADBE Vector Graphic - Fill","hd":false},{"ty":"tr","p":{"a":0,"k":[0,0],"ix":2},"a":{"a":0,"k":[0,0],"ix":1},"s":{"a":0,"k":[100,100],"ix":3},"r":{"a":0,"k":0,"ix":6},"o":{"a":0,"k":100,"ix":7},"sk":{"a":0,"k":0,"ix":4},"sa":{"a":0,"k":0,"ix":5},"nm":"Transform"}],"nm":"Group 1","np":2,"cix":2,"bm":0,"ix":1,"mn":"ADBE Vector Group","hd":false}],"ip":0,"op":48,"st":0,"bm":0},{"ddd":0,"ind":12,"ty":4,"nm":"Layer 11","parent":22,"sr":1,"ks":{"o":{"a":0,"k":100,"ix":11},"r":{"a":0,"k":0,"ix":10},"p":{"a":0,"k":[-287.585,65.902,0],"ix":2},"a":{"a":0,"k":[-287.585,65.902,0],"ix":1},"s":{"a":0,"k":[100,100,100],"ix":6}},"ao":0,"shapes":[{"ty":"gr","it":[{"ind":0,"ty":"sh","ix":1,"ks":{"a":0,"k":{"i":[[0.507,0],[0,0],[0,0]],"o":[[0,0],[0,0],[0.507,0]],"v":[[-280.283,66.402],[-295.267,66.402],[-280.283,65.402]],"c":true},"ix":2},"nm":"Path 1","mn":"ADBE Vector Shape - Group","hd":false},{"ty":"gf","o":{"a":0,"k":100,"ix":10},"r":1,"bm":0,"g":{"p":3,"k":{"a":0,"k":[0,1,0,0.055,0.661,0.906,0,0.027,1,0.812,0,0],"ix":9}},"s":{"a":0,"k":[-288,66],"ix":5},"e":{"a":0,"k":[-288.073,64.956],"ix":6},"t":1,"nm":"L11G","mn":"ADBE Vector Graphic - G-Fill","hd":false},{"ty":"tr","p":{"a":0,"k":[0,0],"ix":2},"a":{"a":0,"k":[0,0],"ix":1},"s":{"a":0,"k":[100,100],"ix":3},"r":{"a":0,"k":0,"ix":6},"o":{"a":0,"k":100,"ix":7},"sk":{"a":0,"k":0,"ix":4},"sa":{"a":0,"k":0,"ix":5},"nm":"Transform"}],"nm":"Group 1","np":2,"cix":2,"bm":0,"ix":1,"mn":"ADBE Vector Group","hd":false}],"ip":0,"op":48,"st":0,"bm":0},{"ddd":0,"ind":13,"ty":4,"nm":"Layer 10","parent":22,"sr":1,"ks":{"o":{"a":0,"k":100,"ix":11},"r":{"a":0,"k":0,"ix":10},"p":{"a":0,"k":[-287.775,64.012,0],"ix":2},"a":{"a":0,"k":[-287.775,64.012,0],"ix":1},"s":{"a":0,"k":[100,100,100],"ix":6}},"ao":0,"shapes":[{"ty":"gr","it":[{"ind":0,"ty":"sh","ix":1,"ks":{"a":0,"k":{"i":[[0.507,0],[0,0],[-0.507,0],[0,0]],"o":[[0,0],[-0.507,0],[0,0],[0.507,0]],"v":[[-280.283,64.262],[-295.267,64.762],[-295.267,63.762],[-280.283,63.262]],"c":true},"ix":2},"nm":"Path 1","mn":"ADBE Vector Shape - Group","hd":false},{"ty":"gf","o":{"a":0,"k":100,"ix":10},"r":1,"bm":0,"g":{"p":3,"k":{"a":0,"k":[0.297,0.902,0.922,0.937,0.769,0.857,0.884,0.902,1,0.812,0.847,0.867],"ix":9}},"s":{"a":0,"k":[-288,64],"ix":5},"e":{"a":0,"k":[-288.108,62.458],"ix":6},"t":1,"nm":"L10G","mn":"ADBE Vector Graphic - G-Fill","hd":false},{"ty":"tr","p":{"a":0,"k":[0,0],"ix":2},"a":{"a":0,"k":[0,0],"ix":1},"s":{"a":0,"k":[100,100],"ix":3},"r":{"a":0,"k":0,"ix":6},"o":{"a":0,"k":100,"ix":7},"sk":{"a":0,"k":0,"ix":4},"sa":{"a":0,"k":0,"ix":5},"nm":"Transform"}],"nm":"Group 1","np":2,"cix":2,"bm":0,"ix":1,"mn":"ADBE Vector Group","hd":false}],"ip":0,"op":48,"st":0,"bm":0},{"ddd":0,"ind":14,"ty":4,"nm":"Layer 9","parent":22,"sr":1,"ks":{"o":{"a":0,"k":100,"ix":11},"r":{"a":0,"k":0,"ix":10},"p":{"a":0,"k":[-287.775,61.871,0],"ix":2},"a":{"a":0,"k":[-287.775,61.871,0],"ix":1},"s":{"a":0,"k":[100,100,100],"ix":6}},"ao":0,"shapes":[{"ty":"gr","it":[{"ind":0,"ty":"sh","ix":1,"ks":{"a":0,"k":{"i":[[0.507,0],[0,0],[-0.507,0],[0,0]],"o":[[0,0],[-0.507,0],[0,0],[0.507,0]],"v":[[-280.283,62.121],[-295.267,62.621],[-295.267,61.621],[-280.283,61.121]],"c":true},"ix":2},"nm":"Path 1","mn":"ADBE Vector Shape - Group","hd":false},{"ty":"gf","o":{"a":0,"k":100,"ix":10},"r":1,"bm":0,"g":{"p":3,"k":{"a":0,"k":[0,1,0.439,0.671,0.491,1,0.325,0.559,1,1,0.212,0.447],"ix":9}},"s":{"a":0,"k":[-288,62],"ix":5},"e":{"a":0,"k":[-288.108,60.458],"ix":6},"t":1,"nm":"L9G","mn":"ADBE Vector Graphic - G-Fill","hd":false},{"ty":"tr","p":{"a":0,"k":[0,0],"ix":2},"a":{"a":0,"k":[0,0],"ix":1},"s":{"a":0,"k":[100,100],"ix":3},"r":{"a":0,"k":0,"ix":6},"o":{"a":0,"k":100,"ix":7},"sk":{"a":0,"k":0,"ix":4},"sa":{"a":0,"k":0,"ix":5},"nm":"Transform"}],"nm":"Group 1","np":2,"cix":2,"bm":0,"ix":1,"mn":"ADBE Vector Group","hd":false}],"ip":0,"op":48,"st":0,"bm":0},{"ddd":0,"ind":15,"ty":4,"nm":"Layer 8","parent":22,"sr":1,"ks":{"o":{"a":0,"k":100,"ix":11},"r":{"a":0,"k":0,"ix":10},"p":{"a":0,"k":[-287.775,59.73,0],"ix":2},"a":{"a":0,"k":[-287.775,59.73,0],"ix":1},"s":{"a":0,"k":[100,100,100],"ix":6}},"ao":0,"shapes":[{"ty":"gr","it":[{"ind":0,"ty":"sh","ix":1,"ks":{"a":0,"k":{"i":[[0.507,0],[0,0],[-0.507,0],[0,0]],"o":[[0,0],[-0.507,0],[0,0],[0.507,0]],"v":[[-280.283,59.98],[-295.267,60.48],[-295.267,59.48],[-280.283,58.98]],"c":true},"ix":2},"nm":"Path 1","mn":"ADBE Vector Shape - Group","hd":false},{"ty":"gf","o":{"a":0,"k":100,"ix":10},"r":1,"bm":0,"g":{"p":3,"k":{"a":0,"k":[0,1,0.6,0,0.5,0.961,0.545,0,1,0.922,0.49,0],"ix":9}},"s":{"a":0,"k":[-288,60],"ix":5},"e":{"a":0,"k":[-288.108,58.458],"ix":6},"t":1,"nm":"L8G","mn":"ADBE Vector Graphic - G-Fill","hd":false},{"ty":"tr","p":{"a":0,"k":[0,0],"ix":2},"a":{"a":0,"k":[0,0],"ix":1},"s":{"a":0,"k":[100,100],"ix":3},"r":{"a":0,"k":0,"ix":6},"o":{"a":0,"k":100,"ix":7},"sk":{"a":0,"k":0,"ix":4},"sa":{"a":0,"k":0,"ix":5},"nm":"Transform"}],"nm":"Group 1","np":2,"cix":2,"bm":0,"ix":1,"mn":"ADBE Vector Group","hd":false}],"ip":0,"op":48,"st":0,"bm":0},{"ddd":0,"ind":16,"ty":4,"nm":"Layer 7","parent":22,"sr":1,"ks":{"o":{"a":0,"k":100,"ix":11},"r":{"a":0,"k":0,"ix":10},"p":{"a":0,"k":[-287.775,57.371,0],"ix":2},"a":{"a":0,"k":[-287.775,57.371,0],"ix":1},"s":{"a":0,"k":[100,100,100],"ix":6}},"ao":0,"shapes":[{"ty":"gr","it":[{"ind":0,"ty":"sh","ix":1,"ks":{"a":0,"k":{"i":[[0,0],[0,0],[0,0],[0,0]],"o":[[0,0],[0,0],[0,0],[0,0]],"v":[[-280.014,58.559],[-295.536,58.559],[-295.536,56.184],[-280.014,56.184]],"c":true},"ix":2},"nm":"Path 1","mn":"ADBE Vector Shape - Group","hd":false},{"ty":"gf","o":{"a":0,"k":100,"ix":10},"r":1,"bm":0,"g":{"p":3,"k":{"a":0,"k":[0,1,0.925,0.271,0.5,0.988,0.855,0.139,1,0.976,0.784,0.008],"ix":9}},"s":{"a":0,"k":[-296,57],"ix":5},"e":{"a":0,"k":[-280.479,57],"ix":6},"t":1,"nm":"L7G","mn":"ADBE Vector Graphic - G-Fill","hd":false},{"ty":"tr","p":{"a":0,"k":[0,0],"ix":2},"a":{"a":0,"k":[0,0],"ix":1},"s":{"a":0,"k":[100,100],"ix":3},"r":{"a":0,"k":0,"ix":6},"o":{"a":0,"k":100,"ix":7},"sk":{"a":0,"k":0,"ix":4},"sa":{"a":0,"k":0,"ix":5},"nm":"Transform"}],"nm":"Group 1","np":2,"cix":2,"bm":0,"ix":1,"mn":"ADBE Vector Group","hd":false}],"ip":0,"op":48,"st":0,"bm":0},{"ddd":0,"ind":17,"ty":4,"nm":"Layer 6","parent":22,"sr":1,"ks":{"o":{"a":0,"k":100,"ix":11},"r":{"a":0,"k":0,"ix":10},"p":{"a":0,"k":[-287.775,56.697,0],"ix":2},"a":{"a":0,"k":[-287.775,56.697,0],"ix":1},"s":{"a":0,"k":[100,100,100],"ix":6}},"ao":0,"shapes":[{"ty":"gr","it":[{"ind":0,"ty":"sh","ix":1,"ks":{"a":0,"k":{"i":[[0,0],[3.369,1.927],[0,0],[0,0]],"o":[[-3.369,1.927],[0,0],[0,0],[0,0]],"v":[[-280.014,56.184],[-295.536,56.184],[-295.78,55.765],[-279.77,55.765]],"c":true},"ix":2},"nm":"Path 1","mn":"ADBE Vector Shape - Group","hd":false},{"ty":"gf","o":{"a":0,"k":100,"ix":10},"r":1,"bm":0,"g":{"p":7,"k":{"a":0,"k":[0,0.482,0.522,0.537,0.03,0.647,0.684,0.702,0.1,0.812,0.847,0.867,0.5,0.812,0.847,0.867,0.9,0.812,0.847,0.867,0.97,0.647,0.684,0.702,1,0.482,0.522,0.537],"ix":9}},"s":{"a":0,"k":[-296,56],"ix":5},"e":{"a":0,"k":[-279.99,56],"ix":6},"t":1,"nm":"L6G","mn":"ADBE Vector Graphic - G-Fill","hd":false},{"ty":"tr","p":{"a":0,"k":[0,0],"ix":2},"a":{"a":0,"k":[0,0],"ix":1},"s":{"a":0,"k":[100,100],"ix":3},"r":{"a":0,"k":0,"ix":6},"o":{"a":0,"k":100,"ix":7},"sk":{"a":0,"k":0,"ix":4},"sa":{"a":0,"k":0,"ix":5},"nm":"Transform"}],"nm":"Group 1","np":2,"cix":2,"bm":0,"ix":1,"mn":"ADBE Vector Group","hd":false}],"ip":0,"op":48,"st":0,"bm":0},{"ddd":0,"ind":18,"ty":4,"nm":"Layer 12","parent":22,"sr":1,"ks":{"o":{"a":0,"k":100,"ix":11},"r":{"a":0,"k":0,"ix":10},"p":{"a":0,"k":[-287.778,34.701,0],"ix":2},"a":{"a":0,"k":[-287.778,34.701,0],"ix":1},"s":{"a":0,"k":[100,100,100],"ix":6}},"ao":0,"shapes":[{"ty":"gr","it":[{"ind":0,"ty":"sh","ix":1,"ks":{"a":0,"k":{"i":[[-1.289,-0.812],[-2.456,1.551],[-1.192,0.769],[-0.109,-0.07]],"o":[[1.75,1.105],[1.287,-0.811],[0.109,-0.07],[1.18,0.761]],"v":[[-285.077,57.288],[-290.403,57.288],[-290.092,46.778],[-285.385,46.778]],"c":true},"ix":2},"nm":"Path 1","mn":"ADBE Vector Shape - Group","hd":false},{"ty":"gf","o":{"a":0,"k":100,"ix":10},"r":1,"bm":0,"g":{"p":3,"k":{"a":0,"k":[0,1,0.996,0.831,0.721,1,0.908,0.531,1,1,0.82,0.231],"ix":9}},"s":{"a":0,"k":[144.936,51.363],"ix":5},"e":{"a":0,"k":[0,0],"ix":6},"t":2,"h":{"a":0,"k":0,"ix":7},"a":{"a":0,"k":0,"ix":8},"nm":"1L12G","mn":"ADBE Vector Graphic - G-Fill","hd":false},{"ty":"tr","p":{"a":0,"k":[0,0],"ix":2},"a":{"a":0,"k":[0,0],"ix":1},"s":{"a":0,"k":[100,100],"ix":3},"r":{"a":0,"k":0,"ix":6},"o":{"a":0,"k":50,"ix":7},"sk":{"a":0,"k":0,"ix":4},"sa":{"a":0,"k":0,"ix":5},"nm":"Transform"}],"nm":"Group 1","np":2,"cix":2,"bm":0,"ix":1,"mn":"ADBE Vector Group","hd":false},{"ty":"gr","it":[{"ind":0,"ty":"sh","ix":1,"ks":{"a":0,"k":{"i":[[0.582,-0.542],[0.047,0.043],[-0.518,0.535],[-0.4,-0.414]],"o":[[-0.07,0.065],[-0.584,-0.535],[0.399,-0.414],[0.511,0.53]],"v":[[-286.602,46.776],[-288.911,46.776],[-288.776,40.124],[-286.735,40.124]],"c":true},"ix":2},"nm":"Path 1","mn":"ADBE Vector Shape - Group","hd":false},{"ty":"gf","o":{"a":0,"k":100,"ix":10},"r":1,"bm":0,"g":{"p":3,"k":{"a":0,"k":[0,1,0.996,0.831,0.721,1,0.908,0.531,1,1,0.82,0.231],"ix":9}},"s":{"a":0,"k":[-287.591,46.615],"ix":5},"e":{"a":0,"k":[-287.513,40.356],"ix":6},"t":2,"h":{"a":0,"k":0,"ix":7},"a":{"a":0,"k":0,"ix":8},"nm":"2L12G","mn":"ADBE Vector Graphic - G-Fill","hd":false},{"ty":"tr","p":{"a":0,"k":[0,0],"ix":2},"a":{"a":0,"k":[0,0],"ix":1},"s":{"a":0,"k":[100,100],"ix":3},"r":{"a":0,"k":0,"ix":6},"o":{"a":0,"k":50,"ix":7},"sk":{"a":0,"k":0,"ix":4},"sa":{"a":0,"k":0,"ix":5},"nm":"Transform"}],"nm":"Group 2","np":2,"cix":2,"bm":0,"ix":2,"mn":"ADBE Vector Group","hd":false},{"ty":"gr","it":[{"ind":0,"ty":"sh","ix":1,"ks":{"a":0,"k":{"i":[[1.492,-12.375],[-0.01,0.059],[0,0],[0,0]],"o":[[-0.008,0.061],[1.855,-11.253],[0,0],[0,0]],"v":[[-289.211,57.936],[-288.987,57.859],[-295.79,26.138],[-296.014,26.215]],"c":true},"ix":2},"nm":"Path 1","mn":"ADBE Vector Shape - Group","hd":false},{"ty":"gf","o":{"a":0,"k":100,"ix":10},"r":1,"bm":0,"g":{"p":3,"k":{"a":0,"k":[0.57,0.949,0.702,0.208,0.69,0.975,0.851,0.51,0.842,1,1,0.812],"ix":9}},"s":{"a":0,"k":[-1741.74,57],"ix":5},"e":{"a":0,"k":[-1741.74,88.821],"ix":6},"t":1,"nm":"3L12G","mn":"ADBE Vector Graphic - G-Fill","hd":false},{"ty":"tr","p":{"a":0,"k":[0,0],"ix":2},"a":{"a":0,"k":[0,0],"ix":1},"s":{"a":0,"k":[100,100],"ix":3},"r":{"a":0,"k":0,"ix":6},"o":{"a":0,"k":100,"ix":7},"sk":{"a":0,"k":0,"ix":4},"sa":{"a":0,"k":0,"ix":5},"nm":"Transform"}],"nm":"Group 3","np":2,"cix":2,"bm":0,"ix":3,"mn":"ADBE Vector Group","hd":false},{"ty":"gr","it":[{"ind":0,"ty":"sh","ix":1,"ks":{"a":0,"k":{"i":[[-1.491,-12.375],[0.01,0.059],[0,0],[0,0]],"o":[[0.007,0.061],[-1.855,-11.253],[0,0],[0,0]],"v":[[-286.343,57.936],[-286.569,57.859],[-279.766,26.138],[-279.541,26.215]],"c":true},"ix":2},"nm":"Path 1","mn":"ADBE Vector Shape - Group","hd":false},{"ty":"gf","o":{"a":0,"k":100,"ix":10},"r":1,"bm":0,"g":{"p":3,"k":{"a":0,"k":[0.57,0.949,0.702,0.208,0.69,0.975,0.851,0.51,0.842,1,1,0.812],"ix":9}},"s":{"a":0,"k":[-284,57],"ix":5},"e":{"a":0,"k":[-284,25.179],"ix":6},"t":1,"nm":"4L12G","mn":"ADBE Vector Graphic - G-Fill","hd":false},{"ty":"tr","p":{"a":0,"k":[0,0],"ix":2},"a":{"a":0,"k":[0,0],"ix":1},"s":{"a":0,"k":[100,100],"ix":3},"r":{"a":0,"k":0,"ix":6},"o":{"a":0,"k":100,"ix":7},"sk":{"a":0,"k":0,"ix":4},"sa":{"a":0,"k":0,"ix":5},"nm":"Transform"}],"nm":"Group 4","np":2,"cix":2,"bm":0,"ix":4,"mn":"ADBE Vector Group","hd":false},{"ty":"gr","it":[{"ty":"gr","it":[{"ind":0,"ty":"sh","ix":1,"ks":{"a":0,"k":{"i":[[-0.5,-0.689],[0,0],[-1.571,0.435],[0.908,-1.055],[0,0],[1.353,-0.41]],"o":[[5.006,-1.367],[0,0],[-1.619,0.181],[-5.609,-0.949],[0,0],[1.21,-0.075]],"v":[[-292.501,29.111],[-283.007,29.115],[-279.792,26.596],[-283.135,28.693],[-292.39,28.708],[-295.638,26.976]],"c":true},"ix":2},"nm":"Path 1","mn":"ADBE Vector Shape - Group","hd":false},{"ty":"fl","c":{"a":0,"k":[1,0.996078431606,0.890196084976,1],"ix":4},"o":{"a":0,"k":100,"ix":5},"r":1,"bm":0,"nm":"Fill 1","mn":"ADBE Vector Graphic - Fill","hd":false},{"ty":"tr","p":{"a":0,"k":[0,0],"ix":2},"a":{"a":0,"k":[0,0],"ix":1},"s":{"a":0,"k":[100,100],"ix":3},"r":{"a":0,"k":0,"ix":6},"o":{"a":0,"k":100,"ix":7},"sk":{"a":0,"k":0,"ix":4},"sa":{"a":0,"k":0,"ix":5},"nm":"Transform"}],"nm":"Group 1","np":2,"cix":2,"bm":0,"ix":1,"mn":"ADBE Vector Group","hd":false},{"ty":"tr","p":{"a":0,"k":[0,0],"ix":2},"a":{"a":0,"k":[0,0],"ix":1},"s":{"a":0,"k":[100,100],"ix":3},"r":{"a":0,"k":0,"ix":6},"o":{"a":0,"k":100,"ix":7},"sk":{"a":0,"k":0,"ix":4},"sa":{"a":0,"k":0,"ix":5},"nm":"Transform"}],"nm":"Group 5","np":1,"cix":2,"bm":0,"ix":5,"mn":"ADBE Vector Group","hd":false},{"ty":"gr","it":[{"ty":"gr","it":[{"ty":"gr","it":[{"ind":0,"ty":"sh","ix":1,"ks":{"a":0,"k":{"i":[[0,0],[0,0],[0,0],[0,0]],"o":[[0,0],[0,0],[0,0],[0,0]],"v":[[-286.908,40.815],[-287.133,40.74],[-283.232,28.886],[-283.007,28.963]],"c":true},"ix":2},"nm":"Path 1","mn":"ADBE Vector Shape - Group","hd":false},{"ty":"gf","o":{"a":0,"k":100,"ix":10},"r":1,"bm":0,"g":{"p":3,"k":{"a":0,"k":[0,0.949,0.702,0.208,0.276,0.975,0.851,0.51,0.624,1,1,0.812],"ix":9}},"s":{"a":0,"k":[-286,40],"ix":5},"e":{"a":0,"k":[-286,28.07],"ix":6},"t":1,"nm":"5L12G","mn":"ADBE Vector Graphic - G-Fill","hd":false},{"ty":"tr","p":{"a":0,"k":[0,0],"ix":2},"a":{"a":0,"k":[0,0],"ix":1},"s":{"a":0,"k":[100,100],"ix":3},"r":{"a":0,"k":0,"ix":6},"o":{"a":0,"k":100,"ix":7},"sk":{"a":0,"k":0,"ix":4},"sa":{"a":0,"k":0,"ix":5},"nm":"Transform"}],"nm":"Group 1","np":2,"cix":2,"bm":0,"ix":1,"mn":"ADBE Vector Group","hd":false},{"ty":"tr","p":{"a":0,"k":[0,0],"ix":2},"a":{"a":0,"k":[0,0],"ix":1},"s":{"a":0,"k":[100,100],"ix":3},"r":{"a":0,"k":0,"ix":6},"o":{"a":0,"k":100,"ix":7},"sk":{"a":0,"k":0,"ix":4},"sa":{"a":0,"k":0,"ix":5},"nm":"Transform"}],"nm":"Group 1","np":1,"cix":2,"bm":0,"ix":1,"mn":"ADBE Vector Group","hd":false},{"ty":"gr","it":[{"ty":"gr","it":[{"ind":0,"ty":"sh","ix":1,"ks":{"a":0,"k":{"i":[[0,0],[0,0],[0,0],[0,0]],"o":[[0,0],[0,0],[0,0],[0,0]],"v":[[-288.649,40.815],[-292.549,28.963],[-292.325,28.886],[-288.424,40.74]],"c":true},"ix":2},"nm":"Path 1","mn":"ADBE Vector Shape - Group","hd":false},{"ty":"gf","o":{"a":0,"k":100,"ix":10},"r":1,"bm":0,"g":{"p":3,"k":{"a":0,"k":[0,0.949,0.702,0.208,0.276,0.975,0.851,0.51,0.624,1,1,0.812],"ix":9}},"s":{"a":0,"k":[-291,40],"ix":5},"e":{"a":0,"k":[-291,28.07],"ix":6},"t":1,"nm":"52L12G","mn":"ADBE Vector Graphic - G-Fill","hd":false},{"ty":"tr","p":{"a":0,"k":[0,0],"ix":2},"a":{"a":0,"k":[0,0],"ix":1},"s":{"a":0,"k":[100,100],"ix":3},"r":{"a":0,"k":0,"ix":6},"o":{"a":0,"k":100,"ix":7},"sk":{"a":0,"k":0,"ix":4},"sa":{"a":0,"k":0,"ix":5},"nm":"Transform"}],"nm":"Group 1","np":2,"cix":2,"bm":0,"ix":1,"mn":"ADBE Vector Group","hd":false},{"ty":"tr","p":{"a":0,"k":[0,0],"ix":2},"a":{"a":0,"k":[0,0],"ix":1},"s":{"a":0,"k":[100,100],"ix":3},"r":{"a":0,"k":0,"ix":6},"o":{"a":0,"k":100,"ix":7},"sk":{"a":0,"k":0,"ix":4},"sa":{"a":0,"k":0,"ix":5},"nm":"Transform"}],"nm":"Group 2","np":1,"cix":2,"bm":0,"ix":2,"mn":"ADBE Vector Group","hd":false},{"ty":"tr","p":{"a":0,"k":[0,0],"ix":2},"a":{"a":0,"k":[0,0],"ix":1},"s":{"a":0,"k":[100,100],"ix":3},"r":{"a":0,"k":0,"ix":6},"o":{"a":0,"k":100,"ix":7},"sk":{"a":0,"k":0,"ix":4},"sa":{"a":0,"k":0,"ix":5},"nm":"Transform"}],"nm":"Group 6","np":2,"cix":2,"bm":0,"ix":6,"mn":"ADBE Vector Group","hd":false},{"ty":"gr","it":[{"ind":0,"ty":"sh","ix":1,"ks":{"a":0,"k":{"i":[[6.471,-5.037],[3.977,5.235],[-6.47,5.041],[-3.986,-5.239]],"o":[[-6.469,5.046],[-3.987,-5.243],[6.471,-5.048],[3.988,5.241]],"v":[[-284.491,35.97],[-303.411,35.622],[-298.913,17.006],[-279.985,17.355]],"c":true},"ix":2},"nm":"Path 1","mn":"ADBE Vector Shape - Group","hd":false},{"ty":"gf","o":{"a":0,"k":100,"ix":10},"r":1,"bm":0,"g":{"p":3,"k":{"a":0,"k":[0,1,1,1,0.552,1,1,1,1,1,1,1,0,0.6,0.552,0.3,1,0],"ix":9}},"s":{"a":0,"k":[-300.147,17.455],"ix":5},"e":{"a":0,"k":[-284.571,35.669],"ix":6},"t":2,"h":{"a":0,"k":0,"ix":7},"a":{"a":0,"k":0,"ix":8},"nm":"7L12G","mn":"ADBE Vector Graphic - G-Fill","hd":false},{"ty":"tr","p":{"a":0,"k":[0,0],"ix":2},"a":{"a":0,"k":[0,0],"ix":1},"s":{"a":0,"k":[100,100],"ix":3},"r":{"a":0,"k":0,"ix":6},"o":{"a":0,"k":100,"ix":7},"sk":{"a":0,"k":0,"ix":4},"sa":{"a":0,"k":0,"ix":5},"nm":"Transform"}],"nm":"Group 7","np":2,"cix":2,"bm":0,"ix":7,"mn":"ADBE Vector Group","hd":false},{"ty":"gr","it":[{"ind":0,"ty":"sh","ix":1,"ks":{"a":0,"k":{"i":[[0,7.643],[11.027,0],[0,-9.816],[-3.137,-6.317],[-1.817,-1.501],[0,0],[0,0],[-1.057,2.129]],"o":[[0,-9.816],[-11.025,0],[0,7.643],[1.056,2.129],[0,0],[0,0],[1.817,-1.501],[3.136,-6.317]],"v":[[-267.778,28.914],[-287.778,11.111],[-307.777,28.914],[-298.653,48.974],[-295.78,55.765],[-287.778,56.102],[-279.77,55.765],[-276.901,48.974]],"c":true},"ix":2},"nm":"Path 1","mn":"ADBE Vector Shape - Group","hd":false},{"ty":"gf","o":{"a":0,"k":100,"ix":10},"r":1,"bm":0,"g":{"p":3,"k":{"a":0,"k":[0,1,0.996,0.831,0.721,1,0.939,0.502,1,1,0.882,0.173],"ix":9}},"s":{"a":0,"k":[-290.961,33],"ix":5},"e":{"a":0,"k":[-269.823,29.695],"ix":6},"t":2,"h":{"a":0,"k":0,"ix":7},"a":{"a":0,"k":0,"ix":8},"nm":"8L12G","mn":"ADBE Vector Graphic - G-Fill","hd":false},{"ty":"tr","p":{"a":0,"k":[0,0],"ix":2},"a":{"a":0,"k":[0,0],"ix":1},"s":{"a":0,"k":[100,100],"ix":3},"r":{"a":0,"k":0,"ix":6},"o":{"a":0,"k":100,"ix":7},"sk":{"a":0,"k":0,"ix":4},"sa":{"a":0,"k":0,"ix":5},"nm":"Transform"}],"nm":"Group 8","np":2,"cix":2,"bm":0,"ix":8,"mn":"ADBE Vector Group","hd":false}],"ip":0,"op":48,"st":0,"bm":0},{"ddd":0,"ind":19,"ty":4,"nm":"Layer 4","parent":22,"sr":1,"ks":{"o":{"a":0,"k":100,"ix":11},"r":{"a":0,"k":0,"ix":10},"p":{"a":0,"k":[-287.775,57.493,0],"ix":2},"a":{"a":0,"k":[-287.775,57.493,0],"ix":1},"s":{"a":0,"k":[100,100,100],"ix":6}},"ao":0,"shapes":[{"ty":"gr","it":[{"ind":0,"ty":"sh","ix":1,"ks":{"a":0,"k":{"i":[[0,0],[0,0],[0,0],[-1.864,-3.403]],"o":[[0,0],[0,0],[1.864,-3.403],[0,0]],"v":[[-280.283,58.98],[-295.267,58.98],[-295.536,58.559],[-280.014,58.559]],"c":true},"ix":2},"nm":"Path 1","mn":"ADBE Vector Shape - Group","hd":false},{"ty":"gf","o":{"a":0,"k":100,"ix":10},"r":1,"bm":0,"g":{"p":3,"k":{"a":0,"k":[0.9,0.196,0.22,0.267,0.95,0.149,0.153,0.208,1,0.102,0.086,0.149],"ix":9}},"s":{"a":0,"k":[-296,57],"ix":5},"e":{"a":0,"k":[-280.479,57],"ix":6},"t":1,"nm":"L4G","mn":"ADBE Vector Graphic - G-Fill","hd":false},{"ty":"tr","p":{"a":0,"k":[0,0],"ix":2},"a":{"a":0,"k":[0,0],"ix":1},"s":{"a":0,"k":[100,100],"ix":3},"r":{"a":0,"k":0,"ix":6},"o":{"a":0,"k":100,"ix":7},"sk":{"a":0,"k":0,"ix":4},"sa":{"a":0,"k":0,"ix":5},"nm":"Transform"}],"nm":"Group 1","np":2,"cix":2,"bm":0,"ix":1,"mn":"ADBE Vector Group","hd":false}],"ip":0,"op":48,"st":0,"bm":0},{"ddd":0,"ind":20,"ty":4,"nm":"Layer 3","parent":22,"sr":1,"ks":{"o":{"a":0,"k":100,"ix":11},"r":{"a":0,"k":0,"ix":10},"p":{"a":0,"k":[-287.775,62.814,0],"ix":2},"a":{"a":0,"k":[-287.775,62.814,0],"ix":1},"s":{"a":0,"k":[100,100,100],"ix":6}},"ao":0,"shapes":[{"ty":"gr","it":[{"ind":0,"ty":"sh","ix":1,"ks":{"a":0,"k":{"i":[[2.648,-2.648],[0,0],[0,0],[0,0],[0,0],[0,0]],"o":[[0,0],[0,0],[0,0],[0,0],[0,0],[-2.648,-2.648]],"v":[[-295.267,58.98],[-295.267,66.402],[-292.988,68.634],[-282.567,68.634],[-280.283,66.402],[-280.283,58.98]],"c":true},"ix":2},"nm":"Path 1","mn":"ADBE Vector Shape - Group","hd":false},{"ty":"gf","o":{"a":0,"k":100,"ix":10},"r":1,"bm":0,"g":{"p":3,"k":{"a":0,"k":[0,0.839,0.898,0.929,0.418,0.68,0.724,0.745,1,0.522,0.549,0.561],"ix":9}},"s":{"a":0,"k":[-296,62],"ix":5},"e":{"a":0,"k":[-279.64,62],"ix":6},"t":1,"nm":"L3G","mn":"ADBE Vector Graphic - G-Fill","hd":false},{"ty":"tr","p":{"a":0,"k":[0,0],"ix":2},"a":{"a":0,"k":[0,0],"ix":1},"s":{"a":0,"k":[100,100],"ix":3},"r":{"a":0,"k":0,"ix":6},"o":{"a":0,"k":100,"ix":7},"sk":{"a":0,"k":0,"ix":4},"sa":{"a":0,"k":0,"ix":5},"nm":"Transform"}],"nm":"Group 1","np":2,"cix":2,"bm":0,"ix":1,"mn":"ADBE Vector Group","hd":false}],"ip":0,"op":48,"st":0,"bm":0},{"ddd":0,"ind":21,"ty":4,"nm":"Layer 2","parent":22,"sr":1,"ks":{"o":{"a":0,"k":100,"ix":11},"r":{"a":0,"k":0,"ix":10},"p":{"a":0,"k":[-287.777,69.04,0],"ix":2},"a":{"a":0,"k":[-287.777,69.04,0],"ix":1},"s":{"a":0,"k":[100,100,100],"ix":6}},"ao":0,"shapes":[{"ty":"gr","it":[{"ind":0,"ty":"sh","ix":1,"ks":{"a":0,"k":{"i":[[1.843,-1.842],[0,0],[0,0],[0,0],[0,0],[0,0]],"o":[[0,0],[0,0],[0,0],[0,0],[0,0],[-1.843,-1.842]],"v":[[-292.988,68.634],[-292.988,68.934],[-289.576,70.828],[-285.979,70.828],[-282.567,68.934],[-282.567,68.634]],"c":true},"ix":2},"nm":"Path 1","mn":"ADBE Vector Shape - Group","hd":false},{"ty":"gf","o":{"a":0,"k":100,"ix":10},"r":1,"bm":0,"g":{"p":3,"k":{"a":0,"k":[0,0.188,0.173,0.231,0.806,0.22,0.225,0.267,1,0.251,0.278,0.302],"ix":9}},"s":{"a":0,"k":[-293,69],"ix":5},"e":{"a":0,"k":[-282.579,69],"ix":6},"t":1,"nm":"L2G","mn":"ADBE Vector Graphic - G-Fill","hd":false},{"ty":"tr","p":{"a":0,"k":[0,0],"ix":2},"a":{"a":0,"k":[0,0],"ix":1},"s":{"a":0,"k":[100,100],"ix":3},"r":{"a":0,"k":0,"ix":6},"o":{"a":0,"k":100,"ix":7},"sk":{"a":0,"k":0,"ix":4},"sa":{"a":0,"k":0,"ix":5},"nm":"Transform"}],"nm":"Group 1","np":2,"cix":2,"bm":0,"ix":1,"mn":"ADBE Vector Group","hd":false}],"ip":0,"op":48,"st":0,"bm":0},{"ddd":0,"ind":22,"ty":4,"nm":"Layer 1","sr":1,"ks":{"o":{"a":0,"k":100,"ix":11},"r":{"a":0,"k":0,"ix":10},"p":{"a":0,"k":[512,922.628,0],"ix":2},"a":{"a":0,"k":[-287.778,70.628,0],"ix":1},"s":{"a":0,"k":[1373.523,1370.985,100],"ix":6}},"ao":0,"shapes":[{"ty":"gr","it":[{"ind":0,"ty":"sh","ix":1,"ks":{"a":0,"k":{"i":[[0,-0.864],[0,0.424]],"o":[[0,0.424],[0,-0.864]],"v":[[-286.401,70.793],[-289.155,70.793]],"c":true},"ix":2},"nm":"Path 1","mn":"ADBE Vector Shape - Group","hd":false},{"ty":"fl","c":{"a":0,"k":[0.43137255311,0.505882382393,0.537254929543,1],"ix":4},"o":{"a":0,"k":100,"ix":5},"r":1,"bm":0,"nm":"Fill 1","mn":"ADBE Vector Graphic - Fill","hd":false},{"ty":"tr","p":{"a":0,"k":[0,0],"ix":2},"a":{"a":0,"k":[0,0],"ix":1},"s":{"a":0,"k":[100,100],"ix":3},"r":{"a":0,"k":0,"ix":6},"o":{"a":0,"k":100,"ix":7},"sk":{"a":0,"k":0,"ix":4},"sa":{"a":0,"k":0,"ix":5},"nm":"Transform"}],"nm":"Group 1","np":2,"cix":2,"bm":0,"ix":1,"mn":"ADBE Vector Group","hd":false}],"ip":0,"op":48,"st":0,"bm":0}]}],"layers":[{"ddd":0,"ind":1,"ty":0,"nm":"light_bulb","refId":"comp_0","sr":1,"ks":{"o":{"a":0,"k":100,"ix":11},"r":{"a":0,"k":0,"ix":10},"p":{"a":0,"k":[512,512,0],"ix":2},"a":{"a":0,"k":[512,512,0],"ix":1},"s":{"a":0,"k":[95,95,100],"ix":6}},"ao":0,"w":1024,"h":1024,"ip":0,"op":48,"st":0,"bm":0}],"markers":[]}