{"v":"5.6.2","fr":24,"ip":0,"op":48,"w":1024,"h":1024,"nm":"money_with_wings","ddd":0,"assets":[{"id":"comp_0","layers":[{"ddd":0,"ind":1,"ty":3,"nm":"Scale Control","sr":1,"ks":{"o":{"a":0,"k":0,"ix":11},"r":{"a":0,"k":0,"ix":10},"p":{"a":1,"k":[{"i":{"x":0,"y":1},"o":{"x":0.333,"y":0},"t":0,"s":[500,532,0],"to":[0,-5.167,0],"ti":[0,0,0]},{"i":{"x":0.667,"y":1},"o":{"x":0.333,"y":0},"t":7.5,"s":[500,501,0],"to":[0,0,0],"ti":[0,0,0]},{"i":{"x":0,"y":1},"o":{"x":0.333,"y":0},"t":12,"s":[500,532,0],"to":[0,0,0],"ti":[0,0,0]},{"i":{"x":0.667,"y":1},"o":{"x":0.333,"y":0},"t":19.5,"s":[500,501,0],"to":[0,0,0],"ti":[0,0,0]},{"i":{"x":0,"y":1},"o":{"x":0.333,"y":0},"t":24,"s":[500,532,0],"to":[0,0,0],"ti":[0,0,0]},{"i":{"x":0.667,"y":1},"o":{"x":0.333,"y":0},"t":31.5,"s":[500,501,0],"to":[0,0,0],"ti":[0,0,0]},{"i":{"x":0,"y":1},"o":{"x":0.333,"y":0},"t":36,"s":[500,532,0],"to":[0,0,0],"ti":[0,0,0]},{"i":{"x":0.667,"y":1},"o":{"x":0.333,"y":0},"t":43.5,"s":[500,501,0],"to":[0,0,0],"ti":[0,-5.167,0]},{"t":48,"s":[500,532,0]}],"ix":2},"a":{"a":0,"k":[0,0,0],"ix":1},"s":{"a":0,"k":[1300,1300,100],"ix":6}},"ao":0,"ip":0,"op":48,"st":0,"bm":0},{"ddd":0,"ind":2,"ty":0,"nm":"Wing","parent":6,"refId":"comp_1","sr":1,"ks":{"o":{"a":0,"k":100,"ix":11},"r":{"a":1,"k":[{"i":{"x":[0],"y":[1]},"o":{"x":[0.333],"y":[0]},"t":0,"s":[34.2]},{"i":{"x":[0],"y":[1]},"o":{"x":[0.333],"y":[0]},"t":7,"s":[-14]},{"i":{"x":[0],"y":[1]},"o":{"x":[0.333],"y":[0]},"t":12,"s":[34.2]},{"i":{"x":[0],"y":[1]},"o":{"x":[0.333],"y":[0]},"t":19,"s":[-14]},{"i":{"x":[0],"y":[1]},"o":{"x":[0.333],"y":[0]},"t":24,"s":[34.2]},{"i":{"x":[0],"y":[1]},"o":{"x":[0.333],"y":[0]},"t":31,"s":[-14]},{"i":{"x":[0],"y":[1]},"o":{"x":[0.333],"y":[0]},"t":36,"s":[34.2]},{"i":{"x":[0],"y":[1]},"o":{"x":[0.333],"y":[0]},"t":43,"s":[-14]},{"t":48,"s":[34.2]}],"ix":10},"p":{"a":0,"k":[-5.995,-4.526,0],"ix":2},"a":{"a":0,"k":[464.615,486.154,0],"ix":1},"s":{"a":0,"k":[7.143,7.143,100],"ix":6}},"ao":0,"w":1024,"h":1024,"ip":0,"op":58,"st":0,"bm":0},{"ddd":0,"ind":3,"ty":0,"nm":"Wing 2","parent":6,"refId":"comp_2","sr":1,"ks":{"o":{"a":0,"k":100,"ix":11},"r":{"a":1,"k":[{"i":{"x":[0],"y":[1]},"o":{"x":[0.433],"y":[-0.286]},"t":0,"s":[37.995]},{"i":{"x":[0],"y":[1]},"o":{"x":[0.333],"y":[0]},"t":7,"s":[116]},{"i":{"x":[0],"y":[1]},"o":{"x":[0.333],"y":[0]},"t":12,"s":[37.995]},{"i":{"x":[0],"y":[1]},"o":{"x":[0.333],"y":[0]},"t":19,"s":[116]},{"i":{"x":[0],"y":[1]},"o":{"x":[0.333],"y":[0]},"t":24,"s":[37.995]},{"i":{"x":[0],"y":[1]},"o":{"x":[0.333],"y":[0]},"t":31,"s":[116]},{"i":{"x":[0],"y":[1]},"o":{"x":[0.333],"y":[0]},"t":36,"s":[37.995]},{"i":{"x":[0],"y":[1]},"o":{"x":[0.333],"y":[0]},"t":43,"s":[116]},{"t":48,"s":[37.995]}],"ix":10},"p":{"a":0,"k":[4.631,6.518,0],"ix":2},"a":{"a":0,"k":[417.231,436.615,0],"ix":1},"s":{"a":0,"k":[-7.143,7.143,100],"ix":6}},"ao":0,"w":1024,"h":1024,"ip":0,"op":58,"st":0,"bm":0},{"ddd":0,"ind":4,"ty":4,"nm":"Yellow Band 1","parent":6,"sr":1,"ks":{"o":{"a":0,"k":100,"ix":11},"r":{"a":0,"k":0,"ix":10},"p":{"a":0,"k":[3.004,-2.026,0],"ix":2},"a":{"a":0,"k":[2.901,-2.026,0],"ix":1},"s":{"a":0,"k":[100,100,100],"ix":6}},"ao":0,"shapes":[{"ty":"gr","it":[{"ind":0,"ty":"sh","ix":1,"ks":{"a":0,"k":{"i":[[0,0],[0,0],[0,0],[0,0]],"o":[[0,0],[0,0],[0,0],[0,0]],"v":[[11.065,6.371],[12.093,5.343],[-5.222,-10.424],[-6.292,-9.373]],"c":true},"ix":2},"nm":"Path 1","mn":"ADBE Vector Shape - Group","hd":false},{"ty":"fl","c":{"a":0,"k":[1,0.882352948189,0.172549024224,1],"ix":4},"o":{"a":0,"k":100,"ix":5},"r":1,"bm":0,"nm":"Fill 1","mn":"ADBE Vector Graphic - Fill","hd":false},{"ty":"tr","p":{"a":0,"k":[0,0],"ix":2},"a":{"a":0,"k":[0,0],"ix":1},"s":{"a":0,"k":[100,100],"ix":3},"r":{"a":0,"k":0,"ix":6},"o":{"a":0,"k":100,"ix":7},"sk":{"a":0,"k":0,"ix":4},"sa":{"a":0,"k":0,"ix":5},"nm":"Transform"}],"nm":"Yellow Band 1","np":2,"cix":2,"bm":0,"ix":1,"mn":"ADBE Vector Group","hd":false}],"ip":0,"op":48,"st":0,"bm":0},{"ddd":0,"ind":5,"ty":4,"nm":"Yellow Band 2","parent":6,"sr":1,"ks":{"o":{"a":0,"k":100,"ix":11},"r":{"a":0,"k":0,"ix":10},"p":{"a":0,"k":[-2.5,3.03,0],"ix":2},"a":{"a":0,"k":[-2.604,3.03,0],"ix":1},"s":{"a":0,"k":[100,100,100],"ix":6}},"ao":0,"shapes":[{"ty":"gr","it":[{"ind":0,"ty":"sh","ix":1,"ks":{"a":0,"k":{"i":[[0,0],[0,0],[0,0],[0,0]],"o":[[0,0],[0,0],[0,0],[0,0]],"v":[[6.56,10.471],[-10.704,-5.347],[-11.768,-4.444],[5.45,11.407]],"c":true},"ix":2},"nm":"Path 1","mn":"ADBE Vector Shape - Group","hd":false},{"ty":"fl","c":{"a":0,"k":[1,0.882352948189,0.172549024224,1],"ix":4},"o":{"a":0,"k":100,"ix":5},"r":1,"bm":0,"nm":"Fill 1","mn":"ADBE Vector Graphic - Fill","hd":false},{"ty":"tr","p":{"a":0,"k":[0,0],"ix":2},"a":{"a":0,"k":[0,0],"ix":1},"s":{"a":0,"k":[100,100],"ix":3},"r":{"a":0,"k":0,"ix":6},"o":{"a":0,"k":100,"ix":7},"sk":{"a":0,"k":0,"ix":4},"sa":{"a":0,"k":0,"ix":5},"nm":"Transform"}],"nm":"Yellow Band 2","np":2,"cix":2,"bm":0,"ix":1,"mn":"ADBE Vector Group","hd":false}],"ip":0,"op":48,"st":0,"bm":0},{"ddd":0,"ind":6,"ty":4,"nm":"Grey Band","parent":1,"sr":1,"ks":{"o":{"a":0,"k":100,"ix":11},"r":{"a":0,"k":0,"ix":10},"p":{"a":1,"k":[{"i":{"x":0,"y":1},"o":{"x":0.333,"y":0},"t":0,"s":[0.077,0.548,0],"to":[0,0,0],"ti":[0,0,0]},{"i":{"x":0.667,"y":1},"o":{"x":0.333,"y":0},"t":7.5,"s":[-2.78,-2.881,0],"to":[0,0,0],"ti":[0,0,0]},{"i":{"x":0,"y":1},"o":{"x":0.333,"y":0},"t":12,"s":[0.077,0.548,0],"to":[0,0,0],"ti":[0,0,0]},{"i":{"x":0.667,"y":1},"o":{"x":0.333,"y":0},"t":19.5,"s":[-2.78,-2.881,0],"to":[0,0,0],"ti":[0,0,0]},{"t":24,"s":[0.077,0.548,0]}],"ix":2},"a":{"a":0,"k":[0.181,0.548,0],"ix":1},"s":{"a":0,"k":[100,100,100],"ix":6}},"ao":0,"shapes":[{"ty":"gr","it":[{"ind":0,"ty":"sh","ix":1,"ks":{"a":0,"k":{"i":[[0,0],[-9.674,-6.947],[0,0],[0,0]],"o":[[0,0],[2.593,-2.012],[-6.498,-7.882],[-2.058,1.791]],"v":[[-10.704,-5.347],[6.56,10.47],[11.066,6.37],[-6.291,-9.374]],"c":true},"ix":2},"nm":"Path 1","mn":"ADBE Vector Shape - Group","hd":false},{"ty":"fl","c":{"a":0,"k":[0.925490196078,0.945098039216,0.960784313725,1],"ix":4},"o":{"a":0,"k":100,"ix":5},"r":1,"bm":0,"nm":"Fill 1","mn":"ADBE Vector Graphic - Fill","hd":false},{"ty":"tr","p":{"a":0,"k":[0,0],"ix":2},"a":{"a":0,"k":[0,0],"ix":1},"s":{"a":0,"k":[100,100],"ix":3},"r":{"a":0,"k":0,"ix":6},"o":{"a":0,"k":100,"ix":7},"sk":{"a":0,"k":0,"ix":4},"sa":{"a":0,"k":0,"ix":5},"nm":"Transform"}],"nm":"Grey Band","np":2,"cix":2,"bm":0,"ix":1,"mn":"ADBE Vector Group","hd":false}],"ip":0,"op":48,"st":0,"bm":0},{"ddd":0,"ind":7,"ty":4,"nm":"Left Top Dot","parent":1,"sr":1,"ks":{"o":{"a":0,"k":100,"ix":11},"r":{"a":0,"k":0,"ix":10},"p":{"a":1,"k":[{"i":{"x":0,"y":1},"o":{"x":0.333,"y":0},"t":0,"s":[7.219,-14.607,0],"to":[0,0,0],"ti":[0,0,0]},{"i":{"x":0.667,"y":1},"o":{"x":0.333,"y":0},"t":7.5,"s":[5.076,-15.179,0],"to":[0,0,0],"ti":[0,0,0]},{"i":{"x":0,"y":1},"o":{"x":0.333,"y":0},"t":12,"s":[7.219,-14.607,0],"to":[0,0,0],"ti":[0,0,0]},{"i":{"x":0.667,"y":1},"o":{"x":0.333,"y":0},"t":19.5,"s":[5.076,-15.179,0],"to":[0,0,0],"ti":[0,0,0]},{"t":24,"s":[7.219,-14.607,0]}],"ix":2},"a":{"a":0,"k":[7.219,-14.607,0],"ix":1},"s":{"a":0,"k":[100,100,100],"ix":6}},"ao":0,"shapes":[{"ty":"gr","it":[{"ind":0,"ty":"sh","ix":1,"ks":{"a":0,"k":{"i":[[2.375,0.806],[-2.203,-0.75]],"o":[[-2.203,-0.752],[2.375,0.806]],"v":[[6.281,-12.854],[8.043,-16.375]],"c":true},"ix":2},"nm":"Path 1","mn":"ADBE Vector Shape - Group","hd":false},{"ty":"fl","c":{"a":0,"k":[0.478431373835,0.709803938866,0.113725490868,1],"ix":4},"o":{"a":0,"k":100,"ix":5},"r":1,"bm":0,"nm":"Fill 1","mn":"ADBE Vector Graphic - Fill","hd":false},{"ty":"tr","p":{"a":0,"k":[0,0],"ix":2},"a":{"a":0,"k":[0,0],"ix":1},"s":{"a":0,"k":[100,100],"ix":3},"r":{"a":0,"k":0,"ix":6},"o":{"a":0,"k":100,"ix":7},"sk":{"a":0,"k":0,"ix":4},"sa":{"a":0,"k":0,"ix":5},"nm":"Transform"}],"nm":"Left Top Dot","np":2,"cix":2,"bm":0,"ix":1,"mn":"ADBE Vector Group","hd":false}],"ip":0,"op":48,"st":0,"bm":0},{"ddd":0,"ind":8,"ty":4,"nm":"Right Top Dot","parent":7,"sr":1,"ks":{"o":{"a":0,"k":100,"ix":11},"r":{"a":0,"k":0,"ix":10},"p":{"a":0,"k":[14.375,-7.828,0],"ix":2},"a":{"a":0,"k":[14.375,-7.828,0],"ix":1},"s":{"a":0,"k":[100,100,100],"ix":6}},"ao":0,"shapes":[{"ty":"gr","it":[{"ind":0,"ty":"sh","ix":1,"ks":{"a":0,"k":{"i":[[2.33,0.929],[-2.162,-0.861]],"o":[[-2.163,-0.862],[2.332,0.929]],"v":[[13.351,-6.125],[15.289,-9.552]],"c":true},"ix":2},"nm":"Path 1","mn":"ADBE Vector Shape - Group","hd":false},{"ty":"fl","c":{"a":0,"k":[0.478431373835,0.709803938866,0.113725490868,1],"ix":4},"o":{"a":0,"k":100,"ix":5},"r":1,"bm":0,"nm":"Fill 1","mn":"ADBE Vector Graphic - Fill","hd":false},{"ty":"tr","p":{"a":0,"k":[0,0],"ix":2},"a":{"a":0,"k":[0,0],"ix":1},"s":{"a":0,"k":[100,100],"ix":3},"r":{"a":0,"k":0,"ix":6},"o":{"a":0,"k":100,"ix":7},"sk":{"a":0,"k":0,"ix":4},"sa":{"a":0,"k":0,"ix":5},"nm":"Transform"}],"nm":"Right Top Dot","np":2,"cix":2,"bm":0,"ix":1,"mn":"ADBE Vector Group","hd":false}],"ip":0,"op":48,"st":0,"bm":0},{"ddd":0,"ind":9,"ty":4,"nm":"Left Bot Dot","parent":1,"sr":1,"ks":{"o":{"a":0,"k":100,"ix":11},"r":{"a":0,"k":0,"ix":10},"p":{"a":1,"k":[{"i":{"x":0,"y":1},"o":{"x":0.333,"y":0},"t":0,"s":[-16.789,7.234,0],"to":[0,0,0],"ti":[0,0,0]},{"i":{"x":0.667,"y":1},"o":{"x":0.333,"y":0},"t":7.5,"s":[-18.36,6.806,0],"to":[0,0,0],"ti":[0,0,0]},{"i":{"x":0,"y":1},"o":{"x":0.333,"y":0},"t":12,"s":[-16.789,7.234,0],"to":[0,0,0],"ti":[0,0,0]},{"i":{"x":0.667,"y":1},"o":{"x":0.333,"y":0},"t":19.5,"s":[-18.36,6.806,0],"to":[0,0,0],"ti":[0,0,0]},{"t":24,"s":[-16.789,7.234,0]}],"ix":2},"a":{"a":0,"k":[-15.789,6.877,0],"ix":1},"s":{"a":0,"k":[100,100,100],"ix":6}},"ao":0,"shapes":[{"ty":"gr","it":[{"ind":0,"ty":"sh","ix":1,"ks":{"a":0,"k":{"i":[[1.852,1.691],[-1.717,-1.571]],"o":[[-1.72,-1.57],[1.852,1.691]],"v":[[-17.334,8.106],[-14.311,5.585]],"c":true},"ix":2},"nm":"Path 1","mn":"ADBE Vector Shape - Group","hd":false},{"ty":"fl","c":{"a":0,"k":[0.478431373835,0.709803938866,0.113725490868,1],"ix":4},"o":{"a":0,"k":100,"ix":5},"r":1,"bm":0,"nm":"Fill 1","mn":"ADBE Vector Graphic - Fill","hd":false},{"ty":"tr","p":{"a":0,"k":[0,0],"ix":2},"a":{"a":0,"k":[0,0],"ix":1},"s":{"a":0,"k":[100,100],"ix":3},"r":{"a":0,"k":0,"ix":6},"o":{"a":0,"k":100,"ix":7},"sk":{"a":0,"k":0,"ix":4},"sa":{"a":0,"k":0,"ix":5},"nm":"Transform"}],"nm":"Left Bot Dot","np":2,"cix":2,"bm":0,"ix":1,"mn":"ADBE Vector Group","hd":false}],"ip":0,"op":48,"st":0,"bm":0},{"ddd":0,"ind":10,"ty":4,"nm":"Right Bot Dot","parent":9,"sr":1,"ks":{"o":{"a":0,"k":100,"ix":11},"r":{"a":0,"k":0,"ix":10},"p":{"a":0,"k":[-8.696,13.409,0],"ix":2},"a":{"a":0,"k":[-8.696,13.409,0],"ix":1},"s":{"a":0,"k":[100,100,100],"ix":6}},"ao":0,"shapes":[{"ty":"gr","it":[{"ind":0,"ty":"sh","ix":1,"ks":{"a":0,"k":{"i":[[1.853,1.691],[-1.718,-1.57]],"o":[[-1.719,-1.569],[1.853,1.692]],"v":[[-10.242,14.637],[-7.217,12.116]],"c":true},"ix":2},"nm":"Path 1","mn":"ADBE Vector Shape - Group","hd":false},{"ty":"fl","c":{"a":0,"k":[0.478431373835,0.709803938866,0.113725490868,1],"ix":4},"o":{"a":0,"k":100,"ix":5},"r":1,"bm":0,"nm":"Fill 1","mn":"ADBE Vector Graphic - Fill","hd":false},{"ty":"tr","p":{"a":0,"k":[0,0],"ix":2},"a":{"a":0,"k":[0,0],"ix":1},"s":{"a":0,"k":[100,100],"ix":3},"r":{"a":0,"k":0,"ix":6},"o":{"a":0,"k":100,"ix":7},"sk":{"a":0,"k":0,"ix":4},"sa":{"a":0,"k":0,"ix":5},"nm":"Transform"}],"nm":"Right Bot Dot","np":2,"cix":2,"bm":0,"ix":1,"mn":"ADBE Vector Group","hd":false}],"ip":0,"op":48,"st":0,"bm":0},{"ddd":0,"ind":11,"ty":4,"nm":"Mid Circle","parent":1,"sr":1,"ks":{"o":{"a":0,"k":100,"ix":11},"r":{"a":0,"k":0,"ix":10},"p":{"a":1,"k":[{"i":{"x":0,"y":1},"o":{"x":0.333,"y":0},"t":0,"s":[-0.294,0.555,0],"to":[0,0,0],"ti":[0,0,0]},{"i":{"x":0.667,"y":1},"o":{"x":0.333,"y":0},"t":7.5,"s":[-3.151,-2.016,0],"to":[0,0,0],"ti":[0,0,0]},{"i":{"x":0,"y":1},"o":{"x":0.333,"y":0},"t":12,"s":[-0.294,0.555,0],"to":[0,0,0],"ti":[0,0,0]},{"i":{"x":0.667,"y":1},"o":{"x":0.333,"y":0},"t":19.5,"s":[-3.151,-2.016,0],"to":[0,0,0],"ti":[0,0,0]},{"t":24,"s":[-0.294,0.555,0]}],"ix":2},"a":{"a":0,"k":[-0.095,0.339,0],"ix":1},"s":{"a":0,"k":[100,100,100],"ix":6}},"ao":0,"shapes":[{"ty":"gr","it":[{"ind":0,"ty":"sh","ix":1,"ks":{"a":0,"k":{"i":[[0,0],[-5.302,-4.844],[-1.916,0],[5.635,5.145],[1.764,0]],"o":[[-6.172,0.001],[1.716,1.566],[6.297,0],[-1.516,-1.386],[0,0]],"v":[[0.717,-6.757],[-6.23,5.212],[-0.628,7.435],[5.77,-4.788],[0.717,-6.757]],"c":true},"ix":2},"nm":"Path 1","mn":"ADBE Vector Shape - Group","hd":false},{"ind":1,"ty":"sh","ix":2,"ks":{"a":0,"k":{"i":[[0,0],[0,0],[-1.145,-1.047],[0.717,-1.846],[2.945,0],[1.312,1.197],[-0.672,1.732],[-2.997,0]],"o":[[0,0],[1.537,0],[1.695,1.548],[-0.979,2.524],[-1.691,0],[-1.49,-1.36],[1.021,-2.635],[0,0]],"v":[[0.717,-5.257],[0.717,-5.257],[4.758,-3.681],[6.254,1.506],[-0.629,5.935],[-5.219,4.105],[-6.451,-0.557],[0.717,-5.257]],"c":false},"ix":2},"nm":"Path 2","mn":"ADBE Vector Shape - Group","hd":false},{"ty":"fl","c":{"a":0,"k":[0.321568638086,0.57647061348,0.1254902035,1],"ix":4},"o":{"a":0,"k":100,"ix":5},"r":1,"bm":0,"nm":"Fill 1","mn":"ADBE Vector Graphic - Fill","hd":false},{"ty":"tr","p":{"a":0,"k":[0,0],"ix":2},"a":{"a":0,"k":[0,0],"ix":1},"s":{"a":0,"k":[100,100],"ix":3},"r":{"a":0,"k":0,"ix":6},"o":{"a":0,"k":100,"ix":7},"sk":{"a":0,"k":0,"ix":4},"sa":{"a":0,"k":0,"ix":5},"nm":"Transform"}],"nm":"Mid Circle","np":3,"cix":2,"bm":0,"ix":1,"mn":"ADBE Vector Group","hd":false}],"ip":0,"op":48,"st":0,"bm":0},{"ddd":0,"ind":12,"ty":4,"nm":"Bill Outline","parent":1,"sr":1,"ks":{"o":{"a":0,"k":100,"ix":11},"r":{"a":0,"k":0,"ix":10},"p":{"a":0,"k":[-2.177,-0.142,0],"ix":2},"a":{"a":0,"k":[-2.177,-0.141,0],"ix":1},"s":{"a":0,"k":[100,100,100],"ix":6}},"ao":0,"shapes":[{"ty":"gr","it":[{"ind":0,"ty":"sh","ix":1,"ks":{"a":1,"k":[{"i":{"x":0,"y":1},"o":{"x":0.333,"y":0},"t":0,"s":[{"i":[[0.768,-0.78],[0,0],[-1.052,-0.576],[-7.33,9.631],[-0.438,1.082],[0,0],[0.966,0.511],[10.546,-6.692]],"o":[[0,0],[1.184,-0.398],[10.544,-6.69],[-0.631,-0.958],[0,0],[-0.841,0.698],[-7.33,9.63],[0.555,0.89]],"v":[[-21.93,9.544],[-12.64,18.027],[-9.014,18.298],[18.022,-6.39],[17.723,-9.7],[8.432,-18.184],[5.446,-17.875],[-21.593,6.815]],"c":true}]},{"i":{"x":0.667,"y":1},"o":{"x":0.333,"y":0},"t":7.5,"s":[{"i":[[0.768,-0.78],[0,0],[-1.052,-0.576],[-8.022,5.89],[-0.438,1.082],[0,0],[0.966,0.511],[3.593,-5.244]],"o":[[0,0],[1.184,-0.398],[6.407,-8.727],[-0.631,-0.958],[0,0],[-0.841,0.698],[-6.803,5.018],[0.555,0.89]],"v":[[-22.93,8.83],[-13.461,16.956],[-9.835,17.227],[16.593,-7.104],[16.294,-10.414],[7.003,-18.898],[4.017,-18.589],[-22.593,6.101]],"c":true}]},{"i":{"x":0,"y":1},"o":{"x":0.333,"y":0},"t":12,"s":[{"i":[[0.768,-0.78],[0,0],[-1.052,-0.576],[-7.33,9.631],[-0.438,1.082],[0,0],[0.966,0.511],[10.546,-6.692]],"o":[[0,0],[1.184,-0.398],[10.544,-6.69],[-0.631,-0.958],[0,0],[-0.841,0.698],[-7.33,9.63],[0.555,0.89]],"v":[[-21.93,9.544],[-12.64,18.027],[-9.014,18.298],[18.022,-6.39],[17.723,-9.7],[8.432,-18.184],[5.446,-17.875],[-21.593,6.815]],"c":true}]},{"i":{"x":0.667,"y":1},"o":{"x":0.333,"y":0},"t":19.5,"s":[{"i":[[0.768,-0.78],[0,0],[-1.052,-0.576],[-8.022,5.89],[-0.438,1.082],[0,0],[0.966,0.511],[3.593,-5.244]],"o":[[0,0],[1.184,-0.398],[6.407,-8.727],[-0.631,-0.958],[0,0],[-0.841,0.698],[-6.803,5.018],[0.555,0.89]],"v":[[-22.93,8.83],[-13.461,16.956],[-9.835,17.227],[16.593,-7.104],[16.294,-10.414],[7.003,-18.898],[4.017,-18.589],[-22.593,6.101]],"c":true}]},{"t":24,"s":[{"i":[[0.768,-0.78],[0,0],[-1.052,-0.576],[-7.33,9.631],[-0.438,1.082],[0,0],[0.966,0.511],[10.546,-6.692]],"o":[[0,0],[1.184,-0.398],[10.544,-6.69],[-0.631,-0.958],[0,0],[-0.841,0.698],[-7.33,9.63],[0.555,0.89]],"v":[[-21.93,9.544],[-12.64,18.027],[-9.014,18.298],[18.022,-6.39],[17.723,-9.7],[8.432,-18.184],[5.446,-17.875],[-21.593,6.815]],"c":true}]}],"ix":2},"nm":"Path 1","mn":"ADBE Vector Shape - Group","hd":false},{"ind":1,"ty":"sh","ix":2,"ks":{"a":1,"k":[{"i":{"x":0,"y":1},"o":{"x":0.333,"y":0},"t":0,"s":[{"i":[[0.235,-0.137],[3.81,3.481],[-0.235,0.137],[0.63,0.575],[0.19,0.175],[-7.762,10.52],[-0.19,-0.172],[-0.501,0.702],[0,0],[0,0],[0,0],[-0.631,-0.575],[-0.19,-0.173],[11.521,-7.088],[0,0],[0.768,-0.458]],"o":[[-3.813,-3.48],[0.234,-0.137],[0.77,-0.456],[-0.189,-0.175],[11.521,-7.086],[0.19,0.174],[0.631,0.577],[0,0],[0,0],[0,0],[-0.5,0.705],[0.191,0.176],[-7.76,10.519],[0,0],[-0.629,-0.572],[-0.236,0.14]],"v":[[-12.966,19.838],[-24.399,9.398],[-23.697,8.985],[-23.453,7.101],[-24.024,6.577],[5.183,-20.092],[5.754,-19.571],[7.819,-19.794],[8.272,-20.434],[19.705,-9.995],[19.251,-9.355],[19.474,-7.042],[20.046,-6.52],[-9.161,20.151],[-9.732,19.625],[-12.263,19.424]],"c":true}]},{"i":{"x":0.667,"y":1},"o":{"x":0.333,"y":0},"t":7.5,"s":[{"i":[[0.235,-0.137],[3.81,3.481],[-0.235,0.137],[0.63,0.575],[0.19,0.175],[-8.112,6.878],[-0.19,-0.172],[-0.501,0.702],[0,0],[0,0],[0,0],[-0.631,-0.575],[-0.19,-0.173],[8.268,-9.651],[0,0],[0.768,-0.458]],"o":[[-3.813,-3.48],[0.234,-0.137],[0.77,-0.456],[-0.189,-0.175],[7.167,-9.291],[0.19,0.174],[0.631,0.577],[0,0],[0,0],[0,0],[-0.5,0.705],[0.191,0.176],[-10.689,8.306],[0,0],[-0.629,-0.572],[-0.236,0.14]],"v":[[-13.787,18.767],[-25.399,8.684],[-24.697,8.271],[-24.453,6.387],[-25.024,5.863],[3.754,-20.806],[4.325,-20.285],[6.39,-20.508],[6.843,-21.148],[18.276,-10.709],[17.822,-10.069],[18.045,-7.756],[18.617,-7.234],[-9.982,19.08],[-10.553,18.554],[-13.084,18.353]],"c":true}]},{"i":{"x":0,"y":1},"o":{"x":0.333,"y":0},"t":12,"s":[{"i":[[0.235,-0.137],[3.81,3.481],[-0.235,0.137],[0.63,0.575],[0.19,0.175],[-7.762,10.52],[-0.19,-0.172],[-0.501,0.702],[0,0],[0,0],[0,0],[-0.631,-0.575],[-0.19,-0.173],[11.521,-7.088],[0,0],[0.768,-0.458]],"o":[[-3.813,-3.48],[0.234,-0.137],[0.77,-0.456],[-0.189,-0.175],[11.521,-7.086],[0.19,0.174],[0.631,0.577],[0,0],[0,0],[0,0],[-0.5,0.705],[0.191,0.176],[-7.76,10.519],[0,0],[-0.629,-0.572],[-0.236,0.14]],"v":[[-12.966,19.838],[-24.399,9.398],[-23.697,8.985],[-23.453,7.101],[-24.024,6.577],[5.183,-20.092],[5.754,-19.571],[7.819,-19.794],[8.272,-20.434],[19.705,-9.995],[19.251,-9.355],[19.474,-7.042],[20.046,-6.52],[-9.161,20.151],[-9.732,19.625],[-12.263,19.424]],"c":true}]},{"i":{"x":0.667,"y":1},"o":{"x":0.333,"y":0},"t":19.5,"s":[{"i":[[0.235,-0.137],[3.81,3.481],[-0.235,0.137],[0.63,0.575],[0.19,0.175],[-8.112,6.878],[-0.19,-0.172],[-0.501,0.702],[0,0],[0,0],[0,0],[-0.631,-0.575],[-0.19,-0.173],[8.268,-9.651],[0,0],[0.768,-0.458]],"o":[[-3.813,-3.48],[0.234,-0.137],[0.77,-0.456],[-0.189,-0.175],[7.167,-9.291],[0.19,0.174],[0.631,0.577],[0,0],[0,0],[0,0],[-0.5,0.705],[0.191,0.176],[-10.689,8.306],[0,0],[-0.629,-0.572],[-0.236,0.14]],"v":[[-13.787,18.767],[-25.399,8.684],[-24.697,8.271],[-24.453,6.387],[-25.024,5.863],[3.754,-20.806],[4.325,-20.285],[6.39,-20.508],[6.843,-21.148],[18.276,-10.709],[17.822,-10.069],[18.045,-7.756],[18.617,-7.234],[-9.982,19.08],[-10.553,18.554],[-13.084,18.353]],"c":true}]},{"t":24,"s":[{"i":[[0.235,-0.137],[3.81,3.481],[-0.235,0.137],[0.63,0.575],[0.19,0.175],[-7.762,10.52],[-0.19,-0.172],[-0.501,0.702],[0,0],[0,0],[0,0],[-0.631,-0.575],[-0.19,-0.173],[11.521,-7.088],[0,0],[0.768,-0.458]],"o":[[-3.813,-3.48],[0.234,-0.137],[0.77,-0.456],[-0.189,-0.175],[11.521,-7.086],[0.19,0.174],[0.631,0.577],[0,0],[0,0],[0,0],[-0.5,0.705],[0.191,0.176],[-7.76,10.519],[0,0],[-0.629,-0.572],[-0.236,0.14]],"v":[[-12.966,19.838],[-24.399,9.398],[-23.697,8.985],[-23.453,7.101],[-24.024,6.577],[5.183,-20.092],[5.754,-19.571],[7.819,-19.794],[8.272,-20.434],[19.705,-9.995],[19.251,-9.355],[19.474,-7.042],[20.046,-6.52],[-9.161,20.151],[-9.732,19.625],[-12.263,19.424]],"c":true}]}],"ix":2},"nm":"Path 2","mn":"ADBE Vector Shape - Group","hd":false},{"ty":"fl","c":{"a":0,"k":[0.321568638086,0.57647061348,0.1254902035,1],"ix":4},"o":{"a":0,"k":100,"ix":5},"r":1,"bm":0,"nm":"Fill 1","mn":"ADBE Vector Graphic - Fill","hd":false},{"ty":"tr","p":{"a":0,"k":[0,0],"ix":2},"a":{"a":0,"k":[0,0],"ix":1},"s":{"a":0,"k":[100,100],"ix":3},"r":{"a":0,"k":0,"ix":6},"o":{"a":0,"k":100,"ix":7},"sk":{"a":0,"k":0,"ix":4},"sa":{"a":0,"k":0,"ix":5},"nm":"Transform"}],"nm":"Bill Outline","np":3,"cix":2,"bm":0,"ix":1,"mn":"ADBE Vector Group","hd":false}],"ip":0,"op":48,"st":0,"bm":0},{"ddd":0,"ind":13,"ty":4,"nm":"Main","parent":1,"sr":1,"ks":{"o":{"a":0,"k":100,"ix":11},"r":{"a":0,"k":0,"ix":10},"p":{"a":0,"k":[-1.842,-1.329,0],"ix":2},"a":{"a":0,"k":[-1.842,-1.329,0],"ix":1},"s":{"a":0,"k":[100,100,100],"ix":6}},"ao":0,"shapes":[{"ty":"gr","it":[{"ind":0,"ty":"sh","ix":1,"ks":{"a":1,"k":[{"i":{"x":0,"y":1},"o":{"x":0.333,"y":0},"t":0,"s":[{"i":[[14.202,-8.026],[0,0],[-8.789,12.967],[-5.715,-5.222]],"o":[[0,0],[14.202,-8.024],[5.717,5.219],[-8.787,12.966]],"v":[[-11.521,23.26],[-28.67,7.6],[6.305,-24.335],[23.453,-8.675]],"c":true}]},{"i":{"x":0.667,"y":1},"o":{"x":0.333,"y":0},"t":7.5,"s":[{"i":[[9.378,-11.331],[0,0],[-11.019,7.549],[-5.715,-5.222]],"o":[[0,0],[7.67,-9.814],[5.717,5.219],[-13.882,9.032]],"v":[[-11.521,23.26],[-28.67,7.6],[6.305,-24.335],[23.453,-8.675]],"c":true}]},{"i":{"x":0,"y":1},"o":{"x":0.333,"y":0},"t":12,"s":[{"i":[[14.202,-8.026],[0,0],[-8.789,12.967],[-5.715,-5.222]],"o":[[0,0],[14.202,-8.024],[5.717,5.219],[-8.787,12.966]],"v":[[-11.521,23.26],[-28.67,7.6],[6.305,-24.335],[23.453,-8.675]],"c":true}]},{"i":{"x":0.667,"y":1},"o":{"x":0.333,"y":0},"t":19.5,"s":[{"i":[[9.378,-11.331],[0,0],[-11.019,7.549],[-5.715,-5.222]],"o":[[0,0],[7.67,-9.814],[5.717,5.219],[-13.882,9.032]],"v":[[-11.521,23.26],[-28.67,7.6],[6.305,-24.335],[23.453,-8.675]],"c":true}]},{"t":24,"s":[{"i":[[14.202,-8.026],[0,0],[-8.789,12.967],[-5.715,-5.222]],"o":[[0,0],[14.202,-8.024],[5.717,5.219],[-8.787,12.966]],"v":[[-11.521,23.26],[-28.67,7.6],[6.305,-24.335],[23.453,-8.675]],"c":true}]}],"ix":2},"nm":"Path 1","mn":"ADBE Vector Shape - Group","hd":false},{"ty":"fl","c":{"a":0,"k":[0.572549045086,0.78823530674,0.196078434587,1],"ix":4},"o":{"a":0,"k":100,"ix":5},"r":1,"bm":0,"nm":"Fill 1","mn":"ADBE Vector Graphic - Fill","hd":false},{"ty":"tr","p":{"a":0,"k":[0,0],"ix":2},"a":{"a":0,"k":[0,0],"ix":1},"s":{"a":0,"k":[100,100],"ix":3},"r":{"a":0,"k":0,"ix":6},"o":{"a":0,"k":100,"ix":7},"sk":{"a":0,"k":0,"ix":4},"sa":{"a":0,"k":0,"ix":5},"nm":"Transform"}],"nm":"Main","np":2,"cix":2,"bm":0,"ix":1,"mn":"ADBE Vector Group","hd":false}],"ip":0,"op":48,"st":0,"bm":0},{"ddd":0,"ind":14,"ty":4,"nm":"Shadow 1","parent":1,"sr":1,"ks":{"o":{"a":0,"k":100,"ix":11},"r":{"a":0,"k":0,"ix":10},"p":{"a":0,"k":[-2.048,9.178,0],"ix":2},"a":{"a":0,"k":[-2.048,12.035,0],"ix":1},"s":{"a":0,"k":[100,100,100],"ix":6}},"ao":0,"shapes":[{"ty":"gr","it":[{"ind":0,"ty":"sh","ix":1,"ks":{"a":1,"k":[{"i":{"x":0,"y":1},"o":{"x":0.333,"y":0},"t":0,"s":[{"i":[[18.925,-9.994],[0,0],[-5.32,-5.25],[0,0]],"o":[[-7.113,-6.703],[0,0],[22.283,-13.055],[0,0]],"v":[[-11.097,27.504],[-28.577,11.482],[-11.135,28.188],[22.481,-1.26]],"c":true}]},{"i":{"x":0.667,"y":1},"o":{"x":0.333,"y":0},"t":7.5,"s":[{"i":[[13.526,-18.29],[0,0],[-5.32,-5.25],[0,0]],"o":[[-7.113,-6.703],[0,0],[15.421,-19.831],[0,0]],"v":[[-11.097,27.504],[-28.577,11.482],[-11.135,28.188],[21.839,-3.046]],"c":true}]},{"i":{"x":0,"y":1},"o":{"x":0.333,"y":0},"t":12,"s":[{"i":[[18.925,-9.994],[0,0],[-5.32,-5.25],[0,0]],"o":[[-7.113,-6.703],[0,0],[22.283,-13.055],[0,0]],"v":[[-11.097,27.504],[-28.577,11.482],[-11.135,28.188],[22.481,-1.26]],"c":true}]},{"i":{"x":0.667,"y":1},"o":{"x":0.333,"y":0},"t":19.5,"s":[{"i":[[13.526,-18.29],[0,0],[-5.32,-5.25],[0,0]],"o":[[-7.113,-6.703],[0,0],[15.421,-19.831],[0,0]],"v":[[-11.097,27.504],[-28.577,11.482],[-11.135,28.188],[21.839,-3.046]],"c":true}]},{"t":24,"s":[{"i":[[18.925,-9.994],[0,0],[-5.32,-5.25],[0,0]],"o":[[-7.113,-6.703],[0,0],[22.283,-13.055],[0,0]],"v":[[-11.097,27.504],[-28.577,11.482],[-11.135,28.188],[22.481,-1.26]],"c":true}]}],"ix":2},"nm":"Path 1","mn":"ADBE Vector Shape - Group","hd":false},{"ty":"fl","c":{"a":0,"k":[0.266666680574,0.478431373835,0.105882354081,1],"ix":4},"o":{"a":0,"k":100,"ix":5},"r":1,"bm":0,"nm":"Fill 1","mn":"ADBE Vector Graphic - Fill","hd":false},{"ty":"tr","p":{"a":0,"k":[0,0],"ix":2},"a":{"a":0,"k":[0,0],"ix":1},"s":{"a":0,"k":[100,100],"ix":3},"r":{"a":0,"k":0,"ix":6},"o":{"a":0,"k":100,"ix":7},"sk":{"a":0,"k":0,"ix":4},"sa":{"a":0,"k":0,"ix":5},"nm":"Transform"}],"nm":"Shadow 3","np":2,"cix":2,"bm":0,"ix":1,"mn":"ADBE Vector Group","hd":false}],"ip":0,"op":48,"st":0,"bm":0},{"ddd":0,"ind":15,"ty":4,"nm":"Shadow 2","parent":1,"sr":1,"ks":{"o":{"a":0,"k":100,"ix":11},"r":{"a":0,"k":0,"ix":10},"p":{"a":0,"k":[-2.048,10.607,0],"ix":2},"a":{"a":0,"k":[-2.048,12.035,0],"ix":1},"s":{"a":0,"k":[100,100,100],"ix":6}},"ao":0,"shapes":[{"ty":"gr","it":[{"ind":0,"ty":"sh","ix":1,"ks":{"a":1,"k":[{"i":{"x":0,"y":1},"o":{"x":0.333,"y":0},"t":0,"s":[{"i":[[18.925,-9.994],[0,0],[-5.32,-5.25],[0,0]],"o":[[-7.113,-6.703],[0,0],[22.283,-13.055],[0,0]],"v":[[-11.097,27.504],[-28.577,11.482],[-11.135,28.188],[22.481,-1.26]],"c":true}]},{"i":{"x":0.667,"y":1},"o":{"x":0.333,"y":0},"t":7.5,"s":[{"i":[[13.526,-18.29],[0,0],[-5.32,-5.25],[0,0]],"o":[[-7.113,-6.703],[0,0],[15.421,-19.831],[0,0]],"v":[[-11.097,27.504],[-28.577,11.482],[-11.135,28.188],[21.839,-3.046]],"c":true}]},{"i":{"x":0,"y":1},"o":{"x":0.333,"y":0},"t":12,"s":[{"i":[[18.925,-9.994],[0,0],[-5.32,-5.25],[0,0]],"o":[[-7.113,-6.703],[0,0],[22.283,-13.055],[0,0]],"v":[[-11.097,27.504],[-28.577,11.482],[-11.135,28.188],[22.481,-1.26]],"c":true}]},{"i":{"x":0.667,"y":1},"o":{"x":0.333,"y":0},"t":19.5,"s":[{"i":[[13.526,-18.29],[0,0],[-5.32,-5.25],[0,0]],"o":[[-7.113,-6.703],[0,0],[15.421,-19.831],[0,0]],"v":[[-11.097,27.504],[-28.577,11.482],[-11.135,28.188],[21.839,-3.046]],"c":true}]},{"t":24,"s":[{"i":[[18.925,-9.994],[0,0],[-5.32,-5.25],[0,0]],"o":[[-7.113,-6.703],[0,0],[22.283,-13.055],[0,0]],"v":[[-11.097,27.504],[-28.577,11.482],[-11.135,28.188],[22.481,-1.26]],"c":true}]}],"ix":2},"nm":"Path 1","mn":"ADBE Vector Shape - Group","hd":false},{"ty":"fl","c":{"a":0,"k":[0.266666680574,0.478431373835,0.105882354081,1],"ix":4},"o":{"a":0,"k":100,"ix":5},"r":1,"bm":0,"nm":"Fill 1","mn":"ADBE Vector Graphic - Fill","hd":false},{"ty":"tr","p":{"a":0,"k":[0,0],"ix":2},"a":{"a":0,"k":[0,0],"ix":1},"s":{"a":0,"k":[100,100],"ix":3},"r":{"a":0,"k":0,"ix":6},"o":{"a":0,"k":100,"ix":7},"sk":{"a":0,"k":0,"ix":4},"sa":{"a":0,"k":0,"ix":5},"nm":"Transform"}],"nm":"Shadow 3","np":2,"cix":2,"bm":0,"ix":1,"mn":"ADBE Vector Group","hd":false}],"ip":0,"op":48,"st":0,"bm":0},{"ddd":0,"ind":16,"ty":4,"nm":"Shadow 3","parent":1,"sr":1,"ks":{"o":{"a":0,"k":100,"ix":11},"r":{"a":0,"k":0,"ix":10},"p":{"a":0,"k":[-2.048,12.035,0],"ix":2},"a":{"a":0,"k":[-2.048,12.035,0],"ix":1},"s":{"a":0,"k":[100,100,100],"ix":6}},"ao":0,"shapes":[{"ty":"gr","it":[{"ind":0,"ty":"sh","ix":1,"ks":{"a":1,"k":[{"i":{"x":0,"y":1},"o":{"x":0.333,"y":0},"t":0,"s":[{"i":[[18.925,-9.994],[0,0],[-5.32,-5.25],[0,0]],"o":[[-7.113,-6.703],[0,0],[22.283,-13.055],[0,0]],"v":[[-11.097,27.504],[-28.577,11.482],[-11.135,28.188],[22.481,-1.26]],"c":true}]},{"i":{"x":0.667,"y":1},"o":{"x":0.333,"y":0},"t":7.5,"s":[{"i":[[13.526,-18.29],[0,0],[-5.32,-5.25],[0,0]],"o":[[-7.113,-6.703],[0,0],[15.421,-19.831],[0,0]],"v":[[-11.097,27.504],[-28.577,11.482],[-11.135,28.188],[21.839,-3.046]],"c":true}]},{"i":{"x":0,"y":1},"o":{"x":0.333,"y":0},"t":12,"s":[{"i":[[18.925,-9.994],[0,0],[-5.32,-5.25],[0,0]],"o":[[-7.113,-6.703],[0,0],[22.283,-13.055],[0,0]],"v":[[-11.097,27.504],[-28.577,11.482],[-11.135,28.188],[22.481,-1.26]],"c":true}]},{"i":{"x":0.667,"y":1},"o":{"x":0.333,"y":0},"t":19.5,"s":[{"i":[[13.526,-18.29],[0,0],[-5.32,-5.25],[0,0]],"o":[[-7.113,-6.703],[0,0],[15.421,-19.831],[0,0]],"v":[[-11.097,27.504],[-28.577,11.482],[-11.135,28.188],[21.839,-3.046]],"c":true}]},{"t":24,"s":[{"i":[[18.925,-9.994],[0,0],[-5.32,-5.25],[0,0]],"o":[[-7.113,-6.703],[0,0],[22.283,-13.055],[0,0]],"v":[[-11.097,27.504],[-28.577,11.482],[-11.135,28.188],[22.481,-1.26]],"c":true}]}],"ix":2},"nm":"Path 1","mn":"ADBE Vector Shape - Group","hd":false},{"ty":"fl","c":{"a":0,"k":[0.266666680574,0.478431373835,0.105882354081,1],"ix":4},"o":{"a":0,"k":100,"ix":5},"r":1,"bm":0,"nm":"Fill 1","mn":"ADBE Vector Graphic - Fill","hd":false},{"ty":"tr","p":{"a":0,"k":[0,0],"ix":2},"a":{"a":0,"k":[0,0],"ix":1},"s":{"a":0,"k":[100,100],"ix":3},"r":{"a":0,"k":0,"ix":6},"o":{"a":0,"k":100,"ix":7},"sk":{"a":0,"k":0,"ix":4},"sa":{"a":0,"k":0,"ix":5},"nm":"Transform"}],"nm":"Shadow 3","np":2,"cix":2,"bm":0,"ix":1,"mn":"ADBE Vector Group","hd":false}],"ip":0,"op":48,"st":0,"bm":0},{"ddd":0,"ind":17,"ty":4,"nm":"Main Shadow","parent":1,"sr":1,"ks":{"o":{"a":0,"k":100,"ix":11},"r":{"a":0,"k":0,"ix":10},"p":{"a":0,"k":[-2.069,9.177,0],"ix":2},"a":{"a":0,"k":[-2.069,9.177,0],"ix":1},"s":{"a":0,"k":[100,100,100],"ix":6}},"ao":0,"shapes":[{"ty":"gr","it":[{"ind":0,"ty":"sh","ix":1,"ks":{"a":1,"k":[{"i":{"x":0,"y":1},"o":{"x":0.333,"y":0},"t":0,"s":[{"i":[[0.34,2.328],[13.39,-8.088],[0.405,-1.641],[-5.846,-5.343],[0,0]],"o":[[-5.654,-5.165],[-0.363,1.702],[5.849,5.342],[20.506,-11.55],[-0.28,-2.287]],"v":[[23.442,-8.654],[-28.594,7.617],[-29.255,11.898],[-11.182,29.036],[24.122,-1.903]],"c":true}]},{"i":{"x":0.667,"y":1},"o":{"x":0.333,"y":0},"t":7.5,"s":[{"i":[[-0.156,2.511],[13.39,-8.088],[-0.031,-1.707],[-5.846,-5.343],[0,0]],"o":[[-5.654,-5.165],[0.014,2.017],[5.849,5.342],[14.896,-17.679],[0.021,-2.24]],"v":[[23.442,-8.654],[-28.657,7.59],[-28.63,11.832],[-11.182,29.036],[23.158,-2.903]],"c":true}]},{"i":{"x":0,"y":1},"o":{"x":0.333,"y":0},"t":12,"s":[{"i":[[0.34,2.328],[13.39,-8.088],[0.405,-1.641],[-5.846,-5.343],[0,0]],"o":[[-5.654,-5.165],[-0.363,1.702],[5.849,5.342],[20.506,-11.55],[-0.28,-2.287]],"v":[[23.442,-8.654],[-28.594,7.617],[-29.255,11.898],[-11.182,29.036],[24.122,-1.903]],"c":true}]},{"i":{"x":0.667,"y":1},"o":{"x":0.333,"y":0},"t":19.5,"s":[{"i":[[-0.156,2.511],[13.39,-8.088],[-0.031,-1.707],[-5.846,-5.343],[0,0]],"o":[[-5.654,-5.165],[0.014,2.017],[5.849,5.342],[14.896,-17.679],[0.021,-2.24]],"v":[[23.442,-8.654],[-28.657,7.59],[-28.63,11.832],[-11.182,29.036],[23.158,-2.903]],"c":true}]},{"t":24,"s":[{"i":[[0.34,2.328],[13.39,-8.088],[0.405,-1.641],[-5.846,-5.343],[0,0]],"o":[[-5.654,-5.165],[-0.363,1.702],[5.849,5.342],[20.506,-11.55],[-0.28,-2.287]],"v":[[23.442,-8.654],[-28.594,7.617],[-29.255,11.898],[-11.182,29.036],[24.122,-1.903]],"c":true}]}],"ix":2},"nm":"Path 1","mn":"ADBE Vector Shape - Group","hd":false},{"ty":"fl","c":{"a":0,"k":[0.321568638086,0.57647061348,0.1254902035,1],"ix":4},"o":{"a":0,"k":100,"ix":5},"r":1,"bm":0,"nm":"Fill 1","mn":"ADBE Vector Graphic - Fill","hd":false},{"ty":"tr","p":{"a":0,"k":[0,0],"ix":2},"a":{"a":0,"k":[0,0],"ix":1},"s":{"a":0,"k":[100,100],"ix":3},"r":{"a":0,"k":0,"ix":6},"o":{"a":0,"k":100,"ix":7},"sk":{"a":0,"k":0,"ix":4},"sa":{"a":0,"k":0,"ix":5},"nm":"Transform"}],"nm":"Main Shadow","np":2,"cix":2,"bm":0,"ix":1,"mn":"ADBE Vector Group","hd":false}],"ip":0,"op":48,"st":0,"bm":0}]},{"id":"comp_1","layers":[{"ddd":0,"ind":1,"ty":4,"nm":"Left Wing Shadow 1","sr":1,"ks":{"o":{"a":0,"k":100,"ix":11},"r":{"a":0,"k":-11,"ix":10},"p":{"a":0,"k":[282.224,459.318,0],"ix":2},"a":{"a":0,"k":[-18.984,-7.62,0],"ix":1},"s":{"a":0,"k":[1400,1400,100],"ix":6}},"ao":0,"shapes":[{"ty":"gr","it":[{"ind":0,"ty":"sh","ix":1,"ks":{"a":0,"k":{"i":[[-6.138,0.293],[1.692,5.193]],"o":[[-7.435,-0.04],[0.904,7.145]],"v":[[-12.695,-4.242],[-25.273,-11.089]],"c":true},"ix":2},"nm":"Path 1","mn":"ADBE Vector Shape - Group","hd":false},{"ty":"fl","c":{"a":0,"k":[0.701960802078,0.760784327984,0.776470601559,1],"ix":4},"o":{"a":0,"k":100,"ix":5},"r":1,"bm":0,"nm":"Fill 1","mn":"ADBE Vector Graphic - Fill","hd":false},{"ty":"tr","p":{"a":0,"k":[0,0],"ix":2},"a":{"a":0,"k":[0,0],"ix":1},"s":{"a":0,"k":[100,100],"ix":3},"r":{"a":0,"k":0,"ix":6},"o":{"a":0,"k":100,"ix":7},"sk":{"a":0,"k":0,"ix":4},"sa":{"a":0,"k":0,"ix":5},"nm":"Transform"}],"nm":"Left Wing Shadow 1","np":2,"cix":2,"bm":0,"ix":1,"mn":"ADBE Vector Group","hd":false}],"ip":0,"op":58,"st":0,"bm":0},{"ddd":0,"ind":2,"ty":4,"nm":"Left Wing Shadow 2","sr":1,"ks":{"o":{"a":0,"k":100,"ix":11},"r":{"a":0,"k":-8,"ix":10},"p":{"a":0,"k":[223.877,380.82,0],"ix":2},"a":{"a":0,"k":[-22.044,-14.12,0],"ix":1},"s":{"a":0,"k":[1400,1400,100],"ix":6}},"ao":0,"shapes":[{"ty":"gr","it":[{"ind":0,"ty":"sh","ix":1,"ks":{"a":0,"k":{"i":[[-8.147,0.007],[-1.382,5.058]],"o":[[-10.842,-1.848],[-3.282,6.599]],"v":[[-15.412,-7.945],[-27.896,-20.295]],"c":true},"ix":2},"nm":"Path 1","mn":"ADBE Vector Shape - Group","hd":false},{"ty":"fl","c":{"a":0,"k":[0.701960802078,0.760784327984,0.776470601559,1],"ix":4},"o":{"a":0,"k":100,"ix":5},"r":1,"bm":0,"nm":"Fill 1","mn":"ADBE Vector Graphic - Fill","hd":false},{"ty":"tr","p":{"a":0,"k":[0,0],"ix":2},"a":{"a":0,"k":[0,0],"ix":1},"s":{"a":0,"k":[100,100],"ix":3},"r":{"a":0,"k":0,"ix":6},"o":{"a":0,"k":100,"ix":7},"sk":{"a":0,"k":0,"ix":4},"sa":{"a":0,"k":0,"ix":5},"nm":"Transform"}],"nm":"Left Wing Shadow 2","np":2,"cix":2,"bm":0,"ix":1,"mn":"ADBE Vector Group","hd":false}],"ip":0,"op":58,"st":0,"bm":0},{"ddd":0,"ind":3,"ty":4,"nm":"Left Wing Shadow 3","sr":1,"ks":{"o":{"a":0,"k":100,"ix":11},"r":{"a":0,"k":-2,"ix":10},"p":{"a":0,"k":[176.734,284.441,0],"ix":2},"a":{"a":0,"k":[-24.269,-21.718,0],"ix":1},"s":{"a":0,"k":[1400,1400,100],"ix":6}},"ao":0,"shapes":[{"ty":"gr","it":[{"ind":0,"ty":"sh","ix":1,"ks":{"a":0,"k":{"i":[[-5.917,-2.874],[-1.04,4.951]],"o":[[-9.305,-5.103],[-2.958,8.719]],"v":[[-18.538,-13.437],[-29.356,-30]],"c":true},"ix":2},"nm":"Path 1","mn":"ADBE Vector Shape - Group","hd":false},{"ty":"fl","c":{"a":0,"k":[0.701960802078,0.760784327984,0.776470601559,1],"ix":4},"o":{"a":0,"k":100,"ix":5},"r":1,"bm":0,"nm":"Fill 1","mn":"ADBE Vector Graphic - Fill","hd":false},{"ty":"tr","p":{"a":0,"k":[0,0],"ix":2},"a":{"a":0,"k":[0,0],"ix":1},"s":{"a":0,"k":[100,100],"ix":3},"r":{"a":0,"k":0,"ix":6},"o":{"a":0,"k":100,"ix":7},"sk":{"a":0,"k":0,"ix":4},"sa":{"a":0,"k":0,"ix":5},"nm":"Transform"}],"nm":"Left Wing Shadow 3","np":2,"cix":2,"bm":0,"ix":1,"mn":"ADBE Vector Group","hd":false}],"ip":0,"op":58,"st":0,"bm":0},{"ddd":0,"ind":4,"ty":4,"nm":"Left Wing 2","sr":1,"ks":{"o":{"a":0,"k":100,"ix":11},"r":{"a":0,"k":79,"ix":10},"p":{"a":0,"k":[453.106,461.366,0],"ix":2},"a":{"a":0,"k":[4.703,7.944,0],"ix":1},"s":{"a":0,"k":[-1400,1400,100],"ix":6}},"ao":0,"shapes":[{"ty":"gr","it":[{"ind":0,"ty":"sh","ix":1,"ks":{"a":1,"k":[{"i":{"x":0.833,"y":0.833},"o":{"x":0.167,"y":0.167},"t":0,"s":[{"i":[[20.833,-9.644],[-11.81,-1.708],[0,0],[0,0]],"o":[[5.583,5.118],[3.412,4.379],[4.533,2.864],[-10.103,-7.504]],"v":[[1.662,6.815],[10.751,26.246],[20.117,28.532],[29.949,28.725]],"c":true}]},{"i":{"x":0.833,"y":0.833},"o":{"x":0.167,"y":0.167},"t":4,"s":[{"i":[[21.332,4.13],[-11.81,-1.708],[0,0],[0,0]],"o":[[5.583,5.118],[3.412,4.379],[4.533,2.864],[-20.779,-7.67]],"v":[[1.662,6.815],[10.751,26.246],[20.117,28.532],[29.949,28.725]],"c":true}]},{"i":{"x":0.833,"y":0.833},"o":{"x":0.167,"y":0.167},"t":8,"s":[{"i":[[20.603,9.365],[-11.81,-1.708],[0,0],[0,0]],"o":[[5.583,5.118],[3.412,4.379],[4.533,2.864],[0.122,-18.064]],"v":[[1.662,6.815],[10.751,26.246],[20.117,28.532],[29.949,28.725]],"c":true}]},{"i":{"x":0.833,"y":0.833},"o":{"x":0.167,"y":0.167},"t":12,"s":[{"i":[[20.833,-9.644],[-11.81,-1.708],[0,0],[0,0]],"o":[[5.583,5.118],[3.412,4.379],[4.533,2.864],[-10.103,-7.504]],"v":[[1.662,6.815],[10.751,26.246],[20.117,28.532],[29.949,28.725]],"c":true}]},{"i":{"x":0.833,"y":0.833},"o":{"x":0.167,"y":0.167},"t":16,"s":[{"i":[[21.332,4.13],[-11.81,-1.708],[0,0],[0,0]],"o":[[5.583,5.118],[3.412,4.379],[4.533,2.864],[-20.779,-7.67]],"v":[[1.662,6.815],[10.751,26.246],[20.117,28.532],[29.949,28.725]],"c":true}]},{"i":{"x":0.833,"y":0.833},"o":{"x":0.167,"y":0.167},"t":20,"s":[{"i":[[20.603,9.365],[-11.81,-1.708],[0,0],[0,0]],"o":[[5.583,5.118],[3.412,4.379],[4.533,2.864],[0.122,-18.064]],"v":[[1.662,6.815],[10.751,26.246],[20.117,28.532],[29.949,28.725]],"c":true}]},{"t":24,"s":[{"i":[[20.833,-9.644],[-11.81,-1.708],[0,0],[0,0]],"o":[[5.583,5.118],[3.412,4.379],[4.533,2.864],[-10.103,-7.504]],"v":[[1.662,6.815],[10.751,26.246],[20.117,28.532],[29.949,28.725]],"c":true}]}],"ix":2},"nm":"Path 1","mn":"ADBE Vector Shape - Group","hd":false},{"ty":"fl","c":{"a":0,"k":[0.925490196078,0.945098039216,0.960784313725,1],"ix":4},"o":{"a":0,"k":100,"ix":5},"r":1,"bm":0,"nm":"Fill 1","mn":"ADBE Vector Graphic - Fill","hd":false},{"ty":"tr","p":{"a":0,"k":[0,0],"ix":2},"a":{"a":0,"k":[0,0],"ix":1},"s":{"a":0,"k":[100,100],"ix":3},"r":{"a":0,"k":0,"ix":6},"o":{"a":0,"k":100,"ix":7},"sk":{"a":0,"k":0,"ix":4},"sa":{"a":0,"k":0,"ix":5},"nm":"Transform"}],"nm":"Left Wing","np":2,"cix":2,"bm":0,"ix":1,"mn":"ADBE Vector Group","hd":false}],"ip":0,"op":58,"st":0,"bm":0}]},{"id":"comp_2","layers":[{"ddd":0,"ind":1,"ty":4,"nm":"Left Wing Shadow 1","sr":1,"ks":{"o":{"a":0,"k":100,"ix":11},"r":{"a":0,"k":-11,"ix":10},"p":{"a":0,"k":[234.224,417.318,0],"ix":2},"a":{"a":0,"k":[-18.984,-7.62,0],"ix":1},"s":{"a":0,"k":[1400,1400,100],"ix":6}},"ao":0,"shapes":[{"ty":"gr","it":[{"ind":0,"ty":"sh","ix":1,"ks":{"a":0,"k":{"i":[[-6.138,0.293],[1.692,5.193]],"o":[[-7.435,-0.04],[0.904,7.145]],"v":[[-12.695,-4.242],[-25.273,-11.089]],"c":true},"ix":2},"nm":"Path 1","mn":"ADBE Vector Shape - Group","hd":false},{"ty":"fl","c":{"a":0,"k":[0.701960802078,0.760784327984,0.776470601559,1],"ix":4},"o":{"a":0,"k":100,"ix":5},"r":1,"bm":0,"nm":"Fill 1","mn":"ADBE Vector Graphic - Fill","hd":false},{"ty":"tr","p":{"a":0,"k":[0,0],"ix":2},"a":{"a":0,"k":[0,0],"ix":1},"s":{"a":0,"k":[100,100],"ix":3},"r":{"a":0,"k":0,"ix":6},"o":{"a":0,"k":100,"ix":7},"sk":{"a":0,"k":0,"ix":4},"sa":{"a":0,"k":0,"ix":5},"nm":"Transform"}],"nm":"Left Wing Shadow 1","np":2,"cix":2,"bm":0,"ix":1,"mn":"ADBE Vector Group","hd":false}],"ip":0,"op":58,"st":0,"bm":0},{"ddd":0,"ind":2,"ty":4,"nm":"Left Wing Shadow 2","sr":1,"ks":{"o":{"a":0,"k":100,"ix":11},"r":{"a":0,"k":-8,"ix":10},"p":{"a":0,"k":[175.877,338.82,0],"ix":2},"a":{"a":0,"k":[-22.044,-14.12,0],"ix":1},"s":{"a":0,"k":[1400,1400,100],"ix":6}},"ao":0,"shapes":[{"ty":"gr","it":[{"ind":0,"ty":"sh","ix":1,"ks":{"a":0,"k":{"i":[[-8.147,0.007],[-1.382,5.058]],"o":[[-10.842,-1.848],[-3.282,6.599]],"v":[[-15.412,-7.945],[-27.896,-20.295]],"c":true},"ix":2},"nm":"Path 1","mn":"ADBE Vector Shape - Group","hd":false},{"ty":"fl","c":{"a":0,"k":[0.701960802078,0.760784327984,0.776470601559,1],"ix":4},"o":{"a":0,"k":100,"ix":5},"r":1,"bm":0,"nm":"Fill 1","mn":"ADBE Vector Graphic - Fill","hd":false},{"ty":"tr","p":{"a":0,"k":[0,0],"ix":2},"a":{"a":0,"k":[0,0],"ix":1},"s":{"a":0,"k":[100,100],"ix":3},"r":{"a":0,"k":0,"ix":6},"o":{"a":0,"k":100,"ix":7},"sk":{"a":0,"k":0,"ix":4},"sa":{"a":0,"k":0,"ix":5},"nm":"Transform"}],"nm":"Left Wing Shadow 2","np":2,"cix":2,"bm":0,"ix":1,"mn":"ADBE Vector Group","hd":false}],"ip":0,"op":58,"st":0,"bm":0},{"ddd":0,"ind":3,"ty":4,"nm":"Left Wing Shadow 3","sr":1,"ks":{"o":{"a":0,"k":100,"ix":11},"r":{"a":0,"k":-2,"ix":10},"p":{"a":0,"k":[128.734,242.441,0],"ix":2},"a":{"a":0,"k":[-24.269,-21.718,0],"ix":1},"s":{"a":0,"k":[1400,1400,100],"ix":6}},"ao":0,"shapes":[{"ty":"gr","it":[{"ind":0,"ty":"sh","ix":1,"ks":{"a":0,"k":{"i":[[-5.917,-2.874],[-1.04,4.951]],"o":[[-9.305,-5.103],[-2.958,8.719]],"v":[[-18.538,-13.437],[-29.356,-30]],"c":true},"ix":2},"nm":"Path 1","mn":"ADBE Vector Shape - Group","hd":false},{"ty":"fl","c":{"a":0,"k":[0.701960802078,0.760784327984,0.776470601559,1],"ix":4},"o":{"a":0,"k":100,"ix":5},"r":1,"bm":0,"nm":"Fill 1","mn":"ADBE Vector Graphic - Fill","hd":false},{"ty":"tr","p":{"a":0,"k":[0,0],"ix":2},"a":{"a":0,"k":[0,0],"ix":1},"s":{"a":0,"k":[100,100],"ix":3},"r":{"a":0,"k":0,"ix":6},"o":{"a":0,"k":100,"ix":7},"sk":{"a":0,"k":0,"ix":4},"sa":{"a":0,"k":0,"ix":5},"nm":"Transform"}],"nm":"Left Wing Shadow 3","np":2,"cix":2,"bm":0,"ix":1,"mn":"ADBE Vector Group","hd":false}],"ip":0,"op":58,"st":0,"bm":0},{"ddd":0,"ind":4,"ty":4,"nm":"Left Wing 2","sr":1,"ks":{"o":{"a":0,"k":100,"ix":11},"r":{"a":0,"k":79,"ix":10},"p":{"a":0,"k":[407.106,418.366,0],"ix":2},"a":{"a":0,"k":[4.703,7.944,0],"ix":1},"s":{"a":0,"k":[-1400,1400,100],"ix":6}},"ao":0,"shapes":[{"ty":"gr","it":[{"ind":0,"ty":"sh","ix":1,"ks":{"a":1,"k":[{"i":{"x":0.833,"y":0.833},"o":{"x":0.167,"y":0.167},"t":0,"s":[{"i":[[20.833,-9.644],[-11.81,-1.708],[0,0],[0,0]],"o":[[5.583,5.118],[3.412,4.379],[4.533,2.864],[-10.103,-7.504]],"v":[[1.662,6.815],[10.751,26.246],[20.117,28.532],[29.949,28.725]],"c":true}]},{"i":{"x":0.833,"y":0.833},"o":{"x":0.167,"y":0.167},"t":4,"s":[{"i":[[21.332,4.13],[-11.81,-1.708],[0,0],[0,0]],"o":[[5.583,5.118],[3.412,4.379],[4.533,2.864],[-20.779,-7.67]],"v":[[1.662,6.815],[10.751,26.246],[20.117,28.532],[29.949,28.725]],"c":true}]},{"i":{"x":0.833,"y":0.833},"o":{"x":0.167,"y":0.167},"t":8,"s":[{"i":[[20.603,9.365],[-11.81,-1.708],[0,0],[0,0]],"o":[[5.583,5.118],[3.412,4.379],[4.533,2.864],[0.122,-18.064]],"v":[[1.662,6.815],[10.751,26.246],[20.117,28.532],[29.949,28.725]],"c":true}]},{"i":{"x":0.833,"y":0.833},"o":{"x":0.167,"y":0.167},"t":12,"s":[{"i":[[20.833,-9.644],[-11.81,-1.708],[0,0],[0,0]],"o":[[5.583,5.118],[3.412,4.379],[4.533,2.864],[-10.103,-7.504]],"v":[[1.662,6.815],[10.751,26.246],[20.117,28.532],[29.949,28.725]],"c":true}]},{"i":{"x":0.833,"y":0.833},"o":{"x":0.167,"y":0.167},"t":16,"s":[{"i":[[21.332,4.13],[-11.81,-1.708],[0,0],[0,0]],"o":[[5.583,5.118],[3.412,4.379],[4.533,2.864],[-20.779,-7.67]],"v":[[1.662,6.815],[10.751,26.246],[20.117,28.532],[29.949,28.725]],"c":true}]},{"i":{"x":0.833,"y":0.833},"o":{"x":0.167,"y":0.167},"t":20,"s":[{"i":[[20.603,9.365],[-11.81,-1.708],[0,0],[0,0]],"o":[[5.583,5.118],[3.412,4.379],[4.533,2.864],[0.122,-18.064]],"v":[[1.662,6.815],[10.751,26.246],[20.117,28.532],[29.949,28.725]],"c":true}]},{"t":24,"s":[{"i":[[20.833,-9.644],[-11.81,-1.708],[0,0],[0,0]],"o":[[5.583,5.118],[3.412,4.379],[4.533,2.864],[-10.103,-7.504]],"v":[[1.662,6.815],[10.751,26.246],[20.117,28.532],[29.949,28.725]],"c":true}]}],"ix":2},"nm":"Path 1","mn":"ADBE Vector Shape - Group","hd":false},{"ty":"fl","c":{"a":0,"k":[0.925490196078,0.945098039216,0.960784313725,1],"ix":4},"o":{"a":0,"k":100,"ix":5},"r":1,"bm":0,"nm":"Fill 1","mn":"ADBE Vector Graphic - Fill","hd":false},{"ty":"tr","p":{"a":0,"k":[0,0],"ix":2},"a":{"a":0,"k":[0,0],"ix":1},"s":{"a":0,"k":[100,100],"ix":3},"r":{"a":0,"k":0,"ix":6},"o":{"a":0,"k":100,"ix":7},"sk":{"a":0,"k":0,"ix":4},"sa":{"a":0,"k":0,"ix":5},"nm":"Transform"}],"nm":"Left Wing","np":2,"cix":2,"bm":0,"ix":1,"mn":"ADBE Vector Group","hd":false}],"ip":0,"op":58,"st":0,"bm":0}]}],"layers":[{"ddd":0,"ind":1,"ty":0,"nm":"money_with_wings","refId":"comp_0","sr":1,"ks":{"o":{"a":0,"k":100,"ix":11},"r":{"a":0,"k":0,"ix":10},"p":{"a":0,"k":[512,512,0],"ix":2},"a":{"a":0,"k":[512,512,0],"ix":1},"s":{"a":0,"k":[100,100,100],"ix":6}},"ao":0,"w":1024,"h":1024,"ip":0,"op":48,"st":0,"bm":0}],"markers":[]}