{"v":"5.6.2","fr":24,"ip":0,"op":48,"w":1024,"h":1024,"nm":"party_popper","ddd":0,"assets":[{"id":"comp_0","layers":[{"ddd":0,"ind":1,"ty":3,"nm":"C | Position","sr":1,"ks":{"o":{"a":0,"k":100,"ix":11},"r":{"a":0,"k":45,"ix":10},"p":{"a":1,"k":[{"i":{"x":0,"y":1},"o":{"x":0.333,"y":0},"t":0,"s":[176,892,0],"to":[-6.667,6.667,0],"ti":[0,0,0]},{"i":{"x":0.833,"y":0.833},"o":{"x":0.333,"y":0},"t":7,"s":[136,932,0],"to":[0,0,0],"ti":[-6.667,6.667,0]},{"t":11,"s":[176,892,0]}],"ix":2},"a":{"a":0,"k":[0,0,0],"ix":1},"s":{"a":1,"k":[{"i":{"x":[0,0,0.667],"y":[1,1,1]},"o":{"x":[0.333,0.333,0.333],"y":[0,0,0]},"t":0,"s":[100,100,100]},{"i":{"x":[0.833,0.833,0.833],"y":[0.833,0.833,1]},"o":{"x":[0.333,0.333,0.333],"y":[0,0,0]},"t":7,"s":[115,75,100]},{"i":{"x":[0,0,0.667],"y":[1,1,1]},"o":{"x":[0.167,0.167,0.167],"y":[0.167,0.167,0]},"t":11,"s":[95,105,100]},{"t":20,"s":[100,100,100]}],"ix":6}},"ao":0,"ef":[{"ty":5,"nm":"Controller","np":13,"mn":"Pseudo/DUIK controller","ix":1,"en":1,"ef":[{"ty":6,"nm":"Icon","mn":"Pseudo/DUIK controller-0001","ix":1,"v":0},{"ty":2,"nm":"Color","mn":"Pseudo/DUIK controller-0002","ix":2,"v":{"a":0,"k":[0.92549020052,0.0941176489,0.0941176489,1],"ix":2}},{"ty":3,"nm":"Position","mn":"Pseudo/DUIK controller-0003","ix":3,"v":{"a":0,"k":[0,0],"ix":3}},{"ty":0,"nm":"Size","mn":"Pseudo/DUIK controller-0004","ix":4,"v":{"a":0,"k":100,"ix":4}},{"ty":0,"nm":"Orientation","mn":"Pseudo/DUIK controller-0005","ix":5,"v":{"a":0,"k":0,"ix":5}},{"ty":0,"nm":"Opacity","mn":"Pseudo/DUIK controller-0006","ix":6,"v":{"a":0,"k":100,"ix":6}},{"ty":6,"nm":"","mn":"Pseudo/DUIK controller-0007","ix":7,"v":0},{"ty":6,"nm":"Anchor","mn":"Pseudo/DUIK controller-0008","ix":8,"v":0},{"ty":2,"nm":"Color","mn":"Pseudo/DUIK controller-0009","ix":9,"v":{"a":0,"k":[0,0,0,1],"ix":9}},{"ty":0,"nm":"Size","mn":"Pseudo/DUIK controller-0010","ix":10,"v":{"a":0,"k":100,"ix":10}},{"ty":6,"nm":"","mn":"Pseudo/DUIK controller-0011","ix":11,"v":0}]}],"ip":0,"op":48,"st":0,"bm":0},{"ddd":0,"ind":2,"ty":4,"nm":"cone top 2","parent":12,"td":1,"sr":1,"ks":{"o":{"a":0,"k":100,"ix":11},"r":{"a":0,"k":0,"ix":10},"p":{"a":0,"k":[-8.416,7.686,0],"ix":2},"a":{"a":0,"k":[-8.416,7.686,0],"ix":1},"s":{"a":0,"k":[100,100,100],"ix":6}},"ao":0,"shapes":[{"ty":"gr","it":[{"ind":0,"ty":"sh","ix":1,"ks":{"a":0,"k":{"i":[[0,0],[0,0],[0,0],[0,0],[0,0],[0,0],[0,0]],"o":[[0,0],[0,0],[0,0],[0,0],[0,0],[0,0],[0,0]],"v":[[5.714,-41.429],[-13.143,-34],[-18.429,-2.286],[1.714,18.857],[0.571,52.286],[57.714,46.857],[56,-38.571]],"c":true},"ix":2},"nm":"Path 1","mn":"ADBE Vector Shape - Group","hd":false},{"ty":"fl","c":{"a":0,"k":[1,0,0,1],"ix":4},"o":{"a":0,"k":100,"ix":5},"r":1,"bm":0,"nm":"Fill 1","mn":"ADBE Vector Graphic - Fill","hd":false},{"ty":"tr","p":{"a":0,"k":[0,0],"ix":2},"a":{"a":0,"k":[0,0],"ix":1},"s":{"a":0,"k":[100,100],"ix":3},"r":{"a":0,"k":0,"ix":6},"o":{"a":0,"k":100,"ix":7},"sk":{"a":0,"k":0,"ix":4},"sa":{"a":0,"k":0,"ix":5},"nm":"Transform"}],"nm":"Shape 1","np":2,"cix":2,"bm":0,"ix":1,"mn":"ADBE Vector Group","hd":false},{"ty":"gr","it":[{"ind":0,"ty":"sh","ix":1,"ks":{"a":0,"k":{"i":[[-5.818,-5.923],[2.111,-2.151],[0.203,-0.103],[0.459,-0.02],[4.653,4.737],[-2.113,2.152]],"o":[[5.816,5.924],[-0.157,0.16],[-0.343,0.175],[-2.915,0.127],[-5.816,-5.923],[2.113,-2.152]],"v":[[-4.588,3.79],[2.119,18.412],[1.577,18.807],[0.369,19.097],[-12.244,11.583],[-18.949,-3.039]],"c":true},"ix":2},"nm":"Path 1","mn":"ADBE Vector Shape - Group","hd":false},{"ty":"gf","o":{"a":0,"k":100,"ix":10},"r":1,"bm":0,"g":{"p":11,"k":{"a":0,"k":[0,0.902,0.643,0,0.007,0.904,0.645,0.004,0.015,0.906,0.647,0.008,0.144,0.924,0.678,0.067,0.273,0.941,0.71,0.125,0.401,0.955,0.733,0.169,0.528,0.969,0.757,0.212,0.651,0.978,0.771,0.237,0.773,0.988,0.784,0.263,0.887,0.99,0.788,0.271,1,0.992,0.792,0.278],"ix":9}},"s":{"a":0,"k":[2.75,19.029],"ix":5},"e":{"a":0,"k":[-18.853,-2.945],"ix":6},"t":1,"nm":"gradientconetop","mn":"ADBE Vector Graphic - G-Fill","hd":false},{"ty":"tr","p":{"a":0,"k":[0,0],"ix":2},"a":{"a":0,"k":[0,0],"ix":1},"s":{"a":0,"k":[100,100],"ix":3},"r":{"a":0,"k":0,"ix":6},"o":{"a":0,"k":100,"ix":7},"sk":{"a":0,"k":0,"ix":4},"sa":{"a":0,"k":0,"ix":5},"nm":"Transform"}],"nm":"cone top","np":2,"cix":2,"bm":0,"ix":2,"mn":"ADBE Vector Group","hd":false}],"ip":0,"op":48,"st":0,"bm":0},{"ddd":0,"ind":3,"ty":0,"nm":"Confettis","parent":12,"tt":1,"refId":"comp_1","sr":1,"ks":{"o":{"a":1,"k":[{"i":{"x":[0.833],"y":[0.833]},"o":{"x":[0.167],"y":[0.167]},"t":6,"s":[0]},{"i":{"x":[0.833],"y":[0.833]},"o":{"x":[0.167],"y":[0.167]},"t":10,"s":[100]},{"i":{"x":[0.833],"y":[0.833]},"o":{"x":[0.167],"y":[0.167]},"t":30,"s":[100]},{"t":40,"s":[0]}],"ix":11},"r":{"a":0,"k":0,"ix":10},"p":{"a":0,"k":[0,0,0],"ix":2},"a":{"a":0,"k":[512,512,0],"ix":1},"s":{"a":0,"k":[7.143,7.143,100],"ix":6}},"ao":0,"w":1024,"h":1024,"ip":0,"op":60,"st":0,"bm":0},{"ddd":0,"ind":4,"ty":4,"nm":"Hole","parent":12,"sr":1,"ks":{"o":{"a":0,"k":100,"ix":11},"r":{"a":0,"k":0,"ix":10},"p":{"a":0,"k":[-8.344,7.616,0],"ix":2},"a":{"a":0,"k":[-8.344,7.616,0],"ix":1},"s":{"a":0,"k":[100,100,100],"ix":6}},"ao":0,"shapes":[{"ty":"gr","it":[{"ind":0,"ty":"sh","ix":1,"ks":{"a":0,"k":{"i":[[-5.702,-5.805],[2.013,-2.055],[5.705,5.807],[-2.017,2.055]],"o":[[5.705,5.806],[-2.018,2.052],[-5.703,-5.802],[2.015,-2.056]],"v":[[-4.693,3.896],[1.985,18.129],[-11.997,11.334],[-18.671,-2.895]],"c":true},"ix":2},"nm":"Path 1","mn":"ADBE Vector Shape - Group","hd":false},{"ty":"gf","o":{"a":0,"k":100,"ix":10},"r":1,"bm":0,"g":{"p":9,"k":{"a":0,"k":[0,0.58,0.314,0.055,0.086,0.565,0.308,0.061,0.172,0.549,0.302,0.067,0.305,0.506,0.286,0.082,0.438,0.463,0.271,0.098,0.601,0.392,0.245,0.125,0.765,0.322,0.22,0.153,0.819,0.296,0.21,0.163,0.873,0.271,0.2,0.173],"ix":9}},"s":{"a":0,"k":[-1.584,1.474],"ix":5},"e":{"a":0,"k":[-18.081,16.569],"ix":6},"t":2,"h":{"a":0,"k":0,"ix":7},"a":{"a":0,"k":0,"ix":8},"nm":"gradienthole","mn":"ADBE Vector Graphic - G-Fill","hd":false},{"ty":"tr","p":{"a":0,"k":[0,0],"ix":2},"a":{"a":0,"k":[0,0],"ix":1},"s":{"a":0,"k":[100,100],"ix":3},"r":{"a":0,"k":0,"ix":6},"o":{"a":0,"k":100,"ix":7},"sk":{"a":0,"k":0,"ix":4},"sa":{"a":0,"k":0,"ix":5},"nm":"Transform"}],"nm":"Hole","np":2,"cix":2,"bm":0,"ix":1,"mn":"ADBE Vector Group","hd":false}],"ip":0,"op":48,"st":0,"bm":0},{"ddd":0,"ind":5,"ty":4,"nm":"Star 5","parent":12,"sr":1,"ks":{"o":{"a":0,"k":100,"ix":11},"r":{"a":0,"k":0,"ix":10},"p":{"a":0,"k":[-8.185,17.307,0],"ix":2},"a":{"a":0,"k":[-8.185,17.307,0],"ix":1},"s":{"a":0,"k":[100,100,100],"ix":6}},"ao":0,"shapes":[{"ty":"gr","it":[{"ind":0,"ty":"sh","ix":1,"ks":{"a":0,"k":{"i":[[0,0],[0,0],[0,0],[0,0],[0,0],[0,0],[0,0],[0,0],[0,0],[0,0]],"o":[[0,0],[0,0],[0,0],[0,0],[0,0],[0,0],[0,0],[0,0],[0,0],[0,0]],"v":[[-9.453,20.19],[-9.299,18.093],[-11.072,16.961],[-9.031,16.461],[-8.506,14.424],[-7.396,16.211],[-5.297,16.082],[-6.654,17.688],[-5.883,19.646],[-7.83,18.852]],"c":true},"ix":2},"nm":"Path 1","mn":"ADBE Vector Shape - Group","hd":false},{"ty":"fl","c":{"a":0,"k":[0.960784316063,0.61960786581,0.003921568859,1],"ix":4},"o":{"a":0,"k":100,"ix":5},"r":1,"bm":0,"nm":"Fill 1","mn":"ADBE Vector Graphic - Fill","hd":false},{"ty":"tr","p":{"a":0,"k":[0,0],"ix":2},"a":{"a":0,"k":[0,0],"ix":1},"s":{"a":0,"k":[100,100],"ix":3},"r":{"a":0,"k":0,"ix":6},"o":{"a":0,"k":100,"ix":7},"sk":{"a":0,"k":0,"ix":4},"sa":{"a":0,"k":0,"ix":5},"nm":"Transform"}],"nm":"Star 5","np":2,"cix":2,"bm":0,"ix":1,"mn":"ADBE Vector Group","hd":false}],"ip":0,"op":48,"st":0,"bm":0},{"ddd":0,"ind":6,"ty":4,"nm":"Star 4","parent":12,"sr":1,"ks":{"o":{"a":0,"k":100,"ix":11},"r":{"a":0,"k":0,"ix":10},"p":{"a":0,"k":[-27.218,25.004,0],"ix":2},"a":{"a":0,"k":[-27.218,25.004,0],"ix":1},"s":{"a":0,"k":[100,100,100],"ix":6}},"ao":0,"shapes":[{"ty":"gr","it":[{"ind":0,"ty":"sh","ix":1,"ks":{"a":0,"k":{"i":[[0,0],[0,0],[0,0],[0,0],[0,0],[0,0]],"o":[[0,0],[0,0],[0,0],[0,0],[0,0],[0,0]],"v":[[-29.619,28.167],[-27.686,26.03],[-24.928,26.724],[-26.332,24.25],[-24.818,21.842],[-27.711,22.48]],"c":true},"ix":2},"nm":"Path 1","mn":"ADBE Vector Shape - Group","hd":false},{"ty":"fl","c":{"a":0,"k":[0.917647063732,0.533333361149,0,1],"ix":4},"o":{"a":0,"k":100,"ix":5},"r":1,"bm":0,"nm":"Fill 1","mn":"ADBE Vector Graphic - Fill","hd":false},{"ty":"tr","p":{"a":0,"k":[0,0],"ix":2},"a":{"a":0,"k":[0,0],"ix":1},"s":{"a":0,"k":[100,100],"ix":3},"r":{"a":0,"k":0,"ix":6},"o":{"a":0,"k":100,"ix":7},"sk":{"a":0,"k":0,"ix":4},"sa":{"a":0,"k":0,"ix":5},"nm":"Transform"}],"nm":"Star 4","np":2,"cix":2,"bm":0,"ix":1,"mn":"ADBE Vector Group","hd":false}],"ip":0,"op":48,"st":0,"bm":0},{"ddd":0,"ind":7,"ty":4,"nm":"Star 3","parent":12,"sr":1,"ks":{"o":{"a":0,"k":100,"ix":11},"r":{"a":0,"k":0,"ix":10},"p":{"a":0,"k":[-22.713,20.103,0],"ix":2},"a":{"a":0,"k":[-22.713,20.103,0],"ix":1},"s":{"a":0,"k":[100,100,100],"ix":6}},"ao":0,"shapes":[{"ty":"gr","it":[{"ind":0,"ty":"sh","ix":1,"ks":{"a":0,"k":{"i":[[0,0],[0,0],[0,0],[0,0],[0,0],[0,0],[0,0],[0,0],[0,0],[0,0]],"o":[[0,0],[0,0],[0,0],[0,0],[0,0],[0,0],[0,0],[0,0],[0,0],[0,0]],"v":[[-24.812,21.101],[-23.865,19.889],[-24.482,18.479],[-23.037,19.006],[-21.889,17.981],[-21.943,19.521],[-20.613,20.297],[-22.094,20.721],[-22.42,22.224],[-23.281,20.948]],"c":true},"ix":2},"nm":"Path 1","mn":"ADBE Vector Shape - Group","hd":false},{"ty":"fl","c":{"a":0,"k":[0.960784316063,0.61960786581,0.003921568859,1],"ix":4},"o":{"a":0,"k":100,"ix":5},"r":1,"bm":0,"nm":"Fill 1","mn":"ADBE Vector Graphic - Fill","hd":false},{"ty":"tr","p":{"a":0,"k":[0,0],"ix":2},"a":{"a":0,"k":[0,0],"ix":1},"s":{"a":0,"k":[100,100],"ix":3},"r":{"a":0,"k":0,"ix":6},"o":{"a":0,"k":100,"ix":7},"sk":{"a":0,"k":0,"ix":4},"sa":{"a":0,"k":0,"ix":5},"nm":"Transform"}],"nm":"Star 3","np":2,"cix":2,"bm":0,"ix":1,"mn":"ADBE Vector Group","hd":false}],"ip":0,"op":48,"st":0,"bm":0},{"ddd":0,"ind":8,"ty":4,"nm":"Star 2","parent":12,"sr":1,"ks":{"o":{"a":0,"k":100,"ix":11},"r":{"a":0,"k":0,"ix":10},"p":{"a":0,"k":[-15.226,22.574,0],"ix":2},"a":{"a":0,"k":[-15.226,22.574,0],"ix":1},"s":{"a":0,"k":[100,100,100],"ix":6}},"ao":0,"shapes":[{"ty":"gr","it":[{"ind":0,"ty":"sh","ix":1,"ks":{"a":0,"k":{"i":[[0,0],[0,0],[0,0],[0,0],[0,0],[0,0],[0,0]],"o":[[0,0],[0,0],[0,0],[0,0],[0,0],[0,0],[0,0]],"v":[[-16.486,22.949],[-19.307,24.39],[-16.504,25.367],[-12.545,23.934],[-11.145,21.104],[-14.176,22.02],[-16.418,19.781]],"c":true},"ix":2},"nm":"Path 1","mn":"ADBE Vector Shape - Group","hd":false},{"ty":"fl","c":{"a":0,"k":[0.917647063732,0.533333361149,0,1],"ix":4},"o":{"a":0,"k":100,"ix":5},"r":1,"bm":0,"nm":"Fill 1","mn":"ADBE Vector Graphic - Fill","hd":false},{"ty":"tr","p":{"a":0,"k":[0,0],"ix":2},"a":{"a":0,"k":[0,0],"ix":1},"s":{"a":0,"k":[100,100],"ix":3},"r":{"a":0,"k":0,"ix":6},"o":{"a":0,"k":100,"ix":7},"sk":{"a":0,"k":0,"ix":4},"sa":{"a":0,"k":0,"ix":5},"nm":"Transform"}],"nm":"Star 2","np":2,"cix":2,"bm":0,"ix":1,"mn":"ADBE Vector Group","hd":false}],"ip":0,"op":48,"st":0,"bm":0},{"ddd":0,"ind":9,"ty":4,"nm":"Star1","parent":12,"sr":1,"ks":{"o":{"a":0,"k":100,"ix":11},"r":{"a":0,"k":0,"ix":10},"p":{"a":0,"k":[-16.524,9.724,0],"ix":2},"a":{"a":0,"k":[-16.524,9.724,0],"ix":1},"s":{"a":0,"k":[100,100,100],"ix":6}},"ao":0,"shapes":[{"ty":"gr","it":[{"ind":0,"ty":"sh","ix":1,"ks":{"a":0,"k":{"i":[[0,0],[0,0],[0,0],[0,0],[0,0],[0,0],[0,0],[0,0],[0,0],[0,0]],"o":[[0,0],[0,0],[0,0],[0,0],[0,0],[0,0],[0,0],[0,0],[0,0],[0,0]],"v":[[-18.434,14.067],[-18.201,10.905],[-20.873,9.204],[-17.797,8.449],[-17.004,5.38],[-15.336,8.074],[-12.176,7.878],[-14.219,10.298],[-13.055,13.246],[-15.988,12.05]],"c":true},"ix":2},"nm":"Path 1","mn":"ADBE Vector Shape - Group","hd":false},{"ty":"fl","c":{"a":0,"k":[0.917647063732,0.533333361149,0,1],"ix":4},"o":{"a":0,"k":100,"ix":5},"r":1,"bm":0,"nm":"Fill 1","mn":"ADBE Vector Graphic - Fill","hd":false},{"ty":"tr","p":{"a":0,"k":[0,0],"ix":2},"a":{"a":0,"k":[0,0],"ix":1},"s":{"a":0,"k":[100,100],"ix":3},"r":{"a":0,"k":0,"ix":6},"o":{"a":0,"k":100,"ix":7},"sk":{"a":0,"k":0,"ix":4},"sa":{"a":0,"k":0,"ix":5},"nm":"Transform"}],"nm":"Star1","np":2,"cix":2,"bm":0,"ix":1,"mn":"ADBE Vector Group","hd":false}],"ip":0,"op":48,"st":0,"bm":0},{"ddd":0,"ind":10,"ty":4,"nm":"Small Stars","parent":12,"sr":1,"ks":{"o":{"a":0,"k":100,"ix":11},"r":{"a":0,"k":0,"ix":10},"p":{"a":0,"k":[-14.559,14.668,0],"ix":2},"a":{"a":0,"k":[-14.559,14.668,0],"ix":1},"s":{"a":0,"k":[100,100,100],"ix":6}},"ao":0,"shapes":[{"ty":"gr","it":[{"ind":0,"ty":"sh","ix":1,"ks":{"a":0,"k":{"i":[[0,0],[0,0],[0,0],[0,0],[0,0],[0,0],[0,0],[0,0],[0,0],[0,0]],"o":[[0,0],[0,0],[0,0],[0,0],[0,0],[0,0],[0,0],[0,0],[0,0],[0,0]],"v":[[-7.754,21.471],[-7.725,20.837],[-8.27,20.513],[-7.658,20.345],[-7.52,19.727],[-7.17,20.256],[-6.539,20.197],[-6.934,20.692],[-6.684,21.274],[-7.277,21.053]],"c":true},"ix":2},"nm":"Path 1","mn":"ADBE Vector Shape - Group","hd":false},{"ind":1,"ty":"sh","ix":2,"ks":{"a":0,"k":{"i":[[0,0],[0,0],[0,0],[0,0],[0,0],[0,0],[0,0],[0,0],[0,0],[0,0]],"o":[[0,0],[0,0],[0,0],[0,0],[0,0],[0,0],[0,0],[0,0],[0,0],[0,0]],"v":[[-21.432,25.229],[-21.355,24.512],[-21.953,24.104],[-21.246,23.954],[-21.043,23.263],[-20.682,23.887],[-19.961,23.865],[-20.445,24.401],[-20.201,25.082],[-20.859,24.787]],"c":true},"ix":2},"nm":"Path 2","mn":"ADBE Vector Shape - Group","hd":false},{"ind":2,"ty":"sh","ix":3,"ks":{"a":0,"k":{"i":[[0,0],[0,0],[0,0],[0,0],[0,0],[0,0],[0,0],[0,0],[0,0],[0,0]],"o":[[0,0],[0,0],[0,0],[0,0],[0,0],[0,0],[0,0],[0,0],[0,0],[0,0]],"v":[[-15.57,17.835],[-15.379,17.139],[-15.898,16.64],[-15.178,16.608],[-14.863,15.959],[-14.611,16.635],[-13.896,16.733],[-14.461,17.182],[-14.334,17.894],[-14.936,17.495]],"c":true},"ix":2},"nm":"Path 3","mn":"ADBE Vector Shape - Group","hd":false},{"ind":3,"ty":"sh","ix":4,"ks":{"a":0,"k":{"i":[[0,0],[0,0],[0,0],[0,0],[0,0],[0,0],[0,0],[0,0],[0,0],[0,0]],"o":[[0,0],[0,0],[0,0],[0,0],[0,0],[0,0],[0,0],[0,0],[0,0],[0,0]],"v":[[-20.492,5.983],[-20.299,5.287],[-20.818,4.787],[-20.098,4.757],[-19.785,4.107],[-19.533,4.784],[-18.816,4.881],[-19.381,5.33],[-19.254,6.041],[-19.855,5.642]],"c":true},"ix":2},"nm":"Path 4","mn":"ADBE Vector Shape - Group","hd":false},{"ind":4,"ty":"sh","ix":5,"ks":{"a":0,"k":{"i":[[0,0],[0,0],[0,0],[0,0],[0,0],[0,0],[0,0],[0,0],[0,0],[0,0]],"o":[[0,0],[0,0],[0,0],[0,0],[0,0],[0,0],[0,0],[0,0],[0,0],[0,0]],"v":[[-22.252,15.612],[-22.057,14.916],[-22.578,14.416],[-21.857,14.387],[-21.545,13.736],[-21.291,14.413],[-20.576,14.512],[-21.141,14.959],[-21.014,15.67],[-21.615,15.271]],"c":true},"ix":2},"nm":"Path 5","mn":"ADBE Vector Shape - Group","hd":false},{"ty":"fl","c":{"a":0,"k":[0.960784316063,0.61960786581,0.003921568859,1],"ix":4},"o":{"a":0,"k":100,"ix":5},"r":1,"bm":0,"nm":"Fill 1","mn":"ADBE Vector Graphic - Fill","hd":false},{"ty":"tr","p":{"a":0,"k":[0,0],"ix":2},"a":{"a":0,"k":[0,0],"ix":1},"s":{"a":0,"k":[100,100],"ix":3},"r":{"a":0,"k":0,"ix":6},"o":{"a":0,"k":100,"ix":7},"sk":{"a":0,"k":0,"ix":4},"sa":{"a":0,"k":0,"ix":5},"nm":"Transform"}],"nm":"Small Stars","np":6,"cix":2,"bm":0,"ix":1,"mn":"ADBE Vector Group","hd":false}],"ip":0,"op":48,"st":0,"bm":0},{"ddd":0,"ind":11,"ty":4,"nm":"cone top","parent":12,"sr":1,"ks":{"o":{"a":0,"k":100,"ix":11},"r":{"a":0,"k":0,"ix":10},"p":{"a":0,"k":[-8.416,7.686,0],"ix":2},"a":{"a":0,"k":[-8.416,7.686,0],"ix":1},"s":{"a":0,"k":[100,100,100],"ix":6}},"ao":0,"shapes":[{"ty":"gr","it":[{"ind":0,"ty":"sh","ix":1,"ks":{"a":0,"k":{"i":[[-5.818,-5.923],[2.111,-2.151],[5.818,5.924],[-2.113,2.152]],"o":[[5.816,5.924],[-2.113,2.151],[-5.816,-5.923],[2.113,-2.152]],"v":[[-4.588,3.79],[2.119,18.412],[-12.244,11.583],[-18.949,-3.039]],"c":true},"ix":2},"nm":"Path 1","mn":"ADBE Vector Shape - Group","hd":false},{"ty":"gf","o":{"a":0,"k":100,"ix":10},"r":1,"bm":0,"g":{"p":11,"k":{"a":0,"k":[0,0.902,0.643,0,0.007,0.904,0.645,0.004,0.015,0.906,0.647,0.008,0.144,0.924,0.678,0.067,0.273,0.941,0.71,0.125,0.401,0.955,0.733,0.169,0.528,0.969,0.757,0.212,0.651,0.978,0.771,0.237,0.773,0.988,0.784,0.263,0.887,0.99,0.788,0.271,1,0.992,0.792,0.278],"ix":9}},"s":{"a":0,"k":[2.75,19.029],"ix":5},"e":{"a":0,"k":[-18.853,-2.945],"ix":6},"t":1,"nm":"gradientconetop","mn":"ADBE Vector Graphic - G-Fill","hd":false},{"ty":"tr","p":{"a":0,"k":[0,0],"ix":2},"a":{"a":0,"k":[0,0],"ix":1},"s":{"a":0,"k":[100,100],"ix":3},"r":{"a":0,"k":0,"ix":6},"o":{"a":0,"k":100,"ix":7},"sk":{"a":0,"k":0,"ix":4},"sa":{"a":0,"k":0,"ix":5},"nm":"Transform"}],"nm":"cone top","np":2,"cix":2,"bm":0,"ix":1,"mn":"ADBE Vector Group","hd":false}],"ip":0,"op":48,"st":0,"bm":0},{"ddd":0,"ind":12,"ty":4,"nm":"Cone","parent":1,"sr":1,"ks":{"o":{"a":0,"k":100,"ix":11},"r":{"a":0,"k":-45,"ix":10},"p":{"a":0,"k":[-8.894,-312.616,0],"ix":2},"a":{"a":0,"k":[-14.374,13.761,0],"ix":1},"s":{"a":0,"k":[1400,1400,100],"ix":6}},"ao":0,"shapes":[{"ty":"gr","it":[{"ind":0,"ty":"sh","ix":1,"ks":{"a":0,"k":{"i":[[0,0],[0,0],[-0.481,0.174],[0,0]],"o":[[0,0],[-0.158,0.472],[0,0],[0,0]],"v":[[-19.336,-2.478],[-29.967,29.204],[-29.209,29.963],[1.252,18.942]],"c":true},"ix":2},"nm":"Path 1","mn":"ADBE Vector Shape - Group","hd":false},{"ty":"gf","o":{"a":0,"k":100,"ix":10},"r":1,"bm":0,"g":{"p":11,"k":{"a":0,"k":[0,0.902,0.643,0,0.007,0.904,0.645,0.004,0.015,0.906,0.647,0.008,0.144,0.924,0.678,0.067,0.273,0.941,0.71,0.125,0.401,0.955,0.733,0.169,0.528,0.969,0.757,0.212,0.651,0.978,0.771,0.237,0.773,0.988,0.784,0.263,0.887,0.99,0.788,0.271,1,0.992,0.792,0.278],"ix":9}},"s":{"a":0,"k":[1.114,19.221],"ix":5},"e":{"a":0,"k":[-19.502,-2.309],"ix":6},"t":1,"nm":"gradientcone","mn":"ADBE Vector Graphic - G-Fill","hd":false},{"ty":"tr","p":{"a":0,"k":[0,0],"ix":2},"a":{"a":0,"k":[0,0],"ix":1},"s":{"a":0,"k":[100,100],"ix":3},"r":{"a":0,"k":0,"ix":6},"o":{"a":0,"k":100,"ix":7},"sk":{"a":0,"k":0,"ix":4},"sa":{"a":0,"k":0,"ix":5},"nm":"Transform"}],"nm":"Cone","np":2,"cix":2,"bm":0,"ix":1,"mn":"ADBE Vector Group","hd":false}],"ip":0,"op":48,"st":0,"bm":0}]},{"id":"comp_1","layers":[{"ddd":0,"ind":1,"ty":3,"nm":"RedCurlControl","sr":1,"ks":{"o":{"a":0,"k":0,"ix":11},"r":{"a":1,"k":[{"i":{"x":[0.833],"y":[0.915]},"o":{"x":[0.333],"y":[0]},"t":8,"s":[0]},{"i":{"x":[0.667],"y":[1]},"o":{"x":[0.167],"y":[0.211]},"t":15,"s":[41]},{"t":47,"s":[117]}],"ix":10},"p":{"a":1,"k":[{"i":{"x":0.217,"y":0.405},"o":{"x":0.333,"y":0},"t":8,"s":[310,644,0],"to":[78.667,-72.667,0],"ti":[-145.5,-2.278,0]},{"i":{"x":1,"y":1},"o":{"x":0.83,"y":0.548},"t":18,"s":[782,208,0],"to":[440.994,6.903,0],"ti":[0,0,0]},{"t":32,"s":[1294,1132,0]}],"ix":2},"a":{"a":0,"k":[-128,-240,0],"ix":1},"s":{"a":0,"k":[100,100,100],"ix":6}},"ao":0,"ip":0,"op":70,"st":0,"bm":0},{"ddd":0,"ind":2,"ty":3,"nm":"PurpleCurlControl ","sr":1,"ks":{"o":{"a":0,"k":0,"ix":11},"r":{"a":1,"k":[{"i":{"x":[0.833],"y":[0.799]},"o":{"x":[0.333],"y":[0]},"t":12,"s":[-29]},{"i":{"x":[0.667],"y":[1]},"o":{"x":[0.167],"y":[0.156]},"t":22,"s":[0]},{"t":46,"s":[90]}],"ix":10},"p":{"a":1,"k":[{"i":{"x":0.667,"y":0.838},"o":{"x":0.333,"y":0},"t":12,"s":[246,814,0],"to":[79.333,-30,0],"ti":[-268.54,-5.401,0]},{"i":{"x":0.667,"y":1},"o":{"x":0.333,"y":0.18},"t":22,"s":[722,634,0],"to":[188.418,3.79,0],"ti":[0,0,0]},{"t":42,"s":[1486,1158,0]}],"ix":2},"a":{"a":0,"k":[50,50,0],"ix":1},"s":{"a":0,"k":[100,100,100],"ix":6}},"ao":0,"ip":0,"op":70,"st":0,"bm":0},{"ddd":0,"ind":3,"ty":3,"nm":"BlueCurlControl ","sr":1,"ks":{"o":{"a":0,"k":0,"ix":11},"r":{"a":1,"k":[{"i":{"x":[0.667],"y":[1]},"o":{"x":[0.333],"y":[0]},"t":14,"s":[24]},{"t":35,"s":[52]}],"ix":10},"p":{"a":1,"k":[{"i":{"x":0.217,"y":0.498},"o":{"x":0.333,"y":0},"t":8,"s":[170,868,0],"to":[78.667,-72.667,0],"ti":[-145.5,-2.278,0]},{"i":{"x":1,"y":1},"o":{"x":0.83,"y":0.602},"t":18,"s":[642,432,0],"to":[440.994,6.903,0],"ti":[0,0,0]},{"t":38,"s":[1154,1356,0]}],"ix":2},"a":{"a":0,"k":[50,50,0],"ix":1},"s":{"a":0,"k":[100,100,100],"ix":6}},"ao":0,"ip":0,"op":70,"st":0,"bm":0},{"ddd":0,"ind":4,"ty":4,"nm":"Green 1","sr":1,"ks":{"o":{"a":0,"k":100,"ix":11},"r":{"a":0,"k":0,"ix":10},"p":{"a":1,"k":[{"i":{"x":0.46,"y":0.759},"o":{"x":0.333,"y":0},"t":8,"s":[196.412,818.87,0],"to":[18,-111.333,0],"ti":[-269.745,-56.003,0]},{"i":{"x":0.794,"y":1},"o":{"x":0.487,"y":0.191},"t":24,"s":[682.412,578.87,0],"to":[285.64,59.303,0],"ti":[0,0,0]},{"t":42,"s":[1044.412,1200.87,0]}],"ix":2},"a":{"a":0,"k":[17.458,16.205,0],"ix":1},"s":{"a":0,"k":[1400,1400,100],"ix":6}},"ao":0,"shapes":[{"ty":"gr","it":[{"ind":0,"ty":"sh","ix":1,"ks":{"a":0,"k":{"i":[[0,0],[0,0],[0,0],[0,0]],"o":[[0,0],[0,0],[0,0],[0,0]],"v":[[19.582,16.359],[17.189,17.604],[15.334,15.659],[17.818,14.806]],"c":true},"ix":2},"nm":"Path 1","mn":"ADBE Vector Shape - Group","hd":false},{"ty":"fl","c":{"a":0,"k":[0.65098041296,0.901960790157,0.223529413342,1],"ix":4},"o":{"a":0,"k":100,"ix":5},"r":1,"bm":0,"nm":"Fill 1","mn":"ADBE Vector Graphic - Fill","hd":false},{"ty":"tr","p":{"a":0,"k":[0,0],"ix":2},"a":{"a":0,"k":[0,0],"ix":1},"s":{"a":0,"k":[100,100],"ix":3},"r":{"a":0,"k":0,"ix":6},"o":{"a":0,"k":100,"ix":7},"sk":{"a":0,"k":0,"ix":4},"sa":{"a":0,"k":0,"ix":5},"nm":"Transform"}],"nm":"Green 1","np":2,"cix":2,"bm":0,"ix":1,"mn":"ADBE Vector Group","hd":false}],"ip":0,"op":70,"st":0,"bm":0},{"ddd":0,"ind":5,"ty":4,"nm":"purple 1","sr":1,"ks":{"o":{"a":0,"k":100,"ix":11},"r":{"a":0,"k":0,"ix":10},"p":{"a":1,"k":[{"i":{"x":0.46,"y":0.727},"o":{"x":0.333,"y":0},"t":10,"s":[350.412,746.87,0],"to":[18,-111.333,0],"ti":[-269.745,-56.003,0]},{"i":{"x":0.794,"y":1},"o":{"x":0.487,"y":0.29},"t":25,"s":[934.412,278.87,0],"to":[285.64,59.303,0],"ti":[0,0,0]},{"t":45,"s":[1412.412,1012.87,0]}],"ix":2},"a":{"a":0,"k":[-15.824,-22.667,0],"ix":1},"s":{"a":0,"k":[1400,1400,100],"ix":6}},"ao":0,"shapes":[{"ty":"gr","it":[{"ind":0,"ty":"sh","ix":1,"ks":{"a":0,"k":{"i":[[0,0],[0,0],[0,0],[0,0]],"o":[[0,0],[0,0],[0,0],[0,0]],"v":[[-16.389,-25.262],[-14.086,-22.925],[-15.682,-20.072],[-17.562,-22.655]],"c":true},"ix":2},"nm":"Path 1","mn":"ADBE Vector Shape - Group","hd":false},{"ty":"fl","c":{"a":0,"k":[0.901960790157,0.207843139768,0.870588243008,1],"ix":4},"o":{"a":0,"k":100,"ix":5},"r":1,"bm":0,"nm":"Fill 1","mn":"ADBE Vector Graphic - Fill","hd":false},{"ty":"tr","p":{"a":0,"k":[0,0],"ix":2},"a":{"a":0,"k":[0,0],"ix":1},"s":{"a":0,"k":[100,100],"ix":3},"r":{"a":0,"k":0,"ix":6},"o":{"a":0,"k":100,"ix":7},"sk":{"a":0,"k":0,"ix":4},"sa":{"a":0,"k":0,"ix":5},"nm":"Transform"}],"nm":"purple 1","np":2,"cix":2,"bm":0,"ix":1,"mn":"ADBE Vector Group","hd":false}],"ip":0,"op":70,"st":0,"bm":0},{"ddd":0,"ind":6,"ty":4,"nm":"Red 2","sr":1,"ks":{"o":{"a":0,"k":100,"ix":11},"r":{"a":0,"k":0,"ix":10},"p":{"a":1,"k":[{"i":{"x":0.46,"y":0.671},"o":{"x":0.333,"y":0},"t":10,"s":[196.412,818.87,0],"to":[18,-111.333,0],"ti":[-471.384,60.103,0]},{"i":{"x":0.794,"y":1},"o":{"x":0.487,"y":0.314},"t":30,"s":[954.412,126.87,0],"to":[529.572,-67.522,0],"ti":[0,0,0]},{"t":50,"s":[1492.412,840.87,0]}],"ix":2},"a":{"a":0,"k":[17.279,-2.538,0],"ix":1},"s":{"a":0,"k":[1400,1400,100],"ix":6}},"ao":0,"shapes":[{"ty":"gr","it":[{"ind":0,"ty":"sh","ix":1,"ks":{"a":0,"k":{"i":[[0,0],[0,0],[0,0],[0,0]],"o":[[0,0],[0,0],[0,0],[0,0]],"v":[[19.395,-3.101],[17.568,-1.115],[15.162,-2.312],[17.207,-3.96]],"c":true},"ix":2},"nm":"Path 1","mn":"ADBE Vector Shape - Group","hd":false},{"ty":"fl","c":{"a":0,"k":[0.909803926945,0.109803922474,0.152941182256,1],"ix":4},"o":{"a":0,"k":100,"ix":5},"r":1,"bm":0,"nm":"Fill 1","mn":"ADBE Vector Graphic - Fill","hd":false},{"ty":"tr","p":{"a":0,"k":[0,0],"ix":2},"a":{"a":0,"k":[0,0],"ix":1},"s":{"a":0,"k":[100,100],"ix":3},"r":{"a":0,"k":0,"ix":6},"o":{"a":0,"k":100,"ix":7},"sk":{"a":0,"k":0,"ix":4},"sa":{"a":0,"k":0,"ix":5},"nm":"Transform"}],"nm":"Red 2","np":2,"cix":2,"bm":0,"ix":1,"mn":"ADBE Vector Group","hd":false}],"ip":0,"op":70,"st":0,"bm":0},{"ddd":0,"ind":7,"ty":4,"nm":"Blue 1","sr":1,"ks":{"o":{"a":0,"k":100,"ix":11},"r":{"a":0,"k":0,"ix":10},"p":{"a":1,"k":[{"i":{"x":0.46,"y":0.667},"o":{"x":0.333,"y":0},"t":7,"s":[236.412,690.87,0],"to":[18,-111.333,0],"ti":[-190.84,-24.648,0]},{"i":{"x":0.794,"y":1},"o":{"x":0.487,"y":0.203},"t":25,"s":[550.412,318.87,0],"to":[375.668,48.519,0],"ti":[0,0,0]},{"t":48,"s":[988.412,1156.87,0]}],"ix":2},"a":{"a":0,"k":[-9.04,-0.065,0],"ix":1},"s":{"a":0,"k":[1400,1400,100],"ix":6}},"ao":0,"shapes":[{"ty":"gr","it":[{"ind":0,"ty":"sh","ix":1,"ks":{"a":0,"k":{"i":[[0,0],[0,0],[0,0],[0,0]],"o":[[0,0],[0,0],[0,0],[0,0]],"v":[[-8.918,-2.538],[-7.41,0.203],[-9.613,2.408],[-10.67,-0.45]],"c":true},"ix":2},"nm":"Path 1","mn":"ADBE Vector Shape - Group","hd":false},{"ty":"fl","c":{"a":0,"k":[0.235294118524,0.764705896378,0.92549020052,1],"ix":4},"o":{"a":0,"k":100,"ix":5},"r":1,"bm":0,"nm":"Fill 1","mn":"ADBE Vector Graphic - Fill","hd":false},{"ty":"tr","p":{"a":0,"k":[0,0],"ix":2},"a":{"a":0,"k":[0,0],"ix":1},"s":{"a":0,"k":[100,100],"ix":3},"r":{"a":0,"k":0,"ix":6},"o":{"a":0,"k":100,"ix":7},"sk":{"a":0,"k":0,"ix":4},"sa":{"a":0,"k":0,"ix":5},"nm":"Transform"}],"nm":"Blue 1","np":2,"cix":2,"bm":0,"ix":1,"mn":"ADBE Vector Group","hd":false}],"ip":0,"op":70,"st":0,"bm":0},{"ddd":0,"ind":8,"ty":4,"nm":"Green 2","sr":1,"ks":{"o":{"a":0,"k":100,"ix":11},"r":{"a":0,"k":0,"ix":10},"p":{"a":1,"k":[{"i":{"x":0.46,"y":0.683},"o":{"x":0.333,"y":0},"t":11,"s":[308.412,710.87,0],"to":[18,-111.333,0],"ti":[-317.745,-0.003,0]},{"i":{"x":0.794,"y":1},"o":{"x":0.487,"y":0.328},"t":26,"s":[818.412,242.87,0],"to":[291.731,0.003,0],"ti":[0,0,0]},{"t":46,"s":[1424.412,816.87,0]}],"ix":2},"a":{"a":0,"k":[2.796,6.179,0],"ix":1},"s":{"a":0,"k":[1400,1400,100],"ix":6}},"ao":0,"shapes":[{"ty":"gr","it":[{"ind":0,"ty":"sh","ix":1,"ks":{"a":0,"k":{"i":[[0,0],[0,0],[0,0],[0,0]],"o":[[0,0],[0,0],[0,0],[0,0]],"v":[[2.918,3.707],[4.426,6.447],[2.221,8.65],[1.166,5.794]],"c":true},"ix":2},"nm":"Path 1","mn":"ADBE Vector Shape - Group","hd":false},{"ty":"fl","c":{"a":0,"k":[0.65098041296,0.901960790157,0.223529413342,1],"ix":4},"o":{"a":0,"k":100,"ix":5},"r":1,"bm":0,"nm":"Fill 1","mn":"ADBE Vector Graphic - Fill","hd":false},{"ty":"tr","p":{"a":0,"k":[0,0],"ix":2},"a":{"a":0,"k":[0,0],"ix":1},"s":{"a":0,"k":[100,100],"ix":3},"r":{"a":0,"k":0,"ix":6},"o":{"a":0,"k":100,"ix":7},"sk":{"a":0,"k":0,"ix":4},"sa":{"a":0,"k":0,"ix":5},"nm":"Transform"}],"nm":"Green 2","np":2,"cix":2,"bm":0,"ix":1,"mn":"ADBE Vector Group","hd":false}],"ip":0,"op":70,"st":0,"bm":0},{"ddd":0,"ind":9,"ty":4,"nm":"Red 1","sr":1,"ks":{"o":{"a":0,"k":100,"ix":11},"r":{"a":0,"k":0,"ix":10},"p":{"a":1,"k":[{"i":{"x":0.46,"y":0.771},"o":{"x":0.333,"y":0},"t":12,"s":[196.412,818.87,0],"to":[18,-111.333,0],"ti":[-269.745,-56.003,0]},{"i":{"x":0.794,"y":1},"o":{"x":0.487,"y":0.235},"t":27,"s":[746.412,358.87,0],"to":[285.64,59.303,0],"ti":[0,0,0]},{"t":47,"s":[1224.412,1092.87,0]}],"ix":2},"a":{"a":0,"k":[9.3,8.389,0],"ix":1},"s":{"a":0,"k":[1400,1400,100],"ix":6}},"ao":0,"shapes":[{"ty":"gr","it":[{"ind":0,"ty":"sh","ix":1,"ks":{"a":0,"k":{"i":[[0,0],[0,0],[0,0],[0,0],[0,0],[0,0],[0,0],[0,0],[0,0],[0,0]],"o":[[0,0],[0,0],[0,0],[0,0],[0,0],[0,0],[0,0],[0,0],[0,0],[0,0]],"v":[[6.779,9.517],[7.943,8.09],[7.238,6.39],[8.955,7.055],[10.354,5.858],[10.25,7.697],[11.822,8.658],[10.041,9.129],[9.613,10.92],[8.617,9.373]],"c":true},"ix":2},"nm":"Path 1","mn":"ADBE Vector Shape - Group","hd":false},{"ty":"fl","c":{"a":0,"k":[0.909803926945,0.109803922474,0.152941182256,1],"ix":4},"o":{"a":0,"k":100,"ix":5},"r":1,"bm":0,"nm":"Fill 1","mn":"ADBE Vector Graphic - Fill","hd":false},{"ty":"tr","p":{"a":0,"k":[0,0],"ix":2},"a":{"a":0,"k":[0,0],"ix":1},"s":{"a":0,"k":[100,100],"ix":3},"r":{"a":0,"k":0,"ix":6},"o":{"a":0,"k":100,"ix":7},"sk":{"a":0,"k":0,"ix":4},"sa":{"a":0,"k":0,"ix":5},"nm":"Transform"}],"nm":"Red 1","np":2,"cix":2,"bm":0,"ix":1,"mn":"ADBE Vector Group","hd":false}],"ip":0,"op":70,"st":0,"bm":0},{"ddd":0,"ind":10,"ty":4,"nm":"Green 3","sr":1,"ks":{"o":{"a":0,"k":100,"ix":11},"r":{"a":1,"k":[{"i":{"x":[0.833],"y":[0.833]},"o":{"x":[0.167],"y":[0.167]},"t":15,"s":[0]},{"t":50,"s":[212]}],"ix":10},"p":{"a":1,"k":[{"i":{"x":0.46,"y":0.762},"o":{"x":0.333,"y":0},"t":15,"s":[196.412,818.87,0],"to":[18,-111.333,0],"ti":[-269.745,-56.003,0]},{"i":{"x":0.794,"y":1},"o":{"x":0.487,"y":0.218},"t":30,"s":[634.412,438.87,0],"to":[285.64,59.303,0],"ti":[0,0,0]},{"t":50,"s":[1016.412,1148.87,0]}],"ix":2},"a":{"a":0,"k":[5.577,-24.455,0],"ix":1},"s":{"a":0,"k":[1400,1400,100],"ix":6}},"ao":0,"shapes":[{"ty":"gr","it":[{"ind":0,"ty":"sh","ix":1,"ks":{"a":0,"k":{"i":[[0,0],[0,0],[0,0],[0,0],[0,0],[0,0],[0,0],[0,0],[0,0],[0,0]],"o":[[0,0],[0,0],[0,0],[0,0],[0,0],[0,0],[0,0],[0,0],[0,0],[0,0]],"v":[[3.057,-23.327],[4.219,-24.755],[3.514,-26.454],[5.23,-25.789],[6.631,-26.986],[6.527,-25.147],[8.098,-24.187],[6.318,-23.716],[5.891,-21.924],[4.893,-23.471]],"c":true},"ix":2},"nm":"Path 1","mn":"ADBE Vector Shape - Group","hd":false},{"ty":"fl","c":{"a":0,"k":[0.65098041296,0.901960790157,0.223529413342,1],"ix":4},"o":{"a":0,"k":100,"ix":5},"r":1,"bm":0,"nm":"Fill 1","mn":"ADBE Vector Graphic - Fill","hd":false},{"ty":"tr","p":{"a":0,"k":[0,0],"ix":2},"a":{"a":0,"k":[0,0],"ix":1},"s":{"a":0,"k":[100,100],"ix":3},"r":{"a":0,"k":0,"ix":6},"o":{"a":0,"k":100,"ix":7},"sk":{"a":0,"k":0,"ix":4},"sa":{"a":0,"k":0,"ix":5},"nm":"Transform"}],"nm":"Green 3","np":2,"cix":2,"bm":0,"ix":1,"mn":"ADBE Vector Group","hd":false}],"ip":0,"op":70,"st":0,"bm":0},{"ddd":0,"ind":11,"ty":4,"nm":"Blue 2","sr":1,"ks":{"o":{"a":0,"k":100,"ix":11},"r":{"a":1,"k":[{"i":{"x":[0.833],"y":[0.833]},"o":{"x":[0.167],"y":[0.167]},"t":16,"s":[0]},{"t":51,"s":[68]}],"ix":10},"p":{"a":1,"k":[{"i":{"x":0.46,"y":0.708},"o":{"x":0.333,"y":0},"t":16,"s":[196.412,818.87,0],"to":[18,-111.333,0],"ti":[-269.745,-56.003,0]},{"i":{"x":0.794,"y":1},"o":{"x":0.487,"y":0.298},"t":31,"s":[746.412,358.87,0],"to":[285.64,59.303,0],"ti":[0,0,0]},{"t":51,"s":[1224.412,1092.87,0]}],"ix":2},"a":{"a":0,"k":[27.026,-8.134,0],"ix":1},"s":{"a":0,"k":[1400,1400,100],"ix":6}},"ao":0,"shapes":[{"ty":"gr","it":[{"ind":0,"ty":"sh","ix":1,"ks":{"a":0,"k":{"i":[[0,0],[0,0],[0,0],[0,0],[0,0],[0,0],[0,0],[0,0],[0,0],[0,0]],"o":[[0,0],[0,0],[0,0],[0,0],[0,0],[0,0],[0,0],[0,0],[0,0],[0,0]],"v":[[25.719,-6.021],[26.039,-7.578],[24.82,-8.596],[26.398,-8.773],[26.99,-10.248],[27.646,-8.801],[29.232,-8.692],[28.059,-7.621],[28.447,-6.08],[27.066,-6.864]],"c":true},"ix":2},"nm":"Path 1","mn":"ADBE Vector Shape - Group","hd":false},{"ty":"fl","c":{"a":0,"k":[0.235294118524,0.764705896378,0.92549020052,1],"ix":4},"o":{"a":0,"k":100,"ix":5},"r":1,"bm":0,"nm":"Fill 1","mn":"ADBE Vector Graphic - Fill","hd":false},{"ty":"tr","p":{"a":0,"k":[0,0],"ix":2},"a":{"a":0,"k":[0,0],"ix":1},"s":{"a":0,"k":[100,100],"ix":3},"r":{"a":0,"k":0,"ix":6},"o":{"a":0,"k":100,"ix":7},"sk":{"a":0,"k":0,"ix":4},"sa":{"a":0,"k":0,"ix":5},"nm":"Transform"}],"nm":"Blue 2","np":2,"cix":2,"bm":0,"ix":1,"mn":"ADBE Vector Group","hd":false}],"ip":0,"op":70,"st":0,"bm":0},{"ddd":0,"ind":12,"ty":4,"nm":"purple 2","sr":1,"ks":{"o":{"a":0,"k":100,"ix":11},"r":{"a":1,"k":[{"i":{"x":[0.833],"y":[0.833]},"o":{"x":[0.167],"y":[0.167]},"t":13,"s":[0]},{"t":48,"s":[179]}],"ix":10},"p":{"a":1,"k":[{"i":{"x":0.46,"y":0.708},"o":{"x":0.333,"y":0},"t":13,"s":[196.412,818.87,0],"to":[18,-111.333,0],"ti":[-269.745,-56.003,0]},{"i":{"x":0.794,"y":1},"o":{"x":0.487,"y":0.331},"t":27,"s":[682.412,546.87,0],"to":[285.64,59.303,0],"ti":[0,0,0]},{"t":48,"s":[1004.412,1152.87,0]}],"ix":2},"a":{"a":0,"k":[-1.921,-7.393,0],"ix":1},"s":{"a":0,"k":[1400,1400,100],"ix":6}},"ao":0,"shapes":[{"ty":"gr","it":[{"ind":0,"ty":"sh","ix":1,"ks":{"a":0,"k":{"i":[[0,0],[0,0],[0,0],[0,0],[0,0],[0,0],[0,0],[0,0],[0,0],[0,0]],"o":[[0,0],[0,0],[0,0],[0,0],[0,0],[0,0],[0,0],[0,0],[0,0],[0,0]],"v":[[-4.043,-3.96],[-3.523,-6.489],[-5.504,-8.144],[-2.939,-8.431],[-1.977,-10.826],[-0.912,-8.475],[1.662,-8.3],[-0.242,-6.561],[0.385,-4.058],[-1.857,-5.332]],"c":true},"ix":2},"nm":"Path 1","mn":"ADBE Vector Shape - Group","hd":false},{"ty":"fl","c":{"a":0,"k":[0.901960790157,0.207843139768,0.870588243008,1],"ix":4},"o":{"a":0,"k":100,"ix":5},"r":1,"bm":0,"nm":"Fill 1","mn":"ADBE Vector Graphic - Fill","hd":false},{"ty":"tr","p":{"a":0,"k":[0,0],"ix":2},"a":{"a":0,"k":[0,0],"ix":1},"s":{"a":0,"k":[100,100],"ix":3},"r":{"a":0,"k":0,"ix":6},"o":{"a":0,"k":100,"ix":7},"sk":{"a":0,"k":0,"ix":4},"sa":{"a":0,"k":0,"ix":5},"nm":"Transform"}],"nm":"purple 2","np":2,"cix":2,"bm":0,"ix":1,"mn":"ADBE Vector Group","hd":false}],"ip":0,"op":70,"st":0,"bm":0},{"ddd":0,"ind":13,"ty":4,"nm":"Red Curl 1","parent":1,"sr":1,"ks":{"o":{"a":0,"k":100,"ix":11},"r":{"a":0,"k":0,"ix":10},"p":{"a":0,"k":[-195.816,-89.768,0],"ix":2},"a":{"a":0,"k":[-13.987,-6.412,0],"ix":1},"s":{"a":0,"k":[1400,1400,100],"ix":6}},"ao":0,"shapes":[{"ty":"gr","it":[{"ind":0,"ty":"sh","ix":1,"ks":{"a":0,"k":{"i":[[-2.74,7.466],[2.155,-5.755]],"o":[[-5.986,8.337],[4.136,-7.835]],"v":[[-13.604,-15.986],[-13.493,3.162]],"c":true},"ix":2},"nm":"Path 1","mn":"ADBE Vector Shape - Group","hd":false},{"ty":"gf","o":{"a":0,"k":100,"ix":10},"r":1,"bm":0,"g":{"p":3,"k":{"a":0,"k":[0,0.812,0,0,0.5,0.906,0,0.027,1,1,0,0.055],"ix":9}},"s":{"a":0,"k":[-16.253,-12.806],"ix":5},"e":{"a":0,"k":[-11.863,1.868],"ix":6},"t":1,"nm":"redcurlgradient1","mn":"ADBE Vector Graphic - G-Fill","hd":false},{"ty":"tr","p":{"a":0,"k":[0,0],"ix":2},"a":{"a":0,"k":[0,0],"ix":1},"s":{"a":0,"k":[100,100],"ix":3},"r":{"a":0,"k":0,"ix":6},"o":{"a":0,"k":100,"ix":7},"sk":{"a":0,"k":0,"ix":4},"sa":{"a":0,"k":0,"ix":5},"nm":"Transform"}],"nm":"Red Curl 1","np":2,"cix":2,"bm":0,"ix":1,"mn":"ADBE Vector Group","hd":false}],"ip":0,"op":70,"st":0,"bm":0},{"ddd":0,"ind":14,"ty":4,"nm":"RedCurl2","parent":1,"sr":1,"ks":{"o":{"a":0,"k":100,"ix":11},"r":{"a":0,"k":0,"ix":10},"p":{"a":0,"k":[-105.522,-252.268,0],"ix":2},"a":{"a":0,"k":[-7.537,-18.019,0],"ix":1},"s":{"a":0,"k":[1400,1400,100],"ix":6}},"ao":0,"shapes":[{"ty":"gr","it":[{"ind":0,"ty":"sh","ix":1,"ks":{"a":0,"k":{"i":[[-0.793,1.506],[-0.865,3.612],[-2.479,0.721]],"o":[[-1.982,1.396],[-3.703,4.949],[0.645,-0.189]],"v":[[-3.922,-15.747],[-9.985,-22.667],[-5.139,-13.441]],"c":true},"ix":2},"nm":"Path 1","mn":"ADBE Vector Shape - Group","hd":false},{"ty":"gf","o":{"a":0,"k":100,"ix":10},"r":1,"bm":0,"g":{"p":3,"k":{"a":0,"k":[0,0.812,0,0,0.5,0.906,0,0.027,1,1,0,0.055],"ix":9}},"s":{"a":0,"k":[-11.017,-21.312],"ix":5},"e":{"a":0,"k":[-5.03,-13.735],"ix":6},"t":1,"nm":"redcurlgradient2","mn":"ADBE Vector Graphic - G-Fill","hd":false},{"ty":"tr","p":{"a":0,"k":[0,0],"ix":2},"a":{"a":0,"k":[0,0],"ix":1},"s":{"a":0,"k":[100,100],"ix":3},"r":{"a":0,"k":0,"ix":6},"o":{"a":0,"k":100,"ix":7},"sk":{"a":0,"k":0,"ix":4},"sa":{"a":0,"k":0,"ix":5},"nm":"Transform"}],"nm":"RedCurl2","np":2,"cix":2,"bm":0,"ix":1,"mn":"ADBE Vector Group","hd":false}],"ip":0,"op":70,"st":0,"bm":0},{"ddd":0,"ind":15,"ty":4,"nm":"Red Curl3","parent":1,"sr":1,"ks":{"o":{"a":0,"k":100,"ix":11},"r":{"a":0,"k":0,"ix":10},"p":{"a":0,"k":[-128.284,-222.245,0],"ix":2},"a":{"a":0,"k":[-9.163,-15.875,0],"ix":1},"s":{"a":0,"k":[1400,1400,100],"ix":6}},"ao":0,"shapes":[{"ty":"gr","it":[{"ind":0,"ty":"sh","ix":1,"ks":{"a":0,"k":{"i":[[0,0],[2.856,-4.91],[0.209,-0.228],[0.732,-1.384]],"o":[[-0.01,-1.617],[-0.178,0.305],[1.869,-5.305],[0,0]],"v":[[-4.791,-14.1],[-14.422,-13.701],[-13.969,-15.193],[-3.922,-15.748]],"c":true},"ix":2},"nm":"Path 1","mn":"ADBE Vector Shape - Group","hd":false},{"ty":"gf","o":{"a":0,"k":100,"ix":10},"r":1,"bm":0,"g":{"p":3,"k":{"a":0,"k":[0,1,0,0.055,0.5,0.861,0,0.027,1,0.722,0,0],"ix":9}},"s":{"a":0,"k":[-13.966,-16.098],"ix":5},"e":{"a":0,"k":[-4.331,-14.79],"ix":6},"t":1,"nm":"redcurlgradient3","mn":"ADBE Vector Graphic - G-Fill","hd":false},{"ty":"tr","p":{"a":0,"k":[0,0],"ix":2},"a":{"a":0,"k":[0,0],"ix":1},"s":{"a":0,"k":[100,100],"ix":3},"r":{"a":0,"k":0,"ix":6},"o":{"a":0,"k":100,"ix":7},"sk":{"a":0,"k":0,"ix":4},"sa":{"a":0,"k":0,"ix":5},"nm":"Transform"}],"nm":"Red Curl3","np":2,"cix":2,"bm":0,"ix":1,"mn":"ADBE Vector Group","hd":false}],"ip":0,"op":70,"st":0,"bm":0},{"ddd":0,"ind":16,"ty":4,"nm":"Red Curl4","parent":1,"sr":1,"ks":{"o":{"a":0,"k":100,"ix":11},"r":{"a":0,"k":0,"ix":10},"p":{"a":0,"k":[-53.906,-348.482,0],"ix":2},"a":{"a":0,"k":[-3.85,-24.892,0],"ix":1},"s":{"a":0,"k":[1400,1400,100],"ix":6}},"ao":0,"shapes":[{"ty":"gr","it":[{"ind":0,"ty":"sh","ix":1,"ks":{"a":0,"k":{"i":[[-0.797,1.506],[-1.004,3.677],[-2.717,0.538]],"o":[[-1.941,1.545],[-3.322,4.538],[0.66,-0.131]],"v":[[-0.5,-22.122],[-6.098,-30],[-1.717,-19.816]],"c":true},"ix":2},"nm":"Path 1","mn":"ADBE Vector Shape - Group","hd":false},{"ty":"gf","o":{"a":0,"k":100,"ix":10},"r":1,"bm":0,"g":{"p":3,"k":{"a":0,"k":[0,0.812,0,0,0.5,0.906,0,0.027,1,1,0,0.055],"ix":9}},"s":{"a":0,"k":[-8.445,-28.889],"ix":5},"e":{"a":0,"k":[-0.741,-20.612],"ix":6},"t":1,"nm":"redcurlgradient4","mn":"ADBE Vector Graphic - G-Fill","hd":false},{"ty":"tr","p":{"a":0,"k":[0,0],"ix":2},"a":{"a":0,"k":[0,0],"ix":1},"s":{"a":0,"k":[100,100],"ix":3},"r":{"a":0,"k":0,"ix":6},"o":{"a":0,"k":100,"ix":7},"sk":{"a":0,"k":0,"ix":4},"sa":{"a":0,"k":0,"ix":5},"nm":"Transform"}],"nm":"Red Curl4","np":2,"cix":2,"bm":0,"ix":1,"mn":"ADBE Vector Group","hd":false}],"ip":0,"op":70,"st":0,"bm":0},{"ddd":0,"ind":17,"ty":4,"nm":"Red Curl5","parent":1,"sr":1,"ks":{"o":{"a":0,"k":100,"ix":11},"r":{"a":0,"k":0,"ix":10},"p":{"a":0,"k":[-77.047,-312.376,0],"ix":2},"a":{"a":0,"k":[-5.503,-22.313,0],"ix":1},"s":{"a":0,"k":[1400,1400,100],"ix":6}},"ao":0,"shapes":[{"ty":"gr","it":[{"ind":0,"ty":"sh","ix":1,"ks":{"a":0,"k":{"i":[[0.793,-1.506],[2.107,-4.413],[0.209,-0.221],[0.729,-1.385]],"o":[[-0.01,-1.621],[-0.15,0.312],[1.871,-5.303],[-0.797,1.506]],"v":[[-1.369,-20.474],[-10.412,-20.205],[-10.549,-21.57],[-0.5,-22.122]],"c":true},"ix":2},"nm":"Path 1","mn":"ADBE Vector Shape - Group","hd":false},{"ty":"gf","o":{"a":0,"k":100,"ix":10},"r":1,"bm":0,"g":{"p":3,"k":{"a":0,"k":[0,1,0,0.055,0.5,0.861,0,0.027,1,0.722,0,0],"ix":9}},"s":{"a":0,"k":[-10.21,-23.832],"ix":5},"e":{"a":0,"k":[-0.974,-21.06],"ix":6},"t":1,"nm":"redcurlgradient5","mn":"ADBE Vector Graphic - G-Fill","hd":false},{"ty":"tr","p":{"a":0,"k":[0,0],"ix":2},"a":{"a":0,"k":[0,0],"ix":1},"s":{"a":0,"k":[100,100],"ix":3},"r":{"a":0,"k":0,"ix":6},"o":{"a":0,"k":100,"ix":7},"sk":{"a":0,"k":0,"ix":4},"sa":{"a":0,"k":0,"ix":5},"nm":"Transform"}],"nm":"Red Curl5","np":2,"cix":2,"bm":0,"ix":1,"mn":"ADBE Vector Group","hd":false}],"ip":0,"op":70,"st":0,"bm":0},{"ddd":0,"ind":18,"ty":4,"nm":"Purple Curl1","parent":2,"sr":1,"ks":{"o":{"a":0,"k":100,"ix":11},"r":{"a":0,"k":0,"ix":10},"p":{"a":0,"k":[-95.6,105.004,0],"ix":2},"a":{"a":0,"k":[4.6,12.643,0],"ix":1},"s":{"a":0,"k":[1400,1400,100],"ix":6}},"ao":0,"shapes":[{"ty":"gr","it":[{"ind":0,"ty":"sh","ix":1,"ks":{"a":0,"k":{"i":[[-8.074,2.206],[6.228,-1.743]],"o":[[-9.279,5.532],[8.585,-3.634]],"v":[[14.633,13.155],[-5.433,11.319]],"c":true},"ix":2},"nm":"Path 1","mn":"ADBE Vector Shape - Group","hd":false},{"ty":"gf","o":{"a":0,"k":100,"ix":10},"r":1,"bm":0,"g":{"p":11,"k":{"a":0,"k":[0.23,0.667,0.357,0.937,0.36,0.663,0.351,0.935,0.491,0.659,0.345,0.933,0.576,0.647,0.329,0.924,0.66,0.635,0.314,0.914,0.732,0.612,0.284,0.898,0.803,0.588,0.255,0.882,0.867,0.559,0.214,0.863,0.931,0.529,0.173,0.843,0.965,0.508,0.143,0.827,1,0.486,0.114,0.812],"ix":9}},"s":{"a":0,"k":[9.711,15.591],"ix":5},"e":{"a":0,"k":[-4.871,11.259],"ix":6},"t":1,"nm":"purplecurlgradient1","mn":"ADBE Vector Graphic - G-Fill","hd":false},{"ty":"tr","p":{"a":0,"k":[0,0],"ix":2},"a":{"a":0,"k":[0,0],"ix":1},"s":{"a":0,"k":[100,100],"ix":3},"r":{"a":0,"k":0,"ix":6},"o":{"a":0,"k":100,"ix":7},"sk":{"a":0,"k":0,"ix":4},"sa":{"a":0,"k":0,"ix":5},"nm":"Transform"}],"nm":"Purple Curl1","np":2,"cix":2,"bm":0,"ix":1,"mn":"ADBE Vector Group","hd":false}],"ip":0,"op":70,"st":0,"bm":0},{"ddd":0,"ind":19,"ty":4,"nm":"Purple Curl2","parent":2,"sr":1,"ks":{"o":{"a":0,"k":100,"ix":11},"r":{"a":0,"k":0,"ix":10},"p":{"a":0,"k":[81.889,25.202,0],"ix":2},"a":{"a":0,"k":[17.278,6.943,0],"ix":1},"s":{"a":0,"k":[1400,1400,100],"ix":6}},"ao":0,"shapes":[{"ty":"gr","it":[{"ind":0,"ty":"sh","ix":1,"ks":{"a":0,"k":{"i":[[-1.65,0.699],[-3.863,0.587],[-0.981,2.534]],"o":[[-1.641,1.956],[-5.521,3.445],[0.254,-0.657]],"v":[[15.25,2.977],[21.961,9.957],[12.725,4.046]],"c":true},"ix":2},"nm":"Path 1","mn":"ADBE Vector Shape - Group","hd":false},{"ty":"gf","o":{"a":0,"k":100,"ix":10},"r":1,"bm":0,"g":{"p":11,"k":{"a":0,"k":[0,0.486,0.114,0.812,0.034,0.508,0.143,0.827,0.069,0.529,0.173,0.843,0.133,0.559,0.214,0.863,0.197,0.588,0.255,0.882,0.269,0.612,0.284,0.898,0.34,0.635,0.314,0.914,0.424,0.647,0.329,0.924,0.509,0.659,0.345,0.933,0.639,0.663,0.351,0.935,0.77,0.667,0.357,0.937],"ix":9}},"s":{"a":0,"k":[19.662,11.073],"ix":5},"e":{"a":0,"k":[12.732,3.502],"ix":6},"t":1,"nm":"purplecurlgradient2","mn":"ADBE Vector Graphic - G-Fill","hd":false},{"ty":"tr","p":{"a":0,"k":[0,0],"ix":2},"a":{"a":0,"k":[0,0],"ix":1},"s":{"a":0,"k":[100,100],"ix":3},"r":{"a":0,"k":0,"ix":6},"o":{"a":0,"k":100,"ix":7},"sk":{"a":0,"k":0,"ix":4},"sa":{"a":0,"k":0,"ix":5},"nm":"Transform"}],"nm":"Purple Curl2","np":2,"cix":2,"bm":0,"ix":1,"mn":"ADBE Vector Group","hd":false}],"ip":0,"op":70,"st":0,"bm":0},{"ddd":0,"ind":20,"ty":4,"nm":"Purple Curl3","parent":2,"sr":1,"ks":{"o":{"a":0,"k":100,"ix":11},"r":{"a":0,"k":0,"ix":10},"p":{"a":0,"k":[45.619,45.444,0],"ix":2},"a":{"a":0,"k":[14.687,8.389,0],"ix":1},"s":{"a":0,"k":[1400,1400,100],"ix":6}},"ao":0,"shapes":[{"ty":"gr","it":[{"ind":0,"ty":"sh","ix":1,"ks":{"a":0,"k":{"i":[[1.651,-0.699],[5.402,-2.555],[0.254,-0.201],[1.52,-0.643]],"o":[[1.695,0.155],[-0.334,0.158],[5.729,-1.487],[-1.647,0.699]],"v":[[13.445,3.742],[12.162,13.808],[13.769,13.468],[15.249,2.977]],"c":true},"ix":2},"nm":"Path 1","mn":"ADBE Vector Shape - Group","hd":false},{"ty":"gf","o":{"a":0,"k":100,"ix":10},"r":1,"bm":0,"g":{"p":11,"k":{"a":0,"k":[0.23,0.667,0.357,0.937,0.36,0.663,0.351,0.935,0.491,0.659,0.345,0.933,0.576,0.647,0.329,0.924,0.66,0.635,0.314,0.914,0.732,0.612,0.284,0.898,0.803,0.588,0.255,0.882,0.867,0.559,0.214,0.863,0.931,0.529,0.173,0.843,0.965,0.508,0.143,0.827,1,0.486,0.114,0.812],"ix":9}},"s":{"a":0,"k":[13.859,14.106],"ix":5},"e":{"a":0,"k":[11.99,3.954],"ix":6},"t":1,"nm":"purplecurlgradient3","mn":"ADBE Vector Graphic - G-Fill","hd":false},{"ty":"tr","p":{"a":0,"k":[0,0],"ix":2},"a":{"a":0,"k":[0,0],"ix":1},"s":{"a":0,"k":[100,100],"ix":3},"r":{"a":0,"k":0,"ix":6},"o":{"a":0,"k":100,"ix":7},"sk":{"a":0,"k":0,"ix":4},"sa":{"a":0,"k":0,"ix":5},"nm":"Transform"}],"nm":"Purple Curl3","np":2,"cix":2,"bm":0,"ix":1,"mn":"ADBE Vector Group","hd":false}],"ip":0,"op":70,"st":0,"bm":0},{"ddd":0,"ind":21,"ty":4,"nm":"Purple Curl4","parent":2,"sr":1,"ks":{"o":{"a":0,"k":100,"ix":11},"r":{"a":0,"k":0,"ix":10},"p":{"a":0,"k":[187.505,-20.355,0],"ix":2},"a":{"a":0,"k":[24.822,3.689,0],"ix":1},"s":{"a":0,"k":[1400,1400,100],"ix":6}},"ao":0,"shapes":[{"ty":"gr","it":[{"ind":0,"ty":"sh","ix":1,"ks":{"a":0,"k":{"i":[[-1.65,0.699],[-3.945,0.725],[-0.809,2.804]],"o":[[-1.795,1.899],[-5.055,3.08],[0.195,-0.68]],"v":[[22.242,-0.04],[30,6.539],[19.717,1.029]],"c":true},"ix":2},"nm":"Path 1","mn":"ADBE Vector Shape - Group","hd":false},{"ty":"gf","o":{"a":0,"k":100,"ix":10},"r":1,"bm":0,"g":{"p":11,"k":{"a":0,"k":[0,0.486,0.114,0.812,0.034,0.508,0.143,0.827,0.069,0.529,0.173,0.843,0.133,0.559,0.214,0.863,0.197,0.588,0.255,0.882,0.269,0.612,0.284,0.898,0.34,0.635,0.314,0.914,0.424,0.647,0.329,0.924,0.509,0.659,0.345,0.933,0.639,0.663,0.351,0.935,0.77,0.667,0.357,0.937],"ix":9}},"s":{"a":0,"k":[26.806,8.538],"ix":5},"e":{"a":0,"k":[20.176,0.59],"ix":6},"t":1,"nm":"purplecurlgradient4","mn":"ADBE Vector Graphic - G-Fill","hd":false},{"ty":"tr","p":{"a":0,"k":[0,0],"ix":2},"a":{"a":0,"k":[0,0],"ix":1},"s":{"a":0,"k":[100,100],"ix":3},"r":{"a":0,"k":0,"ix":6},"o":{"a":0,"k":100,"ix":7},"sk":{"a":0,"k":0,"ix":4},"sa":{"a":0,"k":0,"ix":5},"nm":"Transform"}],"nm":"Purple Curl4","np":2,"cix":2,"bm":0,"ix":1,"mn":"ADBE Vector Group","hd":false}],"ip":0,"op":70,"st":0,"bm":0},{"ddd":0,"ind":22,"ty":4,"nm":"Purple Curl5","parent":2,"sr":1,"ks":{"o":{"a":0,"k":100,"ix":11},"r":{"a":0,"k":0,"ix":10},"p":{"a":0,"k":[144.785,0.67,0],"ix":2},"a":{"a":0,"k":[21.77,5.191,0],"ix":1},"s":{"a":0,"k":[1400,1400,100],"ix":6}},"ao":0,"shapes":[{"ty":"gr","it":[{"ind":0,"ty":"sh","ix":1,"ks":{"a":0,"k":{"i":[[1.648,-0.699],[4.815,-1.814],[0.252,-0.198],[1.518,-0.642]],"o":[[1.695,0.157],[-0.342,0.129],[5.729,-1.486],[-1.648,0.7]],"v":[[20.438,0.725],[19.342,10.187],[20.76,10.452],[22.242,-0.04]],"c":true},"ix":2},"nm":"Path 1","mn":"ADBE Vector Shape - Group","hd":false},{"ty":"gf","o":{"a":0,"k":100,"ix":10},"r":1,"bm":0,"g":{"p":11,"k":{"a":0,"k":[0.23,0.667,0.357,0.937,0.36,0.663,0.351,0.935,0.491,0.659,0.345,0.933,0.576,0.647,0.329,0.924,0.66,0.635,0.314,0.914,0.732,0.612,0.284,0.898,0.803,0.588,0.255,0.882,0.867,0.559,0.214,0.863,0.931,0.529,0.173,0.843,0.965,0.508,0.143,0.827,1,0.486,0.114,0.812],"ix":9}},"s":{"a":0,"k":[21.97,11.532],"ix":5},"e":{"a":0,"k":[19.227,1.232],"ix":6},"t":1,"nm":"purplecurlgradient5","mn":"ADBE Vector Graphic - G-Fill","hd":false},{"ty":"tr","p":{"a":0,"k":[0,0],"ix":2},"a":{"a":0,"k":[0,0],"ix":1},"s":{"a":0,"k":[100,100],"ix":3},"r":{"a":0,"k":0,"ix":6},"o":{"a":0,"k":100,"ix":7},"sk":{"a":0,"k":0,"ix":4},"sa":{"a":0,"k":0,"ix":5},"nm":"Transform"}],"nm":"Purple Curl5","np":2,"cix":2,"bm":0,"ix":1,"mn":"ADBE Vector Group","hd":false}],"ip":0,"op":70,"st":0,"bm":0},{"ddd":0,"ind":23,"ty":4,"nm":"Blue Curl1","parent":3,"sr":1,"ks":{"o":{"a":0,"k":100,"ix":11},"r":{"a":0,"k":0,"ix":10},"p":{"a":0,"k":[-56.76,157.335,0],"ix":2},"a":{"a":0,"k":[1.66,1.952,0],"ix":1},"s":{"a":0,"k":[1400,1400,100],"ix":6}},"ao":0,"shapes":[{"ty":"gr","it":[{"ind":0,"ty":"sh","ix":1,"ks":{"a":0,"k":{"i":[[-7.75,8.838],[5.943,-6.866]],"o":[[-6.584,13.668],[7.24,-10.909]],"v":[[14.121,-4.744],[-10.801,8.649]],"c":true},"ix":2},"nm":"Path 1","mn":"ADBE Vector Shape - Group","hd":false},{"ty":"gf","o":{"a":0,"k":100,"ix":10},"r":1,"bm":0,"g":{"p":11,"k":{"a":0,"k":[0,0.341,0.898,1,0.097,0.331,0.888,0.996,0.194,0.322,0.878,0.992,0.308,0.296,0.851,0.982,0.422,0.271,0.824,0.973,0.545,0.227,0.776,0.955,0.668,0.184,0.729,0.937,0.796,0.125,0.665,0.912,0.925,0.067,0.6,0.886,0.963,0.047,0.578,0.878,1,0.027,0.557,0.871],"ix":9}},"s":{"a":0,"k":[10.65,1.437],"ix":5},"e":{"a":0,"k":[1.96,-7.498],"ix":6},"t":1,"nm":"bluecurlonegradient","mn":"ADBE Vector Graphic - G-Fill","hd":false},{"ty":"tr","p":{"a":0,"k":[0,0],"ix":2},"a":{"a":0,"k":[0,0],"ix":1},"s":{"a":0,"k":[100,100],"ix":3},"r":{"a":0,"k":0,"ix":6},"o":{"a":0,"k":100,"ix":7},"sk":{"a":0,"k":0,"ix":4},"sa":{"a":0,"k":0,"ix":5},"nm":"Transform"}],"nm":"Blue Curl1","np":2,"cix":2,"bm":0,"ix":1,"mn":"ADBE Vector Group","hd":false}],"ip":0,"op":70,"st":0,"bm":0},{"ddd":0,"ind":24,"ty":4,"nm":"Blue Curl2","parent":3,"sr":1,"ks":{"o":{"a":0,"k":100,"ix":11},"r":{"a":0,"k":0,"ix":10},"p":{"a":0,"k":[95.246,-55.909,0],"ix":2},"a":{"a":0,"k":[12.518,-13.279,0],"ix":1},"s":{"a":0,"k":[1400,1400,100],"ix":6}},"ao":0,"shapes":[{"ty":"gr","it":[{"ind":0,"ty":"sh","ix":1,"ks":{"a":0,"k":{"i":[[-1.391,2.097],[-4.073,3.677],[0.813,3.729]],"o":[[-0.406,3.563],[-3.801,8.31],[-0.213,-0.967]],"v":[[6.963,-17.146],[20.229,-14.167],[4.836,-13.937]],"c":true},"ix":2},"nm":"Path 1","mn":"ADBE Vector Shape - Group","hd":false},{"ty":"gf","o":{"a":0,"k":100,"ix":10},"r":1,"bm":0,"g":{"p":11,"k":{"a":0,"k":[0,0.027,0.557,0.871,0.038,0.047,0.578,0.878,0.075,0.067,0.6,0.886,0.203,0.125,0.665,0.912,0.332,0.184,0.729,0.937,0.455,0.227,0.776,0.955,0.578,0.271,0.824,0.973,0.692,0.296,0.851,0.982,0.806,0.322,0.878,0.992,0.903,0.331,0.888,0.996,1,0.341,0.898,1],"ix":9}},"s":{"a":0,"k":[16.506,-7.955],"ix":5},"e":{"a":0,"k":[6.165,-15.737],"ix":6},"t":1,"nm":"bluecurl2gradient","mn":"ADBE Vector Graphic - G-Fill","hd":false},{"ty":"tr","p":{"a":0,"k":[0,0],"ix":2},"a":{"a":0,"k":[0,0],"ix":1},"s":{"a":0,"k":[100,100],"ix":3},"r":{"a":0,"k":0,"ix":6},"o":{"a":0,"k":100,"ix":7},"sk":{"a":0,"k":0,"ix":4},"sa":{"a":0,"k":0,"ix":5},"nm":"Transform"}],"nm":"Blue Curl2","np":2,"cix":2,"bm":0,"ix":1,"mn":"ADBE Vector Group","hd":false}],"ip":0,"op":70,"st":0,"bm":0},{"ddd":0,"ind":25,"ty":4,"nm":"Blue Curl3","parent":3,"sr":1,"ks":{"o":{"a":0,"k":100,"ix":11},"r":{"a":0,"k":0,"ix":10},"p":{"a":0,"k":[62.717,-5.949,0],"ix":2},"a":{"a":0,"k":[10.194,-9.711,0],"ix":1},"s":{"a":0,"k":[1400,1400,100],"ix":6}},"ao":0,"shapes":[{"ty":"gr","it":[{"ind":0,"ty":"sh","ix":1,"ks":{"a":0,"k":{"i":[[1.393,-2.096],[4.352,-7.181],[0.145,-0.433],[1.282,-1.928]],"o":[[2.105,-1.13],[-0.268,0.444],[5.559,-6.181],[-1.392,2.098]],"v":[[5.443,-14.851],[11.732,-2.066],[13.351,-3.71],[6.964,-17.147]],"c":true},"ix":2},"nm":"Path 1","mn":"ADBE Vector Shape - Group","hd":false},{"ty":"gf","o":{"a":0,"k":100,"ix":10},"r":1,"bm":0,"g":{"p":11,"k":{"a":0,"k":[0,0.325,0.855,0.949,0.105,0.316,0.845,0.947,0.209,0.306,0.835,0.945,0.332,0.278,0.808,0.937,0.456,0.251,0.78,0.929,0.589,0.204,0.733,0.918,0.722,0.157,0.686,0.906,0.86,0.092,0.622,0.888,0.999,0.027,0.557,0.871,1,0.027,0.557,0.871,1,0.027,0.557,0.871],"ix":9}},"s":{"a":0,"k":[15.253,-4.961],"ix":5},"e":{"a":0,"k":[5.318,-14.737],"ix":6},"t":1,"nm":"bluecurl4gradient","mn":"ADBE Vector Graphic - G-Fill","hd":false},{"ty":"tr","p":{"a":0,"k":[0,0],"ix":2},"a":{"a":0,"k":[0,0],"ix":1},"s":{"a":0,"k":[100,100],"ix":3},"r":{"a":0,"k":0,"ix":6},"o":{"a":0,"k":100,"ix":7},"sk":{"a":0,"k":0,"ix":4},"sa":{"a":0,"k":0,"ix":5},"nm":"Transform"}],"nm":"Blue Curl3","np":2,"cix":2,"bm":0,"ix":1,"mn":"ADBE Vector Group","hd":false}],"ip":0,"op":70,"st":0,"bm":0},{"ddd":0,"ind":26,"ty":4,"nm":"Blue Curl4","parent":3,"sr":1,"ks":{"o":{"a":0,"k":100,"ix":11},"r":{"a":0,"k":0,"ix":10},"p":{"a":0,"k":[183.43,-188.129,0],"ix":2},"a":{"a":0,"k":[18.816,-22.724,0],"ix":1},"s":{"a":0,"k":[1400,1400,100],"ix":6}},"ao":0,"shapes":[{"ty":"gr","it":[{"ind":0,"ty":"sh","ix":1,"ks":{"a":0,"k":{"i":[[-1.39,2.097],[-4.061,3.904],[1.227,3.91]],"o":[[-0.631,3.616],[-3.537,7.521],[-0.294,-0.949]],"v":[[12.816,-26.095],[26.998,-24.397],[10.685,-22.886]],"c":true},"ix":2},"nm":"Path 1","mn":"ADBE Vector Shape - Group","hd":false},{"ty":"gf","o":{"a":0,"k":100,"ix":10},"r":1,"bm":0,"g":{"p":11,"k":{"a":0,"k":[0,0.027,0.557,0.871,0.038,0.047,0.578,0.878,0.075,0.067,0.6,0.886,0.203,0.125,0.665,0.912,0.332,0.184,0.729,0.937,0.455,0.227,0.776,0.955,0.578,0.271,0.824,0.973,0.692,0.296,0.851,0.982,0.806,0.322,0.878,0.992,0.903,0.331,0.888,0.996,1,0.341,0.898,1],"ix":9}},"s":{"a":0,"k":[19.643,-16.419],"ix":5},"e":{"a":0,"k":[11.025,-24.192],"ix":6},"t":1,"nm":"bluecur4gradient","mn":"ADBE Vector Graphic - G-Fill","hd":false},{"ty":"tr","p":{"a":0,"k":[0,0],"ix":2},"a":{"a":0,"k":[0,0],"ix":1},"s":{"a":0,"k":[100,100],"ix":3},"r":{"a":0,"k":0,"ix":6},"o":{"a":0,"k":100,"ix":7},"sk":{"a":0,"k":0,"ix":4},"sa":{"a":0,"k":0,"ix":5},"nm":"Transform"}],"nm":"Blue Curl4","np":2,"cix":2,"bm":0,"ix":1,"mn":"ADBE Vector Group","hd":false}],"ip":0,"op":70,"st":0,"bm":0},{"ddd":0,"ind":27,"ty":4,"nm":"Blue Curl5","parent":3,"sr":1,"ks":{"o":{"a":0,"k":100,"ix":11},"r":{"a":0,"k":0,"ix":10},"p":{"a":0,"k":[144.678,-137.089,0],"ix":2},"a":{"a":0,"k":[16.048,-19.078,0],"ix":1},"s":{"a":0,"k":[1400,1400,100],"ix":6}},"ao":0,"shapes":[{"ty":"gr","it":[{"ind":0,"ty":"sh","ix":1,"ks":{"a":0,"k":{"i":[[1.391,-2.097],[4.236,-5.856],[0.143,-0.428],[1.282,-1.929]],"o":[[2.109,-1.133],[-0.299,0.416],[5.561,-6.18],[-1.392,2.096]],"v":[[11.297,-23.799],[17.338,-11.87],[19.205,-12.657],[12.818,-26.093]],"c":true},"ix":2},"nm":"Path 1","mn":"ADBE Vector Shape - Group","hd":false},{"ty":"gf","o":{"a":0,"k":100,"ix":10},"r":1,"bm":0,"g":{"p":11,"k":{"a":0,"k":[0,0.325,0.855,0.949,0.105,0.316,0.845,0.947,0.209,0.306,0.835,0.945,0.332,0.278,0.808,0.937,0.456,0.251,0.78,0.929,0.589,0.204,0.733,0.918,0.722,0.157,0.686,0.906,0.86,0.092,0.622,0.888,0.999,0.027,0.557,0.871,1,0.027,0.557,0.871,1,0.027,0.557,0.871],"ix":9}},"s":{"a":0,"k":[21.406,-13.948],"ix":5},"e":{"a":0,"k":[12.907,-25.342],"ix":6},"t":1,"nm":"bluecurl5gradient","mn":"ADBE Vector Graphic - G-Fill","hd":false},{"ty":"tr","p":{"a":0,"k":[0,0],"ix":2},"a":{"a":0,"k":[0,0],"ix":1},"s":{"a":0,"k":[100,100],"ix":3},"r":{"a":0,"k":0,"ix":6},"o":{"a":0,"k":100,"ix":7},"sk":{"a":0,"k":0,"ix":4},"sa":{"a":0,"k":0,"ix":5},"nm":"Transform"}],"nm":"Blue Curl5","np":2,"cix":2,"bm":0,"ix":1,"mn":"ADBE Vector Group","hd":false}],"ip":0,"op":70,"st":0,"bm":0}]}],"layers":[{"ddd":0,"ind":1,"ty":0,"nm":"party_popper","parent":2,"refId":"comp_0","sr":1,"ks":{"o":{"a":0,"k":100,"ix":11},"r":{"a":0,"k":0,"ix":10},"p":{"a":0,"k":[512,512,0],"ix":2},"a":{"a":0,"k":[512,512,0],"ix":1},"s":{"a":0,"k":[100,100,100],"ix":6}},"ao":0,"hasMask":true,"masksProperties":[{"inv":false,"mode":"a","pt":{"a":0,"k":{"i":[[0,0],[-664,0],[357.854,847.55]],"o":[[0,0],[664,0],[-304,-720]],"v":[[-288,-328],[-56,1280],[752,40]],"c":true},"ix":1},"o":{"a":0,"k":100,"ix":3},"x":{"a":0,"k":0,"ix":4},"nm":"Mask 1"}],"w":1024,"h":1024,"ip":0,"op":30,"st":-18,"bm":0},{"ddd":0,"ind":2,"ty":0,"nm":"party_popper","refId":"comp_0","sr":1,"ks":{"o":{"a":0,"k":100,"ix":11},"r":{"a":0,"k":0,"ix":10},"p":{"a":0,"k":[452,532,0],"ix":2},"a":{"a":0,"k":[512,512,0],"ix":1},"s":{"a":0,"k":[100,100,100],"ix":6}},"ao":0,"hasMask":true,"masksProperties":[{"inv":false,"mode":"a","pt":{"a":0,"k":{"i":[[0,0],[-664,0],[357.854,847.55]],"o":[[0,0],[664,0],[-304,-720]],"v":[[-288,-328],[-56,1280],[752,40]],"c":true},"ix":1},"o":{"a":0,"k":100,"ix":3},"x":{"a":0,"k":0,"ix":4},"nm":"Mask 1"}],"w":1024,"h":1024,"ip":30,"op":48,"st":30,"bm":0}],"markers":[]}