{"v":"5.6.2","fr":24,"ip":0,"op":48,"w":1024,"h":1024,"nm":"broken_heart","ddd":0,"assets":[{"id":"comp_0","layers":[{"ddd":0,"ind":1,"ty":3,"nm":"CTRL","sr":1,"ks":{"o":{"a":0,"k":0,"ix":11},"r":{"a":0,"k":0,"ix":10},"p":{"a":0,"k":[512,512,0],"ix":2},"a":{"a":0,"k":[0,0,0],"ix":1},"s":{"a":1,"k":[{"i":{"x":[0,0,0.667],"y":[1,1,1]},"o":{"x":[0.333,0.333,0.333],"y":[0,0,0]},"t":0,"s":[100,100,100]},{"i":{"x":[0,0,0.667],"y":[1,1,1]},"o":{"x":[0.333,0.333,0.333],"y":[0,0,0]},"t":18,"s":[94,94,100]},{"i":{"x":[0.833,0.833,0.833],"y":[0.833,0.833,17.491]},"o":{"x":[0.333,0.333,0.333],"y":[0,0,0]},"t":27,"s":[94,94,100]},{"i":{"x":[0,0,0.667],"y":[1,1,1]},"o":{"x":[0.167,0.167,0.167],"y":[0.167,0.167,16.667]},"t":32,"s":[0,0,100]},{"t":48,"s":[100,100,100]}],"ix":6}},"ao":0,"ip":0,"op":48,"st":0,"bm":0},{"ddd":0,"ind":2,"ty":4,"nm":"Layer 46","parent":7,"sr":1,"ks":{"o":{"a":0,"k":100,"ix":11},"r":{"a":0,"k":0,"ix":10},"p":{"a":0,"k":[128.406,-376.691,0],"ix":2},"a":{"a":0,"k":[128.406,-376.691,0],"ix":1},"s":{"a":0,"k":[100,100,100],"ix":6}},"ao":0,"shapes":[{"ty":"gr","it":[{"ind":0,"ty":"sh","ix":1,"ks":{"a":0,"k":{"i":[[0,0],[0,0],[0,0]],"o":[[0,0],[0,0],[0,0]],"v":[[129.184,-370.114],[129.05,-383.269],[127.628,-381.849]],"c":true},"ix":2},"nm":"Path 1","mn":"ADBE Vector Shape - Group","hd":false},{"ty":"fl","c":{"a":0,"k":[0.521568655968,0.019607843831,0.019607843831,1],"ix":4},"o":{"a":0,"k":100,"ix":5},"r":1,"bm":0,"nm":"Fill 1","mn":"ADBE Vector Graphic - Fill","hd":false},{"ty":"tr","p":{"a":0,"k":[0,0],"ix":2},"a":{"a":0,"k":[0,0],"ix":1},"s":{"a":0,"k":[100,100],"ix":3},"r":{"a":0,"k":0,"ix":6},"o":{"a":0,"k":100,"ix":7},"sk":{"a":0,"k":0,"ix":4},"sa":{"a":0,"k":0,"ix":5},"nm":"Transform"}],"nm":"Group 1","np":2,"cix":2,"bm":0,"ix":1,"mn":"ADBE Vector Group","hd":false}],"ip":0,"op":27,"st":0,"bm":0},{"ddd":0,"ind":3,"ty":4,"nm":"Layer 45","parent":7,"sr":1,"ks":{"o":{"a":0,"k":100,"ix":11},"r":{"a":0,"k":0,"ix":10},"p":{"a":0,"k":[122.392,-381.229,0],"ix":2},"a":{"a":0,"k":[122.392,-381.229,0],"ix":1},"s":{"a":0,"k":[100,100,100],"ix":6}},"ao":0,"shapes":[{"ty":"gr","it":[{"ind":0,"ty":"sh","ix":1,"ks":{"a":0,"k":{"i":[[0,0],[0,0],[0,0],[0,0]],"o":[[0,0],[0,0],[0,0],[0,0]],"v":[[127.979,-381.927],[129.05,-383.269],[119.142,-381.135],[115.734,-379.19]],"c":true},"ix":2},"nm":"Path 1","mn":"ADBE Vector Shape - Group","hd":false},{"ty":"fl","c":{"a":0,"k":[0.690196096897,0.019607843831,0.019607843831,1],"ix":4},"o":{"a":0,"k":100,"ix":5},"r":1,"bm":0,"nm":"Fill 1","mn":"ADBE Vector Graphic - Fill","hd":false},{"ty":"tr","p":{"a":0,"k":[0,0],"ix":2},"a":{"a":0,"k":[0,0],"ix":1},"s":{"a":0,"k":[100,100],"ix":3},"r":{"a":0,"k":0,"ix":6},"o":{"a":0,"k":100,"ix":7},"sk":{"a":0,"k":0,"ix":4},"sa":{"a":0,"k":0,"ix":5},"nm":"Transform"}],"nm":"Group 1","np":2,"cix":2,"bm":0,"ix":1,"mn":"ADBE Vector Group","hd":false}],"ip":0,"op":27,"st":0,"bm":0},{"ddd":0,"ind":4,"ty":4,"nm":"Layer 44","parent":7,"sr":1,"ks":{"o":{"a":0,"k":100,"ix":11},"r":{"a":0,"k":0,"ix":10},"p":{"a":0,"k":[121.447,-387.643,0],"ix":2},"a":{"a":0,"k":[121.447,-387.643,0],"ix":1},"s":{"a":0,"k":[100,100,100],"ix":6}},"ao":0,"shapes":[{"ty":"gr","it":[{"ind":0,"ty":"sh","ix":1,"ks":{"a":0,"k":{"i":[[0,0],[0,0],[0,0],[0,0]],"o":[[0,0],[0,0],[0,0],[0,0]],"v":[[115.734,-379.19],[118.95,-380.778],[127.161,-396.097],[124.587,-394.794]],"c":true},"ix":2},"nm":"Path 1","mn":"ADBE Vector Shape - Group","hd":false},{"ty":"fl","c":{"a":0,"k":[0.521568655968,0.019607843831,0.019607843831,1],"ix":4},"o":{"a":0,"k":100,"ix":5},"r":1,"bm":0,"nm":"Fill 1","mn":"ADBE Vector Graphic - Fill","hd":false},{"ty":"tr","p":{"a":0,"k":[0,0],"ix":2},"a":{"a":0,"k":[0,0],"ix":1},"s":{"a":0,"k":[100,100],"ix":3},"r":{"a":0,"k":0,"ix":6},"o":{"a":0,"k":100,"ix":7},"sk":{"a":0,"k":0,"ix":4},"sa":{"a":0,"k":0,"ix":5},"nm":"Transform"}],"nm":"Group 1","np":2,"cix":2,"bm":0,"ix":1,"mn":"ADBE Vector Group","hd":false}],"ip":0,"op":27,"st":0,"bm":0},{"ddd":0,"ind":5,"ty":4,"nm":"Layer 43","parent":7,"sr":1,"ks":{"o":{"a":0,"k":100,"ix":11},"r":{"a":0,"k":0,"ix":10},"p":{"a":0,"k":[122.071,-395.928,0],"ix":2},"a":{"a":0,"k":[122.071,-395.928,0],"ix":1},"s":{"a":0,"k":[100,100,100],"ix":6}},"ao":0,"shapes":[{"ty":"gr","it":[{"ind":0,"ty":"sh","ix":1,"ks":{"a":0,"k":{"i":[[0,0],[0,0],[0,0],[0,0]],"o":[[0,0],[0,0],[0,0],[0,0]],"v":[[125.233,-394.688],[127.161,-396.097],[119.571,-397.168],[116.982,-396.054]],"c":true},"ix":2},"nm":"Path 1","mn":"ADBE Vector Shape - Group","hd":false},{"ty":"fl","c":{"a":0,"k":[0.690196096897,0.019607843831,0.019607843831,1],"ix":4},"o":{"a":0,"k":100,"ix":5},"r":1,"bm":0,"nm":"Fill 1","mn":"ADBE Vector Graphic - Fill","hd":false},{"ty":"tr","p":{"a":0,"k":[0,0],"ix":2},"a":{"a":0,"k":[0,0],"ix":1},"s":{"a":0,"k":[100,100],"ix":3},"r":{"a":0,"k":0,"ix":6},"o":{"a":0,"k":100,"ix":7},"sk":{"a":0,"k":0,"ix":4},"sa":{"a":0,"k":0,"ix":5},"nm":"Transform"}],"nm":"Group 1","np":2,"cix":2,"bm":0,"ix":1,"mn":"ADBE Vector Group","hd":false}],"ip":0,"op":27,"st":0,"bm":0},{"ddd":0,"ind":6,"ty":4,"nm":"Layer 42","parent":7,"sr":1,"ks":{"o":{"a":0,"k":100,"ix":11},"r":{"a":0,"k":0,"ix":10},"p":{"a":0,"k":[120.067,-402.744,0],"ix":2},"a":{"a":0,"k":[120.067,-402.744,0],"ix":1},"s":{"a":0,"k":[100,100,100],"ix":6}},"ao":0,"shapes":[{"ty":"gr","it":[{"ind":0,"ty":"sh","ix":1,"ks":{"a":0,"k":{"i":[[0,0],[0,0],[0,0],[0,0]],"o":[[0,0],[0,0],[0,0],[0,0]],"v":[[122.355,-409.434],[123.153,-406.772],[119.47,-396.897],[116.982,-396.054]],"c":true},"ix":2},"nm":"Path 1","mn":"ADBE Vector Shape - Group","hd":false},{"ty":"fl","c":{"a":0,"k":[0.521568655968,0.019607843831,0.019607843831,1],"ix":4},"o":{"a":0,"k":100,"ix":5},"r":1,"bm":0,"nm":"Fill 1","mn":"ADBE Vector Graphic - Fill","hd":false},{"ty":"tr","p":{"a":0,"k":[0,0],"ix":2},"a":{"a":0,"k":[0,0],"ix":1},"s":{"a":0,"k":[100,100],"ix":3},"r":{"a":0,"k":0,"ix":6},"o":{"a":0,"k":100,"ix":7},"sk":{"a":0,"k":0,"ix":4},"sa":{"a":0,"k":0,"ix":5},"nm":"Transform"}],"nm":"Group 1","np":2,"cix":2,"bm":0,"ix":1,"mn":"ADBE Vector Group","hd":false}],"ip":0,"op":27,"st":0,"bm":0},{"ddd":0,"ind":7,"ty":4,"nm":"Layer 41","parent":1,"sr":1,"ks":{"o":{"a":0,"k":100,"ix":11},"r":{"a":1,"k":[{"i":{"x":[0.833],"y":[0.833]},"o":{"x":[0.539],"y":[0]},"t":0,"s":[0]},{"t":13,"s":[-41]}],"ix":10},"p":{"a":1,"k":[{"i":{"x":0.833,"y":0.833},"o":{"x":0.539,"y":0},"t":0,"s":[-10.163,-6.667,0],"to":[-95.333,25.333,0],"ti":[0,0,0]},{"i":{"x":0,"y":1},"o":{"x":0.167,"y":0.167},"t":13,"s":[-150.163,335.067,0],"to":[0,0,0],"ti":[0,0,0]},{"i":{"x":0.833,"y":0.833},"o":{"x":0.333,"y":0},"t":18,"s":[-150.163,295.067,0],"to":[0,0,0],"ti":[0,0,0]},{"t":22,"s":[-150.163,335.067,0]}],"ix":2},"a":{"a":0,"k":[125.837,-390.667,0],"ix":1},"s":{"a":1,"k":[{"i":{"x":[0.833,0.833,0.833],"y":[0.833,0.833,1.025]},"o":{"x":[0.539,0.539,0.333],"y":[0,0,0]},"t":0,"s":[1150,1150,100]},{"i":{"x":[0.667,0.667,0.667],"y":[1,1,1]},"o":{"x":[0.167,0.167,0.167],"y":[0,0,0]},"t":13,"s":[676,676,100]},{"i":{"x":[0.833,0.833,0.833],"y":[0.833,0.833,17.642]},"o":{"x":[0.333,0.333,0.333],"y":[0,0,0]},"t":22,"s":[676,676,100]},{"t":27,"s":[0,0,100]}],"ix":6}},"ao":0,"shapes":[{"ty":"gr","it":[{"ind":0,"ty":"sh","ix":1,"ks":{"a":0,"k":{"i":[[0.104,1.479],[0,0],[0,0],[0,0],[0,0],[0,0],[3.232,-16.583],[0,0]],"o":[[-0.288,-4.084],[0,0],[0,0],[0,0],[0,0],[-6.396,-6.915],[-3.846,19.753],[0.088,-2.07]],"v":[[129.184,-370.114],[128.024,-382.343],[117.225,-380.054],[125.655,-395.285],[118.255,-396.712],[122.355,-409.434],[96.181,-401.042],[129.2,-365.667]],"c":true},"ix":2},"nm":"Path 1","mn":"ADBE Vector Shape - Group","hd":false},{"ty":"gf","o":{"a":0,"k":100,"ix":10},"r":1,"bm":0,"g":{"p":3,"k":{"a":0,"k":[0,0.859,0.004,0,0.424,0.929,0.057,0.069,1,1,0.11,0.137],"ix":9}},"s":{"a":0,"k":[125,-365],"ix":5},"e":{"a":0,"k":[125,-415],"ix":6},"t":1,"nm":"41G","mn":"ADBE Vector Graphic - G-Fill","hd":false},{"ty":"tr","p":{"a":0,"k":[0,0],"ix":2},"a":{"a":0,"k":[0,0],"ix":1},"s":{"a":0,"k":[100,100],"ix":3},"r":{"a":0,"k":0,"ix":6},"o":{"a":0,"k":100,"ix":7},"sk":{"a":0,"k":0,"ix":4},"sa":{"a":0,"k":0,"ix":5},"nm":"Transform"}],"nm":"Group 1","np":2,"cix":2,"bm":0,"ix":1,"mn":"ADBE Vector Group","hd":false}],"ip":0,"op":27,"st":0,"bm":0},{"ddd":0,"ind":8,"ty":4,"nm":"Layer 47","parent":1,"sr":1,"ks":{"o":{"a":0,"k":100,"ix":11},"r":{"a":1,"k":[{"i":{"x":[0.833],"y":[0.833]},"o":{"x":[1],"y":[0]},"t":0,"s":[0]},{"t":13,"s":[67]}],"ix":10},"p":{"a":1,"k":[{"i":{"x":0.833,"y":0.833},"o":{"x":1,"y":0},"t":0,"s":[-10.163,-6.667,0],"to":[198.313,27.315,0],"ti":[0,0,0]},{"i":{"x":0,"y":1},"o":{"x":0.167,"y":0.167},"t":13,"s":[179.713,307.753,0],"to":[0,0,0],"ti":[0,0,0]},{"i":{"x":0.833,"y":0.833},"o":{"x":0.333,"y":0},"t":18,"s":[179.713,255.622,0],"to":[0,0,0],"ti":[0,0,0]},{"t":22,"s":[179.713,307.753,0]}],"ix":2},"a":{"a":0,"k":[125.837,-390.667,0],"ix":1},"s":{"a":1,"k":[{"i":{"x":[0.833,0.833,0.833],"y":[0.833,0.833,7.87]},"o":{"x":[1,1,0.333],"y":[0,0,0]},"t":0,"s":[1150,1150,100]},{"i":{"x":[0.667,0.667,0.667],"y":[1,1,1]},"o":{"x":[0.167,0.167,0.167],"y":[0,0,0]},"t":13,"s":[676,676,100]},{"i":{"x":[0.833,0.833,0.833],"y":[0.833,0.833,10.797]},"o":{"x":[0.333,0.333,0.333],"y":[0,0,0]},"t":22,"s":[676,676,100]},{"t":27,"s":[0,0,100]}],"ix":6}},"ao":0,"shapes":[{"ty":"gr","it":[{"ind":0,"ty":"sh","ix":1,"ks":{"a":0,"k":{"i":[[5.746,16.728],[6.432,-5.379],[0,0],[0,0],[0,0],[0,0],[0,0],[0,0]],"o":[[-4.477,-13.039],[-4.585,3.835],[0,0],[0,0],[0,0],[0,0],[0,0],[8.423,-5.879]],"v":[[154.863,-404.427],[131.746,-412.379],[124.811,-401.067],[132.819,-399.661],[124.461,-384.786],[133.769,-386.628],[129.184,-370.114],[129.2,-365.667]],"c":true},"ix":2},"nm":"Path 1","mn":"ADBE Vector Shape - Group","hd":false},{"ty":"gf","o":{"a":0,"k":100,"ix":10},"r":1,"bm":0,"g":{"p":3,"k":{"a":0,"k":[0,0.859,0.004,0,0.424,0.929,0.057,0.069,1,1,0.11,0.137],"ix":9}},"s":{"a":0,"k":[125,-365],"ix":5},"e":{"a":0,"k":[125,-415],"ix":6},"t":1,"nm":"47G","mn":"ADBE Vector Graphic - G-Fill","hd":false},{"ty":"tr","p":{"a":0,"k":[0,0],"ix":2},"a":{"a":0,"k":[0,0],"ix":1},"s":{"a":0,"k":[100,100],"ix":3},"r":{"a":0,"k":0,"ix":6},"o":{"a":0,"k":100,"ix":7},"sk":{"a":0,"k":0,"ix":4},"sa":{"a":0,"k":0,"ix":5},"nm":"Transform"}],"nm":"Group 1","np":2,"cix":2,"bm":0,"ix":1,"mn":"ADBE Vector Group","hd":false}],"ip":0,"op":27,"st":0,"bm":0},{"ddd":0,"ind":9,"ty":4,"nm":"Layer 40","parent":1,"sr":1,"ks":{"o":{"a":0,"k":100,"ix":11},"r":{"a":0,"k":0,"ix":10},"p":{"a":0,"k":[-60.643,28.104,0],"ix":2},"a":{"a":0,"k":[121.447,-387.643,0],"ix":1},"s":{"a":0,"k":[1150,1150,100],"ix":6}},"ao":0,"shapes":[{"ty":"gr","it":[{"ind":0,"ty":"sh","ix":1,"ks":{"a":0,"k":{"i":[[0,0],[0,0],[0,0],[0,0]],"o":[[0,0],[0,0],[0,0],[0,0]],"v":[[115.734,-379.19],[118.95,-380.778],[127.161,-396.097],[124.587,-394.794]],"c":true},"ix":2},"nm":"Path 1","mn":"ADBE Vector Shape - Group","hd":false},{"ty":"fl","c":{"a":0,"k":[0.521568655968,0.019607843831,0.019607843831,1],"ix":4},"o":{"a":0,"k":100,"ix":5},"r":1,"bm":0,"nm":"Fill 1","mn":"ADBE Vector Graphic - Fill","hd":false},{"ty":"tr","p":{"a":0,"k":[0,0],"ix":2},"a":{"a":0,"k":[0,0],"ix":1},"s":{"a":0,"k":[100,100],"ix":3},"r":{"a":0,"k":0,"ix":6},"o":{"a":0,"k":100,"ix":7},"sk":{"a":0,"k":0,"ix":4},"sa":{"a":0,"k":0,"ix":5},"nm":"Transform"}],"nm":"Group 1","np":2,"cix":2,"bm":0,"ix":1,"mn":"ADBE Vector Group","hd":false}],"ip":46,"op":48,"st":40,"bm":0},{"ddd":0,"ind":10,"ty":4,"nm":"Layer 39","parent":1,"sr":1,"ks":{"o":{"a":0,"k":100,"ix":11},"r":{"a":0,"k":0,"ix":10},"p":{"a":0,"k":[-53.467,-67.167,0],"ix":2},"a":{"a":0,"k":[122.071,-395.928,0],"ix":1},"s":{"a":0,"k":[1150,1150,100],"ix":6}},"ao":0,"shapes":[{"ty":"gr","it":[{"ind":0,"ty":"sh","ix":1,"ks":{"a":0,"k":{"i":[[0,0],[0,0],[0,0],[0,0]],"o":[[0,0],[0,0],[0,0],[0,0]],"v":[[125.233,-394.688],[127.161,-396.097],[119.571,-397.168],[116.982,-396.054]],"c":true},"ix":2},"nm":"Path 1","mn":"ADBE Vector Shape - Group","hd":false},{"ty":"fl","c":{"a":0,"k":[0.690196096897,0.019607843831,0.019607843831,1],"ix":4},"o":{"a":0,"k":100,"ix":5},"r":1,"bm":0,"nm":"Fill 1","mn":"ADBE Vector Graphic - Fill","hd":false},{"ty":"tr","p":{"a":0,"k":[0,0],"ix":2},"a":{"a":0,"k":[0,0],"ix":1},"s":{"a":0,"k":[100,100],"ix":3},"r":{"a":0,"k":0,"ix":6},"o":{"a":0,"k":100,"ix":7},"sk":{"a":0,"k":0,"ix":4},"sa":{"a":0,"k":0,"ix":5},"nm":"Transform"}],"nm":"Group 1","np":2,"cix":2,"bm":0,"ix":1,"mn":"ADBE Vector Group","hd":false}],"ip":46,"op":48,"st":40,"bm":0},{"ddd":0,"ind":11,"ty":4,"nm":"Layer 38","parent":1,"sr":1,"ks":{"o":{"a":0,"k":100,"ix":11},"r":{"a":0,"k":0,"ix":10},"p":{"a":0,"k":[-76.512,-145.556,0],"ix":2},"a":{"a":0,"k":[120.067,-402.744,0],"ix":1},"s":{"a":0,"k":[1150,1150,100],"ix":6}},"ao":0,"shapes":[{"ty":"gr","it":[{"ind":0,"ty":"sh","ix":1,"ks":{"a":0,"k":{"i":[[0,0],[0,0],[0,0],[0,0]],"o":[[0,0],[0,0],[0,0],[0,0]],"v":[[122.355,-409.434],[123.153,-406.772],[119.47,-396.897],[116.982,-396.054]],"c":true},"ix":2},"nm":"Path 1","mn":"ADBE Vector Shape - Group","hd":false},{"ty":"fl","c":{"a":0,"k":[0.521568655968,0.019607843831,0.019607843831,1],"ix":4},"o":{"a":0,"k":100,"ix":5},"r":1,"bm":0,"nm":"Fill 1","mn":"ADBE Vector Graphic - Fill","hd":false},{"ty":"tr","p":{"a":0,"k":[0,0],"ix":2},"a":{"a":0,"k":[0,0],"ix":1},"s":{"a":0,"k":[100,100],"ix":3},"r":{"a":0,"k":0,"ix":6},"o":{"a":0,"k":100,"ix":7},"sk":{"a":0,"k":0,"ix":4},"sa":{"a":0,"k":0,"ix":5},"nm":"Transform"}],"nm":"Group 1","np":2,"cix":2,"bm":0,"ix":1,"mn":"ADBE Vector Group","hd":false}],"ip":46,"op":48,"st":40,"bm":0},{"ddd":0,"ind":12,"ty":4,"nm":"Layer 37","parent":1,"sr":1,"ks":{"o":{"a":0,"k":100,"ix":11},"r":{"a":0,"k":0,"ix":10},"p":{"a":0,"k":[-10.163,-6.667,0],"ix":2},"a":{"a":0,"k":[125.837,-390.667,0],"ix":1},"s":{"a":0,"k":[1150,1150,100],"ix":6}},"ao":0,"shapes":[{"ty":"gr","it":[{"ind":0,"ty":"sh","ix":1,"ks":{"a":1,"k":[{"i":{"x":0.833,"y":0.833},"o":{"x":0.167,"y":0.167},"t":40,"s":[{"i":[[5.746,16.728],[6.432,-5.379],[0,0],[0,0],[0,0],[0,0],[0,0],[0,0],[0,0],[0,0],[3.232,-16.583],[0,0]],"o":[[-4.477,-13.039],[-4.585,3.835],[0,0],[0,0],[0,0],[0,0],[0,0],[0,0],[0,0],[-6.396,-6.915],[-3.846,19.753],[8.423,-5.879]],"v":[[154.863,-404.427],[131.746,-412.379],[124.811,-401.067],[132.819,-399.661],[124.461,-384.786],[133.769,-386.628],[117.225,-380.054],[125.655,-395.285],[118.255,-396.712],[122.355,-409.434],[96.181,-401.042],[129.2,-365.667]],"c":true}]},{"t":48,"s":[{"i":[[5.746,16.728],[6.432,-5.379],[0,0],[0,0],[0,0],[0,0],[0,0],[0,0],[0,0],[0,0],[3.232,-16.583],[0,0]],"o":[[-4.477,-13.039],[-4.585,3.835],[0,0],[0,0],[0,0],[0,0],[0,0],[0,0],[0,0],[-6.396,-6.915],[-3.846,19.753],[8.423,-5.879]],"v":[[154.863,-404.427],[131.746,-412.379],[124.811,-401.067],[132.819,-399.661],[124.461,-384.786],[133.769,-386.628],[117.225,-380.054],[125.655,-395.285],[118.255,-396.712],[122.355,-409.434],[96.181,-401.042],[129.2,-365.667]],"c":true}]}],"ix":2},"nm":"Path 1","mn":"ADBE Vector Shape - Group","hd":false},{"ty":"gf","o":{"a":0,"k":100,"ix":10},"r":1,"bm":0,"g":{"p":3,"k":{"a":0,"k":[0,0.859,0.004,0,0.424,0.929,0.057,0.069,1,1,0.11,0.137],"ix":9}},"s":{"a":0,"k":[125,-365],"ix":5},"e":{"a":0,"k":[125,-415],"ix":6},"t":1,"nm":"37g","mn":"ADBE Vector Graphic - G-Fill","hd":false},{"ty":"tr","p":{"a":0,"k":[0,0],"ix":2},"a":{"a":0,"k":[0,0],"ix":1},"s":{"a":0,"k":[100,100],"ix":3},"r":{"a":0,"k":0,"ix":6},"o":{"a":0,"k":100,"ix":7},"sk":{"a":0,"k":0,"ix":4},"sa":{"a":0,"k":0,"ix":5},"nm":"Transform"}],"nm":"Group 1","np":2,"cix":2,"bm":0,"ix":1,"mn":"ADBE Vector Group","hd":false}],"ip":46,"op":48,"st":40,"bm":0},{"ddd":0,"ind":13,"ty":4,"nm":"Layer 36","parent":1,"sr":1,"ks":{"o":{"a":0,"k":100,"ix":11},"r":{"a":0,"k":0,"ix":10},"p":{"a":0,"k":[-60.643,28.104,0],"ix":2},"a":{"a":0,"k":[121.447,-387.643,0],"ix":1},"s":{"a":0,"k":[1150,1150,100],"ix":6}},"ao":0,"shapes":[{"ty":"gr","it":[{"ind":0,"ty":"sh","ix":1,"ks":{"a":0,"k":{"i":[[0,0],[0,0],[0,0],[0,0]],"o":[[0,0],[0,0],[0,0],[0,0]],"v":[[116.777,-379.364],[120.254,-383.734],[127.161,-396.097],[124.587,-394.794]],"c":true},"ix":2},"nm":"Path 1","mn":"ADBE Vector Shape - Group","hd":false},{"ty":"fl","c":{"a":0,"k":[0.521568655968,0.019607843831,0.019607843831,1],"ix":4},"o":{"a":0,"k":100,"ix":5},"r":1,"bm":0,"nm":"Fill 1","mn":"ADBE Vector Graphic - Fill","hd":false},{"ty":"tr","p":{"a":0,"k":[0,0],"ix":2},"a":{"a":0,"k":[0,0],"ix":1},"s":{"a":0,"k":[100,100],"ix":3},"r":{"a":0,"k":0,"ix":6},"o":{"a":0,"k":100,"ix":7},"sk":{"a":0,"k":0,"ix":4},"sa":{"a":0,"k":0,"ix":5},"nm":"Transform"}],"nm":"Group 1","np":2,"cix":2,"bm":0,"ix":1,"mn":"ADBE Vector Group","hd":false}],"ip":44,"op":46,"st":32,"bm":0},{"ddd":0,"ind":14,"ty":4,"nm":"Layer 35","parent":1,"sr":1,"ks":{"o":{"a":0,"k":100,"ix":11},"r":{"a":0,"k":0,"ix":10},"p":{"a":0,"k":[-53.467,-67.167,0],"ix":2},"a":{"a":0,"k":[122.071,-395.928,0],"ix":1},"s":{"a":0,"k":[1150,1150,100],"ix":6}},"ao":0,"shapes":[{"ty":"gr","it":[{"ind":0,"ty":"sh","ix":1,"ks":{"a":0,"k":{"i":[[0,0],[0,0],[0,0],[0,0]],"o":[[0,0],[0,0],[0,0],[0,0]],"v":[[125.233,-394.688],[127.161,-396.097],[119.571,-397.168],[116.982,-396.054]],"c":true},"ix":2},"nm":"Path 1","mn":"ADBE Vector Shape - Group","hd":false},{"ty":"fl","c":{"a":0,"k":[0.690196096897,0.019607843831,0.019607843831,1],"ix":4},"o":{"a":0,"k":100,"ix":5},"r":1,"bm":0,"nm":"Fill 1","mn":"ADBE Vector Graphic - Fill","hd":false},{"ty":"tr","p":{"a":0,"k":[0,0],"ix":2},"a":{"a":0,"k":[0,0],"ix":1},"s":{"a":0,"k":[100,100],"ix":3},"r":{"a":0,"k":0,"ix":6},"o":{"a":0,"k":100,"ix":7},"sk":{"a":0,"k":0,"ix":4},"sa":{"a":0,"k":0,"ix":5},"nm":"Transform"}],"nm":"Group 1","np":2,"cix":2,"bm":0,"ix":1,"mn":"ADBE Vector Group","hd":false}],"ip":44,"op":46,"st":32,"bm":0},{"ddd":0,"ind":15,"ty":4,"nm":"Layer 34","parent":1,"sr":1,"ks":{"o":{"a":0,"k":100,"ix":11},"r":{"a":0,"k":0,"ix":10},"p":{"a":0,"k":[-76.512,-145.556,0],"ix":2},"a":{"a":0,"k":[120.067,-402.744,0],"ix":1},"s":{"a":0,"k":[1150,1150,100],"ix":6}},"ao":0,"shapes":[{"ty":"gr","it":[{"ind":0,"ty":"sh","ix":1,"ks":{"a":0,"k":{"i":[[0,0],[0,0],[0,0],[0,0]],"o":[[0,0],[0,0],[0,0],[0,0]],"v":[[122.355,-409.434],[123.153,-406.772],[119.47,-396.897],[116.982,-396.054]],"c":true},"ix":2},"nm":"Path 1","mn":"ADBE Vector Shape - Group","hd":false},{"ty":"fl","c":{"a":0,"k":[0.521568655968,0.019607843831,0.019607843831,1],"ix":4},"o":{"a":0,"k":100,"ix":5},"r":1,"bm":0,"nm":"Fill 1","mn":"ADBE Vector Graphic - Fill","hd":false},{"ty":"tr","p":{"a":0,"k":[0,0],"ix":2},"a":{"a":0,"k":[0,0],"ix":1},"s":{"a":0,"k":[100,100],"ix":3},"r":{"a":0,"k":0,"ix":6},"o":{"a":0,"k":100,"ix":7},"sk":{"a":0,"k":0,"ix":4},"sa":{"a":0,"k":0,"ix":5},"nm":"Transform"}],"nm":"Group 1","np":2,"cix":2,"bm":0,"ix":1,"mn":"ADBE Vector Group","hd":false}],"ip":44,"op":46,"st":32,"bm":0},{"ddd":0,"ind":16,"ty":4,"nm":"Layer 33","parent":1,"sr":1,"ks":{"o":{"a":0,"k":100,"ix":11},"r":{"a":0,"k":0,"ix":10},"p":{"a":0,"k":[-10.163,-6.667,0],"ix":2},"a":{"a":0,"k":[125.837,-390.667,0],"ix":1},"s":{"a":0,"k":[1150,1150,100],"ix":6}},"ao":0,"shapes":[{"ty":"gr","it":[{"ind":0,"ty":"sh","ix":1,"ks":{"a":1,"k":[{"i":{"x":0.833,"y":0.833},"o":{"x":0.167,"y":0.167},"t":32,"s":[{"i":[[5.746,16.728],[6.432,-5.379],[0,0],[0,0],[0,0],[0,0],[0,0],[0,0],[3.232,-16.583],[0,0]],"o":[[-4.477,-13.039],[-4.585,3.835],[0,0],[0,0],[0,0],[0,0],[0,0],[-6.396,-6.915],[-3.846,19.753],[8.423,-5.879]],"v":[[154.863,-404.427],[131.746,-412.379],[124.811,-401.067],[132.819,-399.661],[117.225,-380.054],[125.655,-395.285],[118.255,-396.712],[122.355,-409.434],[96.181,-401.042],[129.2,-365.667]],"c":true}]},{"t":46,"s":[{"i":[[5.746,16.728],[6.432,-5.379],[0,0],[0,0],[0,0],[0,0],[0,0],[0,0],[3.232,-16.583],[0,0]],"o":[[-4.477,-13.039],[-4.585,3.835],[0,0],[0,0],[0,0],[0,0],[0,0],[-6.396,-6.915],[-3.846,19.753],[8.423,-5.879]],"v":[[154.863,-404.427],[131.746,-412.379],[124.811,-401.067],[132.819,-399.661],[117.225,-380.054],[125.655,-395.285],[118.255,-396.712],[122.355,-409.434],[96.181,-401.042],[129.2,-365.667]],"c":true}]}],"ix":2},"nm":"Path 1","mn":"ADBE Vector Shape - Group","hd":false},{"ty":"gf","o":{"a":0,"k":100,"ix":10},"r":1,"bm":0,"g":{"p":3,"k":{"a":0,"k":[0,0.859,0.004,0,0.424,0.929,0.057,0.069,1,1,0.11,0.137],"ix":9}},"s":{"a":0,"k":[125,-365],"ix":5},"e":{"a":0,"k":[125,-415],"ix":6},"t":1,"nm":"33g","mn":"ADBE Vector Graphic - G-Fill","hd":false},{"ty":"tr","p":{"a":0,"k":[0,0],"ix":2},"a":{"a":0,"k":[0,0],"ix":1},"s":{"a":0,"k":[100,100],"ix":3},"r":{"a":0,"k":0,"ix":6},"o":{"a":0,"k":100,"ix":7},"sk":{"a":0,"k":0,"ix":4},"sa":{"a":0,"k":0,"ix":5},"nm":"Transform"}],"nm":"Group 1","np":2,"cix":2,"bm":0,"ix":1,"mn":"ADBE Vector Group","hd":false}],"ip":44,"op":46,"st":32,"bm":0},{"ddd":0,"ind":17,"ty":4,"nm":"Layer 32","parent":1,"sr":1,"ks":{"o":{"a":0,"k":100,"ix":11},"r":{"a":0,"k":0,"ix":10},"p":{"a":0,"k":[-53.467,-67.167,0],"ix":2},"a":{"a":0,"k":[122.071,-395.928,0],"ix":1},"s":{"a":0,"k":[1150,1150,100],"ix":6}},"ao":0,"shapes":[{"ty":"gr","it":[{"ind":0,"ty":"sh","ix":1,"ks":{"a":0,"k":{"i":[[0,0],[0,0],[0,0],[0,0]],"o":[[0,0],[0,0],[0,0],[0,0]],"v":[[125.711,-395.253],[125.595,-396.184],[119.571,-397.168],[116.982,-396.054]],"c":true},"ix":2},"nm":"Path 1","mn":"ADBE Vector Shape - Group","hd":false},{"ty":"fl","c":{"a":0,"k":[0.690196096897,0.019607843831,0.019607843831,1],"ix":4},"o":{"a":0,"k":100,"ix":5},"r":1,"bm":0,"nm":"Fill 1","mn":"ADBE Vector Graphic - Fill","hd":false},{"ty":"tr","p":{"a":0,"k":[0,0],"ix":2},"a":{"a":0,"k":[0,0],"ix":1},"s":{"a":0,"k":[100,100],"ix":3},"r":{"a":0,"k":0,"ix":6},"o":{"a":0,"k":100,"ix":7},"sk":{"a":0,"k":0,"ix":4},"sa":{"a":0,"k":0,"ix":5},"nm":"Transform"}],"nm":"Group 1","np":2,"cix":2,"bm":0,"ix":1,"mn":"ADBE Vector Group","hd":false}],"ip":42,"op":44,"st":32,"bm":0},{"ddd":0,"ind":18,"ty":4,"nm":"Layer 31","parent":1,"sr":1,"ks":{"o":{"a":0,"k":100,"ix":11},"r":{"a":0,"k":0,"ix":10},"p":{"a":0,"k":[-76.512,-145.556,0],"ix":2},"a":{"a":0,"k":[120.067,-402.744,0],"ix":1},"s":{"a":0,"k":[1150,1150,100],"ix":6}},"ao":0,"shapes":[{"ty":"gr","it":[{"ind":0,"ty":"sh","ix":1,"ks":{"a":0,"k":{"i":[[0,0],[0,0],[0,0],[0,0]],"o":[[0,0],[0,0],[0,0],[0,0]],"v":[[122.355,-409.434],[123.153,-406.772],[119.47,-396.897],[116.982,-396.054]],"c":true},"ix":2},"nm":"Path 1","mn":"ADBE Vector Shape - Group","hd":false},{"ty":"fl","c":{"a":0,"k":[0.521568655968,0.019607843831,0.019607843831,1],"ix":4},"o":{"a":0,"k":100,"ix":5},"r":1,"bm":0,"nm":"Fill 1","mn":"ADBE Vector Graphic - Fill","hd":false},{"ty":"tr","p":{"a":0,"k":[0,0],"ix":2},"a":{"a":0,"k":[0,0],"ix":1},"s":{"a":0,"k":[100,100],"ix":3},"r":{"a":0,"k":0,"ix":6},"o":{"a":0,"k":100,"ix":7},"sk":{"a":0,"k":0,"ix":4},"sa":{"a":0,"k":0,"ix":5},"nm":"Transform"}],"nm":"Group 1","np":2,"cix":2,"bm":0,"ix":1,"mn":"ADBE Vector Group","hd":false}],"ip":42,"op":44,"st":32,"bm":0},{"ddd":0,"ind":19,"ty":4,"nm":"Layer 30","parent":1,"sr":1,"ks":{"o":{"a":0,"k":100,"ix":11},"r":{"a":0,"k":0,"ix":10},"p":{"a":0,"k":[-10.163,-6.667,0],"ix":2},"a":{"a":0,"k":[125.837,-390.667,0],"ix":1},"s":{"a":0,"k":[1150,1150,100],"ix":6}},"ao":0,"shapes":[{"ty":"gr","it":[{"ind":0,"ty":"sh","ix":1,"ks":{"a":1,"k":[{"i":{"x":0.833,"y":0.833},"o":{"x":0.167,"y":0.167},"t":32,"s":[{"i":[[5.746,16.728],[6.432,-5.379],[0,0],[0,0],[0,0],[0,0],[3.232,-16.583],[0,0]],"o":[[-4.477,-13.039],[-4.585,3.835],[0,0],[0,0],[0,0],[-6.396,-6.915],[-3.846,19.753],[8.423,-5.879]],"v":[[154.863,-404.427],[131.746,-412.379],[124.811,-401.067],[125.655,-395.285],[118.255,-396.712],[122.355,-409.434],[96.181,-401.042],[129.2,-365.667]],"c":true}]},{"t":42,"s":[{"i":[[5.746,16.728],[6.432,-5.379],[0,0],[0,0],[0,0],[0,0],[3.232,-16.583],[0,0]],"o":[[-4.477,-13.039],[-4.585,3.835],[0,0],[0,0],[0,0],[-6.396,-6.915],[-3.846,19.753],[8.423,-5.879]],"v":[[154.863,-404.427],[131.746,-412.379],[124.811,-401.067],[125.655,-395.285],[118.255,-396.712],[122.355,-409.434],[96.181,-401.042],[129.2,-365.667]],"c":true}]}],"ix":2},"nm":"Path 1","mn":"ADBE Vector Shape - Group","hd":false},{"ty":"gf","o":{"a":0,"k":100,"ix":10},"r":1,"bm":0,"g":{"p":3,"k":{"a":0,"k":[0,0.859,0.004,0,0.424,0.929,0.057,0.069,1,1,0.11,0.137],"ix":9}},"s":{"a":0,"k":[125,-365],"ix":5},"e":{"a":0,"k":[125,-415],"ix":6},"t":1,"nm":"30g","mn":"ADBE Vector Graphic - G-Fill","hd":false},{"ty":"tr","p":{"a":0,"k":[0,0],"ix":2},"a":{"a":0,"k":[0,0],"ix":1},"s":{"a":0,"k":[100,100],"ix":3},"r":{"a":0,"k":0,"ix":6},"o":{"a":0,"k":100,"ix":7},"sk":{"a":0,"k":0,"ix":4},"sa":{"a":0,"k":0,"ix":5},"nm":"Transform"}],"nm":"Group 1","np":2,"cix":2,"bm":0,"ix":1,"mn":"ADBE Vector Group","hd":false}],"ip":42,"op":44,"st":32,"bm":0},{"ddd":0,"ind":20,"ty":4,"nm":"Layer 29","parent":1,"sr":1,"ks":{"o":{"a":0,"k":100,"ix":11},"r":{"a":0,"k":0,"ix":10},"p":{"a":0,"k":[-10.163,-6.667,0],"ix":2},"a":{"a":0,"k":[125.837,-390.667,0],"ix":1},"s":{"a":0,"k":[1150,1150,100],"ix":6}},"ao":0,"shapes":[{"ty":"gr","it":[{"ind":0,"ty":"sh","ix":1,"ks":{"a":0,"k":{"i":[[5.746,16.728],[6.432,-5.379],[0.388,-0.802],[0,0],[3.232,-16.583],[0,0]],"o":[[-4.477,-13.039],[-4.585,3.835],[-0.525,-1.889],[-6.396,-6.915],[-3.846,19.753],[8.423,-5.879]],"v":[[154.863,-404.427],[131.746,-412.379],[125.202,-404.893],[122.355,-409.434],[96.181,-401.042],[129.2,-365.667]],"c":true},"ix":2},"nm":"Path 1","mn":"ADBE Vector Shape - Group","hd":false},{"ty":"gf","o":{"a":0,"k":100,"ix":10},"r":1,"bm":0,"g":{"p":3,"k":{"a":0,"k":[0,0.859,0.004,0,0.424,0.929,0.057,0.069,1,1,0.11,0.137],"ix":9}},"s":{"a":0,"k":[125,-365],"ix":5},"e":{"a":0,"k":[125,-415],"ix":6},"t":1,"nm":"29g","mn":"ADBE Vector Graphic - G-Fill","hd":false},{"ty":"tr","p":{"a":0,"k":[0,0],"ix":2},"a":{"a":0,"k":[0,0],"ix":1},"s":{"a":0,"k":[100,100],"ix":3},"r":{"a":0,"k":0,"ix":6},"o":{"a":0,"k":100,"ix":7},"sk":{"a":0,"k":0,"ix":4},"sa":{"a":0,"k":0,"ix":5},"nm":"Transform"}],"nm":"Group 1","np":2,"cix":2,"bm":0,"ix":1,"mn":"ADBE Vector Group","hd":false}],"ip":32,"op":42,"st":18,"bm":0}]}],"layers":[{"ddd":0,"ind":1,"ty":0,"nm":"broken_heart","refId":"comp_0","sr":1,"ks":{"o":{"a":0,"k":100,"ix":11},"r":{"a":0,"k":0,"ix":10},"p":{"a":0,"k":[512,452,0],"ix":2},"a":{"a":0,"k":[512,512,0],"ix":1},"s":{"a":0,"k":[120,120,100],"ix":6}},"ao":0,"w":1024,"h":1024,"ip":0,"op":48,"st":0,"bm":0}],"markers":[]}