{"v":"5.6.2","fr":24,"ip":0,"op":24,"w":1024,"h":1024,"nm":"revolving_hearts","ddd":0,"assets":[{"id":"comp_0","layers":[{"ddd":0,"ind":1,"ty":3,"nm":"Null 91","sr":1,"ks":{"o":{"a":0,"k":0,"ix":11},"r":{"a":0,"k":0,"ix":10},"p":{"a":0,"k":[512,512,0],"ix":2},"a":{"a":0,"k":[0,0,0],"ix":1},"s":{"a":0,"k":[1200,1200,100],"ix":6}},"ao":0,"ip":0,"op":24,"st":0,"bm":0},{"ddd":0,"ind":2,"ty":3,"nm":"ScaleControl","sr":1,"ks":{"o":{"a":0,"k":0,"ix":11},"r":{"a":0,"k":0,"ix":10},"p":{"a":0,"k":[512,512,0],"ix":2},"a":{"a":0,"k":[0,0,0],"ix":1},"s":{"a":0,"k":[1200,1200,100],"ix":6}},"ao":0,"ip":0,"op":24,"st":0,"bm":0},{"ddd":0,"ind":3,"ty":4,"nm":"Heart 4","parent":2,"sr":1,"ks":{"o":{"a":0,"k":100,"ix":11},"r":{"a":0,"k":0,"ix":10},"p":{"a":1,"k":[{"i":{"x":0,"y":1},"o":{"x":0.333,"y":0},"t":0,"s":[15,-17.5,0],"to":[8.714,3.643,0],"ti":[47.714,1.072,0]},{"t":20,"s":[-8,11.5,0]}],"ix":2},"a":{"a":0,"k":[-8,11.5,0],"ix":1},"s":{"a":1,"k":[{"i":{"x":[0,0,0.667],"y":[1,1,1]},"o":{"x":[0.333,0.333,0.333],"y":[0,0,0]},"t":0,"s":[68,68,100]},{"t":20,"s":[100,100,100]}],"ix":6}},"ao":0,"shapes":[{"ty":"gr","it":[{"ind":0,"ty":"sh","ix":1,"ks":{"a":0,"k":{"i":[[5.843,-9.577],[0,-12.028],[-14.543,-11.913],[0,8.069]],"o":[[-5.838,-9.577],[0,8.068],[14.547,-11.913],[0,-12.028]],"v":[[-8.003,-1.573],[-30,4.618],[-8.003,29.999],[14,4.618]],"c":true},"ix":2},"nm":"Path 1","mn":"ADBE Vector Shape - Group","hd":false},{"ty":"gf","o":{"a":0,"k":100,"ix":10},"r":1,"bm":0,"g":{"p":7,"k":{"a":0,"k":[0.418,1,0.11,0.137,0.52,0.982,0.096,0.122,0.621,0.965,0.082,0.106,0.787,0.889,0.042,0.054,0.952,0.813,0.001,0.001,0.976,0.8,0.003,0.001,0.999,0.786,0.004,0],"ix":9}},"s":{"a":0,"k":[-7.451,0.736],"ix":5},"e":{"a":0,"k":[-7.7,25.938],"ix":6},"t":2,"h":{"a":0,"k":0,"ix":7},"a":{"a":0,"k":0,"ix":8},"nm":"heartonegradientbibaaaa","mn":"ADBE Vector Graphic - G-Fill","hd":false},{"ty":"tr","p":{"a":0,"k":[0,0],"ix":2},"a":{"a":0,"k":[0,0],"ix":1},"s":{"a":0,"k":[100,100],"ix":3},"r":{"a":0,"k":0,"ix":6},"o":{"a":0,"k":100,"ix":7},"sk":{"a":0,"k":0,"ix":4},"sa":{"a":0,"k":0,"ix":5},"nm":"Transform"}],"nm":"Heart 1","np":2,"cix":2,"bm":0,"ix":1,"mn":"ADBE Vector Group","hd":false}],"ip":0,"op":24,"st":-35,"bm":0},{"ddd":0,"ind":4,"ty":4,"nm":"Line 2 in 3","parent":2,"td":1,"sr":1,"ks":{"o":{"a":0,"k":100,"ix":11},"r":{"a":0,"k":0,"ix":10},"p":{"a":0,"k":[15,7.592,0],"ix":2},"a":{"a":0,"k":[15,7.592,0],"ix":1},"s":{"a":0,"k":[100,100,100],"ix":6}},"ao":0,"hasMask":true,"masksProperties":[{"inv":false,"mode":"s","pt":{"a":1,"k":[{"i":{"x":0.833,"y":0.833},"o":{"x":0.167,"y":0.167},"t":7.692,"s":[{"i":[[10.429,-1.286],[-2.429,-7.857],[-17.857,-2.857],[3.429,4],[6.429,2.714]],"o":[[-10.429,1.286],[2.429,7.857],[17.857,2.857],[-3.429,-4],[-6.429,-2.714]],"v":[[-16.143,-3.286],[-24.714,15.571],[-9.571,36],[27.286,23.429],[6.143,-0.714]],"c":true}]},{"i":{"x":0.833,"y":0.833},"o":{"x":0.167,"y":0.167},"t":9.77,"s":[{"i":[[10.429,-1.286],[-2.429,-7.857],[-17.857,-2.857],[3.429,4],[6.429,2.714]],"o":[[-10.429,1.286],[2.429,7.857],[17.857,2.857],[-3.429,-4],[-6.429,-2.714]],"v":[[-16.143,-3.286],[-24.714,15.571],[-9.571,36],[27.286,23.429],[6.143,-0.714]],"c":true}]},{"i":{"x":0.833,"y":0.833},"o":{"x":0.167,"y":0.167},"t":10.462,"s":[{"i":[[10.429,-1.286],[-2.429,-7.857],[-17.857,-2.857],[3.429,4],[6.429,2.714]],"o":[[-10.429,1.286],[2.429,7.857],[17.857,2.857],[-3.429,-4],[-6.429,-2.714]],"v":[[-16.143,-3.286],[-24.714,15.571],[-9.571,36],[2.143,28.714],[6.143,-0.714]],"c":true}]},{"t":11.154296875,"s":[{"i":[[10.429,-1.286],[-2.429,-7.857],[-17.857,-2.857],[3.429,4],[6.429,2.714]],"o":[[-10.429,1.286],[2.429,7.857],[17.857,2.857],[-3.429,-4],[-6.429,-2.714]],"v":[[-16.143,-3.286],[-24.714,15.571],[-9.571,36],[0.714,29],[-14.286,3.857]],"c":true}]}],"ix":1},"o":{"a":0,"k":100,"ix":3},"x":{"a":0,"k":0,"ix":4},"nm":"Mask 1"}],"shapes":[{"ty":"gr","it":[{"ind":0,"ty":"sh","ix":1,"ks":{"a":1,"k":[{"i":{"x":0.667,"y":1},"o":{"x":0.333,"y":0},"t":7,"s":[{"i":[[7.539,-2.198],[25.682,-2.002],[0,0]],"o":[[5.533,2.433],[0,0],[39.131,-13.377]],"v":[[23.877,-7.23],[0,9.948],[0,22.591]],"c":true}]},{"i":{"x":0.833,"y":0.833},"o":{"x":0.333,"y":0},"t":11,"s":[{"i":[[-1.838,5.711],[16.739,0.393],[0,0]],"o":[[-4.695,4.139],[0,0],[26.982,-5.361]],"v":[[26.981,4.004],[-4.364,9.92],[-5.065,19.602]],"c":true}]},{"t":24,"s":[{"i":[[-12.448,1.548],[9.286,2.39],[0,0]],"o":[[-11.163,-2.88],[0,0],[8,-0.968]],"v":[[6.163,17.452],[-15.286,9.864],[-16.571,17.078]],"c":true}]}],"ix":2},"nm":"Path 1","mn":"ADBE Vector Shape - Group","hd":false},{"ty":"fl","c":{"a":0,"k":[0.956862747669,0.423529416323,0.376470595598,1],"ix":4},"o":{"a":0,"k":100,"ix":5},"r":1,"bm":0,"nm":"Fill 1","mn":"ADBE Vector Graphic - Fill","hd":false},{"ty":"tr","p":{"a":0,"k":[0,0],"ix":2},"a":{"a":0,"k":[0,0],"ix":1},"s":{"a":0,"k":[100,100],"ix":3},"r":{"a":0,"k":0,"ix":6},"o":{"a":0,"k":100,"ix":7},"sk":{"a":0,"k":0,"ix":4},"sa":{"a":0,"k":0,"ix":5},"nm":"Transform"}],"nm":"Line 2 in","np":2,"cix":2,"bm":0,"ix":1,"mn":"ADBE Vector Group","hd":false}],"ip":7,"op":24,"st":-35,"bm":0},{"ddd":0,"ind":5,"ty":4,"nm":"alpha","tt":1,"sr":1,"ks":{"o":{"a":0,"k":100,"ix":11},"r":{"a":0,"k":0,"ix":10},"p":{"a":0,"k":[512,512,0],"ix":2},"a":{"a":0,"k":[0,0,0],"ix":1},"s":{"a":0,"k":[100,100,100],"ix":6}},"ao":0,"shapes":[{"ty":"gr","it":[{"ty":"rc","d":1,"s":{"a":0,"k":[1047,1047],"ix":2},"p":{"a":0,"k":[0,0],"ix":3},"r":{"a":0,"k":0,"ix":4},"nm":"aazaezezrttyyt","mn":"ADBE Vector Shape - Rect","hd":false},{"ty":"gf","o":{"a":0,"k":100,"ix":10},"r":1,"bm":0,"g":{"p":19,"k":{"a":0,"k":[0,0.239,0.039,0.039,0.012,0.284,0.053,0.061,0.025,0.329,0.067,0.082,0.055,0.431,0.096,0.129,0.086,0.533,0.125,0.176,0.115,0.618,0.149,0.216,0.145,0.702,0.173,0.255,0.174,0.767,0.192,0.286,0.203,0.831,0.212,0.318,0.23,0.878,0.224,0.339,0.258,0.925,0.235,0.361,0.283,0.953,0.245,0.375,0.308,0.98,0.255,0.388,0.33,0.99,0.257,0.392,0.352,1,0.259,0.396,0.557,1,0.376,0.508,0.762,1,0.494,0.62,0.881,1,0.557,0.678,1,1,0.62,0.737],"ix":9}},"s":{"a":0,"k":[3.336,139.235],"ix":5},"e":{"a":0,"k":[319.286,-62.186],"ix":6},"t":1,"nm":"papapapapa","mn":"ADBE Vector Graphic - G-Fill","hd":false},{"ty":"tr","p":{"a":0,"k":[0,0],"ix":2},"a":{"a":0,"k":[0,0],"ix":1},"s":{"a":0,"k":[100,100],"ix":3},"r":{"a":0,"k":0,"ix":6},"o":{"a":0,"k":100,"ix":7},"sk":{"a":0,"k":0,"ix":4},"sa":{"a":0,"k":0,"ix":5},"nm":"Transform"}],"nm":"Group 1","np":2,"cix":2,"bm":0,"ix":1,"mn":"ADBE Vector Group","hd":false}],"ip":0,"op":24,"st":0,"bm":0},{"ddd":0,"ind":6,"ty":4,"nm":"Heart 2","parent":2,"sr":1,"ks":{"o":{"a":0,"k":100,"ix":11},"r":{"a":0,"k":0,"ix":10},"p":{"a":1,"k":[{"i":{"x":0.4,"y":1},"o":{"x":0.167,"y":0},"t":35,"s":[15,-17.5,0],"to":[8.714,3.643,0],"ti":[47.714,1.072,0]},{"t":55,"s":[-8,11.5,0]}],"ix":2},"a":{"a":0,"k":[-8,11.5,0],"ix":1},"s":{"a":1,"k":[{"i":{"x":[0.667,0.667,0.667],"y":[1,1,1]},"o":{"x":[0.333,0.333,0.333],"y":[0,0,0]},"t":35,"s":[68,68,100]},{"t":55,"s":[100,100,100]}],"ix":6}},"ao":0,"shapes":[{"ty":"gr","it":[{"ind":0,"ty":"sh","ix":1,"ks":{"a":0,"k":{"i":[[5.843,-9.577],[0,-12.028],[-14.543,-11.913],[0,8.069]],"o":[[-5.838,-9.577],[0,8.068],[14.547,-11.913],[0,-12.028]],"v":[[-8.003,-1.573],[-30,4.618],[-8.003,29.999],[14,4.618]],"c":true},"ix":2},"nm":"Path 1","mn":"ADBE Vector Shape - Group","hd":false},{"ty":"gf","o":{"a":0,"k":100,"ix":10},"r":1,"bm":0,"g":{"p":7,"k":{"a":0,"k":[0.418,1,0.11,0.137,0.52,0.982,0.096,0.122,0.621,0.965,0.082,0.106,0.787,0.889,0.042,0.054,0.952,0.813,0.001,0.001,0.976,0.8,0.003,0.001,0.999,0.786,0.004,0],"ix":9}},"s":{"a":0,"k":[-7.451,0.736],"ix":5},"e":{"a":0,"k":[-7.7,25.938],"ix":6},"t":2,"h":{"a":0,"k":0,"ix":7},"a":{"a":0,"k":0,"ix":8},"nm":"heartonegradientbisqqq","mn":"ADBE Vector Graphic - G-Fill","hd":false},{"ty":"tr","p":{"a":0,"k":[0,0],"ix":2},"a":{"a":0,"k":[0,0],"ix":1},"s":{"a":0,"k":[100,100],"ix":3},"r":{"a":0,"k":0,"ix":6},"o":{"a":0,"k":100,"ix":7},"sk":{"a":0,"k":0,"ix":4},"sa":{"a":0,"k":0,"ix":5},"nm":"Transform"}],"nm":"Heart 1","np":2,"cix":2,"bm":0,"ix":1,"mn":"ADBE Vector Group","hd":false}],"ip":35,"op":35.2424242424242,"st":0,"bm":0},{"ddd":0,"ind":7,"ty":4,"nm":"Heart 1","parent":2,"sr":1,"ks":{"o":{"a":0,"k":100,"ix":11},"r":{"a":0,"k":0,"ix":10},"p":{"a":1,"k":[{"i":{"x":0,"y":1},"o":{"x":0.333,"y":0},"t":0,"s":[-8,11.5,0],"to":[-20.405,-10.833,0],"ti":[-40,3.072,0]},{"t":20,"s":[15,-17.5,0]}],"ix":2},"a":{"a":0,"k":[-8,11.5,0],"ix":1},"s":{"a":1,"k":[{"i":{"x":[0,0,0.667],"y":[1,1,1]},"o":{"x":[0.333,0.333,0.333],"y":[0,0,0]},"t":0,"s":[100,100,100]},{"t":20,"s":[68,68,100]}],"ix":6}},"ao":0,"shapes":[{"ty":"gr","it":[{"ind":0,"ty":"sh","ix":1,"ks":{"a":0,"k":{"i":[[5.843,-9.577],[0,-12.028],[-14.543,-11.913],[0,8.069]],"o":[[-5.838,-9.577],[0,8.068],[14.547,-11.913],[0,-12.028]],"v":[[-8.003,-1.573],[-30,4.618],[-8.003,29.999],[14,4.618]],"c":true},"ix":2},"nm":"Path 1","mn":"ADBE Vector Shape - Group","hd":false},{"ty":"gf","o":{"a":0,"k":100,"ix":10},"r":1,"bm":0,"g":{"p":7,"k":{"a":0,"k":[0.418,1,0.11,0.137,0.52,0.982,0.096,0.122,0.621,0.965,0.082,0.106,0.787,0.889,0.042,0.054,0.952,0.813,0.001,0.001,0.976,0.8,0.003,0.001,0.999,0.786,0.004,0],"ix":9}},"s":{"a":0,"k":[-7.451,0.736],"ix":5},"e":{"a":0,"k":[-7.7,25.938],"ix":6},"t":2,"h":{"a":0,"k":0,"ix":7},"a":{"a":0,"k":0,"ix":8},"nm":"heartonegradientbibtzzz","mn":"ADBE Vector Graphic - G-Fill","hd":false},{"ty":"tr","p":{"a":0,"k":[0,0],"ix":2},"a":{"a":0,"k":[0,0],"ix":1},"s":{"a":0,"k":[100,100],"ix":3},"r":{"a":0,"k":0,"ix":6},"o":{"a":0,"k":100,"ix":7},"sk":{"a":0,"k":0,"ix":4},"sa":{"a":0,"k":0,"ix":5},"nm":"Transform"}],"nm":"Heart 1","np":2,"cix":2,"bm":0,"ix":1,"mn":"ADBE Vector Group","hd":false}],"ip":0,"op":24,"st":0,"bm":0},{"ddd":0,"ind":8,"ty":4,"nm":"Line 2","parent":2,"td":1,"sr":1,"ks":{"o":{"a":0,"k":100,"ix":11},"r":{"a":0,"k":0,"ix":10},"p":{"a":0,"k":[-14,-15.174,0],"ix":2},"a":{"a":0,"k":[-14,-15.174,0],"ix":1},"s":{"a":0,"k":[100,100,100],"ix":6}},"ao":0,"hasMask":true,"masksProperties":[{"inv":false,"mode":"a","pt":{"a":1,"k":[{"i":{"x":0.833,"y":0.833},"o":{"x":0.167,"y":0.167},"t":8,"s":[{"i":[[0,0],[0,0],[0,0],[0,0]],"o":[[0,0],[0,0],[0,0],[0,0]],"v":[[-30,-25.174],[-30,-5.174],[2,-5.174],[2,-25.174]],"c":true}]},{"i":{"x":0.833,"y":0.833},"o":{"x":0.167,"y":0.167},"t":12,"s":[{"i":[[0,0],[0,0],[0,0],[0,0]],"o":[[0,0],[0,0],[0,0],[0,0]],"v":[[-22.167,-25.174],[-22.167,-5.174],[2,-5.174],[2,-25.174]],"c":true}]},{"t":16,"s":[{"i":[[0,0],[0,0],[0,0],[0,0]],"o":[[0,0],[0,0],[0,0],[0,0]],"v":[[-11.833,-25.174],[-11.833,-5.174],[2,-5.174],[2,-25.174]],"c":true}]}],"ix":1},"o":{"a":0,"k":100,"ix":3},"x":{"a":0,"k":0,"ix":4},"nm":"Mask 1"}],"shapes":[{"ty":"gr","it":[{"ind":0,"ty":"sh","ix":1,"ks":{"a":1,"k":[{"i":{"x":0.833,"y":0.833},"o":{"x":0.167,"y":0.167},"t":8,"s":[{"i":[[-1.287,-2.77],[-21.839,1.283],[0,0]],"o":[[0.806,-4.844],[0,0],[-35.499,4.362]],"v":[[-29.347,-5.174],[2,-17.492],[2,-25.174]],"c":true}]},{"i":{"x":0.833,"y":0.833},"o":{"x":0.167,"y":0.167},"t":11.6,"s":[{"i":[[0.666,-2.139],[-13.182,0.066],[0,0]],"o":[[3.952,-2.139],[0,0],[-22.774,2.924]],"v":[[-21.666,-15.004],[5.182,-17.781],[5.345,-24.352]],"c":true}]},{"i":{"x":0.833,"y":0.833},"o":{"x":0.167,"y":0.167},"t":14.6,"s":[{"i":[[3.012,-1.087],[-9.818,-1.325],[0,0]],"o":[[3.441,0.055],[0,0],[-15.711,1.057]],"v":[[-13.655,-19.841],[7.568,-17.997],[7.854,-23.736]],"c":true}]},{"i":{"x":0.833,"y":0.833},"o":{"x":0.167,"y":0.167},"t":16.4,"s":[{"i":[[2.858,-1.036],[-6.455,-2.715],[0,0]],"o":[[3.287,0.321],[0,0],[-8.649,-0.809]],"v":[[-6.501,-21.964],[9.955,-18.213],[10.363,-23.12]],"c":true}]},{"t":20,"s":[{"i":[[2.858,-1.036],[-5.026,-4.287],[0,0]],"o":[[3.287,0.321],[0,0],[-6.291,-2.095]],"v":[[0.504,-23.892],[13.318,-17.142],[13.726,-22.048]],"c":true}]}],"ix":2},"nm":"Path 1","mn":"ADBE Vector Shape - Group","hd":false},{"ty":"fl","c":{"a":0,"k":[0.956862747669,0.423529416323,0.376470595598,1],"ix":4},"o":{"a":0,"k":100,"ix":5},"r":1,"bm":0,"nm":"Fill 1","mn":"ADBE Vector Graphic - Fill","hd":false},{"ty":"tr","p":{"a":0,"k":[0,0],"ix":2},"a":{"a":0,"k":[0,0],"ix":1},"s":{"a":0,"k":[100,100],"ix":3},"r":{"a":0,"k":0,"ix":6},"o":{"a":0,"k":100,"ix":7},"sk":{"a":0,"k":0,"ix":4},"sa":{"a":0,"k":0,"ix":5},"nm":"Transform"}],"nm":"Line 2","np":2,"cix":2,"bm":0,"ix":1,"mn":"ADBE Vector Group","hd":false}],"ip":8,"op":24,"st":0,"bm":0},{"ddd":0,"ind":9,"ty":4,"nm":"alpha2","tt":1,"sr":1,"ks":{"o":{"a":0,"k":100,"ix":11},"r":{"a":0,"k":0,"ix":10},"p":{"a":0,"k":[512,512,0],"ix":2},"a":{"a":0,"k":[0,0,0],"ix":1},"s":{"a":0,"k":[100,100,100],"ix":6}},"ao":0,"shapes":[{"ty":"gr","it":[{"ty":"rc","d":1,"s":{"a":0,"k":[1024,1024],"ix":2},"p":{"a":0,"k":[0,0],"ix":3},"r":{"a":0,"k":0,"ix":4},"nm":"ajzdazhjdzaj","mn":"ADBE Vector Shape - Rect","hd":false},{"ty":"gf","o":{"a":0,"k":100,"ix":10},"r":1,"bm":0,"g":{"p":15,"k":{"a":0,"k":[0,1,0.62,0.737,0.058,1,0.602,0.722,0.115,1,0.584,0.706,0.208,1,0.539,0.663,0.3,1,0.494,0.62,0.415,1,0.42,0.549,0.529,1,0.345,0.478,0.589,1,0.302,0.437,0.649,1,0.259,0.396,0.686,0.994,0.257,0.394,0.723,0.988,0.255,0.392,0.749,0.971,0.251,0.382,0.775,0.953,0.247,0.373,0.798,0.924,0.237,0.359,0.82,0.894,0.227,0.345],"ix":9}},"s":{"a":0,"k":[-122.977,-54.047],"ix":5},"e":{"a":0,"k":[54.466,-77.747],"ix":6},"t":1,"nm":"guryuuueueeiiiioioo","mn":"ADBE Vector Graphic - G-Fill","hd":false},{"ty":"tr","p":{"a":0,"k":[0,0],"ix":2},"a":{"a":0,"k":[0,0],"ix":1},"s":{"a":0,"k":[100,100],"ix":3},"r":{"a":0,"k":0,"ix":6},"o":{"a":0,"k":100,"ix":7},"sk":{"a":0,"k":0,"ix":4},"sa":{"a":0,"k":0,"ix":5},"nm":"Transform"}],"nm":"Rectangle 1","np":2,"cix":2,"bm":0,"ix":1,"mn":"ADBE Vector Group","hd":false}],"ip":0,"op":24,"st":0,"bm":0},{"ddd":0,"ind":10,"ty":4,"nm":"Line 2 in","parent":2,"td":1,"sr":1,"ks":{"o":{"a":0,"k":100,"ix":11},"r":{"a":0,"k":0,"ix":10},"p":{"a":0,"k":[15,7.592,0],"ix":2},"a":{"a":0,"k":[15,7.592,0],"ix":1},"s":{"a":0,"k":[100,100,100],"ix":6}},"ao":0,"hasMask":true,"masksProperties":[{"inv":false,"mode":"s","pt":{"a":1,"k":[{"i":{"x":0.833,"y":0.833},"o":{"x":0.167,"y":0.167},"t":43,"s":[{"i":[[10.429,-1.286],[-2.429,-7.857],[-17.857,-2.857],[3.429,4],[6.429,2.714]],"o":[[-10.429,1.286],[2.429,7.857],[17.857,2.857],[-3.429,-4],[-6.429,-2.714]],"v":[[-16.143,-3.286],[-24.714,15.571],[-9.571,36],[27.286,23.429],[6.143,-0.714]],"c":true}]},{"i":{"x":0.833,"y":0.833},"o":{"x":0.167,"y":0.167},"t":46,"s":[{"i":[[10.429,-1.286],[-2.429,-7.857],[-17.857,-2.857],[3.429,4],[6.429,2.714]],"o":[[-10.429,1.286],[2.429,7.857],[17.857,2.857],[-3.429,-4],[-6.429,-2.714]],"v":[[-16.143,-3.286],[-24.714,15.571],[-9.571,36],[27.286,23.429],[6.143,-0.714]],"c":true}]},{"i":{"x":0.833,"y":0.833},"o":{"x":0.167,"y":0.167},"t":47,"s":[{"i":[[10.429,-1.286],[-2.429,-7.857],[-17.857,-2.857],[3.429,4],[6.429,2.714]],"o":[[-10.429,1.286],[2.429,7.857],[17.857,2.857],[-3.429,-4],[-6.429,-2.714]],"v":[[-16.143,-3.286],[-24.714,15.571],[-9.571,36],[2.143,28.714],[6.143,-0.714]],"c":true}]},{"t":48,"s":[{"i":[[10.429,-1.286],[-2.429,-7.857],[-17.857,-2.857],[3.429,4],[6.429,2.714]],"o":[[-10.429,1.286],[2.429,7.857],[17.857,2.857],[-3.429,-4],[-6.429,-2.714]],"v":[[-16.143,-3.286],[-24.714,15.571],[-9.571,36],[0.714,29],[-14.286,3.857]],"c":true}]}],"ix":1},"o":{"a":0,"k":100,"ix":3},"x":{"a":0,"k":0,"ix":4},"nm":"Mask 1"}],"shapes":[{"ty":"gr","it":[{"ind":0,"ty":"sh","ix":1,"ks":{"a":1,"k":[{"i":{"x":0.833,"y":0.833},"o":{"x":0.333,"y":0},"t":42,"s":[{"i":[[7.539,-2.198],[25.682,-2.002],[0,0]],"o":[[5.533,2.433],[0,0],[39.131,-13.377]],"v":[[23.877,-7.23],[0,9.948],[0,22.591]],"c":true}]},{"i":{"x":0.833,"y":0.833},"o":{"x":0.167,"y":0.167},"t":57,"s":[{"i":[[-1.838,5.711],[16.739,0.393],[0,0]],"o":[[-4.695,4.139],[0,0],[26.982,-5.361]],"v":[[26.981,4.004],[-4.364,9.92],[-5.065,19.602]],"c":true}]},{"i":{"x":0.833,"y":0.833},"o":{"x":0.167,"y":0.167},"t":62,"s":[{"i":[[-7.682,3.918],[13.757,1.192],[0,0]],"o":[[-8.682,1.775],[0,0],[19.389,-3.604]],"v":[[21.254,10.653],[-6.732,10.367],[-7.668,19.062]],"c":true}]},{"i":{"x":0.667,"y":1},"o":{"x":0.167,"y":0.167},"t":65,"s":[{"i":[[-14.877,3.373],[9.286,2.39],[0,0]],"o":[[-12.02,-0.913],[0,0],[8,-0.968]],"v":[[13.02,16.341],[-10.286,11.039],[-11.571,18.253]],"c":true}]},{"t":68,"s":[{"i":[[-12.448,1.548],[9.286,2.39],[0,0]],"o":[[-11.163,-2.88],[0,0],[8,-0.968]],"v":[[6.163,17.452],[-15.286,9.864],[-16.571,17.078]],"c":true}]}],"ix":2},"nm":"Path 1","mn":"ADBE Vector Shape - Group","hd":false},{"ty":"fl","c":{"a":0,"k":[0.956862747669,0.423529416323,0.376470595598,1],"ix":4},"o":{"a":0,"k":100,"ix":5},"r":1,"bm":0,"nm":"Fill 1","mn":"ADBE Vector Graphic - Fill","hd":false},{"ty":"tr","p":{"a":0,"k":[0,0],"ix":2},"a":{"a":0,"k":[0,0],"ix":1},"s":{"a":0,"k":[100,100],"ix":3},"r":{"a":0,"k":0,"ix":6},"o":{"a":0,"k":100,"ix":7},"sk":{"a":0,"k":0,"ix":4},"sa":{"a":0,"k":0,"ix":5},"nm":"Transform"}],"nm":"Line 2 in","np":2,"cix":2,"bm":0,"ix":1,"mn":"ADBE Vector Group","hd":false}],"ip":42,"op":42.2424242424242,"st":0,"bm":0},{"ddd":0,"ind":11,"ty":4,"nm":"alpha3","tt":1,"sr":1,"ks":{"o":{"a":0,"k":100,"ix":11},"r":{"a":0,"k":0,"ix":10},"p":{"a":0,"k":[512,512,0],"ix":2},"a":{"a":0,"k":[0,0,0],"ix":1},"s":{"a":0,"k":[100,100,100],"ix":6}},"ao":0,"shapes":[{"ty":"gr","it":[{"ty":"rc","d":1,"s":{"a":0,"k":[1047,1047],"ix":2},"p":{"a":0,"k":[0,0],"ix":3},"r":{"a":0,"k":0,"ix":4},"nm":"aazaezeze","mn":"ADBE Vector Shape - Rect","hd":false},{"ty":"gf","o":{"a":0,"k":100,"ix":10},"r":1,"bm":0,"g":{"p":19,"k":{"a":0,"k":[0,0.239,0.039,0.039,0.012,0.284,0.053,0.061,0.025,0.329,0.067,0.082,0.055,0.431,0.096,0.129,0.086,0.533,0.125,0.176,0.115,0.618,0.149,0.216,0.145,0.702,0.173,0.255,0.174,0.767,0.192,0.286,0.203,0.831,0.212,0.318,0.23,0.878,0.224,0.339,0.258,0.925,0.235,0.361,0.283,0.953,0.245,0.375,0.308,0.98,0.255,0.388,0.33,0.99,0.257,0.392,0.352,1,0.259,0.396,0.557,1,0.376,0.508,0.762,1,0.494,0.62,0.881,1,0.557,0.678,1,1,0.62,0.737],"ix":9}},"s":{"a":0,"k":[3.336,139.235],"ix":5},"e":{"a":0,"k":[319.286,-62.186],"ix":6},"t":1,"nm":"greudazudiadizaidza","mn":"ADBE Vector Graphic - G-Fill","hd":false},{"ty":"tr","p":{"a":0,"k":[0,0],"ix":2},"a":{"a":0,"k":[0,0],"ix":1},"s":{"a":0,"k":[100,100],"ix":3},"r":{"a":0,"k":0,"ix":6},"o":{"a":0,"k":100,"ix":7},"sk":{"a":0,"k":0,"ix":4},"sa":{"a":0,"k":0,"ix":5},"nm":"Transform"}],"nm":"Group 1","np":2,"cix":2,"bm":0,"ix":1,"mn":"ADBE Vector Group","hd":false}],"ip":0,"op":24,"st":0,"bm":0},{"ddd":0,"ind":12,"ty":4,"nm":"Heart 3","parent":2,"sr":1,"ks":{"o":{"a":0,"k":100,"ix":11},"r":{"a":0,"k":0,"ix":10},"p":{"a":1,"k":[{"i":{"x":0.4,"y":1},"o":{"x":0.6,"y":0},"t":35,"s":[-8,11.5,0],"to":[-31.738,-13.833,0],"ti":[-40,3.072,0]},{"t":55,"s":[15,-17.5,0]}],"ix":2},"a":{"a":0,"k":[-8,11.5,0],"ix":1},"s":{"a":1,"k":[{"i":{"x":[0.667,0.667,0.667],"y":[1,1,1]},"o":{"x":[0.333,0.333,0.333],"y":[0,0,0]},"t":35,"s":[100,100,100]},{"t":55,"s":[68,68,100]}],"ix":6}},"ao":0,"shapes":[{"ty":"gr","it":[{"ind":0,"ty":"sh","ix":1,"ks":{"a":0,"k":{"i":[[5.843,-9.577],[0,-12.028],[-14.543,-11.913],[0,8.069]],"o":[[-5.838,-9.577],[0,8.068],[14.547,-11.913],[0,-12.028]],"v":[[-8.003,-1.573],[-30,4.618],[-8.003,29.999],[14,4.618]],"c":true},"ix":2},"nm":"Path 1","mn":"ADBE Vector Shape - Group","hd":false},{"ty":"gf","o":{"a":0,"k":100,"ix":10},"r":1,"bm":0,"g":{"p":7,"k":{"a":0,"k":[0.418,1,0.11,0.137,0.52,0.982,0.096,0.122,0.621,0.965,0.082,0.106,0.787,0.889,0.042,0.054,0.952,0.813,0.001,0.001,0.976,0.8,0.003,0.001,0.999,0.786,0.004,0],"ix":9}},"s":{"a":0,"k":[-7.451,0.736],"ix":5},"e":{"a":0,"k":[-7.7,25.938],"ix":6},"t":2,"h":{"a":0,"k":0,"ix":7},"a":{"a":0,"k":0,"ix":8},"nm":"heartonegradientbibt","mn":"ADBE Vector Graphic - G-Fill","hd":false},{"ty":"tr","p":{"a":0,"k":[0,0],"ix":2},"a":{"a":0,"k":[0,0],"ix":1},"s":{"a":0,"k":[100,100],"ix":3},"r":{"a":0,"k":0,"ix":6},"o":{"a":0,"k":100,"ix":7},"sk":{"a":0,"k":0,"ix":4},"sa":{"a":0,"k":0,"ix":5},"nm":"Transform"}],"nm":"Heart 1","np":2,"cix":2,"bm":0,"ix":1,"mn":"ADBE Vector Group","hd":false}],"ip":35,"op":35.2424242424242,"st":35,"bm":0},{"ddd":0,"ind":13,"ty":4,"nm":"Line 4","parent":2,"td":1,"sr":1,"ks":{"o":{"a":0,"k":100,"ix":11},"r":{"a":0,"k":0,"ix":10},"p":{"a":0,"k":[-14,-15.174,0],"ix":2},"a":{"a":0,"k":[-14,-15.174,0],"ix":1},"s":{"a":0,"k":[100,100,100],"ix":6}},"ao":0,"shapes":[{"ty":"gr","it":[{"ind":0,"ty":"sh","ix":1,"ks":{"a":1,"k":[{"i":{"x":0.833,"y":0.833},"o":{"x":0.167,"y":0.167},"t":46,"s":[{"i":[[-1.287,-2.77],[-21.839,1.283],[0,0]],"o":[[0.806,-4.844],[0,0],[-35.499,4.362]],"v":[[-29.347,-5.174],[2,-17.492],[2,-25.174]],"c":true}]},{"i":{"x":0.833,"y":0.833},"o":{"x":0.167,"y":0.167},"t":54,"s":[{"i":[[0.666,-2.139],[-13.182,0.066],[0,0]],"o":[[3.952,-2.139],[0,0],[-22.774,2.924]],"v":[[-21.666,-15.004],[5.182,-17.781],[5.345,-24.352]],"c":true}]},{"i":{"x":0.833,"y":0.833},"o":{"x":0.167,"y":0.167},"t":59,"s":[{"i":[[3.012,-1.087],[-9.818,-1.325],[0,0]],"o":[[3.441,0.055],[0,0],[-15.711,1.057]],"v":[[-13.655,-19.841],[7.568,-17.997],[7.854,-23.736]],"c":true}]},{"i":{"x":0.833,"y":0.833},"o":{"x":0.167,"y":0.167},"t":64,"s":[{"i":[[2.858,-1.036],[-6.455,-2.715],[0,0]],"o":[[3.287,0.321],[0,0],[-8.649,-0.809]],"v":[[-6.501,-21.964],[9.955,-18.213],[10.363,-23.12]],"c":true}]},{"t":69,"s":[{"i":[[2.858,-1.036],[-5.026,-4.287],[0,0]],"o":[[3.287,0.321],[0,0],[-6.291,-2.095]],"v":[[0.504,-23.892],[13.318,-17.142],[13.726,-22.048]],"c":true}]}],"ix":2},"nm":"Path 1","mn":"ADBE Vector Shape - Group","hd":false},{"ty":"fl","c":{"a":0,"k":[0.956862747669,0.423529416323,0.376470595598,1],"ix":4},"o":{"a":0,"k":100,"ix":5},"r":1,"bm":0,"nm":"Fill 1","mn":"ADBE Vector Graphic - Fill","hd":false},{"ty":"tr","p":{"a":0,"k":[0,0],"ix":2},"a":{"a":0,"k":[0,0],"ix":1},"s":{"a":0,"k":[100,100],"ix":3},"r":{"a":0,"k":0,"ix":6},"o":{"a":0,"k":100,"ix":7},"sk":{"a":0,"k":0,"ix":4},"sa":{"a":0,"k":0,"ix":5},"nm":"Transform"}],"nm":"Line 2","np":2,"cix":2,"bm":0,"ix":1,"mn":"ADBE Vector Group","hd":false}],"ip":46,"op":46.2424242424242,"st":38,"bm":0},{"ddd":0,"ind":14,"ty":4,"nm":"alphafour","tt":1,"sr":1,"ks":{"o":{"a":0,"k":100,"ix":11},"r":{"a":0,"k":0,"ix":10},"p":{"a":0,"k":[512,512,0],"ix":2},"a":{"a":0,"k":[0,0,0],"ix":1},"s":{"a":0,"k":[100,100,100],"ix":6}},"ao":0,"shapes":[{"ty":"gr","it":[{"ty":"rc","d":1,"s":{"a":0,"k":[1024,1024],"ix":2},"p":{"a":0,"k":[0,0],"ix":3},"r":{"a":0,"k":0,"ix":4},"nm":"zdkjzkk","mn":"ADBE Vector Shape - Rect","hd":false},{"ty":"gf","o":{"a":0,"k":100,"ix":10},"r":1,"bm":0,"g":{"p":15,"k":{"a":0,"k":[0,1,0.62,0.737,0.058,1,0.602,0.722,0.115,1,0.584,0.706,0.208,1,0.539,0.663,0.3,1,0.494,0.62,0.415,1,0.42,0.549,0.529,1,0.345,0.478,0.589,1,0.302,0.437,0.649,1,0.259,0.396,0.686,0.994,0.257,0.394,0.723,0.988,0.255,0.392,0.749,0.971,0.251,0.382,0.775,0.953,0.247,0.373,0.798,0.924,0.237,0.359,0.82,0.894,0.227,0.345],"ix":9}},"s":{"a":0,"k":[-122.977,-54.047],"ix":5},"e":{"a":0,"k":[54.466,-77.747],"ix":6},"t":1,"nm":"maamamamamamamaamdmdzmzdzmd","mn":"ADBE Vector Graphic - G-Fill","hd":false},{"ty":"tr","p":{"a":0,"k":[0,0],"ix":2},"a":{"a":0,"k":[0,0],"ix":1},"s":{"a":0,"k":[100,100],"ix":3},"r":{"a":0,"k":0,"ix":6},"o":{"a":0,"k":100,"ix":7},"sk":{"a":0,"k":0,"ix":4},"sa":{"a":0,"k":0,"ix":5},"nm":"Transform"}],"nm":"Rectangle 1","np":2,"cix":2,"bm":0,"ix":1,"mn":"ADBE Vector Group","hd":false}],"ip":0,"op":24,"st":0,"bm":0}]}],"layers":[{"ddd":0,"ind":1,"ty":0,"nm":"revolving_hearts","refId":"comp_0","sr":1,"ks":{"o":{"a":0,"k":100,"ix":11},"r":{"a":0,"k":0,"ix":10},"p":{"a":0,"k":[512,512,0],"ix":2},"a":{"a":0,"k":[512,512,0],"ix":1},"s":{"a":0,"k":[100,100,100],"ix":6}},"ao":0,"w":1024,"h":1024,"ip":0,"op":24,"st":0,"bm":0}],"markers":[]}