{"v":"5.6.2","fr":24,"ip":0,"op":48,"w":1024,"h":1024,"nm":"star_struck","ddd":0,"assets":[{"id":"comp_0","layers":[{"ddd":0,"ind":1,"ty":3,"nm":"Body_CTRL","sr":1,"ks":{"o":{"a":0,"k":100,"ix":11},"r":{"a":0,"k":0,"ix":10},"p":{"a":0,"k":[512,812,0],"ix":2},"a":{"a":0,"k":[0,0,0],"ix":1},"s":{"a":1,"k":[{"i":{"x":[0.833,0.833,0.833],"y":[0.833,0.833,1]},"o":{"x":[0.333,0.333,0.333],"y":[0,0,0]},"t":0,"s":[100,100,100]},{"i":{"x":[0,0,0.667],"y":[1,1,1]},"o":{"x":[0.167,0.167,0.167],"y":[0.167,0.167,0]},"t":4,"s":[103,96,100]},{"i":{"x":[0,0,0.667],"y":[1,1,1]},"o":{"x":[0.333,0.333,0.333],"y":[0,0,0]},"t":14,"s":[100,100,100]},{"i":{"x":[0.833,0.833,0.833],"y":[0.833,0.833,1]},"o":{"x":[0.333,0.333,0.333],"y":[0,0,0]},"t":19,"s":[100,100,100]},{"i":{"x":[0,0,0.667],"y":[1,1,1]},"o":{"x":[0.167,0.167,0.167],"y":[0.167,0.167,0]},"t":24,"s":[103,96,100]},{"t":40,"s":[100,100,100]}],"ix":6}},"ao":0,"ef":[{"ty":5,"nm":"Controller","np":13,"mn":"Pseudo/DUIK controller","ix":1,"en":1,"ef":[{"ty":6,"nm":"Icon","mn":"Pseudo/DUIK controller-0001","ix":1,"v":0},{"ty":2,"nm":"Color","mn":"Pseudo/DUIK controller-0002","ix":2,"v":{"a":0,"k":[0.92549020052,0.0941176489,0.0941176489,1],"ix":2}},{"ty":3,"nm":"Position","mn":"Pseudo/DUIK controller-0003","ix":3,"v":{"a":0,"k":[0,0],"ix":3}},{"ty":0,"nm":"Size","mn":"Pseudo/DUIK controller-0004","ix":4,"v":{"a":0,"k":100,"ix":4}},{"ty":0,"nm":"Orientation","mn":"Pseudo/DUIK controller-0005","ix":5,"v":{"a":0,"k":0,"ix":5}},{"ty":0,"nm":"Opacity","mn":"Pseudo/DUIK controller-0006","ix":6,"v":{"a":0,"k":100,"ix":6}},{"ty":6,"nm":"","mn":"Pseudo/DUIK controller-0007","ix":7,"v":0},{"ty":6,"nm":"Anchor","mn":"Pseudo/DUIK controller-0008","ix":8,"v":0},{"ty":2,"nm":"Color","mn":"Pseudo/DUIK controller-0009","ix":9,"v":{"a":0,"k":[0,0,0,1],"ix":9}},{"ty":0,"nm":"Size","mn":"Pseudo/DUIK controller-0010","ix":10,"v":{"a":0,"k":100,"ix":10}},{"ty":6,"nm":"","mn":"Pseudo/DUIK controller-0011","ix":11,"v":0}]}],"ip":0,"op":48,"st":0,"bm":0},{"ddd":0,"ind":2,"ty":3,"nm":"Face_CTRL","parent":1,"sr":1,"ks":{"o":{"a":0,"k":100,"ix":11},"r":{"a":0,"k":0,"ix":10},"p":{"a":1,"k":[{"i":{"x":0.833,"y":0.833},"o":{"x":0.333,"y":0},"t":0,"s":[0,-300,0],"to":[0,6.944,0],"ti":[0,-0.139,0]},{"i":{"x":0,"y":1},"o":{"x":0.167,"y":0.167},"t":4,"s":[0,-258.333,0],"to":[0,0.139,0],"ti":[0,6.944,0]},{"i":{"x":0.667,"y":1},"o":{"x":0.333,"y":0},"t":17,"s":[0,-299.167,0],"to":[0,-6.944,0],"ti":[0,-6.732,0]},{"i":{"x":0.833,"y":0.833},"o":{"x":0.333,"y":0},"t":18,"s":[0,-300,0],"to":[0,6.732,0],"ti":[0,-0.139,0]},{"i":{"x":0,"y":1},"o":{"x":0.167,"y":0.167},"t":22,"s":[0,-258.772,0],"to":[0,0.139,0],"ti":[0,6.732,0]},{"t":39,"s":[0,-299.167,0]}],"ix":2},"a":{"a":0,"k":[0,0,0],"ix":1},"s":{"a":0,"k":[100,100,100],"ix":6}},"ao":0,"ef":[{"ty":5,"nm":"Controller","np":13,"mn":"Pseudo/DUIK controller","ix":1,"en":1,"ef":[{"ty":6,"nm":"Icon","mn":"Pseudo/DUIK controller-0001","ix":1,"v":0},{"ty":2,"nm":"Color","mn":"Pseudo/DUIK controller-0002","ix":2,"v":{"a":0,"k":[0.92549020052,0.0941176489,0.0941176489,1],"ix":2}},{"ty":3,"nm":"Position","mn":"Pseudo/DUIK controller-0003","ix":3,"v":{"a":0,"k":[0,0],"ix":3}},{"ty":0,"nm":"Size","mn":"Pseudo/DUIK controller-0004","ix":4,"v":{"a":0,"k":100,"ix":4}},{"ty":0,"nm":"Orientation","mn":"Pseudo/DUIK controller-0005","ix":5,"v":{"a":0,"k":0,"ix":5}},{"ty":0,"nm":"Opacity","mn":"Pseudo/DUIK controller-0006","ix":6,"v":{"a":0,"k":100,"ix":6}},{"ty":6,"nm":"","mn":"Pseudo/DUIK controller-0007","ix":7,"v":0},{"ty":6,"nm":"Anchor","mn":"Pseudo/DUIK controller-0008","ix":8,"v":0},{"ty":2,"nm":"Color","mn":"Pseudo/DUIK controller-0009","ix":9,"v":{"a":0,"k":[0,0,0,1],"ix":9}},{"ty":0,"nm":"Size","mn":"Pseudo/DUIK controller-0010","ix":10,"v":{"a":0,"k":100,"ix":10}},{"ty":6,"nm":"","mn":"Pseudo/DUIK controller-0011","ix":11,"v":0}]}],"ip":0,"op":48,"st":0,"bm":0},{"ddd":0,"ind":3,"ty":4,"nm":"Star_04","parent":2,"sr":1,"ks":{"o":{"a":0,"k":100,"ix":11},"r":{"a":1,"k":[{"i":{"x":[0.667],"y":[1]},"o":{"x":[0.167],"y":[0]},"t":0,"s":[0]},{"i":{"x":[0.833],"y":[1]},"o":{"x":[0.333],"y":[0]},"t":6,"s":[0]},{"i":{"x":[0.833],"y":[0.833]},"o":{"x":[0.167],"y":[0.167]},"t":21,"s":[0]},{"i":{"x":[0],"y":[1]},"o":{"x":[0.167],"y":[0.167]},"t":22,"s":[-120]},{"t":48,"s":[0]}],"ix":10},"p":{"a":1,"k":[{"i":{"x":0.667,"y":1},"o":{"x":0.333,"y":0},"t":0,"s":[-178.785,-150.395,0],"to":[4.918,7.148,0],"ti":[-4.918,-7.148,0]},{"i":{"x":0.667,"y":0.667},"o":{"x":0.333,"y":0.333},"t":6,"s":[-149.278,-107.506,0],"to":[0,0,0],"ti":[0,0,0]},{"i":{"x":0,"y":1},"o":{"x":0.333,"y":0},"t":22,"s":[-149.278,-107.506,0],"to":[-4.918,-7.148,0],"ti":[4.918,7.148,0]},{"t":35,"s":[-178.785,-150.395,0]}],"ix":2},"a":{"a":0,"k":[-256.123,-239.684,0],"ix":1},"s":{"a":1,"k":[{"i":{"x":[0.667,0.667,0.667],"y":[1,1,1]},"o":{"x":[0.212,0.212,0.212],"y":[0,0,0]},"t":0,"s":[1191,1191,100]},{"i":{"x":[0.667,0.667,0.667],"y":[1,1,1]},"o":{"x":[0.333,0.333,0.333],"y":[0,0,0]},"t":6,"s":[860.768,860.768,100]},{"i":{"x":[0.833,0.833,0.833],"y":[0.833,0.833,0.921]},"o":{"x":[0.333,0.333,0.333],"y":[0,0,0]},"t":22,"s":[860.768,860.768,100]},{"i":{"x":[0.667,0.667,0.667],"y":[1,1,1]},"o":{"x":[0.167,0.167,0.167],"y":[0.167,0.167,-0.079]},"t":27,"s":[1483,1483,100]},{"t":35,"s":[1191,1191,100]}],"ix":6}},"ao":0,"shapes":[{"ty":"gr","it":[{"ind":0,"ty":"sh","ix":1,"ks":{"a":0,"k":{"i":[[0.66,-0.078],[0,0],[0,0],[0.129,-0.651],[0,0],[0,0],[-0.579,-0.324],[0,0],[0,0],[-0.486,0.451],[0,0],[0,0],[0.278,0.602],[0,0],[0,0]],"o":[[0,0],[0,0],[-0.438,-0.498],[0,0],[0,0],[-0.609,0.262],[0,0],[0,0],[0.061,0.661],[0,0],[0,0],[0.648,0.145],[0,0],[0,0],[0.339,-0.571]],"v":[[-244.104,-247.21],[-252.454,-246.226],[-258,-252.546],[-259.031,-252.269],[-260.674,-244.022],[-268.398,-240.701],[-268.455,-239.635],[-261.12,-235.523],[-260.347,-227.151],[-259.351,-226.768],[-253.174,-232.473],[-244.973,-230.62],[-244.301,-231.449],[-247.818,-239.088],[-243.521,-246.314]],"c":true},"ix":2},"nm":"Path 1","mn":"ADBE Vector Shape - Group","hd":false},{"ty":"gf","o":{"a":0,"k":100,"ix":10},"r":1,"bm":0,"g":{"p":3,"k":{"a":0,"k":[0,0.69,0.137,0.667,0.5,0.845,0.184,0.816,1,1,0.231,0.965],"ix":9}},"s":{"a":0,"k":[-245.563,-220.065],"ix":5},"e":{"a":0,"k":[-252.067,-244.331],"ix":6},"t":1,"nm":"S4G","mn":"ADBE Vector Graphic - G-Fill","hd":false},{"ty":"tr","p":{"a":0,"k":[0,0],"ix":2},"a":{"a":0,"k":[0,0],"ix":1},"s":{"a":0,"k":[100,100],"ix":3},"r":{"a":0,"k":0,"ix":6},"o":{"a":0,"k":100,"ix":7},"sk":{"a":0,"k":0,"ix":4},"sa":{"a":0,"k":0,"ix":5},"nm":"Transform"}],"nm":"Group 1","np":2,"cix":2,"bm":0,"ix":1,"mn":"ADBE Vector Group","hd":false}],"ip":-2,"op":48,"st":-2,"bm":0},{"ddd":0,"ind":4,"ty":4,"nm":"Star_03","parent":2,"sr":1,"ks":{"o":{"a":0,"k":100,"ix":11},"r":{"a":1,"k":[{"i":{"x":[0.667],"y":[1]},"o":{"x":[0.167],"y":[0]},"t":0,"s":[0]},{"i":{"x":[0.833],"y":[1]},"o":{"x":[0.333],"y":[0]},"t":6,"s":[0]},{"i":{"x":[0.833],"y":[0.833]},"o":{"x":[0.167],"y":[0.167]},"t":21,"s":[0]},{"i":{"x":[0],"y":[1]},"o":{"x":[0.167],"y":[0.167]},"t":22,"s":[120]},{"t":48,"s":[0]}],"ix":10},"p":{"a":1,"k":[{"i":{"x":0.667,"y":1},"o":{"x":0.333,"y":0},"t":0,"s":[183.537,-150.389,0],"to":[-7.218,7.488,0],"ti":[7.218,-7.488,0]},{"i":{"x":0.667,"y":0.667},"o":{"x":0.333,"y":0.333},"t":6,"s":[140.231,-105.46,0],"to":[0,0,0],"ti":[0,0,0]},{"i":{"x":0,"y":1},"o":{"x":0.333,"y":0},"t":22,"s":[140.231,-105.46,0],"to":[7.218,-7.488,0],"ti":[-7.218,7.488,0]},{"t":35,"s":[183.537,-150.389,0]}],"ix":2},"a":{"a":0,"k":[-225.701,-239.684,0],"ix":1},"s":{"a":1,"k":[{"i":{"x":[0.667,0.667,0.667],"y":[1,1,1]},"o":{"x":[0.167,0.167,0.167],"y":[0,0,0]},"t":0,"s":[1191,1191,100]},{"i":{"x":[0.667,0.667,0.667],"y":[1,1,1]},"o":{"x":[0.333,0.333,0.333],"y":[0,0,0]},"t":6,"s":[860.768,860.768,100]},{"i":{"x":[0.833,0.833,0.833],"y":[0.833,0.833,0.921]},"o":{"x":[0.333,0.333,0.333],"y":[0,0,0]},"t":22,"s":[860.768,860.768,100]},{"i":{"x":[0.667,0.667,0.667],"y":[1,1,1]},"o":{"x":[0.167,0.167,0.167],"y":[0.167,0.167,-0.079]},"t":27,"s":[1483,1483,100]},{"t":35,"s":[1191,1191,100]}],"ix":6}},"ao":0,"shapes":[{"ty":"gr","it":[{"ind":0,"ty":"sh","ix":1,"ks":{"a":0,"k":{"i":[[0.61,0.262],[0,0],[0,0],[0.438,-0.499],[0,0],[0,0],[-0.339,-0.571],[0,0],[0,0],[-0.647,0.146],[0,0],[0,0],[-0.061,0.66],[0,0],[0,0]],"o":[[0,0],[0,0],[-0.13,-0.65],[0,0],[0,0],[-0.659,-0.078],[0,0],[0,0],[-0.278,0.603],[0,0],[0,0],[0.488,0.45],[0,0],[0,0],[0.579,-0.325]],"v":[[-213.426,-240.7],[-221.149,-244.023],[-222.792,-252.269],[-223.824,-252.545],[-229.37,-246.224],[-237.721,-247.21],[-238.303,-246.315],[-234.006,-239.087],[-237.523,-231.45],[-236.851,-230.62],[-228.649,-232.473],[-222.474,-226.767],[-221.477,-227.149],[-220.704,-235.523],[-213.369,-239.633]],"c":true},"ix":2},"nm":"Path 1","mn":"ADBE Vector Shape - Group","hd":false},{"ty":"gf","o":{"a":0,"k":100,"ix":10},"r":1,"bm":0,"g":{"p":3,"k":{"a":0,"k":[0,0.69,0.137,0.667,0.5,0.845,0.184,0.816,1,1,0.231,0.965],"ix":9}},"s":{"a":0,"k":[-227.151,-223.836],"ix":5},"e":{"a":0,"k":[-220.646,-248.102],"ix":6},"t":1,"nm":"S3G","mn":"ADBE Vector Graphic - G-Fill","hd":false},{"ty":"tr","p":{"a":0,"k":[0,0],"ix":2},"a":{"a":0,"k":[0,0],"ix":1},"s":{"a":0,"k":[100,100],"ix":3},"r":{"a":0,"k":0,"ix":6},"o":{"a":0,"k":100,"ix":7},"sk":{"a":0,"k":0,"ix":4},"sa":{"a":0,"k":0,"ix":5},"nm":"Transform"}],"nm":"Group 2","np":2,"cix":2,"bm":0,"ix":1,"mn":"ADBE Vector Group","hd":false}],"ip":-2,"op":48,"st":-2,"bm":0},{"ddd":0,"ind":8,"ty":4,"nm":"Mouth_Mask 2","parent":2,"td":1,"sr":1,"ks":{"o":{"a":0,"k":100,"ix":11},"r":{"a":0,"k":0,"ix":10},"p":{"a":0,"k":[0.005,148.875,0],"ix":2},"a":{"a":0,"k":[-241.111,-214.557,0],"ix":1},"s":{"a":0,"k":[1016,948,100],"ix":6}},"ao":0,"shapes":[{"ty":"gr","it":[{"ind":0,"ty":"sh","ix":1,"ks":{"a":0,"k":{"i":[[2.041,0.344],[7.189,0],[4.045,-0.682],[-0.098,-1.541],[-13.06,0],[-0.666,10.422]],"o":[[-4.045,-0.681],[-7.188,0],[-2.041,0.344],[0.666,10.422],[13.061,0],[0.098,-1.541]],"v":[[-224.221,-222.717],[-241.158,-224.045],[-258.096,-222.717],[-261.152,-219.311],[-241.158,-205.045],[-221.164,-219.311]],"c":true},"ix":2,"x":"var $bm_rt;\n$bm_rt = thisComp.layer('Mouth_Shape').content('Group 1').content('Path 1').path;"},"nm":"Path 1","mn":"ADBE Vector Shape - Group","hd":false},{"ty":"fl","c":{"a":0,"k":[0.101960785687,0.086274512112,0.149019613862,1],"ix":4},"o":{"a":0,"k":100,"ix":5},"r":1,"bm":0,"nm":"Fill 1","mn":"ADBE Vector Graphic - Fill","hd":false},{"ty":"tr","p":{"a":0,"k":[0,0],"ix":2},"a":{"a":0,"k":[0,0],"ix":1},"s":{"a":0,"k":[100,100],"ix":3},"r":{"a":0,"k":0,"ix":6},"o":{"a":0,"k":100,"ix":7},"sk":{"a":0,"k":0,"ix":4},"sa":{"a":0,"k":0,"ix":5},"nm":"Transform"}],"nm":"Group 1","np":2,"cix":2,"bm":0,"ix":1,"mn":"ADBE Vector Group","hd":false}],"ip":0,"op":49,"st":0,"bm":0},{"ddd":0,"ind":9,"ty":4,"nm":"Lower_Teeths","parent":2,"tt":1,"sr":1,"ks":{"o":{"a":0,"k":100,"ix":11},"r":{"a":0,"k":0,"ix":10},"p":{"a":1,"k":[{"i":{"x":0,"y":1},"o":{"x":0.333,"y":0},"t":1,"s":[0.002,307.054,0],"to":[0,-17.424,0],"ti":[0,17.424,0]},{"i":{"x":0,"y":0},"o":{"x":0.167,"y":0.167},"t":10,"s":[0.002,202.511,0],"to":[0,0,0],"ti":[0,0,0]},{"i":{"x":0,"y":1},"o":{"x":0.167,"y":0},"t":19,"s":[0.002,202.511,0],"to":[0,-1.673,0],"ti":[0,-17.424,0]},{"i":{"x":0,"y":1},"o":{"x":0.333,"y":0},"t":24,"s":[0.002,192.471,0],"to":[0,17.424,0],"ti":[0,-19.097,0]},{"t":31,"s":[0.002,307.054,0]}],"ix":2},"a":{"a":0,"k":[-241.111,-353.046,0],"ix":1},"s":{"a":0,"k":[1191,1191,100],"ix":6}},"ao":0,"shapes":[{"ty":"gr","it":[{"ind":0,"ty":"sh","ix":1,"ks":{"a":0,"k":{"i":[[0.319,0],[3.625,0],[-0.38,-0.767],[-9.863,0],[-1.094,2.203]],"o":[[-3.625,0],[-0.319,0],[1.093,2.203],[9.864,0],[0.379,-0.767]],"v":[[-227.761,-356.04],[-254.462,-356.04],[-254.987,-354.667],[-241.111,-350.052],[-227.234,-354.667]],"c":true},"ix":2},"nm":"Path 1","mn":"ADBE Vector Shape - Group","hd":false},{"ty":"gf","o":{"a":0,"k":100,"ix":10},"r":1,"bm":0,"g":{"p":7,"k":{"a":0,"k":[0,0.812,0.843,0.902,0.09,0.906,0.922,0.951,0.3,1,1,1,0.5,1,1,1,0.7,1,1,1,0.91,0.906,0.922,0.951,1,0.812,0.843,0.902],"ix":9}},"s":{"a":0,"k":[-256,-354],"ix":5},"e":{"a":0,"k":[-228,-354],"ix":6},"t":1,"nm":"LTG","mn":"ADBE Vector Graphic - G-Fill","hd":false},{"ty":"tr","p":{"a":0,"k":[0,0],"ix":2},"a":{"a":0,"k":[0,0],"ix":1},"s":{"a":0,"k":[100,100],"ix":3},"r":{"a":0,"k":0,"ix":6},"o":{"a":0,"k":100,"ix":7},"sk":{"a":0,"k":0,"ix":4},"sa":{"a":0,"k":0,"ix":5},"nm":"Transform"}],"nm":"Group 1","np":2,"cix":2,"bm":0,"ix":1,"mn":"ADBE Vector Group","hd":false}],"ip":0,"op":49,"st":9,"bm":0},{"ddd":0,"ind":10,"ty":4,"nm":"Mouth_Mask","parent":2,"td":1,"sr":1,"ks":{"o":{"a":0,"k":100,"ix":11},"r":{"a":0,"k":0,"ix":10},"p":{"a":0,"k":[0.005,148.875,0],"ix":2},"a":{"a":0,"k":[-241.111,-214.557,0],"ix":1},"s":{"a":0,"k":[1101,948,100],"ix":6}},"ao":0,"shapes":[{"ty":"gr","it":[{"ind":0,"ty":"sh","ix":1,"ks":{"a":0,"k":{"i":[[2.041,0.344],[7.189,0],[4.045,-0.682],[-0.098,-1.541],[-13.06,0],[-0.666,10.422]],"o":[[-4.045,-0.681],[-7.188,0],[-2.041,0.344],[0.666,10.422],[13.061,0],[0.098,-1.541]],"v":[[-224.221,-222.717],[-241.158,-224.045],[-258.096,-222.717],[-261.152,-219.311],[-241.158,-205.045],[-221.164,-219.311]],"c":true},"ix":2,"x":"var $bm_rt;\n$bm_rt = thisComp.layer('Mouth_Shape').content('Group 1').content('Path 1').path;"},"nm":"Path 1","mn":"ADBE Vector Shape - Group","hd":false},{"ty":"fl","c":{"a":0,"k":[0.101960785687,0.086274512112,0.149019613862,1],"ix":4},"o":{"a":0,"k":100,"ix":5},"r":1,"bm":0,"nm":"Fill 1","mn":"ADBE Vector Graphic - Fill","hd":false},{"ty":"tr","p":{"a":0,"k":[0,0],"ix":2},"a":{"a":0,"k":[0,0],"ix":1},"s":{"a":0,"k":[100,100],"ix":3},"r":{"a":0,"k":0,"ix":6},"o":{"a":0,"k":100,"ix":7},"sk":{"a":0,"k":0,"ix":4},"sa":{"a":0,"k":0,"ix":5},"nm":"Transform"}],"nm":"Group 1","np":2,"cix":2,"bm":0,"ix":1,"mn":"ADBE Vector Group","hd":false}],"ip":0,"op":49,"st":0,"bm":0},{"ddd":0,"ind":11,"ty":4,"nm":"Upper_Teeth","parent":2,"tt":1,"sr":1,"ks":{"o":{"a":0,"k":100,"ix":11},"r":{"a":0,"k":0,"ix":10},"p":{"a":1,"k":[{"i":{"x":0,"y":1},"o":{"x":0.333,"y":0},"t":4,"s":[-0.001,79.005,0],"to":[0,3.705,0],"ti":[0,-3.705,0]},{"i":{"x":0,"y":0},"o":{"x":0.333,"y":0.333},"t":10,"s":[-0.001,101.235,0],"to":[0,0,0],"ti":[0,0,0]},{"i":{"x":0,"y":1},"o":{"x":0.333,"y":0},"t":24,"s":[-0.001,101.235,0],"to":[0,-3.705,0],"ti":[0,3.705,0]},{"t":31,"s":[-0.001,79.005,0]}],"ix":2},"a":{"a":0,"k":[-241.111,-361.55,0],"ix":1},"s":{"a":0,"k":[1191,1191,100],"ix":6}},"ao":0,"shapes":[{"ty":"gr","it":[{"ind":0,"ty":"sh","ix":1,"ks":{"a":1,"k":[{"i":{"x":0,"y":1},"o":{"x":0.333,"y":0},"t":4,"s":[{"i":[[0.452,0.19],[9.581,0],[0.62,-0.261],[-0.086,-0.855],[-0.19,-0.57],[-0.303,-0.004],[-1.081,0.016],[-0.174,0.526],[-0.11,1.084]],"o":[[-0.62,-0.261],[-9.581,0],[-0.452,0.19],[0.11,1.084],[0.174,0.526],[1.081,0.016],[0.303,-0.004],[0.189,-0.57],[0.086,-0.855]],"v":[[-225.98,-363.703],[-241.111,-365.05],[-256.243,-363.703],[-257.102,-362.308],[-257.014,-358.834],[-255.88,-358.061],[-226.343,-358.061],[-225.208,-358.834],[-225.121,-362.308]],"c":true}]},{"i":{"x":0,"y":1},"o":{"x":0.333,"y":0},"t":10,"s":[{"i":[[0.452,0.19],[9.581,0],[0.62,-0.261],[-0.086,-0.855],[-0.19,-0.57],[-0.303,-0.004],[-1.081,0.016],[-0.174,0.526],[-0.11,1.084]],"o":[[-0.62,-0.261],[-9.581,0],[-0.452,0.19],[0.11,1.084],[0.174,0.526],[1.081,0.016],[0.303,-0.004],[0.189,-0.57],[0.086,-0.855]],"v":[[-225.98,-363.703],[-241.111,-365.05],[-256.243,-363.703],[-257.102,-362.308],[-256.199,-358.834],[-255.065,-358.061],[-227.158,-358.061],[-226.023,-358.834],[-225.121,-362.308]],"c":true}]},{"i":{"x":0,"y":1},"o":{"x":0.333,"y":0},"t":24,"s":[{"i":[[0.452,0.19],[9.581,0],[0.62,-0.261],[-0.086,-0.855],[-0.19,-0.57],[-0.303,-0.004],[-1.081,0.016],[-0.174,0.526],[-0.11,1.084]],"o":[[-0.62,-0.261],[-9.581,0],[-0.452,0.19],[0.11,1.084],[0.174,0.526],[1.081,0.016],[0.303,-0.004],[0.189,-0.57],[0.086,-0.855]],"v":[[-225.98,-363.703],[-241.111,-365.05],[-256.243,-363.703],[-257.102,-362.308],[-256.199,-358.834],[-255.065,-358.061],[-227.158,-358.061],[-226.023,-358.834],[-225.121,-362.308]],"c":true}]},{"t":31,"s":[{"i":[[0.452,0.19],[9.581,0],[0.62,-0.261],[-0.086,-0.855],[-0.19,-0.57],[-0.303,-0.004],[-1.081,0.016],[-0.174,0.526],[-0.11,1.084]],"o":[[-0.62,-0.261],[-9.581,0],[-0.452,0.19],[0.11,1.084],[0.174,0.526],[1.081,0.016],[0.303,-0.004],[0.189,-0.57],[0.086,-0.855]],"v":[[-225.98,-363.703],[-241.111,-365.05],[-256.243,-363.703],[-257.102,-362.308],[-257.014,-358.834],[-255.88,-358.061],[-226.343,-358.061],[-225.208,-358.834],[-225.121,-362.308]],"c":true}]}],"ix":2},"nm":"Path 1","mn":"ADBE Vector Shape - Group","hd":false},{"ty":"gf","o":{"a":0,"k":100,"ix":10},"r":1,"bm":0,"g":{"p":7,"k":{"a":0,"k":[0,0.812,0.843,0.902,0.09,0.906,0.922,0.951,0.3,1,1,1,0.5,1,1,1,0.7,1,1,1,0.91,0.906,0.922,0.951,1,0.812,0.843,0.902],"ix":9}},"s":{"a":0,"k":[-258,-362],"ix":5},"e":{"a":0,"k":[-226,-362],"ix":6},"t":1,"nm":"UTG","mn":"ADBE Vector Graphic - G-Fill","hd":false},{"ty":"tr","p":{"a":0,"k":[0,0],"ix":2},"a":{"a":0,"k":[0,0],"ix":1},"s":{"a":0,"k":[100,100],"ix":3},"r":{"a":0,"k":0,"ix":6},"o":{"a":0,"k":100,"ix":7},"sk":{"a":0,"k":0,"ix":4},"sa":{"a":0,"k":0,"ix":5},"nm":"Transform"}],"nm":"Group 1","np":2,"cix":2,"bm":0,"ix":1,"mn":"ADBE Vector Group","hd":false}],"ip":-3,"op":49,"st":9,"bm":0},{"ddd":0,"ind":12,"ty":4,"nm":"Tongue 2","parent":2,"sr":1,"ks":{"o":{"a":0,"k":100,"ix":11},"r":{"a":0,"k":0,"ix":10},"p":{"a":0,"k":[0.005,213.165,0],"ix":2},"a":{"a":0,"k":[-241.111,-209.159,0],"ix":1},"s":{"a":0,"k":[1191,1191,100],"ix":6}},"ao":0,"shapes":[{"ty":"gr","it":[{"ind":0,"ty":"sh","ix":1,"ks":{"a":0,"k":{"i":[[0,0],[-4.736,0],[0,0],[5.684,-1]],"o":[[0,0],[4.737,0],[0,0],[-5.684,-1]],"v":[[-249.637,-209.057],[-241.111,-207.057],[-232.585,-209.057],[-241.11,-211.057]],"c":true},"ix":2},"nm":"Path 1","mn":"ADBE Vector Shape - Group","hd":false},{"ty":"fl","c":{"a":0,"k":[0.992156863213,0.450980395079,0.51372551918,1],"ix":4},"o":{"a":0,"k":100,"ix":5},"r":1,"bm":0,"nm":"Fill 1","mn":"ADBE Vector Graphic - Fill","hd":false},{"ty":"tr","p":{"a":0,"k":[0,0],"ix":2},"a":{"a":0,"k":[0,0],"ix":1},"s":{"a":0,"k":[100,100],"ix":3},"r":{"a":0,"k":0,"ix":6},"o":{"a":0,"k":100,"ix":7},"sk":{"a":0,"k":0,"ix":4},"sa":{"a":0,"k":0,"ix":5},"nm":"Transform"}],"nm":"Group 1","np":2,"cix":2,"bm":0,"ix":1,"mn":"ADBE Vector Group","hd":false}],"ip":26,"op":49,"st":0,"bm":0},{"ddd":0,"ind":13,"ty":4,"nm":"Tongue","parent":2,"sr":1,"ks":{"o":{"a":0,"k":100,"ix":11},"r":{"a":0,"k":0,"ix":10},"p":{"a":0,"k":[0.005,213.165,0],"ix":2},"a":{"a":0,"k":[-241.111,-209.159,0],"ix":1},"s":{"a":0,"k":[1191,1191,100],"ix":6}},"ao":0,"shapes":[{"ty":"gr","it":[{"ind":0,"ty":"sh","ix":1,"ks":{"a":0,"k":{"i":[[0,0],[-4.736,0],[0,0],[5.684,-1]],"o":[[0,0],[4.737,0],[0,0],[-5.684,-1]],"v":[[-249.637,-209.057],[-241.111,-207.057],[-232.585,-209.057],[-241.11,-211.057]],"c":true},"ix":2},"nm":"Path 1","mn":"ADBE Vector Shape - Group","hd":false},{"ty":"fl","c":{"a":0,"k":[0.992156863213,0.450980395079,0.51372551918,1],"ix":4},"o":{"a":0,"k":100,"ix":5},"r":1,"bm":0,"nm":"Fill 1","mn":"ADBE Vector Graphic - Fill","hd":false},{"ty":"tr","p":{"a":0,"k":[0,0],"ix":2},"a":{"a":0,"k":[0,0],"ix":1},"s":{"a":0,"k":[100,100],"ix":3},"r":{"a":0,"k":0,"ix":6},"o":{"a":0,"k":100,"ix":7},"sk":{"a":0,"k":0,"ix":4},"sa":{"a":0,"k":0,"ix":5},"nm":"Transform"}],"nm":"Group 1","np":2,"cix":2,"bm":0,"ix":1,"mn":"ADBE Vector Group","hd":false}],"ip":0,"op":8,"st":0,"bm":0},{"ddd":0,"ind":14,"ty":4,"nm":"Mouth_Shape","parent":2,"sr":1,"ks":{"o":{"a":0,"k":100,"ix":11},"r":{"a":0,"k":0,"ix":10},"p":{"a":0,"k":[0.005,148.875,0],"ix":2},"a":{"a":0,"k":[-241.111,-214.557,0],"ix":1},"s":{"a":0,"k":[1191,1191,100],"ix":6}},"ao":0,"shapes":[{"ty":"gr","it":[{"ind":0,"ty":"sh","ix":1,"ks":{"a":1,"k":[{"i":{"x":0,"y":1},"o":{"x":0.333,"y":0},"t":4,"s":[{"i":[[1.837,0.344],[6.47,0],[3.641,-0.682],[-0.089,-1.541],[-11.6,0],[-0.446,7.755]],"o":[[-3.641,-0.681],[-6.47,0],[-1.837,0.344],[0.446,7.755],[11.601,0],[0.088,-1.541]],"v":[[-225.867,-222.729],[-241.109,-224.057],[-256.356,-222.729],[-259.106,-219.322],[-241.109,-205.057],[-223.116,-219.322]],"c":true}]},{"i":{"x":0.833,"y":1},"o":{"x":0.333,"y":0},"t":10,"s":[{"i":[[2.041,0.344],[7.189,0],[4.045,-0.682],[-0.098,-1.541],[-13.06,0],[-0.666,10.422]],"o":[[-4.045,-0.681],[-7.188,0],[-2.041,0.344],[0.666,10.422],[13.061,0],[0.098,-1.541]],"v":[[-224.221,-222.717],[-241.158,-224.045],[-258.096,-222.717],[-261.152,-219.311],[-241.158,-205.045],[-221.164,-219.311]],"c":true}]},{"i":{"x":0,"y":1},"o":{"x":0.167,"y":0},"t":19,"s":[{"i":[[2.041,0.344],[7.189,0],[4.045,-0.682],[-0.098,-1.541],[-13.06,0],[-0.666,10.422]],"o":[[-4.045,-0.681],[-7.188,0],[-2.041,0.344],[0.666,10.422],[13.061,0],[0.098,-1.541]],"v":[[-224.221,-222.717],[-241.158,-224.045],[-258.096,-222.717],[-261.152,-219.311],[-241.158,-205.045],[-221.164,-219.311]],"c":true}]},{"i":{"x":0,"y":1},"o":{"x":0.333,"y":0},"t":24,"s":[{"i":[[2.041,0.344],[7.189,0],[4.045,-0.682],[-0.098,-1.541],[-13.06,0],[-0.666,10.422]],"o":[[-4.045,-0.681],[-7.188,0],[-2.041,0.344],[0.666,10.422],[13.061,0],[0.098,-1.541]],"v":[[-225.851,-222.717],[-241.158,-224.045],[-256.792,-222.717],[-259.848,-219.311],[-241.158,-208.544],[-222.794,-219.311]],"c":true}]},{"t":31,"s":[{"i":[[1.837,0.344],[6.47,0],[3.641,-0.682],[-0.089,-1.541],[-11.6,0],[-0.446,7.755]],"o":[[-3.641,-0.681],[-6.47,0],[-1.837,0.344],[0.446,7.755],[11.601,0],[0.088,-1.541]],"v":[[-225.867,-222.729],[-241.109,-224.057],[-256.356,-222.729],[-259.106,-219.322],[-241.109,-205.057],[-223.116,-219.322]],"c":true}]}],"ix":2},"nm":"Path 1","mn":"ADBE Vector Shape - Group","hd":false},{"ty":"fl","c":{"a":0,"k":[0.101960785687,0.086274512112,0.149019613862,1],"ix":4},"o":{"a":0,"k":100,"ix":5},"r":1,"bm":0,"nm":"Fill 1","mn":"ADBE Vector Graphic - Fill","hd":false},{"ty":"tr","p":{"a":0,"k":[0,0],"ix":2},"a":{"a":0,"k":[0,0],"ix":1},"s":{"a":0,"k":[100,100],"ix":3},"r":{"a":0,"k":0,"ix":6},"o":{"a":0,"k":100,"ix":7},"sk":{"a":0,"k":0,"ix":4},"sa":{"a":0,"k":0,"ix":5},"nm":"Transform"}],"nm":"Group 1","np":2,"cix":2,"bm":0,"ix":1,"mn":"ADBE Vector Group","hd":false}],"ip":0,"op":49,"st":0,"bm":0},{"ddd":0,"ind":17,"ty":4,"nm":"Head 2","parent":1,"sr":1,"ks":{"o":{"a":0,"k":100,"ix":11},"r":{"a":0,"k":0,"ix":10},"p":{"a":0,"k":[0,-300,0],"ix":2},"a":{"a":0,"k":[0,0,0],"ix":1},"s":{"a":0,"k":[100,100,100],"ix":6}},"ao":0,"shapes":[{"ty":"gr","it":[{"ind":0,"ty":"sh","ix":1,"ks":{"a":0,"k":{"i":[[-198.545,0],[0,-198.543],[198.545,0],[0,198.545]],"o":[[198.545,0],[0,198.545],[-198.545,0],[0,-198.543]],"v":[[0,-359.5],[359.5,0],[0,359.5],[-359.5,0]],"c":true},"ix":2},"nm":"Path 1","mn":"ADBE Vector Shape - Group","hd":false},{"ty":"gf","o":{"a":0,"k":100,"ix":10},"r":1,"bm":0,"g":{"p":3,"k":{"a":0,"k":[0,1,0.482,0,0.4,1,0.725,0,1,1,0.969,0],"ix":9}},"s":{"a":0,"k":[6.859,367.625],"ix":5},"e":{"a":0,"k":[-4.828,-354.141],"ix":6},"t":1,"nm":"Pou2Gradient Fill 1","mn":"ADBE Vector Graphic - G-Fill","hd":false},{"ty":"tr","p":{"a":0,"k":[0,0],"ix":2},"a":{"a":0,"k":[0,0],"ix":1},"s":{"a":0,"k":[100,100],"ix":3},"r":{"a":0,"k":0,"ix":6},"o":{"a":0,"k":100,"ix":7},"sk":{"a":0,"k":0,"ix":4},"sa":{"a":0,"k":0,"ix":5},"nm":"Transform"}],"nm":"Oval","np":2,"cix":2,"bm":0,"ix":1,"mn":"ADBE Vector Group","hd":false}],"ip":0,"op":48,"st":0,"bm":0}]}],"layers":[{"ddd":0,"ind":1,"ty":0,"nm":"star_struck","refId":"comp_0","sr":1,"ks":{"o":{"a":0,"k":100,"ix":11},"r":{"a":0,"k":0,"ix":10},"p":{"a":0,"k":[512,512,0],"ix":2},"a":{"a":0,"k":[512,512,0],"ix":1},"s":{"a":0,"k":[100,100,100],"ix":6}},"ao":0,"w":1024,"h":1024,"ip":0,"op":48,"st":0,"bm":0}],"markers":[]}