{"v":"5.6.2","fr":24,"ip":0,"op":48,"w":1024,"h":1024,"nm":"prohibited","ddd":0,"assets":[{"id":"comp_0","layers":[{"ddd":0,"ind":1,"ty":4,"nm":"Layer 1","sr":1,"ks":{"o":{"a":1,"k":[{"i":{"x":[0.833],"y":[0.833]},"o":{"x":[0.167],"y":[0.167]},"t":0,"s":[100]},{"i":{"x":[0.833],"y":[0.833]},"o":{"x":[0.167],"y":[0.167]},"t":8,"s":[0]},{"i":{"x":[0.833],"y":[0.833]},"o":{"x":[0.167],"y":[0.167]},"t":15,"s":[0]},{"t":17,"s":[100]}],"ix":11},"r":{"a":0,"k":0,"ix":10},"p":{"a":0,"k":[512,512,0],"ix":2},"a":{"a":0,"k":[0,0,0],"ix":1},"s":{"a":1,"k":[{"i":{"x":[0.667,0.667,0.667],"y":[1,1,1]},"o":{"x":[0.333,0.333,0.333],"y":[0,0,0]},"t":0,"s":[1200,1200,100]},{"i":{"x":[0,0,0.667],"y":[1,1,1]},"o":{"x":[0.333,0.333,0.333],"y":[0,0,0]},"t":9,"s":[1200,1200,100]},{"i":{"x":[0.833,0.833,0.833],"y":[0.833,0.833,0.886]},"o":{"x":[0.333,0.333,0.333],"y":[0,0,0]},"t":15,"s":[613,613,100]},{"i":{"x":[0,0,0.667],"y":[1,1,1]},"o":{"x":[0.167,0.167,0.167],"y":[0.167,0.167,0.074]},"t":19,"s":[1569,1569,100]},{"t":32,"s":[1200,1200,100]}],"ix":6}},"ao":0,"shapes":[{"ty":"gr","it":[{"ind":0,"ty":"sh","ix":1,"ks":{"a":0,"k":{"i":[[0,12.148],[-2.441,3.545],[0,0],[4.629,0]],"o":[[0,-4.629],[0,0],[-3.543,2.443],[-12.15,0]],"v":[[-22,0],[-18.125,-12.469],[12.467,18.123],[0,22]],"c":true},"ix":2},"nm":"Path 1","mn":"ADBE Vector Shape - Group","hd":false},{"ind":1,"ty":"sh","ix":2,"ks":{"a":0,"k":{"i":[[0,-12.15],[2.443,-3.545],[0,0],[-4.631,0]],"o":[[0,4.629],[0,0],[3.543,-2.443],[12.15,0]],"v":[[22,0],[18.123,12.467],[-12.467,-18.125],[0,-22]],"c":true},"ix":2},"nm":"Path 2","mn":"ADBE Vector Shape - Group","hd":false},{"ind":2,"ty":"sh","ix":3,"ks":{"a":0,"k":{"i":[[16.568,0],[0,-16.568],[-16.568,0],[0,16.566]],"o":[[-16.568,0],[0,16.566],[16.568,0],[0,-16.568]],"v":[[0,-30],[-30,0],[0,30],[30,0]],"c":true},"ix":2},"nm":"Path 3","mn":"ADBE Vector Shape - Group","hd":false},{"ty":"gf","o":{"a":0,"k":100,"ix":10},"r":1,"bm":0,"g":{"p":9,"k":{"a":0,"k":[0,1,0.231,0.231,0.128,0.992,0.224,0.224,0.256,0.984,0.216,0.216,0.388,0.963,0.192,0.19,0.521,0.941,0.169,0.165,0.655,0.904,0.127,0.125,0.789,0.867,0.086,0.086,0.894,0.827,0.045,0.043,1,0.788,0.004,0],"ix":9}},"s":{"a":0,"k":[-19.667,-27.215],"ix":5},"e":{"a":0,"k":[21.025,27.116],"ix":6},"t":1,"nm":"Prohibidedl1g","mn":"ADBE Vector Graphic - G-Fill","hd":false},{"ty":"tr","p":{"a":0,"k":[0,0],"ix":2},"a":{"a":0,"k":[0,0],"ix":1},"s":{"a":0,"k":[100,100],"ix":3},"r":{"a":0,"k":0,"ix":6},"o":{"a":0,"k":100,"ix":7},"sk":{"a":0,"k":0,"ix":4},"sa":{"a":0,"k":0,"ix":5},"nm":"Transform"}],"nm":"Group 1","np":4,"cix":2,"bm":0,"ix":1,"mn":"ADBE Vector Group","hd":false}],"ip":0,"op":48,"st":0,"bm":0}]}],"layers":[{"ddd":0,"ind":1,"ty":0,"nm":"prohibited","refId":"comp_0","sr":1,"ks":{"o":{"a":0,"k":100,"ix":11},"r":{"a":0,"k":0,"ix":10},"p":{"a":0,"k":[512,512,0],"ix":2},"a":{"a":0,"k":[512,512,0],"ix":1},"s":{"a":0,"k":[100,100,100],"ix":6}},"ao":0,"w":1024,"h":1024,"ip":0,"op":48,"st":0,"bm":0}],"markers":[]}