{"v":"5.6.2","fr":24,"ip":0,"op":24,"w":1024,"h":1024,"nm":"rainbow_flag","ddd":0,"assets":[{"id":"comp_0","layers":[{"ddd":0,"ind":1,"ty":4,"nm":"rainbow_flag","sr":1,"ks":{"o":{"a":0,"k":100,"ix":11},"r":{"a":0,"k":0,"ix":10},"p":{"a":0,"k":[188.672,475,0],"ix":2},"a":{"a":0,"k":[208.672,512,0],"ix":1},"s":{"a":0,"k":[104,104,100],"ix":6}},"ao":0,"shapes":[{"ty":"gr","it":[{"ind":0,"ty":"sh","ix":1,"ks":{"a":0,"k":{"i":[[0,0],[0,0],[0,3.494],[0,0]],"o":[[0,0],[0,3.494],[0,0],[0,0]],"v":[[-11.706,-7.804],[-11.706,5.183],[11.706,5.183],[11.706,-7.804]],"c":true},"ix":2},"nm":"Path 1","mn":"ADBE Vector Shape - Group","hd":false},{"ty":"gf","o":{"a":0,"k":100,"ix":10},"r":1,"bm":0,"g":{"p":13,"k":{"a":0,"k":[0,0.612,0.643,0.651,0.011,0.624,0.655,0.663,0.022,0.635,0.667,0.675,0.074,0.682,0.714,0.722,0.126,0.729,0.761,0.769,0.182,0.763,0.794,0.802,0.237,0.796,0.827,0.835,0.297,0.816,0.847,0.857,0.356,0.835,0.867,0.878,0.428,0.841,0.873,0.884,0.5,0.847,0.878,0.89,0.75,0.729,0.761,0.771,1,0.612,0.643,0.651],"ix":9}},"s":{"a":0,"k":[-12.672,-574.29],"ix":5},"e":{"a":0,"k":[10.741,-574.29],"ix":6},"t":1,"nm":"raiflag1Gradient Fill 1","mn":"ADBE Vector Graphic - G-Fill","hd":false},{"ty":"tr","p":{"a":0,"k":[208.672,225.71],"ix":2},"a":{"a":0,"k":[0,0],"ix":1},"s":{"a":0,"k":[100,100],"ix":3},"r":{"a":0,"k":0,"ix":6},"o":{"a":0,"k":100,"ix":7},"sk":{"a":0,"k":0,"ix":4},"sa":{"a":0,"k":0,"ix":5},"nm":"Transform"}],"nm":"Group 1","np":2,"cix":2,"bm":0,"ix":1,"mn":"ADBE Vector Group","hd":false},{"ty":"gr","it":[{"ind":0,"ty":"sh","ix":1,"ks":{"a":0,"k":{"i":[[-18.614,0],[0,-18.614],[18.614,0],[0,18.614]],"o":[[18.614,0],[0,18.614],[-18.614,0],[0,-18.614]],"v":[[0,-33.703],[33.703,0],[0,33.703],[-33.703,0]],"c":true},"ix":2},"nm":"Path 1","mn":"ADBE Vector Shape - Group","hd":false},{"ty":"gf","o":{"a":0,"k":100,"ix":10},"r":1,"bm":0,"g":{"p":9,"k":{"a":0,"k":[0,0.929,0.957,0.969,0.096,0.918,0.945,0.957,0.191,0.906,0.933,0.945,0.324,0.871,0.898,0.91,0.457,0.835,0.863,0.875,0.612,0.776,0.806,0.816,0.766,0.718,0.749,0.757,0.883,0.665,0.696,0.704,1,0.612,0.643,0.651],"ix":9}},"s":{"a":0,"k":[0.057,1.084],"ix":5},"e":{"a":0,"k":[43,-7.292],"ix":6},"t":2,"h":{"a":0,"k":0,"ix":7},"a":{"a":0,"k":0,"ix":8},"nm":"raiflag2Gradient Fill 1","mn":"ADBE Vector Graphic - G-Fill","hd":false},{"ty":"tr","p":{"a":0,"k":[208.672,186.203],"ix":2},"a":{"a":0,"k":[0,0],"ix":1},"s":{"a":0,"k":[100,100],"ix":3},"r":{"a":0,"k":0,"ix":6},"o":{"a":0,"k":100,"ix":7},"sk":{"a":0,"k":0,"ix":4},"sa":{"a":0,"k":0,"ix":5},"nm":"Transform"}],"nm":"Group 2","np":2,"cix":2,"bm":0,"ix":2,"mn":"ADBE Vector Group","hd":false},{"ty":"gr","it":[{"ind":0,"ty":"sh","ix":1,"ks":{"a":0,"k":{"i":[[0,-5.291],[0,-45.791],[0,11.1],[0,9.897]],"o":[[0,9.673],[0,11.1],[0,-43.095],[0,-5.291]],"v":[[-16.852,-317.926],[-16.852,313.547],[16.852,313.57],[16.852,-317.903]],"c":true},"ix":2},"nm":"Path 1","mn":"ADBE Vector Shape - Group","hd":false},{"ty":"gf","o":{"a":0,"k":100,"ix":10},"r":1,"bm":0,"g":{"p":13,"k":{"a":0,"k":[0,0.612,0.643,0.651,0.038,0.663,0.694,0.702,0.076,0.714,0.745,0.753,0.123,0.761,0.792,0.8,0.169,0.808,0.839,0.847,0.218,0.841,0.873,0.88,0.267,0.875,0.906,0.914,0.32,0.896,0.925,0.935,0.373,0.918,0.945,0.957,0.436,0.924,0.951,0.963,0.5,0.929,0.957,0.969,0.75,0.771,0.8,0.81,1,0.612,0.643,0.651],"ix":9}},"s":{"a":0,"k":[-17.672,73.617],"ix":5},"e":{"a":0,"k":[16.031,73.617],"ix":6},"t":1,"nm":"raiflag3Gradient Fill 1","mn":"ADBE Vector Graphic - G-Fill","hd":false},{"ty":"tr","p":{"a":0,"k":[208.672,549.617],"ix":2},"a":{"a":0,"k":[0,0],"ix":1},"s":{"a":0,"k":[100,100],"ix":3},"r":{"a":0,"k":0,"ix":6},"o":{"a":0,"k":100,"ix":7},"sk":{"a":0,"k":0,"ix":4},"sa":{"a":0,"k":0,"ix":5},"nm":"Transform"}],"nm":"Group 3","np":2,"cix":2,"bm":0,"ix":3,"mn":"ADBE Vector Group","hd":false}],"ip":0,"op":48,"st":0,"bm":0},{"ddd":0,"ind":3,"ty":4,"nm":"Mask 2","td":1,"sr":1,"ks":{"o":{"a":0,"k":100,"ix":11},"r":{"a":0,"k":0,"ix":10},"p":{"a":1,"k":[{"i":{"x":0.561,"y":0.619},"o":{"x":0.167,"y":0.167},"t":0,"s":[181,163,0],"to":[0,2.434,0],"ti":[0,-8.271,0]},{"i":{"x":0.659,"y":0.655},"o":{"x":0.321,"y":0.402},"t":2,"s":[181,183.688,0],"to":[0,2.918,0],"ti":[0,-2.422,0]},{"i":{"x":0.677,"y":0.829},"o":{"x":0.331,"y":0.605},"t":3,"s":[181,190.859,0],"to":[0,4.882,0],"ti":[0,-1.18,0]},{"i":{"x":0.687,"y":1},"o":{"x":0.35,"y":0.467},"t":5,"s":[181,198.801,0],"to":[0,0.779,0],"ti":[0,0.618,0]},{"i":{"x":0.667,"y":0.554},"o":{"x":0.333,"y":0},"t":6,"s":[181,200,0],"to":[0,-2.13,0],"ti":[0,15.891,0]},{"i":{"x":0.667,"y":0.741},"o":{"x":0.333,"y":0.435},"t":14,"s":[181,162.811,0],"to":[0,-6.058,0],"ti":[0,3.874,0]},{"i":{"x":0.667,"y":1},"o":{"x":0.333,"y":0.451},"t":17,"s":[181,148.486,0],"to":[0,-1.865,0],"ti":[0,0.723,0]},{"i":{"x":0.672,"y":0.348},"o":{"x":0.296,"y":0},"t":19,"s":[181,143,0],"to":[0,-3.488,0],"ti":[0,-6.291,0]},{"i":{"x":0.833,"y":0.833},"o":{"x":0.43,"y":0.32},"t":22,"s":[181,148.093,0],"to":[0,4.832,0],"ti":[0,-1.448,0]},{"t":24,"s":[181,163,0]}],"ix":2},"a":{"a":0,"k":[-334,-328,0],"ix":1},"s":{"a":0,"k":[100,100,100],"ix":6}},"ao":0,"shapes":[{"ty":"gr","it":[{"ty":"rc","d":1,"s":{"a":0,"k":[693.109,687.586],"ix":2},"p":{"a":0,"k":[0,0],"ix":3},"r":{"a":0,"k":0,"ix":4},"nm":"Rectangle Path 1","mn":"ADBE Vector Shape - Rect","hd":false},{"ty":"gf","o":{"a":0,"k":100,"ix":10},"r":1,"bm":0,"g":{"p":3,"k":{"a":0,"k":[0,0.91,0.145,0,0.558,0.91,0.145,0,1,0.91,0.145,0],"ix":9}},"s":{"a":0,"k":[0,0],"ix":5},"e":{"a":0,"k":[100,0],"ix":6},"t":1,"nm":"maskg","mn":"ADBE Vector Graphic - G-Fill","hd":false},{"ty":"tr","p":{"a":0,"k":[10.555,-84.207],"ix":2},"a":{"a":0,"k":[0,0],"ix":1},"s":{"a":0,"k":[100,100],"ix":3},"r":{"a":0,"k":0,"ix":6},"o":{"a":0,"k":100,"ix":7},"sk":{"a":0,"k":0,"ix":4},"sa":{"a":0,"k":0,"ix":5},"nm":"Transform"}],"nm":"Rectangle 1","np":3,"cix":2,"bm":0,"ix":1,"mn":"ADBE Vector Group","hd":false}],"ip":0,"op":48,"st":0,"bm":0},{"ddd":0,"ind":4,"ty":4,"nm":"Merged Shape Layer","parent":3,"tt":1,"sr":1,"ks":{"o":{"a":0,"k":100,"ix":11},"r":{"a":0,"k":0,"ix":10},"p":{"a":1,"k":[{"i":{"x":0.833,"y":0.833},"o":{"x":0.167,"y":0.167},"t":0,"s":[-336.001,-98.08,0],"to":[149.833,0,0],"ti":[-149.833,0,0]},{"t":24,"s":[562.999,-98.08,0]}],"ix":2},"a":{"a":0,"k":[848.999,425.92,0],"ix":1},"s":{"a":0,"k":[138,106,100],"ix":6}},"ao":0,"shapes":[{"ty":"gr","it":[{"ty":"gr","it":[{"ind":0,"ty":"sh","ix":1,"ks":{"a":0,"k":{"i":[[217.205,92.425],[0,0],[217.184,92.416],[0,-22.008],[-217.183,-92.425],[0,0],[-217.162,-92.416],[0,22.008]],"o":[[0,0],[-217.162,-92.35],[0,22.008],[217.205,92.403],[0,0],[217.184,92.339],[0,-22.008],[-217.183,-92.414]],"v":[[-0.032,-33.012],[-0.032,-33.012],[-651.562,-32.985],[-651.562,33.017],[0.032,33.017],[0.032,33.016],[651.562,32.99],[651.562,-33.012]],"c":true},"ix":2},"nm":"Path 1","mn":"ADBE Vector Shape - Group","hd":false},{"ty":"fl","c":{"a":0,"k":[0.490196079016,0.04705882445,0.478431373835,1],"ix":4},"o":{"a":0,"k":100,"ix":5},"r":1,"bm":0,"nm":"Fill 1","mn":"ADBE Vector Graphic - Fill","hd":false},{"ty":"tr","p":{"a":0,"k":[0,0],"ix":2},"a":{"a":0,"k":[0,0],"ix":1},"s":{"a":0,"k":[100,100],"ix":3},"r":{"a":0,"k":0,"ix":6},"o":{"a":0,"k":100,"ix":7},"sk":{"a":0,"k":0,"ix":4},"sa":{"a":0,"k":0,"ix":5},"nm":"Transform"}],"nm":"Group 1","np":2,"cix":2,"bm":0,"ix":1,"mn":"ADBE Vector Group","hd":false},{"ty":"tr","p":{"a":0,"k":[848.999,590.934],"ix":2},"a":{"a":0,"k":[0,0],"ix":1},"s":{"a":0,"k":[100,100],"ix":3},"r":{"a":0,"k":0,"ix":6},"o":{"a":0,"k":100,"ix":7},"sk":{"a":0,"k":0,"ix":4},"sa":{"a":0,"k":0,"ix":5},"nm":"Transform"}],"nm":"rainbow_flag 7","np":1,"cix":2,"bm":0,"ix":1,"mn":"ADBE Vector Group","hd":false},{"ty":"gr","it":[{"ty":"gr","it":[{"ind":0,"ty":"sh","ix":1,"ks":{"a":0,"k":{"i":[[217.205,92.436],[0,0],[217.184,92.427],[0,-21.986],[-24.114,5.486],[0,-2.751],[0,0],[0,22.019]],"o":[[0,0],[-217.162,-92.362],[0,22.019],[210.886,89.714],[0.027,3.054],[217.205,92.403],[0,0],[-217.183,-92.425]],"v":[[-0.032,-44.613],[-0.032,-44.613],[-651.562,-44.586],[-651.562,32.437],[0.925,23.681],[0.968,32.41],[651.562,21.4],[651.562,-44.613]],"c":true},"ix":2},"nm":"Path 1","mn":"ADBE Vector Shape - Group","hd":false},{"ty":"fl","c":{"a":0,"k":[0,0.427450984716,0.68235296011,1],"ix":4},"o":{"a":0,"k":100,"ix":5},"r":1,"bm":0,"nm":"Fill 1","mn":"ADBE Vector Graphic - Fill","hd":false},{"ty":"tr","p":{"a":0,"k":[0,0],"ix":2},"a":{"a":0,"k":[0,0],"ix":1},"s":{"a":0,"k":[100,100],"ix":3},"r":{"a":0,"k":0,"ix":6},"o":{"a":0,"k":100,"ix":7},"sk":{"a":0,"k":0,"ix":4},"sa":{"a":0,"k":0,"ix":5},"nm":"Transform"}],"nm":"Group 1","np":2,"cix":2,"bm":0,"ix":1,"mn":"ADBE Vector Group","hd":false},{"ty":"tr","p":{"a":0,"k":[848.999,536.522],"ix":2},"a":{"a":0,"k":[0,0],"ix":1},"s":{"a":0,"k":[100,100],"ix":3},"r":{"a":0,"k":0,"ix":6},"o":{"a":0,"k":100,"ix":7},"sk":{"a":0,"k":0,"ix":4},"sa":{"a":0,"k":0,"ix":5},"nm":"Transform"}],"nm":"rainbow_flag 6","np":1,"cix":2,"bm":0,"ix":2,"mn":"ADBE Vector Group","hd":false},{"ty":"gr","it":[{"ty":"gr","it":[{"ind":0,"ty":"sh","ix":1,"ks":{"a":0,"k":{"i":[[217.205,92.414],[0,0],[217.184,92.405],[0,-22.031],[-24.023,5.412],[0,-2.45],[0,0],[0,21.986]],"o":[[0,0],[-217.162,-92.362],[0,21.986],[210.912,89.736],[0.022,2.691],[217.205,92.414],[0,0],[-217.183,-92.425]],"v":[[-0.032,-44.726],[-0.032,-44.726],[-651.562,-44.699],[-651.562,32.313],[0.933,24.552],[0.968,32.286],[651.562,21.276],[651.562,-44.726]],"c":true},"ix":2},"nm":"Path 1","mn":"ADBE Vector Shape - Group","hd":false},{"ty":"fl","c":{"a":0,"k":[0.478431373835,0.709803938866,0.113725490868,1],"ix":4},"o":{"a":0,"k":100,"ix":5},"r":1,"bm":0,"nm":"Fill 1","mn":"ADBE Vector Graphic - Fill","hd":false},{"ty":"tr","p":{"a":0,"k":[0,0],"ix":2},"a":{"a":0,"k":[0,0],"ix":1},"s":{"a":0,"k":[100,100],"ix":3},"r":{"a":0,"k":0,"ix":6},"o":{"a":0,"k":100,"ix":7},"sk":{"a":0,"k":0,"ix":4},"sa":{"a":0,"k":0,"ix":5},"nm":"Transform"}],"nm":"Group 1","np":2,"cix":2,"bm":0,"ix":1,"mn":"ADBE Vector Group","hd":false},{"ty":"tr","p":{"a":0,"k":[848.999,470.632],"ix":2},"a":{"a":0,"k":[0,0],"ix":1},"s":{"a":0,"k":[100,100],"ix":3},"r":{"a":0,"k":0,"ix":6},"o":{"a":0,"k":100,"ix":7},"sk":{"a":0,"k":0,"ix":4},"sa":{"a":0,"k":0,"ix":5},"nm":"Transform"}],"nm":"rainbow_flag 5","np":1,"cix":2,"bm":0,"ix":3,"mn":"ADBE Vector Group","hd":false},{"ty":"gr","it":[{"ty":"gr","it":[{"ind":0,"ty":"sh","ix":1,"ks":{"a":0,"k":{"i":[[217.205,92.425],[0,0],[217.184,92.416],[0,-21.986],[-32.803,7.31],[0,-2.378],[0,0],[0,21.986]],"o":[[0,0],[-217.162,-92.362],[0,21.997],[208.453,88.701],[0.021,2.608],[217.205,92.425],[0,0],[-217.183,-92.425]],"v":[[-0.032,-44.725],[-0.032,-44.724],[-651.562,-44.698],[-651.562,32.303],[0.935,24.776],[0.968,32.276],[651.562,21.277],[651.562,-44.725]],"c":true},"ix":2},"nm":"Path 1","mn":"ADBE Vector Shape - Group","hd":false},{"ty":"fl","c":{"a":0,"k":[1,0.882352948189,0.172549024224,1],"ix":4},"o":{"a":0,"k":100,"ix":5},"r":1,"bm":0,"nm":"Fill 1","mn":"ADBE Vector Graphic - Fill","hd":false},{"ty":"tr","p":{"a":0,"k":[0,0],"ix":2},"a":{"a":0,"k":[0,0],"ix":1},"s":{"a":0,"k":[100,100],"ix":3},"r":{"a":0,"k":0,"ix":6},"o":{"a":0,"k":100,"ix":7},"sk":{"a":0,"k":0,"ix":4},"sa":{"a":0,"k":0,"ix":5},"nm":"Transform"}],"nm":"Group 1","np":2,"cix":2,"bm":0,"ix":1,"mn":"ADBE Vector Group","hd":false},{"ty":"tr","p":{"a":0,"k":[848.999,404.629],"ix":2},"a":{"a":0,"k":[0,0],"ix":1},"s":{"a":0,"k":[100,100],"ix":3},"r":{"a":0,"k":0,"ix":6},"o":{"a":0,"k":100,"ix":7},"sk":{"a":0,"k":0,"ix":4},"sa":{"a":0,"k":0,"ix":5},"nm":"Transform"}],"nm":"rainbow_flag 4","np":1,"cix":2,"bm":0,"ix":4,"mn":"ADBE Vector Group","hd":false},{"ty":"gr","it":[{"ty":"gr","it":[{"ind":0,"ty":"sh","ix":1,"ks":{"a":0,"k":{"i":[[0.074,4.383],[-0.07,-4.096]],"o":[[0.076,4.164],[-0.072,-3.825]],"v":[[337.454,-180.307],[337.675,-167.881]],"c":true},"ix":2},"nm":"Path 1","mn":"ADBE Vector Shape - Group","hd":false},{"ind":1,"ty":"sh","ix":2,"ks":{"a":0,"k":{"i":[[217.205,92.403],[0,0],[217.184,92.394],[0,-22.008],[-7.543,1.746],[0,-2.817],[0,0],[0,21.986]],"o":[[0,0],[-217.162,-92.362],[0,21.997],[215.295,91.601],[0.029,3.131],[217.205,92.414],[0,0],[-217.183,-92.425]],"v":[[336.967,-218.097],[336.967,-218.097],[-314.562,-218.07],[-314.562,-141.07],[337.922,-150.043],[337.967,-141.097],[988.561,-152.096],[988.561,-218.097]],"c":true},"ix":2},"nm":"Path 2","mn":"ADBE Vector Shape - Group","hd":false},{"ty":"fl","c":{"a":0,"k":[0.917647063732,0.533333361149,0,1],"ix":4},"o":{"a":0,"k":100,"ix":5},"r":1,"bm":0,"nm":"Fill 1","mn":"ADBE Vector Graphic - Fill","hd":false},{"ty":"tr","p":{"a":0,"k":[0,0],"ix":2},"a":{"a":0,"k":[0,0],"ix":1},"s":{"a":0,"k":[100,100],"ix":3},"r":{"a":0,"k":0,"ix":6},"o":{"a":0,"k":100,"ix":7},"sk":{"a":0,"k":0,"ix":4},"sa":{"a":0,"k":0,"ix":5},"nm":"Transform"}],"nm":"Group 1","np":3,"cix":2,"bm":0,"ix":1,"mn":"ADBE Vector Group","hd":false},{"ty":"tr","p":{"a":0,"k":[512,512],"ix":2},"a":{"a":0,"k":[0,0],"ix":1},"s":{"a":0,"k":[100,100],"ix":3},"r":{"a":0,"k":0,"ix":6},"o":{"a":0,"k":100,"ix":7},"sk":{"a":0,"k":0,"ix":4},"sa":{"a":0,"k":0,"ix":5},"nm":"Transform"}],"nm":"rainbow_flag 3","np":1,"cix":2,"bm":0,"ix":5,"mn":"ADBE Vector Group","hd":false},{"ty":"gr","it":[{"ty":"gr","it":[{"ind":0,"ty":"sh","ix":1,"ks":{"a":0,"k":{"i":[[217.205,92.403],[0,0],[217.184,92.394],[0,-22.008],[-24.112,5.485],[0,-2.749],[0,0],[0,21.986]],"o":[[0,0],[-217.162,-92.362],[0,21.997],[210.887,89.704],[0.027,3.049],[217.205,92.392],[0,0],[-217.183,-92.425]],"v":[[-0.032,-44.599],[-0.032,-44.599],[-651.562,-44.572],[-651.562,32.428],[0.925,23.683],[0.968,32.401],[651.562,21.403],[651.562,-44.599]],"c":true},"ix":2},"nm":"Path 1","mn":"ADBE Vector Shape - Group","hd":false},{"ty":"fl","c":{"a":0,"k":[0.909803926945,0.109803922474,0.152941182256,1],"ix":4},"o":{"a":0,"k":100,"ix":5},"r":1,"bm":0,"nm":"Fill 1","mn":"ADBE Vector Graphic - Fill","hd":false},{"ty":"tr","p":{"a":0,"k":[0,0],"ix":2},"a":{"a":0,"k":[0,0],"ix":1},"s":{"a":0,"k":[100,100],"ix":3},"r":{"a":0,"k":0,"ix":6},"o":{"a":0,"k":100,"ix":7},"sk":{"a":0,"k":0,"ix":4},"sa":{"a":0,"k":0,"ix":5},"nm":"Transform"}],"nm":"Group 1","np":2,"cix":2,"bm":0,"ix":1,"mn":"ADBE Vector Group","hd":false},{"ty":"tr","p":{"a":0,"k":[848.999,272.5],"ix":2},"a":{"a":0,"k":[0,0],"ix":1},"s":{"a":0,"k":[100,100],"ix":3},"r":{"a":0,"k":0,"ix":6},"o":{"a":0,"k":100,"ix":7},"sk":{"a":0,"k":0,"ix":4},"sa":{"a":0,"k":0,"ix":5},"nm":"Transform"}],"nm":"rainbow_flag 2","np":1,"cix":2,"bm":0,"ix":6,"mn":"ADBE Vector Group","hd":false}],"ip":0,"op":48,"st":0,"bm":0}]}],"layers":[{"ddd":0,"ind":1,"ty":0,"nm":"pride_flag","refId":"comp_0","sr":1,"ks":{"o":{"a":0,"k":100,"ix":11},"r":{"a":0,"k":0,"ix":10},"p":{"a":0,"k":[512,564,0],"ix":2},"a":{"a":0,"k":[512,512,0],"ix":1},"s":{"a":0,"k":[100,100,100],"ix":6}},"ao":0,"w":1024,"h":1024,"ip":0,"op":48,"st":0,"bm":0}],"markers":[]}