{"v":"5.6.2","fr":24,"ip":0,"op":48,"w":1024,"h":1024,"nm":"exploding_head","ddd":0,"assets":[{"id":"comp_0","layers":[{"ddd":0,"ind":1,"ty":3,"nm":"Head_CTRL","sr":1,"ks":{"o":{"a":0,"k":0,"ix":11},"r":{"a":0,"k":0,"ix":10},"p":{"a":0,"k":[512,820,0],"ix":2},"a":{"a":0,"k":[50,50,0],"ix":1},"s":{"a":1,"k":[{"i":{"x":[0,0,0.667],"y":[1,1,1]},"o":{"x":[0.167,0.167,0.167],"y":[0.167,0.167,0]},"t":0,"s":[100,100,100]},{"i":{"x":[0.833,0.833,0.833],"y":[0.833,0.833,1]},"o":{"x":[0.333,0.333,0.333],"y":[0,0,0]},"t":7,"s":[104,95,100]},{"i":{"x":[0,0,0.667],"y":[1,1,1]},"o":{"x":[0.167,0.167,0.167],"y":[0.167,0.167,0]},"t":12,"s":[94,105,100]},{"i":{"x":[0.833,0.833,0.833],"y":[1,1,1]},"o":{"x":[0.333,0.333,0.333],"y":[0,0,0]},"t":17,"s":[100,100,100]},{"i":{"x":[0,0,0.667],"y":[1,1,1]},"o":{"x":[0.167,0.167,0.167],"y":[0,0,0]},"t":35,"s":[100,100,100]},{"i":{"x":[0,0,0.667],"y":[1,1,1]},"o":{"x":[0.333,0.333,0.333],"y":[0,0,0]},"t":38,"s":[104,95,100]},{"t":46,"s":[100,100,100]}],"ix":6}},"ao":0,"ip":0,"op":48,"st":0,"bm":0},{"ddd":0,"ind":2,"ty":4,"nm":"P3","parent":1,"sr":1,"ks":{"o":{"a":1,"k":[{"i":{"x":[0],"y":[1]},"o":{"x":[0.167],"y":[0.167]},"t":14,"s":[100]},{"t":18,"s":[0]}],"ix":11},"r":{"a":1,"k":[{"i":{"x":[0],"y":[1]},"o":{"x":[0.167],"y":[0.167]},"t":10,"s":[0]},{"t":18,"s":[-42]}],"ix":10},"p":{"a":1,"k":[{"i":{"x":0,"y":1},"o":{"x":0.167,"y":0.167},"t":10,"s":[-158.223,-449.803,0],"to":[-22,-10.667,0],"ti":[22,10.667,0]},{"t":18,"s":[-290.223,-513.803,0]}],"ix":2},"a":{"a":0,"k":[-208.223,-191.803,0],"ix":1},"s":{"a":0,"k":[100,100,100],"ix":6}},"ao":0,"shapes":[{"ty":"gr","it":[{"ind":0,"ty":"sh","ix":1,"ks":{"a":0,"k":{"i":[[0,0],[31.602,-57.16],[0,0],[0,0],[0,0],[0,0],[0,0],[0,0],[0,0]],"o":[[-56.615,32.458],[0,0],[0,0],[0,0],[0,0],[0,0],[0,0],[0,0],[0,0]],"v":[[-179.937,-309.294],[-315,-172.118],[-315,-159.156],[-230,-170],[-218,-105],[-142,-140],[-113.556,-74.312],[-101.445,-161.94],[-114.294,-267.074]],"c":true},"ix":2},"nm":"Path 1","mn":"ADBE Vector Shape - Group","hd":false},{"ty":"gf","o":{"a":0,"k":100,"ix":10},"r":1,"bm":0,"g":{"p":3,"k":{"a":0,"k":[0,1,0.584,0,0.4,1,0.747,0.051,1,1,0.91,0.102],"ix":9}},"s":{"a":0,"k":[-320,-431],"ix":5},"e":{"a":0,"k":[-94.402,37.116],"ix":6},"t":1,"nm":"p3Gradient","mn":"ADBE Vector Graphic - G-Fill","hd":false},{"ty":"tr","p":{"a":0,"k":[0,0],"ix":2},"a":{"a":0,"k":[0,0],"ix":1},"s":{"a":0,"k":[100,100],"ix":3},"r":{"a":0,"k":0,"ix":6},"o":{"a":0,"k":100,"ix":7},"sk":{"a":0,"k":0,"ix":4},"sa":{"a":0,"k":0,"ix":5},"nm":"Transform"}],"nm":"Group 1","np":2,"cix":2,"bm":0,"ix":1,"mn":"ADBE Vector Group","hd":false}],"ip":10,"op":18,"st":10,"bm":0},{"ddd":0,"ind":3,"ty":4,"nm":"P2","parent":1,"sr":1,"ks":{"o":{"a":1,"k":[{"i":{"x":[0.833],"y":[0.833]},"o":{"x":[0.167],"y":[0.167]},"t":10,"s":[100]},{"i":{"x":[0],"y":[1]},"o":{"x":[0.167],"y":[0.167]},"t":14,"s":[100]},{"t":18,"s":[0]}],"ix":11},"r":{"a":1,"k":[{"i":{"x":[0],"y":[1]},"o":{"x":[0.167],"y":[0.167]},"t":10,"s":[0]},{"t":18,"s":[22]}],"ix":10},"p":{"a":1,"k":[{"i":{"x":0,"y":1},"o":{"x":0.167,"y":0.167},"t":10,"s":[247.028,-437.897,0],"to":[24.667,-7.333,0],"ti":[-24.667,7.333,0]},{"t":18,"s":[395.028,-481.897,0]}],"ix":2},"a":{"a":0,"k":[197.028,-179.897,0],"ix":1},"s":{"a":0,"k":[100,100,100],"ix":6}},"ao":0,"shapes":[{"ty":"gr","it":[{"ind":0,"ty":"sh","ix":1,"ks":{"a":0,"k":{"i":[[0,0],[99.013,46.388],[0,0],[0,0],[0,0],[0,0],[0,0],[0,0]],"o":[[-23.906,-109.397],[0,0],[0,0],[0,0],[0,0],[0,0],[0,0],[0,0]],"v":[[345.055,-76.408],[147.966,-322.793],[148,-204],[49,-179],[124.097,-90.746],[193,-116],[234.445,-64.579],[290,-37]],"c":true},"ix":2},"nm":"Path 1","mn":"ADBE Vector Shape - Group","hd":false},{"ty":"gf","o":{"a":0,"k":100,"ix":10},"r":1,"bm":0,"g":{"p":3,"k":{"a":0,"k":[0,1,0.584,0,0.4,1,0.747,0.051,1,1,0.91,0.102],"ix":9}},"s":{"a":0,"k":[291,-287],"ix":5},"e":{"a":0,"k":[129.761,-17.292],"ix":6},"t":1,"nm":"p2Gradient","mn":"ADBE Vector Graphic - G-Fill","hd":false},{"ty":"tr","p":{"a":0,"k":[0,0],"ix":2},"a":{"a":0,"k":[0,0],"ix":1},"s":{"a":0,"k":[100,100],"ix":3},"r":{"a":0,"k":0,"ix":6},"o":{"a":0,"k":100,"ix":7},"sk":{"a":0,"k":0,"ix":4},"sa":{"a":0,"k":0,"ix":5},"nm":"Transform"}],"nm":"Group 1","np":2,"cix":2,"bm":0,"ix":1,"mn":"ADBE Vector Group","hd":false}],"ip":10,"op":18,"st":10,"bm":0},{"ddd":0,"ind":4,"ty":4,"nm":"P1","parent":1,"sr":1,"ks":{"o":{"a":1,"k":[{"i":{"x":[0.833],"y":[0.833]},"o":{"x":[0.167],"y":[0.167]},"t":10,"s":[100]},{"i":{"x":[0],"y":[1]},"o":{"x":[0.167],"y":[0.167]},"t":14,"s":[100]},{"t":18,"s":[0]}],"ix":11},"r":{"a":1,"k":[{"i":{"x":[0],"y":[1]},"o":{"x":[0.167],"y":[0.167]},"t":10,"s":[0]},{"t":18,"s":[-15]}],"ix":10},"p":{"a":1,"k":[{"i":{"x":0,"y":1},"o":{"x":0.167,"y":0.167},"t":10,"s":[34.039,-516.38,0],"to":[0,-21.333,0],"ti":[0,21.333,0]},{"t":18,"s":[34.039,-644.38,0]}],"ix":2},"a":{"a":0,"k":[-15.961,-258.38,0],"ix":1},"s":{"a":0,"k":[100,100,100],"ix":6}},"ao":0,"shapes":[{"ty":"gr","it":[{"ind":0,"ty":"sh","ix":1,"ks":{"a":0,"k":{"i":[[0,0],[0,0],[53.969,0],[52.129,-29.886],[0,0],[0,0],[0,0],[0,0],[0,0]],"o":[[0,0],[-45.841,-21.479],[-64.396,0],[0,0],[0,0],[0,0],[0,0],[0,0],[0,0]],"v":[[148,-204],[147.966,-322.773],[-3,-356.27],[-179.922,-309.284],[-114.294,-267.074],[-101.445,-161.94],[-101.646,-160.489],[51.048,-176.593],[49,-179]],"c":true},"ix":2},"nm":"Path 1","mn":"ADBE Vector Shape - Group","hd":false},{"ty":"gf","o":{"a":0,"k":100,"ix":10},"r":1,"bm":0,"g":{"p":3,"k":{"a":0,"k":[0,1,0.584,0,0.4,1,0.747,0.051,1,1,0.91,0.102],"ix":9}},"s":{"a":0,"k":[-11,-477],"ix":5},"e":{"a":0,"k":[-19.795,-123.741],"ix":6},"t":1,"nm":"p1GRadient","mn":"ADBE Vector Graphic - G-Fill","hd":false},{"ty":"tr","p":{"a":0,"k":[0,0],"ix":2},"a":{"a":0,"k":[0,0],"ix":1},"s":{"a":0,"k":[100,100],"ix":3},"r":{"a":0,"k":0,"ix":6},"o":{"a":0,"k":100,"ix":7},"sk":{"a":0,"k":0,"ix":4},"sa":{"a":0,"k":0,"ix":5},"nm":"Transform"}],"nm":"Group 1","np":2,"cix":2,"bm":0,"ix":1,"mn":"ADBE Vector Group","hd":false}],"ip":10,"op":18,"st":10,"bm":0},{"ddd":0,"ind":5,"ty":4,"nm":"weary_face 2","parent":7,"sr":1,"ks":{"o":{"a":0,"k":100,"ix":11},"r":{"a":0,"k":0,"ix":10},"p":{"a":0,"k":[-0.002,-187.07,0],"ix":2},"a":{"a":0,"k":[511.998,304.93,0],"ix":1},"s":{"a":0,"k":[100,100,100],"ix":6}},"ao":0,"shapes":[{"ty":"gr","it":[{"ind":0,"ty":"sh","ix":1,"ks":{"a":0,"k":{"i":[[103.508,88.681],[-54.498,-36.23]],"o":[[-68.085,-58.395],[96.569,64.27]],"v":[[20.906,-21.878],[-48.408,4.359]],"c":true},"ix":2},"nm":"Path 1","mn":"ADBE Vector Shape - Group","hd":false},{"ty":"fl","c":{"a":0,"k":[0.839215695858,0.588235318661,0,1],"ix":4},"o":{"a":0,"k":100,"ix":5},"r":1,"bm":0,"nm":"Fill 1","mn":"ADBE Vector Graphic - Fill","hd":false},{"ty":"tr","p":{"a":0,"k":[650.358,305.024],"ix":2},"a":{"a":0,"k":[0,0],"ix":1},"s":{"a":0,"k":[100,100],"ix":3},"r":{"a":0,"k":0,"ix":6},"o":{"a":0,"k":100,"ix":7},"sk":{"a":0,"k":0,"ix":4},"sa":{"a":0,"k":0,"ix":5},"nm":"Transform"}],"nm":"Group 1","np":2,"cix":2,"bm":0,"ix":1,"mn":"ADBE Vector Group","hd":false},{"ty":"gr","it":[{"ind":0,"ty":"sh","ix":1,"ks":{"a":0,"k":{"i":[[68.086,-58.395],[-96.546,64.246]],"o":[[-103.46,88.681],[54.475,-36.232]],"v":[[-20.928,-21.873],[48.41,4.364]],"c":true},"ix":2},"nm":"Path 1","mn":"ADBE Vector Shape - Group","hd":false},{"ty":"fl","c":{"a":0,"k":[0.839215695858,0.588235318661,0,1],"ix":4},"o":{"a":0,"k":100,"ix":5},"r":1,"bm":0,"nm":"Fill 1","mn":"ADBE Vector Graphic - Fill","hd":false},{"ty":"tr","p":{"a":0,"k":[373.627,304.832],"ix":2},"a":{"a":0,"k":[0,0],"ix":1},"s":{"a":0,"k":[100,100],"ix":3},"r":{"a":0,"k":0,"ix":6},"o":{"a":0,"k":100,"ix":7},"sk":{"a":0,"k":0,"ix":4},"sa":{"a":0,"k":0,"ix":5},"nm":"Transform"}],"nm":"Group 2","np":2,"cix":2,"bm":0,"ix":2,"mn":"ADBE Vector Group","hd":false}],"ip":39,"op":51,"st":39,"bm":0},{"ddd":0,"ind":6,"ty":4,"nm":"weary_face","parent":8,"sr":1,"ks":{"o":{"a":0,"k":100,"ix":11},"r":{"a":0,"k":0,"ix":10},"p":{"a":0,"k":[-0.002,-187.07,0],"ix":2},"a":{"a":0,"k":[511.998,304.93,0],"ix":1},"s":{"a":0,"k":[100,100,100],"ix":6}},"ao":0,"shapes":[{"ty":"gr","it":[{"ind":0,"ty":"sh","ix":1,"ks":{"a":0,"k":{"i":[[103.508,88.681],[-54.498,-36.23]],"o":[[-68.085,-58.395],[96.569,64.27]],"v":[[20.906,-21.878],[-48.408,4.359]],"c":true},"ix":2},"nm":"Path 1","mn":"ADBE Vector Shape - Group","hd":false},{"ty":"fl","c":{"a":0,"k":[0.839215695858,0.588235318661,0,1],"ix":4},"o":{"a":0,"k":100,"ix":5},"r":1,"bm":0,"nm":"Fill 1","mn":"ADBE Vector Graphic - Fill","hd":false},{"ty":"tr","p":{"a":0,"k":[650.358,305.024],"ix":2},"a":{"a":0,"k":[0,0],"ix":1},"s":{"a":0,"k":[100,100],"ix":3},"r":{"a":0,"k":0,"ix":6},"o":{"a":0,"k":100,"ix":7},"sk":{"a":0,"k":0,"ix":4},"sa":{"a":0,"k":0,"ix":5},"nm":"Transform"}],"nm":"Group 1","np":2,"cix":2,"bm":0,"ix":1,"mn":"ADBE Vector Group","hd":false},{"ty":"gr","it":[{"ind":0,"ty":"sh","ix":1,"ks":{"a":0,"k":{"i":[[68.086,-58.395],[-96.546,64.246]],"o":[[-103.46,88.681],[54.475,-36.232]],"v":[[-20.928,-21.873],[48.41,4.364]],"c":true},"ix":2},"nm":"Path 1","mn":"ADBE Vector Shape - Group","hd":false},{"ty":"fl","c":{"a":0,"k":[0.839215695858,0.588235318661,0,1],"ix":4},"o":{"a":0,"k":100,"ix":5},"r":1,"bm":0,"nm":"Fill 1","mn":"ADBE Vector Graphic - Fill","hd":false},{"ty":"tr","p":{"a":0,"k":[373.627,304.832],"ix":2},"a":{"a":0,"k":[0,0],"ix":1},"s":{"a":0,"k":[100,100],"ix":3},"r":{"a":0,"k":0,"ix":6},"o":{"a":0,"k":100,"ix":7},"sk":{"a":0,"k":0,"ix":4},"sa":{"a":0,"k":0,"ix":5},"nm":"Transform"}],"nm":"Group 2","np":2,"cix":2,"bm":0,"ix":2,"mn":"ADBE Vector Group","hd":false}],"ip":0,"op":12,"st":0,"bm":0},{"ddd":0,"ind":7,"ty":3,"nm":"Eyebrows 2","parent":1,"sr":1,"ks":{"o":{"a":0,"k":100,"ix":11},"r":{"a":0,"k":0,"ix":10},"p":{"a":1,"k":[{"i":{"x":0,"y":1},"o":{"x":0.333,"y":0},"t":39,"s":[47,-336.601,0],"to":[0,-13.333,0],"ti":[0,13.333,0]},{"t":44,"s":[47,-416.601,0]}],"ix":2},"a":{"a":0,"k":[-3,-158.601,0],"ix":1},"s":{"a":0,"k":[100,100,100],"ix":6}},"ao":0,"ip":39,"op":48,"st":36,"bm":0},{"ddd":0,"ind":8,"ty":3,"nm":"Eyebrows","parent":1,"sr":1,"ks":{"o":{"a":0,"k":100,"ix":11},"r":{"a":0,"k":0,"ix":10},"p":{"a":1,"k":[{"i":{"x":0,"y":1},"o":{"x":0.333,"y":0},"t":0,"s":[47,-416.601,0],"to":[0,33.333,0],"ti":[0,-26.667,0]},{"i":{"x":0.833,"y":0.833},"o":{"x":0.333,"y":0},"t":8,"s":[47,-216.601,0],"to":[0,26.667,0],"ti":[0,6.667,0]},{"t":12,"s":[47,-256.601,0]}],"ix":2},"a":{"a":0,"k":[-3,-158.601,0],"ix":1},"s":{"a":0,"k":[100,100,100],"ix":6}},"ao":0,"ip":0,"op":12,"st":0,"bm":0},{"ddd":0,"ind":9,"ty":4,"nm":"Mouth_03","parent":1,"sr":1,"ks":{"o":{"a":0,"k":100,"ix":11},"r":{"a":0,"k":0,"ix":10},"p":{"a":0,"k":[47,-64.47,0],"ix":2},"a":{"a":0,"k":[-3,193.53,0],"ix":1},"s":{"a":0,"k":[100,100,100],"ix":6}},"ao":0,"shapes":[{"ty":"gr","it":[{"ty":"gr","it":[{"ty":"gr","it":[{"ind":0,"ty":"sh","ix":1,"ks":{"a":1,"k":[{"i":{"x":0,"y":1},"o":{"x":0.167,"y":0},"t":39,"s":[{"i":[[0,-36.659],[30.01,0.386],[0,34.541],[-32.785,0]],"o":[[0,35.304],[-29.361,-0.377],[0,-36.659],[32.803,0]],"v":[[76.378,240.523],[-3.946,246.901],[-92.378,240.523],[-3,212.152]],"c":true}]},{"t":44,"s":[{"i":[[0,-36.659],[30.012,0.388],[0,34.539],[-32.785,0]],"o":[[0,35.307],[-29.359,-0.38],[0,-36.659],[32.803,0]],"v":[[56.378,200.523],[-3.98,252.901],[-62.378,200.523],[-3,134.152]],"c":true}]}],"ix":2},"nm":"Path 1","mn":"ADBE Vector Shape - Group","hd":false},{"ty":"fl","c":{"a":0,"k":[0.101960785687,0.086274512112,0.149019613862,1],"ix":4},"o":{"a":0,"k":100,"ix":5},"r":1,"bm":0,"nm":"Fill 1","mn":"ADBE Vector Graphic - Fill","hd":false},{"ty":"tr","p":{"a":0,"k":[0,0],"ix":2},"a":{"a":0,"k":[0,0],"ix":1},"s":{"a":0,"k":[100,100],"ix":3},"r":{"a":0,"k":0,"ix":6},"o":{"a":0,"k":100,"ix":7},"sk":{"a":0,"k":0,"ix":4},"sa":{"a":0,"k":0,"ix":5},"nm":"Transform"}],"nm":"Group 1","np":2,"cix":2,"bm":0,"ix":1,"mn":"ADBE Vector Group","hd":false},{"ty":"tr","p":{"a":0,"k":[0,0],"ix":2},"a":{"a":0,"k":[0,0],"ix":1},"s":{"a":0,"k":[100,100],"ix":3},"r":{"a":0,"k":0,"ix":6},"o":{"a":0,"k":100,"ix":7},"sk":{"a":0,"k":0,"ix":4},"sa":{"a":0,"k":0,"ix":5},"nm":"Transform"}],"nm":"Group 1","np":1,"cix":2,"bm":0,"ix":1,"mn":"ADBE Vector Group","hd":false},{"ty":"tr","p":{"a":0,"k":[0,0],"ix":2},"a":{"a":0,"k":[0,0],"ix":1},"s":{"a":0,"k":[100,100],"ix":3},"r":{"a":0,"k":0,"ix":6},"o":{"a":0,"k":100,"ix":7},"sk":{"a":0,"k":0,"ix":4},"sa":{"a":0,"k":0,"ix":5},"nm":"Transform"}],"nm":"Group 1","np":1,"cix":2,"bm":0,"ix":1,"mn":"ADBE Vector Group","hd":false}],"ip":39,"op":48,"st":39,"bm":0},{"ddd":0,"ind":10,"ty":4,"nm":"Mouth_02","parent":1,"sr":1,"ks":{"o":{"a":0,"k":100,"ix":11},"r":{"a":0,"k":0,"ix":10},"p":{"a":0,"k":[47,-64.47,0],"ix":2},"a":{"a":0,"k":[-3,193.53,0],"ix":1},"s":{"a":0,"k":[100,100,100],"ix":6}},"ao":0,"shapes":[{"ty":"gr","it":[{"ty":"gr","it":[{"ty":"gr","it":[{"ind":0,"ty":"sh","ix":1,"ks":{"a":1,"k":[{"i":{"x":0,"y":1},"o":{"x":0.333,"y":0},"t":0,"s":[{"i":[[0,-36.659],[30.012,0.388],[0,34.539],[-32.785,0]],"o":[[0,35.307],[-29.359,-0.38],[0,-36.659],[32.803,0]],"v":[[56.378,200.523],[-3.98,252.901],[-62.378,200.523],[-3,134.152]],"c":true}]},{"t":8,"s":[{"i":[[0,-36.659],[30.01,0.386],[0,34.541],[-32.785,0]],"o":[[0,35.304],[-29.361,-0.377],[0,-36.659],[32.803,0]],"v":[[76.378,240.523],[-3.946,246.901],[-92.378,240.523],[-3,212.152]],"c":true}]}],"ix":2},"nm":"Path 1","mn":"ADBE Vector Shape - Group","hd":false},{"ty":"fl","c":{"a":0,"k":[0.101960785687,0.086274512112,0.149019613862,1],"ix":4},"o":{"a":0,"k":100,"ix":5},"r":1,"bm":0,"nm":"Fill 1","mn":"ADBE Vector Graphic - Fill","hd":false},{"ty":"tr","p":{"a":0,"k":[0,0],"ix":2},"a":{"a":0,"k":[0,0],"ix":1},"s":{"a":0,"k":[100,100],"ix":3},"r":{"a":0,"k":0,"ix":6},"o":{"a":0,"k":100,"ix":7},"sk":{"a":0,"k":0,"ix":4},"sa":{"a":0,"k":0,"ix":5},"nm":"Transform"}],"nm":"Group 1","np":2,"cix":2,"bm":0,"ix":1,"mn":"ADBE Vector Group","hd":false},{"ty":"tr","p":{"a":0,"k":[0,0],"ix":2},"a":{"a":0,"k":[0,0],"ix":1},"s":{"a":0,"k":[100,100],"ix":3},"r":{"a":0,"k":0,"ix":6},"o":{"a":0,"k":100,"ix":7},"sk":{"a":0,"k":0,"ix":4},"sa":{"a":0,"k":0,"ix":5},"nm":"Transform"}],"nm":"Group 1","np":1,"cix":2,"bm":0,"ix":1,"mn":"ADBE Vector Group","hd":false},{"ty":"tr","p":{"a":0,"k":[0,0],"ix":2},"a":{"a":0,"k":[0,0],"ix":1},"s":{"a":0,"k":[100,100],"ix":3},"r":{"a":0,"k":0,"ix":6},"o":{"a":0,"k":100,"ix":7},"sk":{"a":0,"k":0,"ix":4},"sa":{"a":0,"k":0,"ix":5},"nm":"Transform"}],"nm":"Group 1","np":1,"cix":2,"bm":0,"ix":1,"mn":"ADBE Vector Group","hd":false}],"ip":0,"op":8,"st":0,"bm":0},{"ddd":0,"ind":11,"ty":4,"nm":"Mouth","parent":1,"sr":1,"ks":{"o":{"a":0,"k":100,"ix":11},"r":{"a":0,"k":0,"ix":10},"p":{"a":0,"k":[46.993,-27.025,0],"ix":2},"a":{"a":0,"k":[-3.007,230.975,0],"ix":1},"s":{"a":0,"k":[100,100,100],"ix":6}},"ao":0,"shapes":[{"ty":"gr","it":[{"ind":0,"ty":"sh","ix":1,"ks":{"a":1,"k":[{"i":{"x":0,"y":1},"o":{"x":0.167,"y":0.167},"t":8,"s":[{"i":[[0,0],[-16.532,0],[-9.767,2.506],[21.875,-2.788]],"o":[[6.784,2.66],[16.53,0],[0,0],[-21.9,-2.788]],"v":[[-46.784,248.133],[-3.007,252],[40.767,248.133],[-3.007,246.626]],"c":true}]},{"i":{"x":0,"y":1},"o":{"x":0.333,"y":0},"t":13,"s":[{"i":[[0,0],[-16.532,0],[-9.767,16.27],[21.875,-18.104]],"o":[[6.784,17.27],[16.53,0],[0,0],[-21.9,-18.104]],"v":[[-46.784,311.73],[-3.007,336.839],[40.767,311.73],[-3.007,301.942]],"c":true}]},{"i":{"x":0,"y":1},"o":{"x":0.333,"y":0},"t":21,"s":[{"i":[[0,0],[-16.532,0],[-12.66,9.539],[21.875,-18.104]],"o":[[12.661,9.539],[16.53,0],[0,0],[-21.9,-18.104]],"v":[[-46.784,291.73],[-3.007,306.839],[40.767,291.73],[-3.007,281.942]],"c":true}]},{"i":{"x":0.833,"y":0.833},"o":{"x":0.333,"y":0},"t":35,"s":[{"i":[[0,0],[-16.532,0],[-12.66,9.539],[21.875,-18.104]],"o":[[12.661,9.539],[16.53,0],[0,0],[-21.9,-18.104]],"v":[[-46.784,291.73],[-3.007,306.839],[40.767,291.73],[-3.007,281.942]],"c":true}]},{"t":39,"s":[{"i":[[0,0],[-16.532,0],[-9.767,2.506],[21.875,-2.788]],"o":[[6.784,2.66],[16.53,0],[0,0],[-21.9,-2.788]],"v":[[-46.784,248.133],[-3.007,252],[40.767,248.133],[-3.007,246.626]],"c":true}]}],"ix":2},"nm":"Path 1","mn":"ADBE Vector Shape - Group","hd":false},{"ty":"fl","c":{"a":0,"k":[0.992156863213,0.450980395079,0.51372551918,1],"ix":4},"o":{"a":0,"k":100,"ix":5},"r":1,"bm":0,"nm":"Fill 1","mn":"ADBE Vector Graphic - Fill","hd":false},{"ty":"tr","p":{"a":0,"k":[0,0],"ix":2},"a":{"a":0,"k":[0,0],"ix":1},"s":{"a":0,"k":[100,100],"ix":3},"r":{"a":0,"k":0,"ix":6},"o":{"a":0,"k":100,"ix":7},"sk":{"a":0,"k":0,"ix":4},"sa":{"a":0,"k":0,"ix":5},"nm":"Transform"}],"nm":"Group 1","np":2,"cix":2,"bm":0,"ix":1,"mn":"ADBE Vector Group","hd":false},{"ty":"gr","it":[{"ind":0,"ty":"sh","ix":1,"ks":{"a":1,"k":[{"i":{"x":0,"y":1},"o":{"x":0.167,"y":0.167},"t":8,"s":[{"i":[[0,0],[-23.773,0],[-19.704,-11.21]],"o":[[17.719,-8.21],[23.823,0],[0,0]],"v":[[-58.719,224.21],[-3.066,218.989],[52.704,224.21]],"c":true}]},{"i":{"x":0,"y":1},"o":{"x":0.333,"y":0},"t":13,"s":[{"i":[[0,0],[-23.773,0],[-11.163,-21.651]],"o":[[11.112,-21.625],[23.823,0],[0,0]],"v":[[-58.719,181.21],[-3.033,144.989],[52.704,181.21]],"c":true}]},{"i":{"x":0,"y":1},"o":{"x":0.333,"y":0},"t":21,"s":[{"i":[[0,0],[-23.773,0],[-11.163,-21.651]],"o":[[11.112,-21.625],[23.823,0],[0,0]],"v":[[-58.719,189.21],[-3.033,152.989],[52.704,189.21]],"c":true}]},{"i":{"x":0.833,"y":0.833},"o":{"x":0.333,"y":0},"t":35,"s":[{"i":[[0,0],[-23.773,0],[-11.163,-21.651]],"o":[[11.112,-21.625],[23.823,0],[0,0]],"v":[[-58.719,189.21],[-3.033,152.989],[52.704,189.21]],"c":true}]},{"t":39,"s":[{"i":[[0,0],[-23.773,0],[-19.704,-11.21]],"o":[[17.719,-8.21],[23.823,0],[0,0]],"v":[[-58.719,224.21],[-3.066,218.989],[52.704,224.21]],"c":true}]}],"ix":2},"nm":"Path 1","mn":"ADBE Vector Shape - Group","hd":false},{"ty":"gf","o":{"a":0,"k":100,"ix":10},"r":1,"bm":0,"g":{"p":7,"k":{"a":0,"k":[0,0.812,0.843,0.902,0.09,0.906,0.922,0.951,0.3,1,1,1,0.5,1,1,1,0.7,1,1,1,0.91,0.906,0.922,0.951,1,0.812,0.843,0.902],"ix":9}},"s":{"a":0,"k":[-59,171],"ix":5},"e":{"a":0,"k":[52.423,171],"ix":6},"t":1,"nm":"Mouth_grad","mn":"ADBE Vector Graphic - G-Fill","hd":false},{"ty":"tr","p":{"a":0,"k":[0,0],"ix":2},"a":{"a":0,"k":[0,0],"ix":1},"s":{"a":0,"k":[100,100],"ix":3},"r":{"a":0,"k":0,"ix":6},"o":{"a":0,"k":100,"ix":7},"sk":{"a":0,"k":0,"ix":4},"sa":{"a":0,"k":0,"ix":5},"nm":"Transform"}],"nm":"Group 2","np":2,"cix":2,"bm":0,"ix":2,"mn":"ADBE Vector Group","hd":false},{"ty":"gr","it":[{"ind":0,"ty":"sh","ix":1,"ks":{"a":1,"k":[{"i":{"x":0,"y":1},"o":{"x":0.167,"y":0.167},"t":8,"s":[{"i":[[0,0],[-3.463,31.634],[0,0],[-2.522,-24.584]],"o":[[-0.522,23.634],[0,0],[3.537,-16.584],[0,0]],"v":[[80.522,238.366],[-86.537,238.366],[-86.537,223.584],[80.522,223.584]],"c":true}]},{"i":{"x":0,"y":1},"o":{"x":0.333,"y":0},"t":13,"s":[{"i":[[0,0],[0,152.634],[0,0],[0,-129.584]],"o":[[0,161.634],[0,0],[0,-127.584],[0,0]],"v":[[80.522,238.366],[-86.537,238.366],[-86.537,223.584],[80.522,223.584]],"c":true}]},{"i":{"x":0,"y":1},"o":{"x":0.333,"y":0},"t":21,"s":[{"i":[[0,0],[0,115.431],[0,0],[0,-115.432]],"o":[[0,115.431],[0,0],[0,-115.432],[0,0]],"v":[[80.522,238.366],[-86.537,238.366],[-86.537,223.584],[80.522,223.584]],"c":true}]},{"i":{"x":0.833,"y":0.833},"o":{"x":0.333,"y":0},"t":35,"s":[{"i":[[0,0],[0,115.431],[0,0],[0,-115.432]],"o":[[0,115.431],[0,0],[0,-115.432],[0,0]],"v":[[80.522,238.366],[-86.537,238.366],[-86.537,223.584],[80.522,223.584]],"c":true}]},{"t":39,"s":[{"i":[[0,0],[-3.463,31.634],[0,0],[-2.522,-24.584]],"o":[[-0.522,23.634],[0,0],[3.537,-16.584],[0,0]],"v":[[80.522,238.366],[-86.537,238.366],[-86.537,223.584],[80.522,223.584]],"c":true}]}],"ix":2},"nm":"Path 1","mn":"ADBE Vector Shape - Group","hd":false},{"ty":"fl","c":{"a":0,"k":[0.101960785687,0.086274512112,0.149019613862,1],"ix":4},"o":{"a":0,"k":100,"ix":5},"r":1,"bm":0,"nm":"Fill 1","mn":"ADBE Vector Graphic - Fill","hd":false},{"ty":"tr","p":{"a":0,"k":[0,0],"ix":2},"a":{"a":0,"k":[0,0],"ix":1},"s":{"a":0,"k":[100,100],"ix":3},"r":{"a":0,"k":0,"ix":6},"o":{"a":0,"k":100,"ix":7},"sk":{"a":0,"k":0,"ix":4},"sa":{"a":0,"k":0,"ix":5},"nm":"Transform"}],"nm":"Group 3","np":2,"cix":2,"bm":0,"ix":3,"mn":"ADBE Vector Group","hd":false}],"ip":8,"op":39,"st":12,"bm":0},{"ddd":0,"ind":12,"ty":4,"nm":"R_Eye_03","parent":1,"sr":1,"ks":{"o":{"a":0,"k":100,"ix":11},"r":{"a":0,"k":0,"ix":10},"p":{"a":0,"k":[-71.757,-269.876,0],"ix":2},"a":{"a":0,"k":[-121.757,-11.876,0],"ix":1},"s":{"a":0,"k":[100,100,100],"ix":6}},"ao":0,"shapes":[{"ty":"gr","it":[{"ind":0,"ty":"sh","ix":1,"ks":{"a":1,"k":[{"i":{"x":0,"y":1},"o":{"x":0.167,"y":0},"t":39,"s":[{"i":[[-26.256,0],[-1.199,-17.099],[26.221,0],[0.259,23.876]],"o":[[26.221,0],[1.254,17.876],[-26.256,0],[-0.175,-16.125]],"v":[[-121.757,104.746],[-74.254,126.124],[-121.757,127.503],[-169.259,126.124]],"c":true}]},{"t":44,"s":[{"i":[[-26.256,0],[0,-32.797],[26.221,0],[0,32.797]],"o":[[26.221,0],[0,32.797],[-26.256,0],[0,-32.797]],"v":[[-121.757,-71.254],[-74.254,-11.876],[-121.757,47.503],[-169.259,-11.876]],"c":true}]}],"ix":2},"nm":"Path 1","mn":"ADBE Vector Shape - Group","hd":false},{"ty":"fl","c":{"a":0,"k":[0.101960785687,0.086274512112,0.149019613862,1],"ix":4},"o":{"a":0,"k":100,"ix":5},"r":1,"bm":0,"nm":"Fill 1","mn":"ADBE Vector Graphic - Fill","hd":false},{"ty":"tr","p":{"a":0,"k":[0,0],"ix":2},"a":{"a":0,"k":[0,0],"ix":1},"s":{"a":0,"k":[100,100],"ix":3},"r":{"a":0,"k":0,"ix":6},"o":{"a":0,"k":100,"ix":7},"sk":{"a":0,"k":0,"ix":4},"sa":{"a":0,"k":0,"ix":5},"nm":"Transform"}],"nm":"Group 1","np":2,"cix":2,"bm":0,"ix":1,"mn":"ADBE Vector Group","hd":false}],"ip":39,"op":48,"st":37,"bm":0},{"ddd":0,"ind":13,"ty":4,"nm":"R_Eye_02","parent":1,"sr":1,"ks":{"o":{"a":0,"k":100,"ix":11},"r":{"a":0,"k":0,"ix":10},"p":{"a":0,"k":[-71.757,-269.876,0],"ix":2},"a":{"a":0,"k":[-121.757,-11.876,0],"ix":1},"s":{"a":0,"k":[100,100,100],"ix":6}},"ao":0,"shapes":[{"ty":"gr","it":[{"ind":0,"ty":"sh","ix":1,"ks":{"a":1,"k":[{"i":{"x":0,"y":1},"o":{"x":0.333,"y":0},"t":0,"s":[{"i":[[-26.256,0],[0,-32.797],[26.221,0],[0,32.797]],"o":[[26.221,0],[0,32.797],[-26.256,0],[0,-32.797]],"v":[[-121.757,-71.254],[-74.254,-11.876],[-121.757,47.503],[-169.259,-11.876]],"c":true}]},{"i":{"x":0.833,"y":0.833},"o":{"x":0.333,"y":0},"t":8,"s":[{"i":[[-26.256,0],[-1.199,-17.099],[26.221,0],[0.259,23.876]],"o":[[26.221,0],[1.254,17.876],[-26.256,0],[-0.175,-16.125]],"v":[[-121.757,104.746],[-74.254,126.124],[-121.757,127.503],[-169.259,126.124]],"c":true}]},{"t":12,"s":[{"i":[[-84.253,1.845],[-0.125,-17.14],[72.757,0.493],[-1.741,25.876]],"o":[[79.757,-1.746],[0.254,34.876],[-74.243,-0.503],[1.082,-16.09]],"v":[[-137.757,-46.254],[-47.254,44.124],[-138.757,137.503],[-227.259,41.124]],"c":true}]}],"ix":2},"nm":"Path 1","mn":"ADBE Vector Shape - Group","hd":false},{"ty":"fl","c":{"a":0,"k":[0.101960785687,0.086274512112,0.149019613862,1],"ix":4},"o":{"a":0,"k":100,"ix":5},"r":1,"bm":0,"nm":"Fill 1","mn":"ADBE Vector Graphic - Fill","hd":false},{"ty":"tr","p":{"a":0,"k":[0,0],"ix":2},"a":{"a":0,"k":[0,0],"ix":1},"s":{"a":0,"k":[100,100],"ix":3},"r":{"a":0,"k":0,"ix":6},"o":{"a":0,"k":100,"ix":7},"sk":{"a":0,"k":0,"ix":4},"sa":{"a":0,"k":0,"ix":5},"nm":"Transform"}],"nm":"Group 1","np":2,"cix":2,"bm":0,"ix":1,"mn":"ADBE Vector Group","hd":false}],"ip":0,"op":12,"st":0,"bm":0},{"ddd":0,"ind":14,"ty":4,"nm":"R_Eye_01","parent":1,"sr":1,"ks":{"o":{"a":0,"k":100,"ix":11},"r":{"a":0,"k":0,"ix":10},"p":{"a":0,"k":[-87.255,-212.851,0],"ix":2},"a":{"a":0,"k":[-137.255,45.149,0],"ix":1},"s":{"a":0,"k":[100,100,100],"ix":6}},"ao":0,"shapes":[{"ty":"gr","it":[{"ind":0,"ty":"sh","ix":1,"ks":{"a":1,"k":[{"i":{"x":0,"y":1},"o":{"x":0.333,"y":0},"t":12,"s":[{"i":[[0,-51.519],[51.415,0],[0,51.519],[-51.572,0]],"o":[[0,51.519],[-51.572,0],[0,-51.519],[51.415,0]],"v":[[-44,45.149],[-137.255,138.404],[-230.509,45.149],[-137.255,-48.106]],"c":true}]},{"i":{"x":0.667,"y":1},"o":{"x":0.333,"y":0},"t":21,"s":[{"i":[[0,-24.722],[24.672,0],[0,24.722],[-24.748,0]],"o":[[0,24.722],[-24.748,0],[0,-24.722],[24.672,0]],"v":[[-92.506,45.149],[-137.255,89.898],[-182.004,45.149],[-137.255,0.4]],"c":true}]},{"i":{"x":0,"y":1},"o":{"x":0.333,"y":0},"t":35,"s":[{"i":[[0,-24.722],[24.672,0],[0,24.722],[-24.748,0]],"o":[[0,24.722],[-24.748,0],[0,-24.722],[24.672,0]],"v":[[-92.506,45.149],[-137.255,89.898],[-182.004,45.149],[-137.255,0.4]],"c":true}]},{"t":39,"s":[{"i":[[0,-24.722],[24.672,0],[0,24.722],[-24.748,0]],"o":[[0,24.722],[-24.748,0],[0,-24.722],[24.672,0]],"v":[[-70.506,127.149],[-125.255,128.898],[-168.004,123.149],[-124.255,102.4]],"c":true}]}],"ix":2},"nm":"Path 1","mn":"ADBE Vector Shape - Group","hd":false},{"ty":"fl","c":{"a":0,"k":[0.101960785687,0.086274512112,0.149019613862,1],"ix":4},"o":{"a":0,"k":100,"ix":5},"r":1,"bm":0,"nm":"Fill 1","mn":"ADBE Vector Graphic - Fill","hd":false},{"ty":"tr","p":{"a":0,"k":[0,0],"ix":2},"a":{"a":0,"k":[0,0],"ix":1},"s":{"a":0,"k":[100,100],"ix":3},"r":{"a":0,"k":0,"ix":6},"o":{"a":0,"k":100,"ix":7},"sk":{"a":0,"k":0,"ix":4},"sa":{"a":0,"k":0,"ix":5},"nm":"Transform"}],"nm":"Group 1","np":2,"cix":2,"bm":0,"ix":1,"mn":"ADBE Vector Group","hd":false},{"ty":"gr","it":[{"ind":0,"ty":"sh","ix":1,"ks":{"a":1,"k":[{"i":{"x":0.667,"y":1},"o":{"x":0.167,"y":0.167},"t":21,"s":[{"i":[[0,-49.406],[49.394,0],[0,49.418],[-49.42,0]],"o":[[0,49.418],[-49.42,0],[0,-49.406],[49.394,0]],"v":[[-47.757,45.149],[-137.255,134.647],[-226.753,45.149],[-137.255,-44.349]],"c":true}]},{"i":{"x":0,"y":1},"o":{"x":0.333,"y":0},"t":35,"s":[{"i":[[0,-49.406],[49.394,0],[0,49.418],[-49.42,0]],"o":[[0,49.418],[-49.42,0],[0,-49.406],[49.394,0]],"v":[[-47.757,45.149],[-137.255,134.647],[-226.753,45.149],[-137.255,-44.349]],"c":true}]},{"t":39,"s":[{"i":[[0,-5.244],[9.247,0],[0,5.246],[-9.252,0]],"o":[[0,5.246],[-9.252,0],[0,-5.244],[9.247,0]],"v":[[-107,115.5],[-123.755,125],[-140.509,115.5],[-123.755,106]],"c":true}]}],"ix":2},"nm":"Path 1","mn":"ADBE Vector Shape - Group","hd":false},{"ty":"fl","c":{"a":0,"k":[1,1,1,1],"ix":4},"o":{"a":0,"k":100,"ix":5},"r":1,"bm":0,"nm":"Fill 1","mn":"ADBE Vector Graphic - Fill","hd":false},{"ty":"tr","p":{"a":0,"k":[0,0],"ix":2},"a":{"a":0,"k":[0,0],"ix":1},"s":{"a":0,"k":[100,100],"ix":3},"r":{"a":0,"k":0,"ix":6},"o":{"a":0,"k":100,"ix":7},"sk":{"a":0,"k":0,"ix":4},"sa":{"a":0,"k":0,"ix":5},"nm":"Transform"}],"nm":"Group 2","np":2,"cix":2,"bm":0,"ix":2,"mn":"ADBE Vector Group","hd":false}],"ip":12,"op":39,"st":12,"bm":0},{"ddd":0,"ind":15,"ty":4,"nm":"L_Eye_03","parent":1,"sr":1,"ks":{"o":{"a":0,"k":100,"ix":11},"r":{"a":0,"k":0,"ix":10},"p":{"a":0,"k":[165.757,-269.876,0],"ix":2},"a":{"a":0,"k":[115.757,-11.876,0],"ix":1},"s":{"a":0,"k":[100,100,100],"ix":6}},"ao":0,"shapes":[{"ty":"gr","it":[{"ind":0,"ty":"sh","ix":1,"ks":{"a":1,"k":[{"i":{"x":0,"y":1},"o":{"x":0.333,"y":0},"t":39,"s":[{"i":[[-26.256,0],[0.262,-20.124],[26.233,0],[0.746,18.876]],"o":[[26.233,0],[-0.259,19.876],[-26.256,0],[-0.876,-22.176]],"v":[[115.757,104.746],[163.259,126.124],[115.757,127.503],[68.254,126.124]],"c":true}]},{"t":44,"s":[{"i":[[-26.256,0],[0,-32.797],[26.233,0],[0,32.797]],"o":[[26.233,0],[0,32.797],[-26.256,0],[0,-32.797]],"v":[[115.757,-71.254],[163.259,-11.876],[115.757,47.503],[68.254,-11.876]],"c":true}]}],"ix":2},"nm":"Path 1","mn":"ADBE Vector Shape - Group","hd":false},{"ty":"fl","c":{"a":0,"k":[0.101960785687,0.086274512112,0.149019613862,1],"ix":4},"o":{"a":0,"k":100,"ix":5},"r":1,"bm":0,"nm":"Fill 1","mn":"ADBE Vector Graphic - Fill","hd":false},{"ty":"tr","p":{"a":0,"k":[0,0],"ix":2},"a":{"a":0,"k":[0,0],"ix":1},"s":{"a":0,"k":[100,100],"ix":3},"r":{"a":0,"k":0,"ix":6},"o":{"a":0,"k":100,"ix":7},"sk":{"a":0,"k":0,"ix":4},"sa":{"a":0,"k":0,"ix":5},"nm":"Transform"}],"nm":"Group 1","np":2,"cix":2,"bm":0,"ix":1,"mn":"ADBE Vector Group","hd":false}],"ip":39,"op":48,"st":37,"bm":0},{"ddd":0,"ind":16,"ty":4,"nm":"L_Eye_02","parent":1,"sr":1,"ks":{"o":{"a":0,"k":100,"ix":11},"r":{"a":0,"k":0,"ix":10},"p":{"a":0,"k":[165.757,-269.876,0],"ix":2},"a":{"a":0,"k":[115.757,-11.876,0],"ix":1},"s":{"a":0,"k":[100,100,100],"ix":6}},"ao":0,"shapes":[{"ty":"gr","it":[{"ind":0,"ty":"sh","ix":1,"ks":{"a":1,"k":[{"i":{"x":0,"y":1},"o":{"x":0.333,"y":0},"t":0,"s":[{"i":[[-26.256,0],[0,-32.797],[26.233,0],[0,32.797]],"o":[[26.233,0],[0,32.797],[-26.256,0],[0,-32.797]],"v":[[115.757,-71.254],[163.259,-11.876],[115.757,47.503],[68.254,-11.876]],"c":true}]},{"i":{"x":0.833,"y":0.833},"o":{"x":0.333,"y":0},"t":8,"s":[{"i":[[-26.256,0],[0.262,-20.124],[26.233,0],[0.746,18.876]],"o":[[26.233,0],[-0.259,19.876],[-26.256,0],[-0.876,-22.176]],"v":[[115.757,104.746],[163.259,126.124],[115.757,127.503],[68.254,126.124]],"c":true}]},{"t":12,"s":[{"i":[[-77.739,1.671],[0.262,-20.124],[71.258,0.444],[0.746,18.876]],"o":[[81.243,-1.746],[-0.259,19.876],[-80.757,-0.503],[-0.876,-22.176]],"v":[[129.757,-47.254],[224.259,48.124],[135.757,138.503],[41.254,49.124]],"c":true}]}],"ix":2},"nm":"Path 1","mn":"ADBE Vector Shape - Group","hd":false},{"ty":"fl","c":{"a":0,"k":[0.101960785687,0.086274512112,0.149019613862,1],"ix":4},"o":{"a":0,"k":100,"ix":5},"r":1,"bm":0,"nm":"Fill 1","mn":"ADBE Vector Graphic - Fill","hd":false},{"ty":"tr","p":{"a":0,"k":[0,0],"ix":2},"a":{"a":0,"k":[0,0],"ix":1},"s":{"a":0,"k":[100,100],"ix":3},"r":{"a":0,"k":0,"ix":6},"o":{"a":0,"k":100,"ix":7},"sk":{"a":0,"k":0,"ix":4},"sa":{"a":0,"k":0,"ix":5},"nm":"Transform"}],"nm":"Group 1","np":2,"cix":2,"bm":0,"ix":1,"mn":"ADBE Vector Group","hd":false}],"ip":0,"op":12,"st":0,"bm":0},{"ddd":0,"ind":17,"ty":4,"nm":"L_Eye_01","parent":1,"sr":1,"ks":{"o":{"a":0,"k":100,"ix":11},"r":{"a":0,"k":0,"ix":10},"p":{"a":0,"k":[181.24,-212.851,0],"ix":2},"a":{"a":0,"k":[131.24,45.149,0],"ix":1},"s":{"a":0,"k":[100,100,100],"ix":6}},"ao":0,"shapes":[{"ty":"gr","it":[{"ind":0,"ty":"sh","ix":1,"ks":{"a":1,"k":[{"i":{"x":0,"y":1},"o":{"x":0.333,"y":0},"t":12,"s":[{"i":[[0,-51.296],[51.193,0],[0,51.296],[-51.349,0]],"o":[[0,51.296],[-51.349,0],[0,-51.296],[51.193,0]],"v":[[224.091,45.149],[131.24,138],[38.389,45.149],[131.24,-47.702]],"c":true}]},{"i":{"x":0.667,"y":1},"o":{"x":0.333,"y":0},"t":21,"s":[{"i":[[0,-24.722],[24.672,0],[0,24.722],[-24.748,0]],"o":[[0,24.722],[-24.748,0],[0,-24.722],[24.672,0]],"v":[[175.989,45.149],[131.24,89.898],[86.491,45.149],[131.24,0.4]],"c":true}]},{"i":{"x":0,"y":1},"o":{"x":0.333,"y":0},"t":35,"s":[{"i":[[0,-24.722],[24.672,0],[0,24.722],[-24.748,0]],"o":[[0,24.722],[-24.748,0],[0,-24.722],[24.672,0]],"v":[[175.989,45.149],[131.24,89.898],[86.491,45.149],[131.24,0.4]],"c":true}]},{"t":39,"s":[{"i":[[0,-24.722],[24.672,0],[0,24.722],[-24.748,0]],"o":[[0,24.722],[-24.748,0],[0,-24.722],[24.672,0]],"v":[[163.989,124.149],[118.24,128.898],[66.491,122.149],[117.24,104.4]],"c":true}]}],"ix":2},"nm":"Path 1","mn":"ADBE Vector Shape - Group","hd":false},{"ty":"fl","c":{"a":0,"k":[0.101960785687,0.086274512112,0.149019613862,1],"ix":4},"o":{"a":0,"k":100,"ix":5},"r":1,"bm":0,"nm":"Fill 1","mn":"ADBE Vector Graphic - Fill","hd":false},{"ty":"tr","p":{"a":0,"k":[0,0],"ix":2},"a":{"a":0,"k":[0,0],"ix":1},"s":{"a":0,"k":[100,100],"ix":3},"r":{"a":0,"k":0,"ix":6},"o":{"a":0,"k":100,"ix":7},"sk":{"a":0,"k":0,"ix":4},"sa":{"a":0,"k":0,"ix":5},"nm":"Transform"}],"nm":"Group 1","np":2,"cix":2,"bm":0,"ix":1,"mn":"ADBE Vector Group","hd":false},{"ty":"gr","it":[{"ind":0,"ty":"sh","ix":1,"ks":{"a":1,"k":[{"i":{"x":0.667,"y":1},"o":{"x":0.167,"y":0.167},"t":21,"s":[{"i":[[0,-49.394],[49.394,0],[0,49.418],[-49.42,0]],"o":[[0,49.418],[-49.42,0],[0,-49.394],[49.394,0]],"v":[[220.738,45.149],[131.24,134.647],[41.742,45.149],[131.24,-44.349]],"c":true}]},{"i":{"x":0,"y":1},"o":{"x":0.333,"y":0},"t":35,"s":[{"i":[[0,-49.394],[49.394,0],[0,49.418],[-49.42,0]],"o":[[0,49.418],[-49.42,0],[0,-49.394],[49.394,0]],"v":[[220.738,45.149],[131.24,134.647],[41.742,45.149],[131.24,-44.349]],"c":true}]},{"t":39,"s":[{"i":[[0,-3.946],[10.906,0],[0,3.947],[-10.911,0]],"o":[[0,3.947],[-10.911,0],[0,-3.946],[10.906,0]],"v":[[143,119.149],[123.24,126.298],[103.479,119.149],[123.24,112]],"c":true}]}],"ix":2},"nm":"Path 1","mn":"ADBE Vector Shape - Group","hd":false},{"ty":"fl","c":{"a":0,"k":[1,1,1,1],"ix":4},"o":{"a":0,"k":100,"ix":5},"r":1,"bm":0,"nm":"Fill 1","mn":"ADBE Vector Graphic - Fill","hd":false},{"ty":"tr","p":{"a":0,"k":[0,0],"ix":2},"a":{"a":0,"k":[0,0],"ix":1},"s":{"a":0,"k":[100,100],"ix":3},"r":{"a":0,"k":0,"ix":6},"o":{"a":0,"k":100,"ix":7},"sk":{"a":0,"k":0,"ix":4},"sa":{"a":0,"k":0,"ix":5},"nm":"Transform"}],"nm":"Group 2","np":2,"cix":2,"bm":0,"ix":2,"mn":"ADBE Vector Group","hd":false}],"ip":12,"op":39,"st":0,"bm":0},{"ddd":0,"ind":18,"ty":4,"nm":"Face_03","parent":1,"sr":1,"ks":{"o":{"a":1,"k":[{"i":{"x":[0.833],"y":[0.833]},"o":{"x":[0.167],"y":[0.167]},"t":39,"s":[0]},{"t":42,"s":[100]}],"ix":11},"r":{"a":0,"k":0,"ix":10},"p":{"a":0,"k":[47,-258,0],"ix":2},"a":{"a":0,"k":[-3,0,0],"ix":1},"s":{"a":0,"k":[101,101,100],"ix":6}},"ao":0,"shapes":[{"ty":"gr","it":[{"ind":0,"ty":"sh","ix":1,"ks":{"a":0,"k":{"i":[[-196.761,0],[0,-196.761],[196.761,0],[0,196.759]],"o":[[196.761,0],[0,196.759],[-196.761,0],[0,-196.761]],"v":[[-3,-356.27],[353.27,0],[-3,356.27],[-359.27,0]],"c":true},"ix":2},"nm":"Path 1","mn":"ADBE Vector Shape - Group","hd":false},{"ty":"gf","o":{"a":0,"k":100,"ix":10},"r":1,"bm":0,"g":{"p":3,"k":{"a":0,"k":[0,1,0.482,0,0.4,1,0.725,0,1,1,0.969,0],"ix":9}},"s":{"a":0,"k":[-4,356],"ix":5},"e":{"a":0,"k":[-4,-356.539],"ix":6},"t":1,"nm":"HeadG3","mn":"ADBE Vector Graphic - G-Fill","hd":false},{"ty":"tr","p":{"a":0,"k":[0,0],"ix":2},"a":{"a":0,"k":[0,0],"ix":1},"s":{"a":0,"k":[100,100],"ix":3},"r":{"a":0,"k":0,"ix":6},"o":{"a":0,"k":100,"ix":7},"sk":{"a":0,"k":0,"ix":4},"sa":{"a":0,"k":0,"ix":5},"nm":"Transform"}],"nm":"Group 1","np":2,"cix":2,"bm":0,"ix":1,"mn":"ADBE Vector Group","hd":false}],"ip":39,"op":48,"st":40,"bm":0},{"ddd":0,"ind":19,"ty":4,"nm":"Face_02","parent":1,"sr":1,"ks":{"o":{"a":0,"k":100,"ix":11},"r":{"a":0,"k":0,"ix":10},"p":{"a":0,"k":[47,-258,0],"ix":2},"a":{"a":0,"k":[-3,0,0],"ix":1},"s":{"a":0,"k":[101,101,100],"ix":6}},"ao":0,"shapes":[{"ty":"gr","it":[{"ind":0,"ty":"sh","ix":1,"ks":{"a":0,"k":{"i":[[-196.761,0],[0,-196.761],[196.761,0],[0,196.759]],"o":[[196.761,0],[0,196.759],[-196.761,0],[0,-196.761]],"v":[[-3,-356.27],[353.27,0],[-3,356.27],[-359.27,0]],"c":true},"ix":2},"nm":"Path 1","mn":"ADBE Vector Shape - Group","hd":false},{"ty":"gf","o":{"a":0,"k":100,"ix":10},"r":1,"bm":0,"g":{"p":3,"k":{"a":0,"k":[0,1,0.482,0,0.4,1,0.725,0,0.999,1,0.969,0],"ix":9}},"s":{"a":0,"k":[-4,356],"ix":5},"e":{"a":0,"k":[-4,-356.539],"ix":6},"t":1,"nm":"HeadG2","mn":"ADBE Vector Graphic - G-Fill","hd":false},{"ty":"tr","p":{"a":0,"k":[0,0],"ix":2},"a":{"a":0,"k":[0,0],"ix":1},"s":{"a":0,"k":[100,100],"ix":3},"r":{"a":0,"k":0,"ix":6},"o":{"a":0,"k":100,"ix":7},"sk":{"a":0,"k":0,"ix":4},"sa":{"a":0,"k":0,"ix":5},"nm":"Transform"}],"nm":"Group 1","np":2,"cix":2,"bm":0,"ix":1,"mn":"ADBE Vector Group","hd":false}],"ip":0,"op":10,"st":0,"bm":0},{"ddd":0,"ind":20,"ty":4,"nm":"Face_front","parent":1,"sr":1,"ks":{"o":{"a":0,"k":100,"ix":11},"r":{"a":0,"k":0,"ix":10},"p":{"a":0,"k":[46.993,-125.238,0],"ix":2},"a":{"a":0,"k":[-3.007,132.762,0],"ix":1},"s":{"a":0,"k":[100,100,100],"ix":6}},"ao":0,"shapes":[{"ty":"gr","it":[{"ind":0,"ty":"sh","ix":1,"ks":{"a":0,"k":{"i":[[0,0],[0,-23.161],[-197.726,0],[0,197.713],[4.195,21.926],[0,0],[0,0],[0,0],[0,0],[0,0],[0,0],[0,0],[0,0],[0,0],[0,0],[0,0],[0,0],[0,0],[0,0]],"o":[[-4.22,21.926],[0,197.713],[197.7,0],[0,-23.161],[0,0],[0,0],[0,0],[0,0],[0,0],[0,0],[0,0],[0,0],[0,0],[0,0],[0,0],[0,0],[0,0],[0,0],[0,0]],"v":[[-354.508,-69.446],[-361,-1.723],[-3.007,356.27],[354.985,-1.723],[348.493,-69.446],[292.78,-5.781],[260.017,-51.329],[230.451,-27.293],[184.104,-90.746],[119.953,-58.783],[86.491,-77.961],[29.205,-16.093],[-6.429,-44.349],[-34.547,0.675],[-109.312,-90.746],[-196.088,-44.349],[-233.695,-68.61],[-274.349,-10.238],[-314.802,-73.104]],"c":true},"ix":2},"nm":"Path 1","mn":"ADBE Vector Shape - Group","hd":false},{"ty":"gf","o":{"a":0,"k":100,"ix":10},"r":1,"bm":0,"g":{"p":3,"k":{"a":0,"k":[0,1,0.482,0,0.4,1,0.725,0,1,1,0.969,0],"ix":9}},"s":{"a":0,"k":[-4,356],"ix":5},"e":{"a":0,"k":[-4,-395.797],"ix":6},"t":1,"nm":"HeadG1","mn":"ADBE Vector Graphic - G-Fill","hd":false},{"ty":"tr","p":{"a":0,"k":[0,0],"ix":2},"a":{"a":0,"k":[0,0],"ix":1},"s":{"a":0,"k":[100,100],"ix":3},"r":{"a":0,"k":0,"ix":6},"o":{"a":0,"k":100,"ix":7},"sk":{"a":0,"k":0,"ix":4},"sa":{"a":0,"k":0,"ix":5},"nm":"Transform"}],"nm":"Group 1","np":2,"cix":2,"bm":0,"ix":1,"mn":"ADBE Vector Group","hd":false}],"ip":0,"op":48,"st":0,"bm":0},{"ddd":0,"ind":21,"ty":4,"nm":"a","parent":31,"sr":1,"ks":{"o":{"a":1,"k":[{"i":{"x":[0.833],"y":[0.833]},"o":{"x":[0.167],"y":[0.167]},"t":28,"s":[100]},{"t":37,"s":[0]}],"ix":11},"r":{"a":0,"k":0,"ix":10},"p":{"a":0,"k":[244.76,-222.587,0],"ix":2},"a":{"a":0,"k":[244.76,-222.587,0],"ix":1},"s":{"a":0,"k":[100,100,100],"ix":6}},"ao":0,"shapes":[{"ty":"gr","it":[{"ind":0,"ty":"sh","ix":1,"ks":{"a":0,"k":{"i":[[0,-100.66],[0,100.685]],"o":[[0,100.685],[0,-100.66]],"v":[[169.246,-222.596],[320.274,-222.596]],"c":true},"ix":2},"nm":"Path 1","mn":"ADBE Vector Shape - Group","hd":false},{"ty":"gf","o":{"a":0,"k":100,"ix":10},"r":1,"bm":0,"g":{"p":3,"k":{"a":0,"k":[0.424,1,1,1,0.819,1,1,1,1,1,1,1,0.424,1,0.819,0.5,1,0],"ix":9}},"s":{"a":0,"k":[243.293,-220.984],"ix":5},"e":{"a":0,"k":[174.956,-208.555],"ix":6},"t":2,"h":{"a":0,"k":0,"ix":7},"a":{"a":0,"k":0,"ix":8},"nm":"agradient","mn":"ADBE Vector Graphic - G-Fill","hd":false},{"ty":"tr","p":{"a":0,"k":[0,0],"ix":2},"a":{"a":0,"k":[0,0],"ix":1},"s":{"a":0,"k":[100,100],"ix":3},"r":{"a":0,"k":0,"ix":6},"o":{"a":0,"k":100,"ix":7},"sk":{"a":0,"k":0,"ix":4},"sa":{"a":0,"k":0,"ix":5},"nm":"Transform"}],"nm":"Group 1","np":2,"cix":2,"bm":0,"ix":1,"mn":"ADBE Vector Group","hd":false}],"ip":10,"op":38,"st":0,"bm":0},{"ddd":0,"ind":22,"ty":4,"nm":"b","parent":32,"sr":1,"ks":{"o":{"a":1,"k":[{"i":{"x":[0.833],"y":[0.833]},"o":{"x":[0.167],"y":[0.167]},"t":28,"s":[100]},{"t":37,"s":[0]}],"ix":11},"r":{"a":0,"k":0,"ix":10},"p":{"a":0,"k":[193.094,-279.928,0],"ix":2},"a":{"a":0,"k":[193.094,-279.928,0],"ix":1},"s":{"a":0,"k":[100,100,100],"ix":6}},"ao":0,"shapes":[{"ty":"gr","it":[{"ind":0,"ty":"sh","ix":1,"ks":{"a":0,"k":{"i":[[0,-100.698],[0,100.673]],"o":[[0,100.673],[0,-100.698]],"v":[[117.58,-279.919],[268.608,-279.919]],"c":true},"ix":2},"nm":"Path 1","mn":"ADBE Vector Shape - Group","hd":false},{"ty":"gf","o":{"a":0,"k":100,"ix":10},"r":1,"bm":0,"g":{"p":3,"k":{"a":0,"k":[0.424,1,1,1,0.819,1,1,1,1,1,1,1,0.424,1,0.819,0.5,1,0],"ix":9}},"s":{"a":0,"k":[189.406,-283.172],"ix":5},"e":{"a":0,"k":[126.814,-307.062],"ix":6},"t":2,"h":{"a":0,"k":0,"ix":7},"a":{"a":0,"k":0,"ix":8},"nm":"bgradient","mn":"ADBE Vector Graphic - G-Fill","hd":false},{"ty":"tr","p":{"a":0,"k":[0,0],"ix":2},"a":{"a":0,"k":[0,0],"ix":1},"s":{"a":0,"k":[100,100],"ix":3},"r":{"a":0,"k":0,"ix":6},"o":{"a":0,"k":100,"ix":7},"sk":{"a":0,"k":0,"ix":4},"sa":{"a":0,"k":0,"ix":5},"nm":"Transform"}],"nm":"Group 1","np":2,"cix":2,"bm":0,"ix":1,"mn":"ADBE Vector Group","hd":false}],"ip":10,"op":38,"st":0,"bm":0},{"ddd":0,"ind":23,"ty":4,"nm":"c","parent":33,"sr":1,"ks":{"o":{"a":1,"k":[{"i":{"x":[0.833],"y":[0.833]},"o":{"x":[0.167],"y":[0.167]},"t":28,"s":[100]},{"t":37,"s":[0]}],"ix":11},"r":{"a":0,"k":0,"ix":10},"p":{"a":0,"k":[108.291,-320.914,0],"ix":2},"a":{"a":0,"k":[108.291,-320.914,0],"ix":1},"s":{"a":0,"k":[100,100,100],"ix":6}},"ao":0,"shapes":[{"ty":"gr","it":[{"ind":0,"ty":"sh","ix":1,"ks":{"a":0,"k":{"i":[[0,-100.685],[0,100.674]],"o":[[0,100.674],[0,-100.685]],"v":[[32.776,-320.91],[183.805,-320.91]],"c":true},"ix":2},"nm":"Path 1","mn":"ADBE Vector Shape - Group","hd":false},{"ty":"gf","o":{"a":0,"k":100,"ix":10},"r":1,"bm":0,"g":{"p":3,"k":{"a":0,"k":[0.424,1,1,1,0.819,1,1,1,1,1,1,1,0.424,1,0.819,0.5,1,0],"ix":9}},"s":{"a":0,"k":[109.831,-314.282],"ix":5},"e":{"a":0,"k":[41.958,-358.197],"ix":6},"t":2,"h":{"a":0,"k":0,"ix":7},"a":{"a":0,"k":0,"ix":8},"nm":"layer_c_gradient","mn":"ADBE Vector Graphic - G-Fill","hd":false},{"ty":"tr","p":{"a":0,"k":[0,0],"ix":2},"a":{"a":0,"k":[0,0],"ix":1},"s":{"a":0,"k":[100,100],"ix":3},"r":{"a":0,"k":0,"ix":6},"o":{"a":0,"k":100,"ix":7},"sk":{"a":0,"k":0,"ix":4},"sa":{"a":0,"k":0,"ix":5},"nm":"Transform"}],"nm":"Group 1","np":2,"cix":2,"bm":0,"ix":1,"mn":"ADBE Vector Group","hd":false}],"ip":10,"op":38,"st":0,"bm":0},{"ddd":0,"ind":24,"ty":4,"nm":"d","parent":34,"sr":1,"ks":{"o":{"a":1,"k":[{"i":{"x":[0.833],"y":[0.833]},"o":{"x":[0.167],"y":[0.167]},"t":28,"s":[100]},{"t":37,"s":[0]}],"ix":11},"r":{"a":0,"k":0,"ix":10},"p":{"a":0,"k":[-250.75,-222.587,0],"ix":2},"a":{"a":0,"k":[-250.75,-222.587,0],"ix":1},"s":{"a":0,"k":[100,100,100],"ix":6}},"ao":0,"shapes":[{"ty":"gr","it":[{"ind":0,"ty":"sh","ix":1,"ks":{"a":0,"k":{"i":[[0,-100.66],[0,100.685]],"o":[[0,100.685],[0,-100.66]],"v":[[-175.236,-222.596],[-326.264,-222.596]],"c":true},"ix":2},"nm":"Path 1","mn":"ADBE Vector Shape - Group","hd":false},{"ty":"gf","o":{"a":0,"k":100,"ix":10},"r":1,"bm":0,"g":{"p":3,"k":{"a":0,"k":[0.424,1,1,1,0.819,1,1,1,1,1,1,1,0.424,1,0.819,0.5,1,0],"ix":9}},"s":{"a":0,"k":[-251,-223],"ix":5},"e":{"a":0,"k":[-175.491,-223],"ix":6},"t":2,"h":{"a":0,"k":0,"ix":7},"a":{"a":0,"k":0,"ix":8},"nm":"layerd_gradient","mn":"ADBE Vector Graphic - G-Fill","hd":false},{"ty":"tr","p":{"a":0,"k":[0,0],"ix":2},"a":{"a":0,"k":[0,0],"ix":1},"s":{"a":0,"k":[100,100],"ix":3},"r":{"a":0,"k":0,"ix":6},"o":{"a":0,"k":100,"ix":7},"sk":{"a":0,"k":0,"ix":4},"sa":{"a":0,"k":0,"ix":5},"nm":"Transform"}],"nm":"Group 1","np":2,"cix":2,"bm":0,"ix":1,"mn":"ADBE Vector Group","hd":false}],"ip":10,"op":38,"st":0,"bm":0},{"ddd":0,"ind":25,"ty":4,"nm":"e","parent":35,"sr":1,"ks":{"o":{"a":1,"k":[{"i":{"x":[0.833],"y":[0.833]},"o":{"x":[0.167],"y":[0.167]},"t":28,"s":[100]},{"t":37,"s":[0]}],"ix":11},"r":{"a":0,"k":0,"ix":10},"p":{"a":0,"k":[-130.088,-237.454,0],"ix":2},"a":{"a":0,"k":[-130.088,-237.454,0],"ix":1},"s":{"a":0,"k":[100,100,100],"ix":6}},"ao":0,"shapes":[{"ty":"gr","it":[{"ind":0,"ty":"sh","ix":1,"ks":{"a":0,"k":{"i":[[0,-100.685],[0,100.685]],"o":[[0,100.685],[0,-100.685]],"v":[[-54.574,-237.454],[-205.602,-237.454]],"c":true},"ix":2},"nm":"Path 1","mn":"ADBE Vector Shape - Group","hd":false},{"ty":"gf","o":{"a":0,"k":100,"ix":10},"r":1,"bm":0,"g":{"p":3,"k":{"a":0,"k":[0.424,1,1,1,0.819,1,1,1,1,1,1,1,0.424,1,0.819,0.5,1,0],"ix":9}},"s":{"a":0,"k":[-131,-238],"ix":5},"e":{"a":0,"k":[-55.486,-238],"ix":6},"t":2,"h":{"a":0,"k":0,"ix":7},"a":{"a":0,"k":0,"ix":8},"nm":"layer_e_gradient","mn":"ADBE Vector Graphic - G-Fill","hd":false},{"ty":"tr","p":{"a":0,"k":[0,0],"ix":2},"a":{"a":0,"k":[0,0],"ix":1},"s":{"a":0,"k":[100,100],"ix":3},"r":{"a":0,"k":0,"ix":6},"o":{"a":0,"k":100,"ix":7},"sk":{"a":0,"k":0,"ix":4},"sa":{"a":0,"k":0,"ix":5},"nm":"Transform"}],"nm":"Group 1","np":2,"cix":2,"bm":0,"ix":1,"mn":"ADBE Vector Group","hd":false}],"ip":10,"op":38,"st":0,"bm":0},{"ddd":0,"ind":26,"ty":4,"nm":"f","parent":36,"sr":1,"ks":{"o":{"a":1,"k":[{"i":{"x":[0.833],"y":[0.833]},"o":{"x":[0.167],"y":[0.167]},"t":28,"s":[100]},{"t":37,"s":[0]}],"ix":11},"r":{"a":0,"k":0,"ix":10},"p":{"a":0,"k":[-3.007,-335.348,0],"ix":2},"a":{"a":0,"k":[-3.007,-335.348,0],"ix":1},"s":{"a":0,"k":[100,100,100],"ix":6}},"ao":0,"shapes":[{"ty":"gr","it":[{"ind":0,"ty":"sh","ix":1,"ks":{"a":0,"k":{"i":[[0,-100.685],[0,100.674]],"o":[[0,100.674],[0,-100.685]],"v":[[96.779,-335.343],[-102.794,-335.343]],"c":true},"ix":2},"nm":"Path 1","mn":"ADBE Vector Shape - Group","hd":false},{"ty":"gf","o":{"a":0,"k":100,"ix":10},"r":1,"bm":0,"g":{"p":3,"k":{"a":0,"k":[0.424,1,1,1,0.819,1,1,1,1,1,1,1,0.424,1,0.819,0.5,1,0],"ix":9}},"s":{"a":0,"k":[-5.565,-334.602],"ix":5},"e":{"a":0,"k":[-5.25,-260.016],"ix":6},"t":2,"h":{"a":0,"k":0,"ix":7},"a":{"a":0,"k":0,"ix":8},"nm":"fgradient","mn":"ADBE Vector Graphic - G-Fill","hd":false},{"ty":"tr","p":{"a":0,"k":[0,0],"ix":2},"a":{"a":0,"k":[0,0],"ix":1},"s":{"a":0,"k":[100,100],"ix":3},"r":{"a":0,"k":0,"ix":6},"o":{"a":0,"k":100,"ix":7},"sk":{"a":0,"k":0,"ix":4},"sa":{"a":0,"k":0,"ix":5},"nm":"Transform"}],"nm":"Group 1","np":2,"cix":2,"bm":0,"ix":1,"mn":"ADBE Vector Group","hd":false}],"ip":10,"op":38,"st":0,"bm":0},{"ddd":0,"ind":27,"ty":4,"nm":"g","parent":37,"sr":1,"ks":{"o":{"a":1,"k":[{"i":{"x":[0.833],"y":[0.833]},"o":{"x":[0.167],"y":[0.167]},"t":28,"s":[100]},{"t":37,"s":[0]}],"ix":11},"r":{"a":0,"k":0,"ix":10},"p":{"a":0,"k":[-199.285,-283.221,0],"ix":2},"a":{"a":0,"k":[-199.285,-283.221,0],"ix":1},"s":{"a":0,"k":[100,100,100],"ix":6}},"ao":0,"shapes":[{"ty":"gr","it":[{"ind":0,"ty":"sh","ix":1,"ks":{"a":0,"k":{"i":[[0,-96.307],[0,96.283]],"o":[[0,96.283],[0,-96.307]],"v":[[-123.57,-283.212],[-275,-283.212]],"c":true},"ix":2},"nm":"Path 1","mn":"ADBE Vector Shape - Group","hd":false},{"ty":"gf","o":{"a":0,"k":100,"ix":10},"r":1,"bm":0,"g":{"p":3,"k":{"a":0,"k":[0.424,1,1,1,0.819,1,1,1,1,1,1,1,0.424,1,0.819,0.5,1,0],"ix":9}},"s":{"a":0,"k":[-200.002,-280.14],"ix":5},"e":{"a":0,"k":[-159.812,-232.445],"ix":6},"t":2,"h":{"a":0,"k":0,"ix":7},"a":{"a":0,"k":0,"ix":8},"nm":"layerg_Gradient","mn":"ADBE Vector Graphic - G-Fill","hd":false},{"ty":"tr","p":{"a":0,"k":[0,0],"ix":2},"a":{"a":0,"k":[0,0],"ix":1},"s":{"a":0,"k":[100,100],"ix":3},"r":{"a":0,"k":0,"ix":6},"o":{"a":0,"k":100,"ix":7},"sk":{"a":0,"k":0,"ix":4},"sa":{"a":0,"k":0,"ix":5},"nm":"Transform"}],"nm":"Group 1","np":2,"cix":2,"bm":0,"ix":1,"mn":"ADBE Vector Group","hd":false}],"ip":10,"op":38,"st":0,"bm":0},{"ddd":0,"ind":28,"ty":4,"nm":"h","parent":38,"sr":1,"ks":{"o":{"a":1,"k":[{"i":{"x":[0.833],"y":[0.833]},"o":{"x":[0.167],"y":[0.167]},"t":28,"s":[100]},{"t":37,"s":[0]}],"ix":11},"r":{"a":0,"k":0,"ix":10},"p":{"a":0,"k":[124.097,-237.454,0],"ix":2},"a":{"a":0,"k":[124.097,-237.454,0],"ix":1},"s":{"a":0,"k":[100,100,100],"ix":6}},"ao":0,"shapes":[{"ty":"gr","it":[{"ind":0,"ty":"sh","ix":1,"ks":{"a":0,"k":{"i":[[0,-100.685],[0,100.685]],"o":[[0,100.685],[0,-100.685]],"v":[[48.583,-237.454],[199.611,-237.454]],"c":true},"ix":2},"nm":"Path 1","mn":"ADBE Vector Shape - Group","hd":false},{"ty":"gf","o":{"a":0,"k":100,"ix":10},"r":1,"bm":0,"g":{"p":3,"k":{"a":0,"k":[0.424,1,1,1,0.819,1,1,1,1,1,1,1,0.424,1,0.819,0.5,1,0],"ix":9}},"s":{"a":0,"k":[123.897,-237.352],"ix":5},"e":{"a":0,"k":[62.586,-215.594],"ix":6},"t":2,"h":{"a":0,"k":0,"ix":7},"a":{"a":0,"k":0,"ix":8},"nm":"layerhgrad","mn":"ADBE Vector Graphic - G-Fill","hd":false},{"ty":"tr","p":{"a":0,"k":[0,0],"ix":2},"a":{"a":0,"k":[0,0],"ix":1},"s":{"a":0,"k":[100,100],"ix":3},"r":{"a":0,"k":0,"ix":6},"o":{"a":0,"k":100,"ix":7},"sk":{"a":0,"k":0,"ix":4},"sa":{"a":0,"k":0,"ix":5},"nm":"Transform"}],"nm":"Group 1","np":2,"cix":2,"bm":0,"ix":1,"mn":"ADBE Vector Group","hd":false}],"ip":10,"op":38,"st":0,"bm":0},{"ddd":0,"ind":29,"ty":4,"nm":"i","parent":39,"sr":1,"ks":{"o":{"a":1,"k":[{"i":{"x":[0.833],"y":[0.833]},"o":{"x":[0.167],"y":[0.167]},"t":28,"s":[100]},{"t":37,"s":[0]}],"ix":11},"r":{"a":0,"k":0,"ix":10},"p":{"a":0,"k":[-114.294,-320.914,0],"ix":2},"a":{"a":0,"k":[-114.294,-320.914,0],"ix":1},"s":{"a":0,"k":[100,100,100],"ix":6}},"ao":0,"shapes":[{"ty":"gr","it":[{"ind":0,"ty":"sh","ix":1,"ks":{"a":0,"k":{"i":[[0,-100.685],[0,100.674]],"o":[[0,100.674],[0,-100.685]],"v":[[-38.767,-320.91],[-189.821,-320.91]],"c":true},"ix":2},"nm":"Path 1","mn":"ADBE Vector Shape - Group","hd":false},{"ty":"gf","o":{"a":0,"k":100,"ix":10},"r":1,"bm":0,"g":{"p":3,"k":{"a":0,"k":[0.424,1,1,1,0.819,1,1,1,1,1,1,1,0.424,1,0.819,0.5,1,0],"ix":9}},"s":{"a":0,"k":[-115,-321],"ix":5},"e":{"a":0,"k":[-39.482,-321],"ix":6},"t":2,"h":{"a":0,"k":0,"ix":7},"a":{"a":0,"k":0,"ix":8},"nm":"igradient","mn":"ADBE Vector Graphic - G-Fill","hd":false},{"ty":"tr","p":{"a":0,"k":[0,0],"ix":2},"a":{"a":0,"k":[0,0],"ix":1},"s":{"a":0,"k":[100,100],"ix":3},"r":{"a":0,"k":0,"ix":6},"o":{"a":0,"k":100,"ix":7},"sk":{"a":0,"k":0,"ix":4},"sa":{"a":0,"k":0,"ix":5},"nm":"Transform"}],"nm":"Group 1","np":2,"cix":2,"bm":0,"ix":1,"mn":"ADBE Vector Group","hd":false}],"ip":10,"op":38,"st":0,"bm":0},{"ddd":0,"ind":30,"ty":4,"nm":"j","parent":40,"sr":1,"ks":{"o":{"a":1,"k":[{"i":{"x":[0.833],"y":[0.833]},"o":{"x":[0.167],"y":[0.167]},"t":28,"s":[100]},{"t":37,"s":[0]}],"ix":11},"r":{"a":0,"k":0,"ix":10},"p":{"a":0,"k":[-3.007,-234.665,0],"ix":2},"a":{"a":0,"k":[-3.007,-234.665,0],"ix":1},"s":{"a":0,"k":[100,100,100],"ix":6}},"ao":0,"shapes":[{"ty":"gr","it":[{"ty":"st","c":{"a":0,"k":[0.450980003207,0.984314024682,0.968626972273,1],"ix":3},"o":{"a":0,"k":100,"ix":4},"w":{"a":0,"k":0,"ix":5},"lc":1,"lj":1,"ml":4,"bm":0,"nm":"Stroke 1","mn":"ADBE Vector Graphic - Stroke","hd":false},{"ty":"gf","o":{"a":0,"k":100,"ix":10},"r":1,"bm":0,"g":{"p":11,"k":{"a":0,"k":[0,0.341,0.898,1,0.097,0.331,0.888,0.996,0.194,0.322,0.878,0.992,0.308,0.296,0.851,0.982,0.422,0.271,0.824,0.973,0.545,0.227,0.776,0.955,0.668,0.184,0.729,0.937,0.796,0.125,0.665,0.912,0.925,0.067,0.6,0.886,0.962,0.047,0.578,0.878,1,0.027,0.557,0.871],"ix":9}},"s":{"a":0,"k":[0,0],"ix":5},"e":{"a":0,"k":[100,0],"ix":6},"t":2,"h":{"a":0,"k":0,"ix":7},"a":{"a":0,"k":0,"ix":8},"nm":"Gradient Fill 1","mn":"ADBE Vector Graphic - G-Fill","hd":false},{"ty":"tr","p":{"a":0,"k":[0,0],"ix":2},"a":{"a":0,"k":[0,0],"ix":1},"s":{"a":0,"k":[100,100],"ix":3},"r":{"a":0,"k":0,"ix":6},"o":{"a":0,"k":100,"ix":7},"sk":{"a":0,"k":0,"ix":4},"sa":{"a":0,"k":0,"ix":5},"nm":"Transform"}],"nm":"Shape 1","np":2,"cix":2,"bm":0,"ix":1,"mn":"ADBE Vector Group","hd":false},{"ty":"gr","it":[{"ind":0,"ty":"sh","ix":1,"ks":{"a":0,"k":{"i":[[0,-100.674],[0,100.685]],"o":[[0,100.685],[0,-100.674]],"v":[[91.385,-234.67],[-97.4,-234.67]],"c":true},"ix":2},"nm":"Path 1","mn":"ADBE Vector Shape - Group","hd":false},{"ty":"gf","o":{"a":0,"k":100,"ix":10},"r":1,"bm":0,"g":{"p":3,"k":{"a":0,"k":[0.424,1,1,1,0.819,1,1,1,1,1,1,1,0.424,1,0.819,0.5,1,0],"ix":9}},"s":{"a":0,"k":[-4.451,-238.625],"ix":5},"e":{"a":0,"k":[-2.828,-165.617],"ix":6},"t":2,"h":{"a":0,"k":0,"ix":7},"a":{"a":0,"k":0,"ix":8},"nm":"jgradient","mn":"ADBE Vector Graphic - G-Fill","hd":false},{"ty":"tr","p":{"a":0,"k":[0,0],"ix":2},"a":{"a":0,"k":[0,0],"ix":1},"s":{"a":0,"k":[100,100],"ix":3},"r":{"a":0,"k":0,"ix":6},"o":{"a":0,"k":100,"ix":7},"sk":{"a":0,"k":0,"ix":4},"sa":{"a":0,"k":0,"ix":5},"nm":"Transform"}],"nm":"Group 1","np":2,"cix":2,"bm":0,"ix":2,"mn":"ADBE Vector Group","hd":false}],"ip":10,"op":38,"st":0,"bm":0},{"ddd":0,"ind":31,"ty":4,"nm":"a2","parent":41,"sr":1,"ks":{"o":{"a":1,"k":[{"i":{"x":[0.833],"y":[0.833]},"o":{"x":[0.167],"y":[0.167]},"t":28,"s":[100]},{"t":37,"s":[0]}],"ix":11},"r":{"a":0,"k":0,"ix":10},"p":{"a":1,"k":[{"i":{"x":0.667,"y":1},"o":{"x":0.333,"y":0},"t":19,"s":[244.76,-222.587,0],"to":[-2.409,-5.085,0],"ti":[2.409,5.085,0]},{"t":37,"s":[230.304,-253.094,0]}],"ix":2},"a":{"a":0,"k":[244.76,-222.587,0],"ix":1},"s":{"a":0,"k":[100,100,100],"ix":6}},"ao":0,"shapes":[{"ty":"gr","it":[{"ind":0,"ty":"sh","ix":1,"ks":{"a":0,"k":{"i":[[0,-100.66],[0,100.685]],"o":[[0,100.685],[0,-100.66]],"v":[[169.246,-222.596],[320.274,-222.596]],"c":true},"ix":2},"nm":"Path 1","mn":"ADBE Vector Shape - Group","hd":false},{"ty":"fl","c":{"a":0,"k":[0.811764717102,0.847058832645,0.866666674614,1],"ix":4},"o":{"a":0,"k":100,"ix":5},"r":1,"bm":0,"nm":"Fill 1","mn":"ADBE Vector Graphic - Fill","hd":false},{"ty":"tr","p":{"a":0,"k":[0,0],"ix":2},"a":{"a":0,"k":[0,0],"ix":1},"s":{"a":0,"k":[100,100],"ix":3},"r":{"a":0,"k":0,"ix":6},"o":{"a":0,"k":100,"ix":7},"sk":{"a":0,"k":0,"ix":4},"sa":{"a":0,"k":0,"ix":5},"nm":"Transform"}],"nm":"Group 1","np":2,"cix":2,"bm":0,"ix":1,"mn":"ADBE Vector Group","hd":false}],"ip":10,"op":38,"st":0,"bm":0},{"ddd":0,"ind":32,"ty":4,"nm":"b2","parent":41,"sr":1,"ks":{"o":{"a":1,"k":[{"i":{"x":[0.833],"y":[0.833]},"o":{"x":[0.167],"y":[0.167]},"t":28,"s":[100]},{"t":37,"s":[0]}],"ix":11},"r":{"a":0,"k":0,"ix":10},"p":{"a":1,"k":[{"i":{"x":0.667,"y":1},"o":{"x":0.333,"y":0},"t":19,"s":[193.094,-279.928,0],"to":[0.093,-13.567,0],"ti":[-0.093,13.567,0]},{"t":37,"s":[193.651,-361.331,0]}],"ix":2},"a":{"a":0,"k":[193.094,-279.928,0],"ix":1},"s":{"a":0,"k":[100,100,100],"ix":6}},"ao":0,"shapes":[{"ty":"gr","it":[{"ind":0,"ty":"sh","ix":1,"ks":{"a":0,"k":{"i":[[0,-100.698],[0,100.673]],"o":[[0,100.673],[0,-100.698]],"v":[[117.58,-279.919],[268.608,-279.919]],"c":true},"ix":2},"nm":"Path 1","mn":"ADBE Vector Shape - Group","hd":false},{"ty":"fl","c":{"a":0,"k":[0.811764717102,0.847058832645,0.866666674614,1],"ix":4},"o":{"a":0,"k":100,"ix":5},"r":1,"bm":0,"nm":"Fill 1","mn":"ADBE Vector Graphic - Fill","hd":false},{"ty":"tr","p":{"a":0,"k":[0,0],"ix":2},"a":{"a":0,"k":[0,0],"ix":1},"s":{"a":0,"k":[100,100],"ix":3},"r":{"a":0,"k":0,"ix":6},"o":{"a":0,"k":100,"ix":7},"sk":{"a":0,"k":0,"ix":4},"sa":{"a":0,"k":0,"ix":5},"nm":"Transform"}],"nm":"Group 1","np":2,"cix":2,"bm":0,"ix":1,"mn":"ADBE Vector Group","hd":false}],"ip":10,"op":38,"st":0,"bm":0},{"ddd":0,"ind":33,"ty":4,"nm":"c2","parent":41,"sr":1,"ks":{"o":{"a":1,"k":[{"i":{"x":[0.833],"y":[0.833]},"o":{"x":[0.167],"y":[0.167]},"t":28,"s":[100]},{"t":37,"s":[0]}],"ix":11},"r":{"a":0,"k":0,"ix":10},"p":{"a":1,"k":[{"i":{"x":0.667,"y":1},"o":{"x":0.333,"y":0},"t":19,"s":[108.291,-320.914,0],"to":[-0.458,-14.233,0],"ti":[0.458,14.233,0]},{"t":37,"s":[105.54,-406.313,0]}],"ix":2},"a":{"a":0,"k":[108.291,-320.914,0],"ix":1},"s":{"a":0,"k":[100,100,100],"ix":6}},"ao":0,"shapes":[{"ty":"gr","it":[{"ind":0,"ty":"sh","ix":1,"ks":{"a":0,"k":{"i":[[0,-100.685],[0,100.674]],"o":[[0,100.674],[0,-100.685]],"v":[[32.776,-320.91],[183.805,-320.91]],"c":true},"ix":2},"nm":"Path 1","mn":"ADBE Vector Shape - Group","hd":false},{"ty":"fl","c":{"a":0,"k":[0.811764717102,0.847058832645,0.866666674614,1],"ix":4},"o":{"a":0,"k":100,"ix":5},"r":1,"bm":0,"nm":"Fill 1","mn":"ADBE Vector Graphic - Fill","hd":false},{"ty":"tr","p":{"a":0,"k":[0,0],"ix":2},"a":{"a":0,"k":[0,0],"ix":1},"s":{"a":0,"k":[100,100],"ix":3},"r":{"a":0,"k":0,"ix":6},"o":{"a":0,"k":100,"ix":7},"sk":{"a":0,"k":0,"ix":4},"sa":{"a":0,"k":0,"ix":5},"nm":"Transform"}],"nm":"Group 1","np":2,"cix":2,"bm":0,"ix":1,"mn":"ADBE Vector Group","hd":false}],"ip":10,"op":38,"st":0,"bm":0},{"ddd":0,"ind":34,"ty":4,"nm":"d2","parent":41,"sr":1,"ks":{"o":{"a":1,"k":[{"i":{"x":[0.833],"y":[0.833]},"o":{"x":[0.167],"y":[0.167]},"t":28,"s":[100]},{"t":37,"s":[0]}],"ix":11},"r":{"a":0,"k":0,"ix":10},"p":{"a":1,"k":[{"i":{"x":0.667,"y":1},"o":{"x":0.333,"y":0},"t":19,"s":[-250.75,-222.587,0],"to":[-11.319,-7.518,0],"ti":[11.319,7.518,0]},{"t":37,"s":[-318.662,-267.695,0]}],"ix":2},"a":{"a":0,"k":[-250.75,-222.587,0],"ix":1},"s":{"a":0,"k":[100,100,100],"ix":6}},"ao":0,"shapes":[{"ty":"gr","it":[{"ind":0,"ty":"sh","ix":1,"ks":{"a":0,"k":{"i":[[0,-100.66],[0,100.685]],"o":[[0,100.685],[0,-100.66]],"v":[[-175.236,-222.596],[-326.264,-222.596]],"c":true},"ix":2},"nm":"Path 1","mn":"ADBE Vector Shape - Group","hd":false},{"ty":"fl","c":{"a":0,"k":[0.811764717102,0.847058832645,0.866666674614,1],"ix":4},"o":{"a":0,"k":100,"ix":5},"r":1,"bm":0,"nm":"Fill 1","mn":"ADBE Vector Graphic - Fill","hd":false},{"ty":"tr","p":{"a":0,"k":[0,0],"ix":2},"a":{"a":0,"k":[0,0],"ix":1},"s":{"a":0,"k":[100,100],"ix":3},"r":{"a":0,"k":0,"ix":6},"o":{"a":0,"k":100,"ix":7},"sk":{"a":0,"k":0,"ix":4},"sa":{"a":0,"k":0,"ix":5},"nm":"Transform"}],"nm":"Group 1","np":2,"cix":2,"bm":0,"ix":1,"mn":"ADBE Vector Group","hd":false}],"ip":10,"op":38,"st":0,"bm":0},{"ddd":0,"ind":35,"ty":4,"nm":"e2","parent":41,"sr":1,"ks":{"o":{"a":1,"k":[{"i":{"x":[0.833],"y":[0.833]},"o":{"x":[0.167],"y":[0.167]},"t":28,"s":[100]},{"t":37,"s":[0]}],"ix":11},"r":{"a":0,"k":0,"ix":10},"p":{"a":1,"k":[{"i":{"x":0.667,"y":1},"o":{"x":0.333,"y":0},"t":19,"s":[-130.088,-237.454,0],"to":[-7.012,-3.751,0],"ti":[7.012,3.751,0]},{"t":37,"s":[-172.161,-259.959,0]}],"ix":2},"a":{"a":0,"k":[-130.088,-237.454,0],"ix":1},"s":{"a":0,"k":[100,100,100],"ix":6}},"ao":0,"shapes":[{"ty":"gr","it":[{"ind":0,"ty":"sh","ix":1,"ks":{"a":0,"k":{"i":[[0,-100.685],[0,100.685]],"o":[[0,100.685],[0,-100.685]],"v":[[-54.574,-237.454],[-205.602,-237.454]],"c":true},"ix":2},"nm":"Path 1","mn":"ADBE Vector Shape - Group","hd":false},{"ty":"fl","c":{"a":0,"k":[0.811764717102,0.847058832645,0.866666674614,1],"ix":4},"o":{"a":0,"k":100,"ix":5},"r":1,"bm":0,"nm":"Fill 1","mn":"ADBE Vector Graphic - Fill","hd":false},{"ty":"tr","p":{"a":0,"k":[0,0],"ix":2},"a":{"a":0,"k":[0,0],"ix":1},"s":{"a":0,"k":[100,100],"ix":3},"r":{"a":0,"k":0,"ix":6},"o":{"a":0,"k":100,"ix":7},"sk":{"a":0,"k":0,"ix":4},"sa":{"a":0,"k":0,"ix":5},"nm":"Transform"}],"nm":"Group 1","np":2,"cix":2,"bm":0,"ix":1,"mn":"ADBE Vector Group","hd":false}],"ip":10,"op":38,"st":0,"bm":0},{"ddd":0,"ind":36,"ty":4,"nm":"f2","parent":41,"sr":1,"ks":{"o":{"a":1,"k":[{"i":{"x":[0.833],"y":[0.833]},"o":{"x":[0.167],"y":[0.167]},"t":28,"s":[100]},{"t":37,"s":[0]}],"ix":11},"r":{"a":0,"k":0,"ix":10},"p":{"a":1,"k":[{"i":{"x":0.667,"y":1},"o":{"x":0.333,"y":0},"t":19,"s":[-3.007,-335.348,0],"to":[-0.11,-15.683,0],"ti":[0.11,15.683,0]},{"t":37,"s":[-3.669,-429.448,0]}],"ix":2},"a":{"a":0,"k":[-3.007,-335.348,0],"ix":1},"s":{"a":0,"k":[100,100,100],"ix":6}},"ao":0,"shapes":[{"ty":"gr","it":[{"ind":0,"ty":"sh","ix":1,"ks":{"a":0,"k":{"i":[[0,-100.685],[0,100.674]],"o":[[0,100.674],[0,-100.685]],"v":[[96.779,-335.343],[-102.794,-335.343]],"c":true},"ix":2},"nm":"Path 1","mn":"ADBE Vector Shape - Group","hd":false},{"ty":"fl","c":{"a":0,"k":[0.811764717102,0.847058832645,0.866666674614,1],"ix":4},"o":{"a":0,"k":100,"ix":5},"r":1,"bm":0,"nm":"Fill 1","mn":"ADBE Vector Graphic - Fill","hd":false},{"ty":"tr","p":{"a":0,"k":[0,0],"ix":2},"a":{"a":0,"k":[0,0],"ix":1},"s":{"a":0,"k":[100,100],"ix":3},"r":{"a":0,"k":0,"ix":6},"o":{"a":0,"k":100,"ix":7},"sk":{"a":0,"k":0,"ix":4},"sa":{"a":0,"k":0,"ix":5},"nm":"Transform"}],"nm":"Group 1","np":2,"cix":2,"bm":0,"ix":1,"mn":"ADBE Vector Group","hd":false}],"ip":10,"op":38,"st":0,"bm":0},{"ddd":0,"ind":37,"ty":4,"nm":"g2","parent":41,"sr":1,"ks":{"o":{"a":1,"k":[{"i":{"x":[0.833],"y":[0.833]},"o":{"x":[0.167],"y":[0.167]},"t":28,"s":[100]},{"t":37,"s":[0]}],"ix":11},"r":{"a":0,"k":0,"ix":10},"p":{"a":1,"k":[{"i":{"x":0.667,"y":1},"o":{"x":0.333,"y":0},"t":19,"s":[-199.084,-279.928,0],"to":[-7.86,-15.317,0],"ti":[7.86,15.317,0]},{"t":37,"s":[-246.245,-371.828,0]}],"ix":2},"a":{"a":0,"k":[-199.084,-279.928,0],"ix":1},"s":{"a":0,"k":[100,100,100],"ix":6}},"ao":0,"shapes":[{"ty":"gr","it":[{"ind":0,"ty":"sh","ix":1,"ks":{"a":0,"k":{"i":[[0,-100.698],[0,100.673]],"o":[[0,100.673],[0,-100.698]],"v":[[-123.57,-279.919],[-274.599,-279.919]],"c":true},"ix":2},"nm":"Path 1","mn":"ADBE Vector Shape - Group","hd":false},{"ty":"fl","c":{"a":0,"k":[0.811764717102,0.847058832645,0.866666674614,1],"ix":4},"o":{"a":0,"k":100,"ix":5},"r":1,"bm":0,"nm":"Fill 1","mn":"ADBE Vector Graphic - Fill","hd":false},{"ty":"tr","p":{"a":0,"k":[0,0],"ix":2},"a":{"a":0,"k":[0,0],"ix":1},"s":{"a":0,"k":[100,100],"ix":3},"r":{"a":0,"k":0,"ix":6},"o":{"a":0,"k":100,"ix":7},"sk":{"a":0,"k":0,"ix":4},"sa":{"a":0,"k":0,"ix":5},"nm":"Transform"}],"nm":"Group 1","np":2,"cix":2,"bm":0,"ix":1,"mn":"ADBE Vector Group","hd":false}],"ip":10,"op":38,"st":0,"bm":0},{"ddd":0,"ind":38,"ty":4,"nm":"h2","parent":41,"sr":1,"ks":{"o":{"a":1,"k":[{"i":{"x":[0.833],"y":[0.833]},"o":{"x":[0.167],"y":[0.167]},"t":28,"s":[100]},{"t":37,"s":[0]}],"ix":11},"r":{"a":0,"k":0,"ix":10},"p":{"a":1,"k":[{"i":{"x":0.667,"y":1},"o":{"x":0.333,"y":0},"t":19,"s":[124.097,-237.454,0],"to":[3.049,-10.184,0],"ti":[-3.049,10.184,0]},{"t":37,"s":[142.391,-298.556,0]}],"ix":2},"a":{"a":0,"k":[124.097,-237.454,0],"ix":1},"s":{"a":0,"k":[100,100,100],"ix":6}},"ao":0,"shapes":[{"ty":"gr","it":[{"ind":0,"ty":"sh","ix":1,"ks":{"a":0,"k":{"i":[[0,-100.685],[0,100.685]],"o":[[0,100.685],[0,-100.685]],"v":[[48.583,-237.454],[199.611,-237.454]],"c":true},"ix":2},"nm":"Path 1","mn":"ADBE Vector Shape - Group","hd":false},{"ty":"fl","c":{"a":0,"k":[0.811764717102,0.847058832645,0.866666674614,1],"ix":4},"o":{"a":0,"k":100,"ix":5},"r":1,"bm":0,"nm":"Fill 1","mn":"ADBE Vector Graphic - Fill","hd":false},{"ty":"tr","p":{"a":0,"k":[0,0],"ix":2},"a":{"a":0,"k":[0,0],"ix":1},"s":{"a":0,"k":[100,100],"ix":3},"r":{"a":0,"k":0,"ix":6},"o":{"a":0,"k":100,"ix":7},"sk":{"a":0,"k":0,"ix":4},"sa":{"a":0,"k":0,"ix":5},"nm":"Transform"}],"nm":"Group 1","np":2,"cix":2,"bm":0,"ix":1,"mn":"ADBE Vector Group","hd":false}],"ip":10,"op":38,"st":0,"bm":0},{"ddd":0,"ind":39,"ty":4,"nm":"i2","parent":41,"sr":1,"ks":{"o":{"a":1,"k":[{"i":{"x":[0.833],"y":[0.833]},"o":{"x":[0.167],"y":[0.167]},"t":28,"s":[100]},{"t":37,"s":[0]}],"ix":11},"r":{"a":0,"k":0,"ix":10},"p":{"a":1,"k":[{"i":{"x":0.667,"y":1},"o":{"x":0.333,"y":0},"t":19,"s":[-114.294,-320.914,0],"to":[-2.985,-12.534,0],"ti":[2.985,12.534,0]},{"t":37,"s":[-132.205,-396.116,0]}],"ix":2},"a":{"a":0,"k":[-114.294,-320.914,0],"ix":1},"s":{"a":0,"k":[100,100,100],"ix":6}},"ao":0,"shapes":[{"ty":"gr","it":[{"ind":0,"ty":"sh","ix":1,"ks":{"a":0,"k":{"i":[[0,-100.685],[0,100.674]],"o":[[0,100.674],[0,-100.685]],"v":[[-38.767,-320.91],[-189.821,-320.91]],"c":true},"ix":2},"nm":"Path 1","mn":"ADBE Vector Shape - Group","hd":false},{"ty":"fl","c":{"a":0,"k":[0.811764717102,0.847058832645,0.866666674614,1],"ix":4},"o":{"a":0,"k":100,"ix":5},"r":1,"bm":0,"nm":"Fill 1","mn":"ADBE Vector Graphic - Fill","hd":false},{"ty":"tr","p":{"a":0,"k":[0,0],"ix":2},"a":{"a":0,"k":[0,0],"ix":1},"s":{"a":0,"k":[100,100],"ix":3},"r":{"a":0,"k":0,"ix":6},"o":{"a":0,"k":100,"ix":7},"sk":{"a":0,"k":0,"ix":4},"sa":{"a":0,"k":0,"ix":5},"nm":"Transform"}],"nm":"Group 1","np":2,"cix":2,"bm":0,"ix":1,"mn":"ADBE Vector Group","hd":false}],"ip":10,"op":38,"st":0,"bm":0},{"ddd":0,"ind":40,"ty":4,"nm":"j2","parent":41,"sr":1,"ks":{"o":{"a":1,"k":[{"i":{"x":[0.833],"y":[0.833]},"o":{"x":[0.167],"y":[0.167]},"t":28,"s":[100]},{"t":37,"s":[0]}],"ix":11},"r":{"a":0,"k":0,"ix":10},"p":{"a":1,"k":[{"i":{"x":0.667,"y":1},"o":{"x":0.333,"y":0},"t":19,"s":[-3.007,-234.665,0],"to":[-3.333,-4.484,0],"ti":[3.333,4.484,0]},{"t":37,"s":[-23.007,-261.567,0]}],"ix":2},"a":{"a":0,"k":[-3.007,-234.665,0],"ix":1},"s":{"a":0,"k":[100,100,100],"ix":6}},"ao":0,"shapes":[{"ty":"gr","it":[{"ind":0,"ty":"sh","ix":1,"ks":{"a":0,"k":{"i":[[0,-100.674],[0,100.685]],"o":[[0,100.685],[0,-100.674]],"v":[[91.385,-234.67],[-97.4,-234.67]],"c":true},"ix":2},"nm":"Path 1","mn":"ADBE Vector Shape - Group","hd":false},{"ty":"fl","c":{"a":0,"k":[0.811764717102,0.847058832645,0.866666674614,1],"ix":4},"o":{"a":0,"k":100,"ix":5},"r":1,"bm":0,"nm":"Fill 1","mn":"ADBE Vector Graphic - Fill","hd":false},{"ty":"tr","p":{"a":0,"k":[0,0],"ix":2},"a":{"a":0,"k":[0,0],"ix":1},"s":{"a":0,"k":[100,100],"ix":3},"r":{"a":0,"k":0,"ix":6},"o":{"a":0,"k":100,"ix":7},"sk":{"a":0,"k":0,"ix":4},"sa":{"a":0,"k":0,"ix":5},"nm":"Transform"}],"nm":"Group 1","np":2,"cix":2,"bm":0,"ix":1,"mn":"ADBE Vector Group","hd":false}],"ip":10,"op":38,"st":0,"bm":0},{"ddd":0,"ind":41,"ty":4,"nm":"Fire","parent":1,"sr":1,"ks":{"o":{"a":1,"k":[{"i":{"x":[0.833],"y":[0.833]},"o":{"x":[0.167],"y":[0.167]},"t":25,"s":[100]},{"t":35,"s":[0]}],"ix":11},"r":{"a":0,"k":0,"ix":10},"p":{"a":0,"k":[63.005,-259.322,0],"ix":2},"a":{"a":0,"k":[13.005,-1.322,0],"ix":1},"s":{"a":1,"k":[{"i":{"x":[0,0,0.667],"y":[1,1,1]},"o":{"x":[0.167,0.167,0.167],"y":[0.167,0.167,0]},"t":10,"s":[0,0,100]},{"t":27,"s":[100,100,100]}],"ix":6}},"ao":0,"shapes":[{"ty":"gr","it":[{"ind":0,"ty":"sh","ix":1,"ks":{"a":0,"k":{"i":[[-14.734,-25.235],[13.959,-41.302]],"o":[[14.683,25.246],[-14.784,44.051]],"v":[[26.135,-198.236],[19.317,-4.308]],"c":true},"ix":2},"nm":"Path 1","mn":"ADBE Vector Shape - Group","hd":false},{"ty":"fl","c":{"a":0,"k":[1,0.533333361149,0.003921568859,1],"ix":4},"o":{"a":0,"k":100,"ix":5},"r":1,"bm":0,"nm":"Fill 1","mn":"ADBE Vector Graphic - Fill","hd":false},{"ty":"tr","p":{"a":0,"k":[0,0],"ix":2},"a":{"a":0,"k":[0,0],"ix":1},"s":{"a":0,"k":[100,100],"ix":3},"r":{"a":0,"k":0,"ix":6},"o":{"a":0,"k":100,"ix":7},"sk":{"a":0,"k":0,"ix":4},"sa":{"a":0,"k":0,"ix":5},"nm":"Transform"}],"nm":"Group 1","np":2,"cix":2,"bm":0,"ix":1,"mn":"ADBE Vector Group","hd":false},{"ty":"gr","it":[{"ty":"gr","it":[{"ind":0,"ty":"sh","ix":1,"ks":{"a":0,"k":{"i":[[-17.604,-15.02],[8.765,-29.33]],"o":[[17.606,15.046],[-9.314,31.214]],"v":[[-36.27,-178.322],[-19.414,-48.057]],"c":true},"ix":2},"nm":"Path 1","mn":"ADBE Vector Shape - Group","hd":false},{"ty":"fl","c":{"a":0,"k":[1,0.533333361149,0.003921568859,1],"ix":4},"o":{"a":0,"k":100,"ix":5},"r":1,"bm":0,"nm":"Fill 1","mn":"ADBE Vector Graphic - Fill","hd":false},{"ty":"tr","p":{"a":0,"k":[0,0],"ix":2},"a":{"a":0,"k":[0,0],"ix":1},"s":{"a":0,"k":[100,100],"ix":3},"r":{"a":0,"k":0,"ix":6},"o":{"a":0,"k":100,"ix":7},"sk":{"a":0,"k":0,"ix":4},"sa":{"a":0,"k":0,"ix":5},"nm":"Transform"}],"nm":"Group 1","np":2,"cix":2,"bm":0,"ix":1,"mn":"ADBE Vector Group","hd":false},{"ty":"tr","p":{"a":0,"k":[0,0],"ix":2},"a":{"a":0,"k":[0,0],"ix":1},"s":{"a":0,"k":[100,100],"ix":3},"r":{"a":0,"k":0,"ix":6},"o":{"a":0,"k":100,"ix":7},"sk":{"a":0,"k":0,"ix":4},"sa":{"a":0,"k":0,"ix":5},"nm":"Transform"}],"nm":"Group 2","np":1,"cix":2,"bm":0,"ix":2,"mn":"ADBE Vector Group","hd":false},{"ty":"gr","it":[{"ty":"gr","it":[{"ind":0,"ty":"sh","ix":1,"ks":{"a":0,"k":{"i":[[0,0],[0,0],[0,-54.788],[0,0],[0,0],[0,71.143]],"o":[[0,0],[0,0],[0,54.8],[0,0],[0,0],[0,-71.082]],"v":[[95.455,-211.396],[-101.445,-211.396],[-64.039,-101.334],[-101.445,8.753],[95.455,8.753],[60.145,-101.334]],"c":true},"ix":2},"nm":"Path 1","mn":"ADBE Vector Shape - Group","hd":false},{"ty":"fl","c":{"a":0,"k":[1,0.882352948189,0.172549024224,1],"ix":4},"o":{"a":0,"k":100,"ix":5},"r":1,"bm":0,"nm":"Fill 1","mn":"ADBE Vector Graphic - Fill","hd":false},{"ty":"tr","p":{"a":0,"k":[0,0],"ix":2},"a":{"a":0,"k":[0,0],"ix":1},"s":{"a":0,"k":[100,100],"ix":3},"r":{"a":0,"k":0,"ix":6},"o":{"a":0,"k":100,"ix":7},"sk":{"a":0,"k":0,"ix":4},"sa":{"a":0,"k":0,"ix":5},"nm":"Transform"}],"nm":"Group 1","np":2,"cix":2,"bm":0,"ix":1,"mn":"ADBE Vector Group","hd":false},{"ty":"gr","it":[{"ind":0,"ty":"sh","ix":1,"ks":{"a":0,"k":{"i":[[0,0],[0,0],[0,-55.65],[0,0],[0,0],[0,67.823]],"o":[[0,0],[0,0],[0,55.686],[0,0],[0,0],[0,-67.773]],"v":[[130.777,-211.396],[-136.768,-211.396],[-92.936,-101.334],[-136.768,8.753],[130.777,8.753],[89.849,-101.334]],"c":true},"ix":2},"nm":"Path 1","mn":"ADBE Vector Shape - Group","hd":false},{"ty":"fl","c":{"a":0,"k":[1,0.533333361149,0.003921568859,1],"ix":4},"o":{"a":0,"k":100,"ix":5},"r":1,"bm":0,"nm":"Fill 1","mn":"ADBE Vector Graphic - Fill","hd":false},{"ty":"tr","p":{"a":0,"k":[0,0],"ix":2},"a":{"a":0,"k":[0,0],"ix":1},"s":{"a":0,"k":[100,100],"ix":3},"r":{"a":0,"k":0,"ix":6},"o":{"a":0,"k":100,"ix":7},"sk":{"a":0,"k":0,"ix":4},"sa":{"a":0,"k":0,"ix":5},"nm":"Transform"}],"nm":"Group 2","np":2,"cix":2,"bm":0,"ix":2,"mn":"ADBE Vector Group","hd":false},{"ty":"gr","it":[{"ind":0,"ty":"sh","ix":1,"ks":{"a":0,"k":{"i":[[0,0],[0,0],[0,-56.461],[0,0],[0,0],[0,68.822]],"o":[[0,0],[0,0],[0,56.523],[0,0],[0,0],[0,-68.76]],"v":[[170.844,-211.396],[-176.834,-211.396],[-113.957,-101.334],[-176.834,8.753],[170.844,8.753],[111.587,-101.334]],"c":true},"ix":2},"nm":"Path 1","mn":"ADBE Vector Shape - Group","hd":false},{"ty":"fl","c":{"a":0,"k":[1,0.301960796118,0,1],"ix":4},"o":{"a":0,"k":100,"ix":5},"r":1,"bm":0,"nm":"Fill 1","mn":"ADBE Vector Graphic - Fill","hd":false},{"ty":"tr","p":{"a":0,"k":[0,0],"ix":2},"a":{"a":0,"k":[0,0],"ix":1},"s":{"a":0,"k":[100,100],"ix":3},"r":{"a":0,"k":0,"ix":6},"o":{"a":0,"k":100,"ix":7},"sk":{"a":0,"k":0,"ix":4},"sa":{"a":0,"k":0,"ix":5},"nm":"Transform"}],"nm":"Group 3","np":2,"cix":2,"bm":0,"ix":3,"mn":"ADBE Vector Group","hd":false},{"ty":"tr","p":{"a":0,"k":[0,0],"ix":2},"a":{"a":0,"k":[0,0],"ix":1},"s":{"a":0,"k":[100,100],"ix":3},"r":{"a":0,"k":0,"ix":6},"o":{"a":0,"k":100,"ix":7},"sk":{"a":0,"k":0,"ix":4},"sa":{"a":0,"k":0,"ix":5},"nm":"Transform"}],"nm":"Group 3","np":3,"cix":2,"bm":0,"ix":3,"mn":"ADBE Vector Group","hd":false}],"ip":0,"op":48,"st":0,"bm":0},{"ddd":0,"ind":42,"ty":4,"nm":"S_B_1","parent":41,"sr":1,"ks":{"o":{"a":1,"k":[{"i":{"x":[0.833],"y":[0.833]},"o":{"x":[0.167],"y":[0.167]},"t":28,"s":[100]},{"t":37,"s":[0]}],"ix":11},"r":{"a":0,"k":0,"ix":10},"p":{"a":1,"k":[{"i":{"x":0.667,"y":1},"o":{"x":0.333,"y":0},"t":19,"s":[136.109,-191.564,0],"to":[4.419,-3.85,0],"ti":[-4.419,3.85,0]},{"t":37,"s":[162.624,-214.666,0]}],"ix":2},"a":{"a":0,"k":[136.109,-191.564,0],"ix":1},"s":{"a":0,"k":[100,100,100],"ix":6}},"ao":0,"shapes":[{"ty":"gr","it":[{"ind":0,"ty":"sh","ix":1,"ks":{"a":0,"k":{"i":[[0,-100.674],[0,100.685]],"o":[[0,100.685],[0,-100.674]],"v":[[60.595,-191.569],[211.623,-191.569]],"c":true},"ix":2},"nm":"Path 1","mn":"ADBE Vector Shape - Group","hd":false},{"ty":"fl","c":{"a":0,"k":[0.811764717102,0.847058832645,0.866666674614,1],"ix":4},"o":{"a":0,"k":100,"ix":5},"r":1,"bm":0,"nm":"Fill 1","mn":"ADBE Vector Graphic - Fill","hd":false},{"ty":"tr","p":{"a":0,"k":[0,0],"ix":2},"a":{"a":0,"k":[0,0],"ix":1},"s":{"a":0,"k":[100,100],"ix":3},"r":{"a":0,"k":0,"ix":6},"o":{"a":0,"k":100,"ix":7},"sk":{"a":0,"k":0,"ix":4},"sa":{"a":0,"k":0,"ix":5},"nm":"Transform"}],"nm":"Group 1","np":2,"cix":2,"bm":0,"ix":1,"mn":"ADBE Vector Group","hd":false}],"ip":10,"op":38,"st":0,"bm":0},{"ddd":0,"ind":43,"ty":4,"nm":"S_B_2","parent":41,"sr":1,"ks":{"o":{"a":1,"k":[{"i":{"x":[0.833],"y":[0.833]},"o":{"x":[0.167],"y":[0.167]},"t":28,"s":[100]},{"t":37,"s":[0]}],"ix":11},"r":{"a":0,"k":0,"ix":10},"p":{"a":1,"k":[{"i":{"x":0.667,"y":1},"o":{"x":0.333,"y":0},"t":19,"s":[-142.1,-191.564,0],"to":[-4.74,-3.834,0],"ti":[4.74,3.834,0]},{"t":37,"s":[-170.541,-214.569,0]}],"ix":2},"a":{"a":0,"k":[-142.1,-191.564,0],"ix":1},"s":{"a":0,"k":[100,100,100],"ix":6}},"ao":0,"shapes":[{"ty":"gr","it":[{"ind":0,"ty":"sh","ix":1,"ks":{"a":0,"k":{"i":[[0,-100.674],[0,100.685]],"o":[[0,100.685],[0,-100.674]],"v":[[-217.614,-191.569],[-66.585,-191.569]],"c":true},"ix":2},"nm":"Path 1","mn":"ADBE Vector Shape - Group","hd":false},{"ty":"fl","c":{"a":0,"k":[0.811764717102,0.847058832645,0.866666674614,1],"ix":4},"o":{"a":0,"k":100,"ix":5},"r":1,"bm":0,"nm":"Fill 1","mn":"ADBE Vector Graphic - Fill","hd":false},{"ty":"tr","p":{"a":0,"k":[0,0],"ix":2},"a":{"a":0,"k":[0,0],"ix":1},"s":{"a":0,"k":[100,100],"ix":3},"r":{"a":0,"k":0,"ix":6},"o":{"a":0,"k":100,"ix":7},"sk":{"a":0,"k":0,"ix":4},"sa":{"a":0,"k":0,"ix":5},"nm":"Transform"}],"nm":"Group 1","np":2,"cix":2,"bm":0,"ix":1,"mn":"ADBE Vector Group","hd":false}],"ip":10,"op":38,"st":0,"bm":0},{"ddd":0,"ind":44,"ty":4,"nm":"Face_Back","parent":20,"sr":1,"ks":{"o":{"a":0,"k":100,"ix":11},"r":{"a":0,"k":0,"ix":10},"p":{"a":0,"k":[-2.27,-49.063,0],"ix":2},"a":{"a":0,"k":[-2.27,-49.063,0],"ix":1},"s":{"a":0,"k":[100,100,100],"ix":6}},"ao":0,"shapes":[{"ty":"gr","it":[{"ind":0,"ty":"sh","ix":1,"ks":{"a":0,"k":{"i":[[0,0],[0,-31.464],[0,0],[0,0],[0,0],[0,0],[0,0],[0,0],[0,0],[0,0],[0,0],[0,0],[0,0]],"o":[[4.119,29.766],[0,0],[0,-31.464],[0,0],[0,0],[0,0],[0,0],[0,0],[0,0],[0,0],[0,0],[0,0],[0,0]],"v":[[348.493,-69.446],[346.794,7.005],[-352.784,7.005],[-354.508,-69.446],[-280.168,-93.406],[-223.032,-38.306],[-172.04,-105.13],[-14.344,-59.844],[154.537,-101.321],[185.678,-50.879],[222.41,-83.829],[262.141,-4.557],[301.645,-89.922]],"c":true},"ix":2},"nm":"Path 1","mn":"ADBE Vector Shape - Group","hd":false},{"ty":"fl","c":{"a":0,"k":[0.909803926945,0.639215707779,0.160784319043,1],"ix":4},"o":{"a":0,"k":100,"ix":5},"r":1,"bm":0,"nm":"Fill 1","mn":"ADBE Vector Graphic - Fill","hd":false},{"ty":"tr","p":{"a":0,"k":[0,0],"ix":2},"a":{"a":0,"k":[0,0],"ix":1},"s":{"a":0,"k":[100,100],"ix":3},"r":{"a":0,"k":0,"ix":6},"o":{"a":0,"k":100,"ix":7},"sk":{"a":0,"k":0,"ix":4},"sa":{"a":0,"k":0,"ix":5},"nm":"Transform"}],"nm":"Group 1","np":2,"cix":2,"bm":0,"ix":1,"mn":"ADBE Vector Group","hd":false}],"ip":0,"op":48,"st":0,"bm":0}]}],"layers":[{"ddd":0,"ind":1,"ty":0,"nm":"exploding_head","refId":"comp_0","sr":1,"ks":{"o":{"a":0,"k":100,"ix":11},"r":{"a":0,"k":0,"ix":10},"p":{"a":0,"k":[512,512,0],"ix":2},"a":{"a":0,"k":[512,512,0],"ix":1},"s":{"a":0,"k":[100,100,100],"ix":6}},"ao":0,"w":1024,"h":1024,"ip":0,"op":26,"st":-22,"bm":0},{"ddd":0,"ind":2,"ty":0,"nm":"exploding_head","refId":"comp_0","sr":1,"ks":{"o":{"a":0,"k":100,"ix":11},"r":{"a":0,"k":0,"ix":10},"p":{"a":0,"k":[512,512,0],"ix":2},"a":{"a":0,"k":[512,512,0],"ix":1},"s":{"a":0,"k":[100,100,100],"ix":6}},"ao":0,"w":1024,"h":1024,"ip":26,"op":48,"st":26,"bm":0}],"markers":[]}