{"v":"5.6.2","fr":24,"ip":0,"op":24,"w":1024,"h":1024,"nm":"cold_face","ddd":0,"assets":[{"id":"comp_0","layers":[{"ddd":0,"ind":1,"ty":3,"nm":"ice_Rotation","sr":1,"ks":{"o":{"a":0,"k":0,"ix":11},"r":{"a":1,"k":[{"i":{"x":[0.833],"y":[0.833]},"o":{"x":[0.167],"y":[0.167]},"t":-0.4,"s":[-5]},{"i":{"x":[0.833],"y":[0.833]},"o":{"x":[0.167],"y":[0.167]},"t":2,"s":[5]},{"i":{"x":[0.833],"y":[0.833]},"o":{"x":[0.167],"y":[0.167]},"t":4.399,"s":[-5]},{"i":{"x":[0.833],"y":[0.833]},"o":{"x":[0.167],"y":[0.167]},"t":6.8,"s":[5]},{"i":{"x":[0.833],"y":[0.833]},"o":{"x":[0.167],"y":[0.167]},"t":9.199,"s":[-5]},{"i":{"x":[0.833],"y":[0.833]},"o":{"x":[0.167],"y":[0.167]},"t":11.6,"s":[5]},{"i":{"x":[0.833],"y":[0.833]},"o":{"x":[0.167],"y":[0.167]},"t":14,"s":[-5]},{"i":{"x":[0.833],"y":[0.833]},"o":{"x":[0.167],"y":[0.167]},"t":16.399,"s":[5]},{"i":{"x":[0.833],"y":[0.833]},"o":{"x":[0.167],"y":[0.167]},"t":18.8,"s":[-5]},{"i":{"x":[0.833],"y":[0.833]},"o":{"x":[0.167],"y":[0.167]},"t":21.199,"s":[5]},{"i":{"x":[0.833],"y":[0.833]},"o":{"x":[0.167],"y":[0.167]},"t":23.6,"s":[-5]},{"i":{"x":[0.833],"y":[0.833]},"o":{"x":[0.167],"y":[0.167]},"t":25.6,"s":[5]},{"i":{"x":[0.833],"y":[0.833]},"o":{"x":[0.167],"y":[0.167]},"t":27.6,"s":[-5]},{"i":{"x":[0.833],"y":[0.833]},"o":{"x":[0.167],"y":[0.167]},"t":29.6,"s":[5]},{"i":{"x":[0.833],"y":[0.833]},"o":{"x":[0.167],"y":[0.167]},"t":31.6,"s":[-5]},{"i":{"x":[0.833],"y":[0.833]},"o":{"x":[0.167],"y":[0.167]},"t":33.6,"s":[5]},{"i":{"x":[0.833],"y":[0.833]},"o":{"x":[0.167],"y":[0.167]},"t":35.6,"s":[-5]},{"t":37.599609375,"s":[5]}],"ix":10},"p":{"a":0,"k":[512,512,0],"ix":2},"a":{"a":0,"k":[0,0,0],"ix":1},"s":{"a":0,"k":[100,100,100],"ix":6}},"ao":0,"ip":0,"op":24,"st":0,"bm":0},{"ddd":0,"ind":2,"ty":3,"nm":"ice_Position","parent":4,"sr":1,"ks":{"o":{"a":0,"k":0,"ix":11},"r":{"a":0,"k":0,"ix":10},"p":{"a":0,"k":[6,0,0],"ix":2},"a":{"a":0,"k":[0,0,0],"ix":1},"s":{"a":0,"k":[100,100,100],"ix":6}},"ao":0,"ip":0,"op":24,"st":0,"bm":0},{"ddd":0,"ind":3,"ty":3,"nm":"Body_CTRL","sr":1,"ks":{"o":{"a":0,"k":100,"ix":11},"r":{"a":1,"k":[{"i":{"x":[0.833],"y":[0.833]},"o":{"x":[0.167],"y":[0.167]},"t":0,"s":[-1]},{"i":{"x":[0.833],"y":[0.833]},"o":{"x":[0.167],"y":[0.167]},"t":2.4,"s":[1]},{"i":{"x":[0.833],"y":[0.833]},"o":{"x":[0.167],"y":[0.167]},"t":4.8,"s":[-1]},{"i":{"x":[0.833],"y":[0.833]},"o":{"x":[0.167],"y":[0.167]},"t":7.2,"s":[1]},{"i":{"x":[0.833],"y":[0.833]},"o":{"x":[0.167],"y":[0.167]},"t":9.6,"s":[-1]},{"i":{"x":[0.833],"y":[0.833]},"o":{"x":[0.167],"y":[0.167]},"t":12,"s":[1]},{"i":{"x":[0.833],"y":[0.833]},"o":{"x":[0.167],"y":[0.167]},"t":14.4,"s":[-1]},{"i":{"x":[0.833],"y":[0.833]},"o":{"x":[0.167],"y":[0.167]},"t":16.8,"s":[1]},{"i":{"x":[0.833],"y":[0.833]},"o":{"x":[0.167],"y":[0.167]},"t":19.2,"s":[-1]},{"i":{"x":[0.833],"y":[0.833]},"o":{"x":[0.167],"y":[0.167]},"t":21.6,"s":[1]},{"t":24,"s":[-1]}],"ix":10},"p":{"a":0,"k":[511.998,816,0],"ix":2},"a":{"a":0,"k":[0,0,0],"ix":1},"s":{"a":0,"k":[100,100,100],"ix":6}},"ao":0,"ef":[{"ty":5,"nm":"Controller","np":13,"mn":"Pseudo/DUIK controller","ix":1,"en":1,"ef":[{"ty":6,"nm":"Icon","mn":"Pseudo/DUIK controller-0001","ix":1,"v":0},{"ty":2,"nm":"Color","mn":"Pseudo/DUIK controller-0002","ix":2,"v":{"a":0,"k":[0.92549020052,0.0941176489,0.0941176489,1],"ix":2}},{"ty":3,"nm":"Position","mn":"Pseudo/DUIK controller-0003","ix":3,"v":{"a":0,"k":[0,0],"ix":3}},{"ty":0,"nm":"Size","mn":"Pseudo/DUIK controller-0004","ix":4,"v":{"a":0,"k":100,"ix":4}},{"ty":0,"nm":"Orientation","mn":"Pseudo/DUIK controller-0005","ix":5,"v":{"a":0,"k":0,"ix":5}},{"ty":0,"nm":"Opacity","mn":"Pseudo/DUIK controller-0006","ix":6,"v":{"a":0,"k":100,"ix":6}},{"ty":6,"nm":"","mn":"Pseudo/DUIK controller-0007","ix":7,"v":0},{"ty":6,"nm":"Anchor","mn":"Pseudo/DUIK controller-0008","ix":8,"v":0},{"ty":2,"nm":"Color","mn":"Pseudo/DUIK controller-0009","ix":9,"v":{"a":0,"k":[0,0,0,1],"ix":9}},{"ty":0,"nm":"Size","mn":"Pseudo/DUIK controller-0010","ix":10,"v":{"a":0,"k":100,"ix":10}},{"ty":6,"nm":"","mn":"Pseudo/DUIK controller-0011","ix":11,"v":0}]}],"ip":0,"op":24,"st":0,"bm":0},{"ddd":0,"ind":4,"ty":3,"nm":"Face_CTRL","parent":3,"sr":1,"ks":{"o":{"a":0,"k":100,"ix":11},"r":{"a":0,"k":0,"ix":10},"p":{"s":true,"x":{"a":1,"k":[{"i":{"x":[0.833],"y":[0.833]},"o":{"x":[0.12],"y":[0.167]},"t":0,"s":[-6]},{"i":{"x":[0.833],"y":[0.833]},"o":{"x":[0.167],"y":[0.167]},"t":2.4,"s":[6]},{"i":{"x":[0.833],"y":[0.833]},"o":{"x":[0.167],"y":[0.167]},"t":4.8,"s":[-6]},{"i":{"x":[0.833],"y":[0.833]},"o":{"x":[0.167],"y":[0.167]},"t":7.2,"s":[6]},{"i":{"x":[0.833],"y":[0.833]},"o":{"x":[0.167],"y":[0.167]},"t":9.6,"s":[-6]},{"i":{"x":[0.833],"y":[0.833]},"o":{"x":[0.167],"y":[0.167]},"t":12,"s":[6]},{"i":{"x":[0.833],"y":[0.833]},"o":{"x":[0.167],"y":[0.167]},"t":14.4,"s":[-6]},{"i":{"x":[0.833],"y":[0.833]},"o":{"x":[0.167],"y":[0.167]},"t":16.8,"s":[6]},{"i":{"x":[0.833],"y":[0.833]},"o":{"x":[0.167],"y":[0.167]},"t":19.2,"s":[-6]},{"i":{"x":[0.833],"y":[0.833]},"o":{"x":[0.167],"y":[0.167]},"t":21.6,"s":[6]},{"i":{"x":[0.833],"y":[0.833]},"o":{"x":[0.167],"y":[0.167]},"t":24,"s":[-6]},{"i":{"x":[0.833],"y":[0.833]},"o":{"x":[0.167],"y":[0.167]},"t":26,"s":[6]},{"i":{"x":[0.833],"y":[0.833]},"o":{"x":[0.167],"y":[0.167]},"t":28,"s":[-6]},{"i":{"x":[0.88],"y":[0.833]},"o":{"x":[0.167],"y":[0.167]},"t":30,"s":[6]},{"t":32,"s":[-6]}],"ix":3},"y":{"a":0,"k":-304,"ix":4}},"a":{"a":0,"k":[0,0,0],"ix":1},"s":{"a":0,"k":[100,100,100],"ix":6}},"ao":0,"ef":[{"ty":5,"nm":"Controller","np":13,"mn":"Pseudo/DUIK controller","ix":1,"en":1,"ef":[{"ty":6,"nm":"Icon","mn":"Pseudo/DUIK controller-0001","ix":1,"v":0},{"ty":2,"nm":"Color","mn":"Pseudo/DUIK controller-0002","ix":2,"v":{"a":0,"k":[0.92549020052,0.0941176489,0.0941176489,1],"ix":2}},{"ty":3,"nm":"Position","mn":"Pseudo/DUIK controller-0003","ix":3,"v":{"a":0,"k":[0,0],"ix":3}},{"ty":0,"nm":"Size","mn":"Pseudo/DUIK controller-0004","ix":4,"v":{"a":0,"k":100,"ix":4}},{"ty":0,"nm":"Orientation","mn":"Pseudo/DUIK controller-0005","ix":5,"v":{"a":0,"k":0,"ix":5}},{"ty":0,"nm":"Opacity","mn":"Pseudo/DUIK controller-0006","ix":6,"v":{"a":0,"k":100,"ix":6}},{"ty":6,"nm":"","mn":"Pseudo/DUIK controller-0007","ix":7,"v":0},{"ty":6,"nm":"Anchor","mn":"Pseudo/DUIK controller-0008","ix":8,"v":0},{"ty":2,"nm":"Color","mn":"Pseudo/DUIK controller-0009","ix":9,"v":{"a":0,"k":[0,0,0,1],"ix":9}},{"ty":0,"nm":"Size","mn":"Pseudo/DUIK controller-0010","ix":10,"v":{"a":0,"k":100,"ix":10}},{"ty":6,"nm":"","mn":"Pseudo/DUIK controller-0011","ix":11,"v":0}]}],"ip":0,"op":24,"st":0,"bm":0},{"ddd":0,"ind":5,"ty":4,"nm":"Layer 16","parent":2,"sr":1,"ks":{"o":{"a":0,"k":100,"ix":11},"r":{"a":0,"k":0,"ix":10,"x":"var $bm_rt;\n$bm_rt = thisComp.layer('ice_Rotation').transform.rotation;"},"p":{"a":0,"k":[-168.766,217.121,0],"ix":2},"a":{"a":0,"k":[89.69,90.288,0],"ix":1},"s":{"a":0,"k":[1193,1193,100],"ix":6}},"ao":0,"shapes":[{"ty":"gr","it":[{"ind":0,"ty":"sh","ix":1,"ks":{"a":0,"k":{"i":[[0.094,-0.911],[0,0],[0.134,1.9]],"o":[[-0.191,1.922],[0,0],[-0.056,-0.847]],"v":[[88.246,90.212],[89.304,98.584],[90.366,90.212]],"c":true},"ix":2},"nm":"Path 1","mn":"ADBE Vector Shape - Group","hd":false},{"ty":"gf","o":{"a":0,"k":100,"ix":10},"r":1,"bm":0,"g":{"p":3,"k":{"a":0,"k":[0,1,1,1,0.5,1,1,1,1,1,1,1,0,0,0.5,0.3,1,0.6],"ix":9}},"s":{"a":0,"k":[-475,51.137],"ix":5},"e":{"a":0,"k":[-475,60.168],"ix":6},"t":1,"nm":"16G","mn":"ADBE Vector Graphic - G-Fill","hd":false},{"ty":"tr","p":{"a":0,"k":[0,0],"ix":2},"a":{"a":0,"k":[0,0],"ix":1},"s":{"a":0,"k":[100,100],"ix":3},"r":{"a":0,"k":0,"ix":6},"o":{"a":0,"k":100,"ix":7},"sk":{"a":0,"k":0,"ix":4},"sa":{"a":0,"k":0,"ix":5},"nm":"Transform"}],"nm":"Group 1","np":2,"cix":2,"bm":0,"ix":1,"mn":"ADBE Vector Group","hd":false},{"ty":"gr","it":[{"ind":0,"ty":"sh","ix":1,"ks":{"a":0,"k":{"i":[[0.166,-1.447],[0,0],[0.237,3.023]],"o":[[-0.346,3.058],[0,0],[-0.105,-1.344]],"v":[[87.724,90.107],[89.61,104.088],[91.506,90.107]],"c":true},"ix":2},"nm":"Path 1","mn":"ADBE Vector Shape - Group","hd":false},{"ty":"gf","o":{"a":0,"k":100,"ix":10},"r":1,"bm":0,"g":{"p":3,"k":{"a":0,"k":[0.43,0.631,0.894,1,0.715,0.71,0.912,1,1,0.788,0.929,1],"ix":9}},"s":{"a":0,"k":[-475,62.148],"ix":5},"e":{"a":0,"k":[-475,77.176],"ix":6},"t":1,"nm":"162G","mn":"ADBE Vector Graphic - G-Fill","hd":false},{"ty":"tr","p":{"a":0,"k":[0,0],"ix":2},"a":{"a":0,"k":[0,0],"ix":1},"s":{"a":0,"k":[100,100],"ix":3},"r":{"a":0,"k":0,"ix":6},"o":{"a":0,"k":100,"ix":7},"sk":{"a":0,"k":0,"ix":4},"sa":{"a":0,"k":0,"ix":5},"nm":"Transform"}],"nm":"Group 2","np":2,"cix":2,"bm":0,"ix":2,"mn":"ADBE Vector Group","hd":false}],"ip":0,"op":24,"st":0,"bm":0},{"ddd":0,"ind":6,"ty":4,"nm":"Layer 15","parent":2,"sr":1,"ks":{"o":{"a":0,"k":100,"ix":11},"r":{"a":0,"k":0,"ix":10,"x":"var $bm_rt;\n$bm_rt = thisComp.layer('ice_Rotation').transform.rotation;"},"p":{"a":0,"k":[-134.117,223.862,0],"ix":2},"a":{"a":0,"k":[92.594,90.853,0],"ix":1},"s":{"a":0,"k":[1193,1193,100],"ix":6}},"ao":0,"shapes":[{"ty":"gr","it":[{"ind":0,"ty":"sh","ix":1,"ks":{"a":0,"k":{"i":[[0.07,-0.645],[0,0],[0.1,1.349]],"o":[[-0.143,1.364],[0,0],[-0.042,-0.601]],"v":[[91.429,90.311],[92.22,96.251],[93.015,90.311]],"c":true},"ix":2},"nm":"Path 1","mn":"ADBE Vector Shape - Group","hd":false},{"ty":"gf","o":{"a":0,"k":100,"ix":10},"r":1,"bm":0,"g":{"p":3,"k":{"a":0,"k":[0,1,1,1,0.5,1,1,1,1,1,1,1,0,0,0.5,0.3,1,0.6],"ix":9}},"s":{"a":0,"k":[-472,47.095],"ix":5},"e":{"a":0,"k":[-472,53.502],"ix":6},"t":1,"nm":"15G","mn":"ADBE Vector Graphic - G-Fill","hd":false},{"ty":"tr","p":{"a":0,"k":[0,0],"ix":2},"a":{"a":0,"k":[0,0],"ix":1},"s":{"a":0,"k":[100,100],"ix":3},"r":{"a":0,"k":0,"ix":6},"o":{"a":0,"k":100,"ix":7},"sk":{"a":0,"k":0,"ix":4},"sa":{"a":0,"k":0,"ix":5},"nm":"Transform"}],"nm":"Group 1","np":2,"cix":2,"bm":0,"ix":1,"mn":"ADBE Vector Group","hd":false},{"ty":"gr","it":[{"ind":0,"ty":"sh","ix":1,"ks":{"a":0,"k":{"i":[[0.125,-1.106],[0,0],[0.181,2.314]],"o":[[-0.267,2.341],[0,0],[-0.079,-1.027]],"v":[[90.898,90.091],[92.519,102.178],[93.967,90.385]],"c":true},"ix":2},"nm":"Path 1","mn":"ADBE Vector Shape - Group","hd":false},{"ty":"gf","o":{"a":0,"k":100,"ix":10},"r":1,"bm":0,"g":{"p":3,"k":{"a":0,"k":[0.43,0.631,0.894,1,0.715,0.71,0.912,1,1,0.788,0.929,1],"ix":9}},"s":{"a":0,"k":[-472,58.596],"ix":5},"e":{"a":0,"k":[-472,71.355],"ix":6},"t":1,"nm":"152G","mn":"ADBE Vector Graphic - G-Fill","hd":false},{"ty":"tr","p":{"a":0,"k":[0,0],"ix":2},"a":{"a":0,"k":[0,0],"ix":1},"s":{"a":0,"k":[100,100],"ix":3},"r":{"a":0,"k":0,"ix":6},"o":{"a":0,"k":100,"ix":7},"sk":{"a":0,"k":0,"ix":4},"sa":{"a":0,"k":0,"ix":5},"nm":"Transform"}],"nm":"Group 2","np":2,"cix":2,"bm":0,"ix":2,"mn":"ADBE Vector Group","hd":false}],"ip":0,"op":24,"st":0,"bm":0},{"ddd":0,"ind":7,"ty":4,"nm":"Layer 14","parent":2,"sr":1,"ks":{"o":{"a":0,"k":100,"ix":11},"r":{"a":0,"k":0,"ix":10,"x":"var $bm_rt;\n$bm_rt = thisComp.layer('ice_Rotation').transform.rotation;"},"p":{"a":0,"k":[-93.606,227.987,0],"ix":2},"a":{"a":0,"k":[95.99,91.198,0],"ix":1},"s":{"a":0,"k":[1193,1193,100],"ix":6}},"ao":0,"shapes":[{"ty":"gr","it":[{"ind":0,"ty":"sh","ix":1,"ks":{"a":0,"k":{"i":[[0.055,-0.496],[0,0],[0.077,1.036]],"o":[[-0.112,1.049],[0,0],[-0.033,-0.461]],"v":[[95.113,90.485],[95.73,95.049],[96.351,90.485]],"c":true},"ix":2},"nm":"Path 1","mn":"ADBE Vector Shape - Group","hd":false},{"ty":"gf","o":{"a":0,"k":100,"ix":10},"r":1,"bm":0,"g":{"p":3,"k":{"a":0,"k":[0,1,1,1,0.5,1,1,1,1,1,1,1,0,0,0.5,0.3,1,0.6],"ix":9}},"s":{"a":0,"k":[-469,45.175],"ix":5},"e":{"a":0,"k":[-469,50.098],"ix":6},"t":1,"nm":"14G","mn":"ADBE Vector Graphic - G-Fill","hd":false},{"ty":"tr","p":{"a":0,"k":[0,0],"ix":2},"a":{"a":0,"k":[0,0],"ix":1},"s":{"a":0,"k":[100,100],"ix":3},"r":{"a":0,"k":0,"ix":6},"o":{"a":0,"k":100,"ix":7},"sk":{"a":0,"k":0,"ix":4},"sa":{"a":0,"k":0,"ix":5},"nm":"Transform"}],"nm":"Group 1","np":2,"cix":2,"bm":0,"ix":1,"mn":"ADBE Vector Group","hd":false},{"ty":"gr","it":[{"ind":0,"ty":"sh","ix":1,"ks":{"a":0,"k":{"i":[[0.1,-0.87],[0,0],[0.143,1.823]],"o":[[-0.209,1.845],[0,0],[-0.064,-0.81]],"v":[[94.855,90.472],[95.993,99.764],[97.136,90.472]],"c":true},"ix":2},"nm":"Path 1","mn":"ADBE Vector Shape - Group","hd":false},{"ty":"gf","o":{"a":0,"k":100,"ix":10},"r":1,"bm":0,"g":{"p":3,"k":{"a":0,"k":[0.43,0.631,0.894,1,0.715,0.71,0.912,1,1,0.788,0.929,1],"ix":9}},"s":{"a":0,"k":[-469,53.605],"ix":5},"e":{"a":0,"k":[-469,63.527],"ix":6},"t":1,"nm":"142G","mn":"ADBE Vector Graphic - G-Fill","hd":false},{"ty":"tr","p":{"a":0,"k":[0,0],"ix":2},"a":{"a":0,"k":[0,0],"ix":1},"s":{"a":0,"k":[100,100],"ix":3},"r":{"a":0,"k":0,"ix":6},"o":{"a":0,"k":100,"ix":7},"sk":{"a":0,"k":0,"ix":4},"sa":{"a":0,"k":0,"ix":5},"nm":"Transform"}],"nm":"Group 2","np":2,"cix":2,"bm":0,"ix":2,"mn":"ADBE Vector Group","hd":false}],"ip":0,"op":24,"st":0,"bm":0},{"ddd":0,"ind":8,"ty":4,"nm":"Layer 13","parent":2,"sr":1,"ks":{"o":{"a":0,"k":100,"ix":11},"r":{"a":0,"k":0,"ix":10,"x":"var $bm_rt;\n$bm_rt = thisComp.layer('ice_Rotation').transform.rotation;"},"p":{"a":0,"k":[45.458,219.987,0],"ix":2},"a":{"a":0,"k":[107.646,90.528,0],"ix":1},"s":{"a":0,"k":[1193,1193,100],"ix":6}},"ao":0,"shapes":[{"ty":"gr","it":[{"ind":0,"ty":"sh","ix":1,"ks":{"a":0,"k":{"i":[[0.055,-0.517],[0,0],[0.077,1.078]],"o":[[-0.112,1.091],[0,0],[-0.033,-0.48]],"v":[[106.801,90.712],[107.418,95.459],[108.038,90.712]],"c":true},"ix":2},"nm":"Path 1","mn":"ADBE Vector Shape - Group","hd":false},{"ty":"gf","o":{"a":0,"k":100,"ix":10},"r":1,"bm":0,"g":{"p":3,"k":{"a":0,"k":[0,1,1,1,0.5,1,1,1,1,1,1,1,0,0,0.5,0.3,1,0.6],"ix":9}},"s":{"a":0,"k":[-457,45.797],"ix":5},"e":{"a":0,"k":[-457,50.918],"ix":6},"t":1,"nm":"13Gice","mn":"ADBE Vector Graphic - G-Fill","hd":false},{"ty":"tr","p":{"a":0,"k":[0,0],"ix":2},"a":{"a":0,"k":[0,0],"ix":1},"s":{"a":0,"k":[100,100],"ix":3},"r":{"a":0,"k":0,"ix":6},"o":{"a":0,"k":100,"ix":7},"sk":{"a":0,"k":0,"ix":4},"sa":{"a":0,"k":0,"ix":5},"nm":"Transform"}],"nm":"Group 1","np":2,"cix":2,"bm":0,"ix":1,"mn":"ADBE Vector Group","hd":false},{"ty":"gr","it":[{"ind":0,"ty":"sh","ix":1,"ks":{"a":0,"k":{"i":[[0.1,-0.87],[0,0],[0.142,1.823]],"o":[[-0.209,1.845],[0,0],[-0.066,-0.81]],"v":[[106.511,90.472],[107.649,99.764],[108.793,90.472]],"c":true},"ix":2},"nm":"Path 1","mn":"ADBE Vector Shape - Group","hd":false},{"ty":"gf","o":{"a":0,"k":100,"ix":10},"r":1,"bm":0,"g":{"p":3,"k":{"a":0,"k":[0.43,0.631,0.894,1,0.715,0.71,0.912,1,1,0.788,0.929,1],"ix":9}},"s":{"a":0,"k":[-457,53.605],"ix":5},"e":{"a":0,"k":[-457,63.527],"ix":6},"t":1,"nm":"132Gice","mn":"ADBE Vector Graphic - G-Fill","hd":false},{"ty":"tr","p":{"a":0,"k":[0,0],"ix":2},"a":{"a":0,"k":[0,0],"ix":1},"s":{"a":0,"k":[100,100],"ix":3},"r":{"a":0,"k":0,"ix":6},"o":{"a":0,"k":100,"ix":7},"sk":{"a":0,"k":0,"ix":4},"sa":{"a":0,"k":0,"ix":5},"nm":"Transform"}],"nm":"Group 2","np":2,"cix":2,"bm":0,"ix":2,"mn":"ADBE Vector Group","hd":false}],"ip":0,"op":24,"st":0,"bm":0},{"ddd":0,"ind":9,"ty":4,"nm":"Layer 10","parent":2,"sr":1,"ks":{"o":{"a":0,"k":100,"ix":11},"r":{"a":0,"k":0,"ix":10,"x":"var $bm_rt;\n$bm_rt = thisComp.layer('ice_Rotation').transform.rotation;"},"p":{"a":0,"k":[110.046,218.468,0],"ix":2},"a":{"a":0,"k":[113.06,90.4,0],"ix":1},"s":{"a":0,"k":[1193,1193,100],"ix":6}},"ao":0,"shapes":[{"ty":"gr","it":[{"ind":0,"ty":"sh","ix":1,"ks":{"a":0,"k":{"i":[[0.095,-0.862],[0,0],[0.133,1.801]],"o":[[-0.194,1.822],[0,0],[-0.059,-0.802]],"v":[[111.564,90.653],[112.631,98.584],[113.704,90.653]],"c":true},"ix":2},"nm":"Path 1","mn":"ADBE Vector Shape - Group","hd":false},{"ty":"gf","o":{"a":0,"k":100,"ix":10},"r":1,"bm":0,"g":{"p":3,"k":{"a":0,"k":[0,1,1,1,0.5,1,1,1,1,1,1,1,0,0,0.5,0.3,1,0.6],"ix":9}},"s":{"a":0,"k":[-452,51.613],"ix":5},"e":{"a":0,"k":[-452,60.168],"ix":6},"t":1,"nm":"L10G1Grad","mn":"ADBE Vector Graphic - G-Fill","hd":false},{"ty":"tr","p":{"a":0,"k":[0,0],"ix":2},"a":{"a":0,"k":[0,0],"ix":1},"s":{"a":0,"k":[100,100],"ix":3},"r":{"a":0,"k":0,"ix":6},"o":{"a":0,"k":100,"ix":7},"sk":{"a":0,"k":0,"ix":4},"sa":{"a":0,"k":0,"ix":5},"nm":"Transform"}],"nm":"Group 1","np":2,"cix":2,"bm":0,"ix":1,"mn":"ADBE Vector Group","hd":false},{"ty":"gr","it":[{"ind":0,"ty":"sh","ix":1,"ks":{"a":0,"k":{"i":[[0.178,-1.408],[0,0],[0.255,2.944]],"o":[[-0.377,2.979],[0,0],[-0.115,-1.308]],"v":[[111.015,90.473],[113.065,104.088],[115.126,90.473]],"c":true},"ix":2},"nm":"Path 1","mn":"ADBE Vector Shape - Group","hd":false},{"ty":"gf","o":{"a":0,"k":100,"ix":10},"r":1,"bm":0,"g":{"p":3,"k":{"a":0,"k":[0.43,0.631,0.894,1,0.715,0.71,0.912,1,1,0.788,0.929,1],"ix":9}},"s":{"a":0,"k":[-451,62.542],"ix":5},"e":{"a":0,"k":[-451,77.176],"ix":6},"t":1,"nm":"L10G2Grad","mn":"ADBE Vector Graphic - G-Fill","hd":false},{"ty":"tr","p":{"a":0,"k":[0,0],"ix":2},"a":{"a":0,"k":[0,0],"ix":1},"s":{"a":0,"k":[100,100],"ix":3},"r":{"a":0,"k":0,"ix":6},"o":{"a":0,"k":100,"ix":7},"sk":{"a":0,"k":0,"ix":4},"sa":{"a":0,"k":0,"ix":5},"nm":"Transform"}],"nm":"Group 2","np":2,"cix":2,"bm":0,"ix":2,"mn":"ADBE Vector Group","hd":false}],"ip":0,"op":24,"st":0,"bm":0},{"ddd":0,"ind":10,"ty":4,"nm":"Layer 9","parent":2,"sr":1,"ks":{"o":{"a":0,"k":100,"ix":11},"r":{"a":0,"k":0,"ix":10,"x":"var $bm_rt;\n$bm_rt = thisComp.layer('ice_Rotation').transform.rotation;"},"p":{"a":0,"k":[149.749,216.982,0],"ix":2},"a":{"a":0,"k":[116.388,90.276,0],"ix":1},"s":{"a":0,"k":[1193,1193,100],"ix":6}},"ao":0,"shapes":[{"ty":"gr","it":[{"ind":0,"ty":"sh","ix":1,"ks":{"a":0,"k":{"i":[[0.061,-0.566],[0,0],[0.088,1.183]],"o":[[-0.128,1.196],[0,0],[-0.037,-0.526]],"v":[[115.159,90.252],[115.858,95.459],[116.56,90.252]],"c":true},"ix":2},"nm":"Path 1","mn":"ADBE Vector Shape - Group","hd":false},{"ty":"gf","o":{"a":0,"k":100,"ix":10},"r":1,"bm":0,"g":{"p":3,"k":{"a":0,"k":[0,1,1,1,0.5,1,1,1,1,1,1,1,0,0,0.5,0.3,1,0.6],"ix":9}},"s":{"a":0,"k":[-449,45.301],"ix":5},"e":{"a":0,"k":[-449,50.918],"ix":6},"t":1,"nm":"L9G1Grad","mn":"ADBE Vector Graphic - G-Fill","hd":false},{"ty":"tr","p":{"a":0,"k":[0,0],"ix":2},"a":{"a":0,"k":[0,0],"ix":1},"s":{"a":0,"k":[100,100],"ix":3},"r":{"a":0,"k":0,"ix":6},"o":{"a":0,"k":100,"ix":7},"sk":{"a":0,"k":0,"ix":4},"sa":{"a":0,"k":0,"ix":5},"nm":"Transform"}],"nm":"Group 1","np":2,"cix":2,"bm":0,"ix":1,"mn":"ADBE Vector Group","hd":false},{"ty":"gr","it":[{"ind":0,"ty":"sh","ix":1,"ks":{"a":0,"k":{"i":[[0.137,-1.078],[0,0],[0.197,2.252]],"o":[[-0.287,2.277],[0,0],[-0.085,-1.002]],"v":[[114.655,90.234],[116.226,100.15],[117.801,90.234]],"c":true},"ix":2},"nm":"Path 1","mn":"ADBE Vector Shape - Group","hd":false},{"ty":"gf","o":{"a":0,"k":100,"ix":10},"r":1,"bm":0,"g":{"p":3,"k":{"a":0,"k":[0.43,0.631,0.894,1,0.715,0.71,0.912,1,1,0.788,0.929,1],"ix":9}},"s":{"a":0,"k":[-448,54.604],"ix":5},"e":{"a":0,"k":[-448,65.301],"ix":6},"t":1,"nm":"L9G2Grad","mn":"ADBE Vector Graphic - G-Fill","hd":false},{"ty":"tr","p":{"a":0,"k":[0,0],"ix":2},"a":{"a":0,"k":[0,0],"ix":1},"s":{"a":0,"k":[100,100],"ix":3},"r":{"a":0,"k":0,"ix":6},"o":{"a":0,"k":100,"ix":7},"sk":{"a":0,"k":0,"ix":4},"sa":{"a":0,"k":0,"ix":5},"nm":"Transform"}],"nm":"Group 2","np":2,"cix":2,"bm":0,"ix":2,"mn":"ADBE Vector Group","hd":false}],"ip":0,"op":24,"st":0,"bm":0},{"ddd":0,"ind":11,"ty":4,"nm":"Layer 8","parent":2,"sr":1,"ks":{"o":{"a":0,"k":100,"ix":11},"r":{"a":0,"k":0,"ix":10,"x":"var $bm_rt;\n$bm_rt = thisComp.layer('ice_Rotation').transform.rotation;"},"p":{"a":0,"k":[-56.329,226.834,0],"ix":2},"a":{"a":0,"k":[99.114,91.102,0],"ix":1},"s":{"a":0,"k":[1193,1193,100],"ix":6}},"ao":0,"shapes":[{"ty":"gr","it":[{"ind":0,"ty":"sh","ix":1,"ks":{"a":0,"k":{"i":[[0.066,-0.583],[0,0],[0.096,1.222]],"o":[[-0.142,1.233],[0,0],[-0.043,-0.542]],"v":[[98.355,90.548],[99.116,96.771],[99.882,90.548]],"c":true},"ix":2},"nm":"Path 1","mn":"ADBE Vector Shape - Group","hd":false},{"ty":"gf","o":{"a":0,"k":100,"ix":10},"r":1,"bm":0,"g":{"p":3,"k":{"a":0,"k":[0.43,0.631,0.894,1,0.715,0.71,0.912,1,1,0.788,0.929,1],"ix":9}},"s":{"a":0,"k":[-465,47.897],"ix":5},"e":{"a":0,"k":[-465,54.543],"ix":6},"t":1,"nm":"L8Grad","mn":"ADBE Vector Graphic - G-Fill","hd":false},{"ty":"tr","p":{"a":0,"k":[0,0],"ix":2},"a":{"a":0,"k":[0,0],"ix":1},"s":{"a":0,"k":[100,100],"ix":3},"r":{"a":0,"k":0,"ix":6},"o":{"a":0,"k":100,"ix":7},"sk":{"a":0,"k":0,"ix":4},"sa":{"a":0,"k":0,"ix":5},"nm":"Transform"}],"nm":"Group 1","np":2,"cix":2,"bm":0,"ix":1,"mn":"ADBE Vector Group","hd":false}],"ip":0,"op":24,"st":0,"bm":0},{"ddd":0,"ind":12,"ty":4,"nm":"Layer 17","parent":21,"sr":1,"ks":{"o":{"a":0,"k":100,"ix":11},"r":{"a":0,"k":0,"ix":10,"x":"var $bm_rt;\n$bm_rt = thisComp.layer('ice_Rotation').transform.rotation;"},"p":{"a":0,"k":[84.364,48.646,0],"ix":2},"a":{"a":0,"k":[84.364,48.646,0],"ix":1},"s":{"a":0,"k":[100,100,100],"ix":6}},"ao":0,"shapes":[{"ty":"gr","it":[{"ind":0,"ty":"sh","ix":1,"ks":{"a":0,"k":{"i":[[0.25,-1.708],[0,0],[0.215,2.146]],"o":[[-0.318,2.169],[0,0],[-0.168,-1.635]],"v":[[80.935,50.042],[82.798,60.331],[84.678,48.507]],"c":true},"ix":2},"nm":"Path 1","mn":"ADBE Vector Shape - Group","hd":false},{"ty":"gf","o":{"a":0,"k":100,"ix":10},"r":1,"bm":0,"g":{"p":3,"k":{"a":0,"k":[0,1,1,1,0.5,1,1,1,1,1,1,1,0,0,0.5,0.4,1,0.8],"ix":9}},"s":{"a":0,"k":[82,60],"ix":5},"e":{"a":0,"k":[82,47.463],"ix":6},"t":1,"nm":"17G","mn":"ADBE Vector Graphic - G-Fill","hd":false},{"ty":"tr","p":{"a":0,"k":[0,0],"ix":2},"a":{"a":0,"k":[0,0],"ix":1},"s":{"a":0,"k":[100,100],"ix":3},"r":{"a":0,"k":0,"ix":6},"o":{"a":0,"k":100,"ix":7},"sk":{"a":0,"k":0,"ix":4},"sa":{"a":0,"k":0,"ix":5},"nm":"Transform"}],"nm":"Group 1","np":2,"cix":2,"bm":0,"ix":1,"mn":"ADBE Vector Group","hd":false},{"ty":"gr","it":[{"ind":0,"ty":"sh","ix":1,"ks":{"a":0,"k":{"i":[[0.451,-3.078],[0,0],[0.388,3.868]],"o":[[-0.574,3.91],[0,0],[-0.303,-2.947]],"v":[[80.335,50.619],[83.692,69.164],[87.081,47.854]],"c":true},"ix":2},"nm":"Path 1","mn":"ADBE Vector Shape - Group","hd":false},{"ty":"gf","o":{"a":0,"k":100,"ix":10},"r":1,"bm":0,"g":{"p":3,"k":{"a":0,"k":[0.43,0.631,0.894,1,0.715,0.71,0.912,1,1,0.788,0.929,1],"ix":9}},"s":{"a":0,"k":[-481,-50.267],"ix":5},"e":{"a":0,"k":[-481,-27.672],"ix":6},"t":1,"nm":"172G","mn":"ADBE Vector Graphic - G-Fill","hd":false},{"ty":"tr","p":{"a":0,"k":[0,0],"ix":2},"a":{"a":0,"k":[0,0],"ix":1},"s":{"a":0,"k":[100,100],"ix":3},"r":{"a":0,"k":0,"ix":6},"o":{"a":0,"k":100,"ix":7},"sk":{"a":0,"k":0,"ix":4},"sa":{"a":0,"k":0,"ix":5},"nm":"Transform"}],"nm":"Group 2","np":2,"cix":2,"bm":0,"ix":2,"mn":"ADBE Vector Group","hd":false}],"ip":0,"op":24,"st":0,"bm":0},{"ddd":0,"ind":13,"ty":4,"nm":"Layer 12","parent":21,"sr":1,"ks":{"o":{"a":0,"k":100,"ix":11},"r":{"a":0,"k":0,"ix":10,"x":"var $bm_rt;\n$bm_rt = thisComp.layer('ice_Rotation').transform.rotation;"},"p":{"a":0,"k":[125.675,51.943,0],"ix":2},"a":{"a":0,"k":[125.675,51.943,0],"ix":1},"s":{"a":0,"k":[100,100,100],"ix":6}},"ao":0,"shapes":[{"ty":"gr","it":[{"ind":0,"ty":"sh","ix":1,"ks":{"a":0,"k":{"i":[[0.098,-1.536],[0,0],[0.184,2.039]],"o":[[-0.125,2.018],[0,0],[-0.146,-1.605]],"v":[[125.564,53.221],[126.657,64.334],[127.743,54.663]],"c":true},"ix":2},"nm":"Path 1","mn":"ADBE Vector Shape - Group","hd":false},{"ty":"gf","o":{"a":0,"k":100,"ix":10},"r":1,"bm":0,"g":{"p":3,"k":{"a":0,"k":[0,1,1,1,0.5,1,1,1,1,1,1,1,0,0,0.5,0.4,1,0.8],"ix":9}},"s":{"a":0,"k":[125.668,63.569],"ix":5},"e":{"a":0,"k":[126.932,51.08],"ix":6},"t":1,"nm":"12Gaddggramak","mn":"ADBE Vector Graphic - G-Fill","hd":false},{"ty":"tr","p":{"a":0,"k":[0,0],"ix":2},"a":{"a":0,"k":[0,0],"ix":1},"s":{"a":0,"k":[100,100],"ix":3},"r":{"a":0,"k":0,"ix":6},"o":{"a":0,"k":100,"ix":7},"sk":{"a":0,"k":0,"ix":4},"sa":{"a":0,"k":0,"ix":5},"nm":"Transform"}],"nm":"Group 1","np":2,"cix":2,"bm":0,"ix":1,"mn":"ADBE Vector Group","hd":false},{"ty":"gr","it":[{"ind":0,"ty":"sh","ix":1,"ks":{"a":0,"k":{"i":[[0.373,-2.578],[0,0],[-0.031,2.821]],"o":[[-0.412,2.84],[0,0],[0.027,-2.546]],"v":[[124.63,51.564],[127.372,75.158],[129.105,56.634]],"c":true},"ix":2},"nm":"Path 1","mn":"ADBE Vector Shape - Group","hd":false},{"ty":"gf","o":{"a":0,"k":100,"ix":10},"r":1,"bm":0,"g":{"p":3,"k":{"a":0,"k":[0.43,0.631,0.894,1,0.715,0.71,0.912,1,1,0.788,0.929,1],"ix":9}},"s":{"a":0,"k":[-438,-33.985],"ix":5},"e":{"a":0,"k":[-438,-9.684],"ix":6},"t":1,"nm":"122G","mn":"ADBE Vector Graphic - G-Fill","hd":false},{"ty":"tr","p":{"a":0,"k":[0,0],"ix":2},"a":{"a":0,"k":[0,0],"ix":1},"s":{"a":0,"k":[100,100],"ix":3},"r":{"a":0,"k":0,"ix":6},"o":{"a":0,"k":100,"ix":7},"sk":{"a":0,"k":0,"ix":4},"sa":{"a":0,"k":0,"ix":5},"nm":"Transform"}],"nm":"Group 2","np":2,"cix":2,"bm":0,"ix":2,"mn":"ADBE Vector Group","hd":false}],"ip":0,"op":24,"st":0,"bm":0},{"ddd":0,"ind":14,"ty":4,"nm":"Layer 11","parent":21,"sr":1,"ks":{"o":{"a":0,"k":100,"ix":11},"r":{"a":0,"k":0,"ix":10,"x":"var $bm_rt;\n$bm_rt = thisComp.layer('ice_Rotation').transform.rotation;"},"p":{"a":0,"k":[79.619,54.811,0],"ix":2},"a":{"a":0,"k":[79.619,54.811,0],"ix":1},"s":{"a":0,"k":[100,100,100],"ix":6}},"ao":0,"shapes":[{"ty":"gr","it":[{"ind":0,"ty":"sh","ix":1,"ks":{"a":0,"k":{"i":[[0.118,-1.051],[0,0],[0.102,1.32]],"o":[[-0.149,1.334],[0,0],[-0.079,-1.006]],"v":[[78.062,55.394],[78.94,61.722],[79.825,54.449]],"c":true},"ix":2},"nm":"Path 1","mn":"ADBE Vector Shape - Group","hd":false},{"ty":"gf","o":{"a":0,"k":100,"ix":10},"r":1,"bm":0,"g":{"p":3,"k":{"a":0,"k":[0,1,1,1,0.5,1,1,1,1,1,1,1,0,0,0.5,0.4,1,0.8],"ix":9}},"s":{"a":0,"k":[78,61],"ix":5},"e":{"a":0,"k":[78,53.289],"ix":6},"t":1,"nm":"11Gicegrice","mn":"ADBE Vector Graphic - G-Fill","hd":false},{"ty":"tr","p":{"a":0,"k":[0,0],"ix":2},"a":{"a":0,"k":[0,0],"ix":1},"s":{"a":0,"k":[100,100],"ix":3},"r":{"a":0,"k":0,"ix":6},"o":{"a":0,"k":100,"ix":7},"sk":{"a":0,"k":0,"ix":4},"sa":{"a":0,"k":0,"ix":5},"nm":"Transform"}],"nm":"Group 1","np":2,"cix":2,"bm":0,"ix":1,"mn":"ADBE Vector Group","hd":false},{"ty":"gr","it":[{"ind":0,"ty":"sh","ix":1,"ks":{"a":0,"k":{"i":[[0.275,-1.878],[0,0],[0.246,2.438]],"o":[[-0.36,2.465],[0,0],[-0.182,-1.792]],"v":[[77.645,55.288],[79.761,66.97],[81.608,53.461]],"c":true},"ix":2},"nm":"Path 1","mn":"ADBE Vector Shape - Group","hd":false},{"ty":"gf","o":{"a":0,"k":100,"ix":10},"r":1,"bm":0,"g":{"p":3,"k":{"a":0,"k":[0.43,0.631,0.894,1,0.715,0.71,0.912,1,1,0.788,0.929,1],"ix":9}},"s":{"a":0,"k":[-485,-49.32],"ix":5},"e":{"a":0,"k":[-485,-35.061],"ix":6},"t":1,"nm":"112G","mn":"ADBE Vector Graphic - G-Fill","hd":false},{"ty":"tr","p":{"a":0,"k":[0,0],"ix":2},"a":{"a":0,"k":[0,0],"ix":1},"s":{"a":0,"k":[100,100],"ix":3},"r":{"a":0,"k":0,"ix":6},"o":{"a":0,"k":100,"ix":7},"sk":{"a":0,"k":0,"ix":4},"sa":{"a":0,"k":0,"ix":5},"nm":"Transform"}],"nm":"Group 2","np":2,"cix":2,"bm":0,"ix":2,"mn":"ADBE Vector Group","hd":false}],"ip":0,"op":24,"st":0,"bm":0},{"ddd":0,"ind":15,"ty":4,"nm":"Eye_L","parent":4,"sr":1,"ks":{"o":{"a":0,"k":100,"ix":11},"r":{"a":0,"k":0,"ix":10},"p":{"a":0,"k":[119.3,-83.51,0],"ix":2},"a":{"a":0,"k":[113.333,65.088,0],"ix":1},"s":{"a":0,"k":[1193,1193,100],"ix":6}},"ao":0,"shapes":[{"ty":"gr","it":[{"ind":0,"ty":"sh","ix":1,"ks":{"a":1,"k":[{"i":{"x":0,"y":1},"o":{"x":0.333,"y":0},"t":0,"s":[{"i":[[-2.209,0],[0,-2.762],[2.209,0],[0,2.762]],"o":[[2.209,0],[0,2.762],[-2.209,0],[0,-2.762]],"v":[[113.333,60.088],[117.333,65.088],[113.333,70.088],[109.333,65.088]],"c":true}]},{"i":{"x":0,"y":1},"o":{"x":0.333,"y":0},"t":12,"s":[{"i":[[-2.209,0],[0,-2.762],[2.209,0],[0,2.762]],"o":[[2.209,0],[0,2.762],[-2.209,0],[0,-2.762]],"v":[[113.333,62.088],[117.333,67.088],[113.333,68.667],[109.333,67.088]],"c":true}]},{"t":24,"s":[{"i":[[-2.209,0],[0,-2.762],[2.209,0],[0,2.762]],"o":[[2.209,0],[0,2.762],[-2.209,0],[0,-2.762]],"v":[[113.333,60.088],[117.333,65.088],[113.333,70.088],[109.333,65.088]],"c":true}]}],"ix":2},"nm":"Path 1","mn":"ADBE Vector Shape - Group","hd":false},{"ty":"fl","c":{"a":0,"k":[0.003921568627,0.2,0.4,1],"ix":4},"o":{"a":0,"k":100,"ix":5},"r":1,"bm":0,"nm":"Fill 1","mn":"ADBE Vector Graphic - Fill","hd":false},{"ty":"tr","p":{"a":0,"k":[0,0],"ix":2},"a":{"a":0,"k":[0,0],"ix":1},"s":{"a":0,"k":[100,100],"ix":3},"r":{"a":0,"k":0,"ix":6},"o":{"a":0,"k":100,"ix":7},"sk":{"a":0,"k":0,"ix":4},"sa":{"a":0,"k":0,"ix":5},"nm":"Transform"}],"nm":"Group 1","np":2,"cix":2,"bm":0,"ix":1,"mn":"ADBE Vector Group","hd":false}],"ip":0,"op":24,"st":0,"bm":0},{"ddd":0,"ind":16,"ty":4,"nm":"Eye_R","parent":4,"sr":1,"ks":{"o":{"a":0,"k":100,"ix":11},"r":{"a":0,"k":0,"ix":10},"p":{"a":0,"k":[-119.3,-83.51,0],"ix":2},"a":{"a":0,"k":[93.333,65.088,0],"ix":1},"s":{"a":0,"k":[1193,1193,100],"ix":6}},"ao":0,"shapes":[{"ty":"gr","it":[{"ind":0,"ty":"sh","ix":1,"ks":{"a":1,"k":[{"i":{"x":0,"y":1},"o":{"x":0.333,"y":0},"t":0,"s":[{"i":[[-2.209,0],[0,-2.762],[2.209,0],[0,2.762]],"o":[[2.209,0],[0,2.762],[-2.209,0],[0,-2.762]],"v":[[93.333,60.088],[97.333,65.088],[93.333,70.088],[89.333,65.088]],"c":true}]},{"i":{"x":0,"y":1},"o":{"x":0.333,"y":0},"t":12,"s":[{"i":[[-2.209,0],[0,-2.762],[2.209,0],[0,2.762]],"o":[[2.209,0],[0,2.762],[-2.209,0],[0,-2.762]],"v":[[93.333,62.088],[97.333,67.088],[93.333,68.667],[89.333,67.088]],"c":true}]},{"t":24,"s":[{"i":[[-2.209,0],[0,-2.762],[2.209,0],[0,2.762]],"o":[[2.209,0],[0,2.762],[-2.209,0],[0,-2.762]],"v":[[93.333,60.088],[97.333,65.088],[93.333,70.088],[89.333,65.088]],"c":true}]}],"ix":2},"nm":"Path 1","mn":"ADBE Vector Shape - Group","hd":false},{"ty":"fl","c":{"a":0,"k":[0.003921568859,0.20000000298,0.40000000596,1],"ix":4},"o":{"a":0,"k":100,"ix":5},"r":1,"bm":0,"nm":"Fill 1","mn":"ADBE Vector Graphic - Fill","hd":false},{"ty":"tr","p":{"a":0,"k":[0,0],"ix":2},"a":{"a":0,"k":[0,0],"ix":1},"s":{"a":0,"k":[100,100],"ix":3},"r":{"a":0,"k":0,"ix":6},"o":{"a":0,"k":100,"ix":7},"sk":{"a":0,"k":0,"ix":4},"sa":{"a":0,"k":0,"ix":5},"nm":"Transform"}],"nm":"Group 1","np":2,"cix":2,"bm":0,"ix":1,"mn":"ADBE Vector Group","hd":false}],"ip":0,"op":24,"st":0,"bm":0},{"ddd":0,"ind":17,"ty":4,"nm":"Lower_Teeths","parent":4,"sr":1,"ks":{"o":{"a":0,"k":100,"ix":11},"r":{"a":0,"k":0,"ix":10},"p":{"a":1,"k":[{"i":{"x":0.667,"y":1},"o":{"x":0.333,"y":0},"t":0,"s":[0,173.113,0],"to":[0,-1.167,0],"ti":[0,0,0]},{"i":{"x":0.667,"y":1},"o":{"x":0.333,"y":0},"t":2.4,"s":[0,166.113,0],"to":[0,0,0],"ti":[0,0,0]},{"i":{"x":0.667,"y":1},"o":{"x":0.333,"y":0},"t":4.8,"s":[0,173.113,0],"to":[0,0,0],"ti":[0,0,0]},{"i":{"x":0.667,"y":1},"o":{"x":0.333,"y":0},"t":7.2,"s":[0,166.113,0],"to":[0,0,0],"ti":[0,0,0]},{"i":{"x":0.667,"y":1},"o":{"x":0.333,"y":0},"t":9.6,"s":[0,173.113,0],"to":[0,0,0],"ti":[0,0,0]},{"i":{"x":0.667,"y":1},"o":{"x":0.333,"y":0},"t":12,"s":[0,166.113,0],"to":[0,0,0],"ti":[0,0,0]},{"i":{"x":0.667,"y":1},"o":{"x":0.333,"y":0},"t":14.4,"s":[0,173.113,0],"to":[0,0,0],"ti":[0,0,0]},{"i":{"x":0.667,"y":1},"o":{"x":0.333,"y":0},"t":16.8,"s":[0,166.113,0],"to":[0,0,0],"ti":[0,0,0]},{"i":{"x":0.667,"y":1},"o":{"x":0.333,"y":0},"t":19.2,"s":[0,173.113,0],"to":[0,0,0],"ti":[0,0,0]},{"i":{"x":0.667,"y":1},"o":{"x":0.333,"y":0},"t":21.6,"s":[0,166.113,0],"to":[0,0,0],"ti":[0,-1.167,0]},{"t":24,"s":[0,173.113,0]}],"ix":2},"a":{"a":0,"k":[103.333,86.599,0],"ix":1},"s":{"a":0,"k":[1193,1193,100],"ix":6}},"ao":0,"shapes":[{"ty":"gr","it":[{"ind":0,"ty":"sh","ix":1,"ks":{"a":0,"k":{"i":[[-1.385,-0.22],[-6.271,0],[-2.354,0.377],[0.094,0.761],[0.138,0.588],[1.084,0.011],[2.759,0],[0.155,-0.652],[0.052,-0.45]],"o":[[2.354,0.377],[6.27,0],[1.385,-0.22],[-0.059,-0.45],[-0.149,-0.652],[-2.751,0],[-1.084,0.011],[-0.136,0.588],[-0.104,0.761]],"v":[[89.733,88.052],[103.333,89.088],[116.931,88.052],[118.306,86.531],[118.02,84.943],[116.666,84.109],[90,84.109],[88.644,84.943],[88.364,86.531]],"c":true},"ix":2},"nm":"Path 1","mn":"ADBE Vector Shape - Group","hd":false},{"ty":"gf","o":{"a":0,"k":100,"ix":10},"r":1,"bm":0,"g":{"p":7,"k":{"a":0,"k":[0,0.812,0.843,0.902,0.09,0.906,0.922,0.951,0.3,1,1,1,0.5,1,1,1,0.7,1,1,1,0.91,0.906,0.922,0.951,1,0.812,0.843,0.902],"ix":9}},"s":{"a":0,"k":[118.609,86.362],"ix":5},"e":{"a":0,"k":[88.01,86.441],"ix":6},"t":1,"nm":"lowG","mn":"ADBE Vector Graphic - G-Fill","hd":false},{"ty":"tr","p":{"a":0,"k":[0,0],"ix":2},"a":{"a":0,"k":[0,0],"ix":1},"s":{"a":0,"k":[100,100],"ix":3},"r":{"a":0,"k":0,"ix":6},"o":{"a":0,"k":100,"ix":7},"sk":{"a":0,"k":0,"ix":4},"sa":{"a":0,"k":0,"ix":5},"nm":"Transform"}],"nm":"Group 1","np":2,"cix":2,"bm":0,"ix":1,"mn":"ADBE Vector Group","hd":false}],"ip":0,"op":24,"st":0,"bm":0},{"ddd":0,"ind":18,"ty":4,"nm":"Upper_Teeths","parent":4,"sr":1,"ks":{"o":{"a":0,"k":100,"ix":11},"r":{"a":0,"k":0,"ix":10},"p":{"a":0,"k":[-0.001,89.347,0],"ix":2},"a":{"a":0,"k":[103.333,79.577,0],"ix":1},"s":{"a":0,"k":[1193,1193,100],"ix":6}},"ao":0,"shapes":[{"ty":"gr","it":[{"ind":0,"ty":"sh","ix":1,"ks":{"a":0,"k":{"i":[[1.477,0.22],[6.689,0],[2.51,-0.378],[-0.102,-0.761],[-0.145,-0.588],[-1.156,-0.011],[-2.609,0],[-0.166,0.651],[-0.057,0.45]],"o":[[-2.51,-0.378],[-6.688,0],[-1.479,0.22],[0.062,0.45],[0.162,0.651],[3.053,0],[1.155,-0.011],[0.145,-0.588],[0.108,-0.761]],"v":[[117.839,78.125],[103.333,77.088],[88.829,78.125],[87.362,79.645],[87.665,81.232],[89.112,82.066],[117.556,82.066],[119.002,81.232],[119.301,79.645]],"c":true},"ix":2},"nm":"Path 1","mn":"ADBE Vector Shape - Group","hd":false},{"ty":"gf","o":{"a":0,"k":100,"ix":10},"r":1,"bm":0,"g":{"p":7,"k":{"a":0,"k":[0,0.812,0.843,0.902,0.09,0.906,0.922,0.951,0.3,1,1,1,0.5,1,1,1,0.7,1,1,1,0.91,0.906,0.922,0.951,1,0.812,0.843,0.902],"ix":9}},"s":{"a":0,"k":[87.044,79.624],"ix":5},"e":{"a":0,"k":[119.012,79.936],"ix":6},"t":1,"nm":"upG","mn":"ADBE Vector Graphic - G-Fill","hd":false},{"ty":"tr","p":{"a":0,"k":[0,0],"ix":2},"a":{"a":0,"k":[0,0],"ix":1},"s":{"a":0,"k":[100,100],"ix":3},"r":{"a":0,"k":0,"ix":6},"o":{"a":0,"k":100,"ix":7},"sk":{"a":0,"k":0,"ix":4},"sa":{"a":0,"k":0,"ix":5},"nm":"Transform"}],"nm":"Group 1","np":2,"cix":2,"bm":0,"ix":1,"mn":"ADBE Vector Group","hd":false}],"ip":0,"op":24,"st":0,"bm":0},{"ddd":0,"ind":19,"ty":4,"nm":"Mouth_Shape","parent":4,"sr":1,"ks":{"o":{"a":0,"k":100,"ix":11},"r":{"a":0,"k":0,"ix":10},"p":{"a":0,"k":[0.006,131.222,0],"ix":2},"a":{"a":0,"k":[103.333,83.087,0],"ix":1},"s":{"a":0,"k":[1193,1193,100],"ix":6}},"ao":0,"shapes":[{"ty":"gr","it":[{"ind":0,"ty":"sh","ix":1,"ks":{"a":1,"k":[{"i":{"x":0.667,"y":1},"o":{"x":0.333,"y":0},"t":0,"s":[{"i":[[4.18,2.267],[5.018,-3.033],[-3.328,-2.823],[-5.037,3.822]],"o":[[-5.25,-2.849],[-4.099,2.478],[4.714,4.002],[3.447,-2.612]],"v":[[120.472,77.294],[86.121,77.294],[86.121,88.152],[120.472,88.152]],"c":true}]},{"i":{"x":0.667,"y":1},"o":{"x":0.333,"y":0},"t":4.8,"s":[{"i":[[4.18,2.267],[5.018,-3.033],[-3.328,-2.823],[-5.037,3.822]],"o":[[-5.25,-2.849],[-4.099,2.478],[4.714,4.002],[3.447,-2.612]],"v":[[120.472,77.294],[86.121,77.294],[86.121,88.152],[120.472,88.152]],"c":true}]},{"i":{"x":0.667,"y":1},"o":{"x":0.333,"y":0},"t":9.6,"s":[{"i":[[4.18,2.267],[5.018,-3.033],[-3.328,-2.823],[-5.037,3.822]],"o":[[-5.25,-2.849],[-4.099,2.478],[4.714,4.002],[3.447,-2.612]],"v":[[120.472,77.294],[86.121,77.294],[86.121,88.152],[120.472,88.152]],"c":true}]},{"i":{"x":0.667,"y":1},"o":{"x":0.333,"y":0},"t":14.4,"s":[{"i":[[4.18,2.267],[5.018,-3.033],[-3.328,-2.823],[-5.037,3.822]],"o":[[-5.25,-2.849],[-4.099,2.478],[4.714,4.002],[3.447,-2.612]],"v":[[120.472,77.294],[86.121,77.294],[86.121,88.152],[120.472,88.152]],"c":true}]},{"i":{"x":0.667,"y":1},"o":{"x":0.333,"y":0},"t":19.2,"s":[{"i":[[4.18,2.267],[5.018,-3.033],[-3.328,-2.823],[-5.037,3.822]],"o":[[-5.25,-2.849],[-4.099,2.478],[4.714,4.002],[3.447,-2.612]],"v":[[120.472,77.294],[86.121,77.294],[86.121,88.152],[120.472,88.152]],"c":true}]},{"t":24,"s":[{"i":[[4.18,2.267],[5.018,-3.033],[-3.328,-2.823],[-5.037,3.822]],"o":[[-5.25,-2.849],[-4.099,2.478],[4.714,4.002],[3.447,-2.612]],"v":[[120.472,77.294],[86.121,77.294],[86.121,88.152],[120.472,88.152]],"c":true}]}],"ix":2},"nm":"Path 1","mn":"ADBE Vector Shape - Group","hd":false},{"ty":"fl","c":{"a":0,"k":[0.003921568859,0.20000000298,0.40000000596,1],"ix":4},"o":{"a":0,"k":100,"ix":5},"r":1,"bm":0,"nm":"Fill 1","mn":"ADBE Vector Graphic - Fill","hd":false},{"ty":"tr","p":{"a":0,"k":[0,0],"ix":2},"a":{"a":0,"k":[0,0],"ix":1},"s":{"a":0,"k":[100,100],"ix":3},"r":{"a":0,"k":0,"ix":6},"o":{"a":0,"k":100,"ix":7},"sk":{"a":0,"k":0,"ix":4},"sa":{"a":0,"k":0,"ix":5},"nm":"Transform"}],"nm":"Group 1","np":2,"cix":2,"bm":0,"ix":1,"mn":"ADBE Vector Group","hd":false}],"ip":0,"op":24,"st":0,"bm":0},{"ddd":0,"ind":20,"ty":4,"nm":"Mouth_Shape_02","parent":4,"sr":1,"ks":{"o":{"a":0,"k":100,"ix":11},"r":{"a":0,"k":0,"ix":10},"p":{"a":0,"k":[0.006,143.152,0],"ix":2},"a":{"a":0,"k":[103.333,84.087,0],"ix":1},"s":{"a":0,"k":[1193,1193,100],"ix":6}},"ao":0,"shapes":[{"ty":"gr","it":[{"ind":0,"ty":"sh","ix":1,"ks":{"a":1,"k":[{"i":{"x":0.667,"y":1},"o":{"x":0.333,"y":0},"t":0,"s":[{"i":[[4.18,2.267],[5.018,-3.033],[-3.328,-2.823],[-5.037,3.822]],"o":[[-5.25,-2.849],[-4.099,2.478],[4.714,4.002],[3.447,-2.612]],"v":[[120.472,78.294],[86.121,78.294],[86.121,89.152],[120.472,89.152]],"c":true}]},{"i":{"x":0.667,"y":1},"o":{"x":0.333,"y":0},"t":4.8,"s":[{"i":[[4.18,2.267],[5.018,-3.033],[-3.328,-2.823],[-5.037,3.822]],"o":[[-5.25,-2.849],[-4.099,2.478],[4.714,4.002],[3.447,-2.612]],"v":[[120.472,78.294],[86.121,78.294],[86.121,89.152],[120.472,89.152]],"c":true}]},{"i":{"x":0.667,"y":1},"o":{"x":0.333,"y":0},"t":9.6,"s":[{"i":[[4.18,2.267],[5.018,-3.033],[-3.328,-2.823],[-5.037,3.822]],"o":[[-5.25,-2.849],[-4.099,2.478],[4.714,4.002],[3.447,-2.612]],"v":[[120.472,78.294],[86.121,78.294],[86.121,89.152],[120.472,89.152]],"c":true}]},{"i":{"x":0.667,"y":1},"o":{"x":0.333,"y":0},"t":14.4,"s":[{"i":[[4.18,2.267],[5.018,-3.033],[-3.328,-2.823],[-5.037,3.822]],"o":[[-5.25,-2.849],[-4.099,2.478],[4.714,4.002],[3.447,-2.612]],"v":[[120.472,78.294],[86.121,78.294],[86.121,89.152],[120.472,89.152]],"c":true}]},{"i":{"x":0.667,"y":1},"o":{"x":0.333,"y":0},"t":19.2,"s":[{"i":[[4.18,2.267],[5.018,-3.033],[-3.328,-2.823],[-5.037,3.822]],"o":[[-5.25,-2.849],[-4.099,2.478],[4.714,4.002],[3.447,-2.612]],"v":[[120.472,78.294],[86.121,78.294],[86.121,89.152],[120.472,89.152]],"c":true}]},{"t":24,"s":[{"i":[[4.18,2.267],[5.018,-3.033],[-3.328,-2.823],[-5.037,3.822]],"o":[[-5.25,-2.849],[-4.099,2.478],[4.714,4.002],[3.447,-2.612]],"v":[[120.472,78.294],[86.121,78.294],[86.121,89.152],[120.472,89.152]],"c":true}]}],"ix":2},"nm":"Path 1","mn":"ADBE Vector Shape - Group","hd":false},{"ty":"fl","c":{"a":0,"k":[0.458823531866,0.839215695858,1,1],"ix":4},"o":{"a":0,"k":100,"ix":5},"r":1,"bm":0,"nm":"Fill 1","mn":"ADBE Vector Graphic - Fill","hd":false},{"ty":"tr","p":{"a":0,"k":[0,0],"ix":2},"a":{"a":0,"k":[0,0],"ix":1},"s":{"a":0,"k":[100,100],"ix":3},"r":{"a":0,"k":0,"ix":6},"o":{"a":0,"k":100,"ix":7},"sk":{"a":0,"k":0,"ix":4},"sa":{"a":0,"k":0,"ix":5},"nm":"Transform"}],"nm":"Group 1","np":2,"cix":2,"bm":0,"ix":1,"mn":"ADBE Vector Group","hd":false}],"ip":0,"op":24,"st":0,"bm":0},{"ddd":0,"ind":21,"ty":4,"nm":"Face","parent":3,"sr":1,"ks":{"o":{"a":0,"k":100,"ix":11},"r":{"a":0,"k":0,"ix":10},"p":{"a":0,"k":[0,-304,0],"ix":2},"a":{"a":0,"k":[103.333,72.088,0],"ix":1},"s":{"a":0,"k":[1193,1193,100],"ix":6}},"ao":0,"shapes":[{"ty":"gr","it":[{"ind":0,"ty":"sh","ix":1,"ks":{"a":0,"k":{"i":[[-16.568,0],[0,-16.568],[16.568,0],[0,16.568]],"o":[[16.568,0],[0,16.568],[-16.568,0],[0,-16.568]],"v":[[103.333,42.088],[133.333,72.088],[103.333,102.088],[73.333,72.088]],"c":true},"ix":2},"nm":"Path 1","mn":"ADBE Vector Shape - Group","hd":false},{"ty":"gf","o":{"a":0,"k":100,"ix":10},"r":1,"bm":0,"g":{"p":3,"k":{"a":0,"k":[0,0,0.353,1,0.488,0,0.643,1,0.976,0,0.933,1],"ix":9}},"s":{"a":0,"k":[103.618,102.219],"ix":5},"e":{"a":0,"k":[103.805,42.25],"ix":6},"t":1,"nm":"FaceG","mn":"ADBE Vector Graphic - G-Fill","hd":false},{"ty":"tr","p":{"a":0,"k":[0,0],"ix":2},"a":{"a":0,"k":[0,0],"ix":1},"s":{"a":0,"k":[100,100],"ix":3},"r":{"a":0,"k":0,"ix":6},"o":{"a":0,"k":100,"ix":7},"sk":{"a":0,"k":0,"ix":4},"sa":{"a":0,"k":0,"ix":5},"nm":"Transform"}],"nm":"Group 1","np":2,"cix":2,"bm":0,"ix":1,"mn":"ADBE Vector Group","hd":false}],"ip":0,"op":24,"st":0,"bm":0}]}],"layers":[{"ddd":0,"ind":1,"ty":0,"nm":"cold_face","refId":"comp_0","sr":1,"ks":{"o":{"a":0,"k":100,"ix":11},"r":{"a":0,"k":0,"ix":10},"p":{"a":0,"k":[512,512,0],"ix":2},"a":{"a":0,"k":[512,512,0],"ix":1},"s":{"a":0,"k":[100,100,100],"ix":6}},"ao":0,"w":1024,"h":1024,"ip":0,"op":24,"st":0,"bm":0}],"markers":[]}