{"v":"5.6.2","fr":24,"ip":0,"op":48,"w":1024,"h":1024,"nm":"face_with_tears_of_joy","ddd":0,"assets":[{"id":"comp_0","layers":[{"ddd":0,"ind":1,"ty":4,"nm":"face_with_tears_of_joy 8","parent":9,"sr":1,"ks":{"o":{"a":0,"k":100,"ix":11},"r":{"a":1,"k":[{"i":{"x":[0.833],"y":[0.833]},"o":{"x":[0.167],"y":[0.167]},"t":-5,"s":[18]},{"i":{"x":[0.833],"y":[0.833]},"o":{"x":[0.167],"y":[0.167]},"t":1,"s":[-7]},{"t":12,"s":[-52]}],"ix":10},"p":{"a":1,"k":[{"i":{"x":0.833,"y":0.833},"o":{"x":0.167,"y":0.167},"t":1,"s":[-245.996,24.466,0],"to":[-84.613,129.38,0],"ti":[-108.913,-80.114,0]},{"t":12,"s":[-167.735,399.018,0]}],"ix":2},"a":{"a":0,"k":[293.567,473.043,0],"ix":1},"s":{"a":1,"k":[{"i":{"x":[0.833,0.833,0.833],"y":[0.833,0.833,0.833]},"o":{"x":[0.167,0.167,0.167],"y":[0.167,0.167,0.167]},"t":-5,"s":[0,0,100]},{"i":{"x":[0.833,0.833,0.833],"y":[0.833,0.833,0.833]},"o":{"x":[0.167,0.167,0.167],"y":[0.167,0.167,0.167]},"t":1,"s":[100,100,100]},{"t":12,"s":[0,0,100]}],"ix":6}},"ao":0,"shapes":[{"ty":"gr","it":[{"ind":0,"ty":"sh","ix":1,"ks":{"a":0,"k":{"i":[[15.832,-25.288],[12.009,7.508],[-41.179,58.096],[-12.015,-7.52]],"o":[[-15.839,25.306],[-11.993,-7.509],[17.269,-24.364],[11.993,7.519]],"v":[[77.24,61.597],[-66.572,67.643],[-74.405,-50.302],[67.67,-95.807]],"c":true},"ix":2},"nm":"Path 1","mn":"ADBE Vector Shape - Group","hd":false},{"ty":"gf","o":{"a":0,"k":100,"ix":10},"r":1,"bm":0,"g":{"p":3,"k":{"a":0,"k":[0,0.831,0.949,1,0.8,0.8,0.941,1,1,0.769,0.933,1,0,1,0.8,0.5,1,0],"ix":9}},"s":{"a":0,"k":[-3.463,-2.322],"ix":5},"e":{"a":0,"k":[29.517,-62.412],"ix":6},"t":2,"h":{"a":0,"k":0,"ix":7},"a":{"a":0,"k":0,"ix":8},"nm":"Tea1Gradient Fill 1","mn":"ADBE Vector Graphic - G-Fill","hd":false},{"ty":"tr","p":{"a":0,"k":[200.813,575.754],"ix":2},"a":{"a":0,"k":[0,0],"ix":1},"s":{"a":0,"k":[36,84],"ix":3},"r":{"a":0,"k":28,"ix":6},"o":{"a":0,"k":100,"ix":7},"sk":{"a":0,"k":0,"ix":4},"sa":{"a":0,"k":0,"ix":5},"nm":"Transform"}],"nm":"Group 1","np":2,"cix":2,"bm":0,"ix":1,"mn":"ADBE Vector Group","hd":false},{"ty":"gr","it":[{"ind":0,"ty":"sh","ix":1,"ks":{"a":0,"k":{"i":[[-73.726,148.775],[-9.796,-0.278],[-19.23,-107.348]],"o":[[28.273,-57.043],[12.86,0.385],[27.208,151.578]],"v":[[-56.832,-18.706],[69.157,-111.054],[64.026,12.862]],"c":true},"ix":2},"nm":"Path 1","mn":"ADBE Vector Shape - Group","hd":false},{"ty":"gf","o":{"a":0,"k":100,"ix":10},"r":1,"bm":0,"g":{"p":3,"k":{"a":0,"k":[0.43,0.4,0.894,1,0.812,0.255,0.78,1,1,0.11,0.667,1],"ix":9}},"s":{"a":0,"k":[23.097,-17.67],"ix":5},"e":{"a":0,"k":[-86.51,-80.303],"ix":6},"t":2,"h":{"a":0,"k":0,"ix":7},"a":{"a":0,"k":0,"ix":8},"nm":"Tea2Gradient Fill 1","mn":"ADBE Vector Graphic - G-Fill","hd":false},{"ty":"tr","p":{"a":0,"k":[224.424,580.314],"ix":2},"a":{"a":0,"k":[0,0],"ix":1},"s":{"a":0,"k":[100,100],"ix":3},"r":{"a":0,"k":0,"ix":6},"o":{"a":0,"k":100,"ix":7},"sk":{"a":0,"k":0,"ix":4},"sa":{"a":0,"k":0,"ix":5},"nm":"Transform"}],"nm":"Group 2","np":2,"cix":2,"bm":0,"ix":2,"mn":"ADBE Vector Group","hd":false}],"ip":0,"op":12,"st":-5,"bm":0},{"ddd":0,"ind":2,"ty":4,"nm":"face_with_tears_of_joy 7","parent":9,"sr":1,"ks":{"o":{"a":0,"k":100,"ix":11},"r":{"a":1,"k":[{"i":{"x":[0.833],"y":[0.833]},"o":{"x":[0.167],"y":[0.167]},"t":-5,"s":[0]},{"i":{"x":[0.833],"y":[0.833]},"o":{"x":[0.167],"y":[0.167]},"t":1,"s":[11]},{"t":12,"s":[52]}],"ix":10},"p":{"a":1,"k":[{"i":{"x":0.833,"y":0.833},"o":{"x":0.167,"y":0.167},"t":1,"s":[250.145,24.466,0],"to":[91.436,104.358,0],"ti":[123.824,-49.371,0]},{"t":12,"s":[137.549,378.498,0]}],"ix":2},"a":{"a":0,"k":[293.567,473.043,0],"ix":1},"s":{"a":1,"k":[{"i":{"x":[0.833,0.833,0.833],"y":[0.833,0.833,0.833]},"o":{"x":[0.167,0.167,0.167],"y":[0.167,0.167,0.167]},"t":-5,"s":[0,0,100]},{"i":{"x":[0.833,0.833,0.833],"y":[0.833,0.833,0.833]},"o":{"x":[0.167,0.167,0.167],"y":[0.167,0.167,0.167]},"t":1,"s":[-100,100,100]},{"t":12,"s":[0,0,100]}],"ix":6}},"ao":0,"shapes":[{"ty":"gr","it":[{"ind":0,"ty":"sh","ix":1,"ks":{"a":0,"k":{"i":[[15.832,-25.288],[12.009,7.508],[-41.179,58.096],[-12.015,-7.52]],"o":[[-15.839,25.306],[-11.993,-7.509],[17.269,-24.364],[11.993,7.519]],"v":[[77.24,61.597],[-66.572,67.643],[-74.405,-50.302],[67.67,-95.807]],"c":true},"ix":2},"nm":"Path 1","mn":"ADBE Vector Shape - Group","hd":false},{"ty":"gf","o":{"a":0,"k":100,"ix":10},"r":1,"bm":0,"g":{"p":3,"k":{"a":0,"k":[0,0.831,0.949,1,0.8,0.8,0.941,1,1,0.769,0.933,1,0,1,0.8,0.5,1,0],"ix":9}},"s":{"a":0,"k":[-3.463,-2.322],"ix":5},"e":{"a":0,"k":[29.517,-62.412],"ix":6},"t":2,"h":{"a":0,"k":0,"ix":7},"a":{"a":0,"k":0,"ix":8},"nm":"Tea1Gradient Fill 1","mn":"ADBE Vector Graphic - G-Fill","hd":false},{"ty":"tr","p":{"a":0,"k":[200.813,575.754],"ix":2},"a":{"a":0,"k":[0,0],"ix":1},"s":{"a":0,"k":[36,84],"ix":3},"r":{"a":0,"k":28,"ix":6},"o":{"a":0,"k":100,"ix":7},"sk":{"a":0,"k":0,"ix":4},"sa":{"a":0,"k":0,"ix":5},"nm":"Transform"}],"nm":"Group 1","np":2,"cix":2,"bm":0,"ix":1,"mn":"ADBE Vector Group","hd":false},{"ty":"gr","it":[{"ind":0,"ty":"sh","ix":1,"ks":{"a":0,"k":{"i":[[-73.726,148.775],[-9.796,-0.278],[-19.23,-107.348]],"o":[[28.273,-57.043],[12.86,0.385],[27.208,151.578]],"v":[[-56.832,-18.706],[69.157,-111.054],[64.026,12.862]],"c":true},"ix":2},"nm":"Path 1","mn":"ADBE Vector Shape - Group","hd":false},{"ty":"gf","o":{"a":0,"k":100,"ix":10},"r":1,"bm":0,"g":{"p":3,"k":{"a":0,"k":[0.43,0.4,0.894,1,0.812,0.255,0.78,1,1,0.11,0.667,1],"ix":9}},"s":{"a":0,"k":[23.097,-17.67],"ix":5},"e":{"a":0,"k":[-86.51,-80.303],"ix":6},"t":2,"h":{"a":0,"k":0,"ix":7},"a":{"a":0,"k":0,"ix":8},"nm":"Tea2Gradient Fill 1","mn":"ADBE Vector Graphic - G-Fill","hd":false},{"ty":"tr","p":{"a":0,"k":[224.424,580.314],"ix":2},"a":{"a":0,"k":[0,0],"ix":1},"s":{"a":0,"k":[100,100],"ix":3},"r":{"a":0,"k":0,"ix":6},"o":{"a":0,"k":100,"ix":7},"sk":{"a":0,"k":0,"ix":4},"sa":{"a":0,"k":0,"ix":5},"nm":"Transform"}],"nm":"Group 2","np":2,"cix":2,"bm":0,"ix":2,"mn":"ADBE Vector Group","hd":false}],"ip":0,"op":13,"st":-5,"bm":0},{"ddd":0,"ind":3,"ty":4,"nm":"face_with_tears_of_joy 6","parent":9,"sr":1,"ks":{"o":{"a":0,"k":100,"ix":11},"r":{"a":1,"k":[{"i":{"x":[0.833],"y":[0.833]},"o":{"x":[0.167],"y":[0.167]},"t":43,"s":[18]},{"i":{"x":[0.833],"y":[0.833]},"o":{"x":[0.167],"y":[0.167]},"t":49,"s":[-7]},{"t":60,"s":[-52]}],"ix":10},"p":{"a":1,"k":[{"i":{"x":0.833,"y":0.833},"o":{"x":0.167,"y":0.167},"t":49,"s":[-245.996,24.466,0],"to":[-84.613,129.38,0],"ti":[-108.913,-80.114,0]},{"t":60,"s":[-167.735,399.018,0]}],"ix":2},"a":{"a":0,"k":[293.567,473.043,0],"ix":1},"s":{"a":1,"k":[{"i":{"x":[0.833,0.833,0.833],"y":[0.833,0.833,0.833]},"o":{"x":[0.167,0.167,0.167],"y":[0.167,0.167,0.167]},"t":43,"s":[0,0,100]},{"i":{"x":[0.833,0.833,0.833],"y":[0.833,0.833,0.833]},"o":{"x":[0.167,0.167,0.167],"y":[0.167,0.167,0.167]},"t":49,"s":[100,100,100]},{"t":60,"s":[0,0,100]}],"ix":6}},"ao":0,"shapes":[{"ty":"gr","it":[{"ind":0,"ty":"sh","ix":1,"ks":{"a":0,"k":{"i":[[15.832,-25.288],[12.009,7.508],[-41.179,58.096],[-12.015,-7.52]],"o":[[-15.839,25.306],[-11.993,-7.509],[17.269,-24.364],[11.993,7.519]],"v":[[77.24,61.597],[-66.572,67.643],[-74.405,-50.302],[67.67,-95.807]],"c":true},"ix":2},"nm":"Path 1","mn":"ADBE Vector Shape - Group","hd":false},{"ty":"gf","o":{"a":0,"k":100,"ix":10},"r":1,"bm":0,"g":{"p":3,"k":{"a":0,"k":[0,0.831,0.949,1,0.8,0.8,0.941,1,1,0.769,0.933,1,0,1,0.8,0.5,1,0],"ix":9}},"s":{"a":0,"k":[-3.463,-2.322],"ix":5},"e":{"a":0,"k":[29.517,-62.412],"ix":6},"t":2,"h":{"a":0,"k":0,"ix":7},"a":{"a":0,"k":0,"ix":8},"nm":"Tea1Gradient Fill 1","mn":"ADBE Vector Graphic - G-Fill","hd":false},{"ty":"tr","p":{"a":0,"k":[200.813,575.754],"ix":2},"a":{"a":0,"k":[0,0],"ix":1},"s":{"a":0,"k":[36,84],"ix":3},"r":{"a":0,"k":28,"ix":6},"o":{"a":0,"k":100,"ix":7},"sk":{"a":0,"k":0,"ix":4},"sa":{"a":0,"k":0,"ix":5},"nm":"Transform"}],"nm":"Group 1","np":2,"cix":2,"bm":0,"ix":1,"mn":"ADBE Vector Group","hd":false},{"ty":"gr","it":[{"ind":0,"ty":"sh","ix":1,"ks":{"a":0,"k":{"i":[[-73.726,148.775],[-9.796,-0.278],[-19.23,-107.348]],"o":[[28.273,-57.043],[12.86,0.385],[27.208,151.578]],"v":[[-56.832,-18.706],[69.157,-111.054],[64.026,12.862]],"c":true},"ix":2},"nm":"Path 1","mn":"ADBE Vector Shape - Group","hd":false},{"ty":"gf","o":{"a":0,"k":100,"ix":10},"r":1,"bm":0,"g":{"p":3,"k":{"a":0,"k":[0.43,0.4,0.894,1,0.812,0.255,0.78,1,1,0.11,0.667,1],"ix":9}},"s":{"a":0,"k":[23.097,-17.67],"ix":5},"e":{"a":0,"k":[-86.51,-80.303],"ix":6},"t":2,"h":{"a":0,"k":0,"ix":7},"a":{"a":0,"k":0,"ix":8},"nm":"Tea2Gradient Fill 1","mn":"ADBE Vector Graphic - G-Fill","hd":false},{"ty":"tr","p":{"a":0,"k":[224.424,580.314],"ix":2},"a":{"a":0,"k":[0,0],"ix":1},"s":{"a":0,"k":[100,100],"ix":3},"r":{"a":0,"k":0,"ix":6},"o":{"a":0,"k":100,"ix":7},"sk":{"a":0,"k":0,"ix":4},"sa":{"a":0,"k":0,"ix":5},"nm":"Transform"}],"nm":"Group 2","np":2,"cix":2,"bm":0,"ix":2,"mn":"ADBE Vector Group","hd":false}],"ip":43,"op":48,"st":43,"bm":0},{"ddd":0,"ind":4,"ty":4,"nm":"face_with_tears_of_joy 5","parent":9,"sr":1,"ks":{"o":{"a":0,"k":100,"ix":11},"r":{"a":1,"k":[{"i":{"x":[0.833],"y":[0.833]},"o":{"x":[0.167],"y":[0.167]},"t":43,"s":[0]},{"i":{"x":[0.833],"y":[0.833]},"o":{"x":[0.167],"y":[0.167]},"t":49,"s":[11]},{"t":60,"s":[52]}],"ix":10},"p":{"a":1,"k":[{"i":{"x":0.833,"y":0.833},"o":{"x":0.167,"y":0.167},"t":49,"s":[250.145,24.466,0],"to":[91.436,104.358,0],"ti":[123.824,-49.371,0]},{"t":60,"s":[137.549,378.498,0]}],"ix":2},"a":{"a":0,"k":[293.567,473.043,0],"ix":1},"s":{"a":1,"k":[{"i":{"x":[0.833,0.833,0.833],"y":[0.833,0.833,0.833]},"o":{"x":[0.167,0.167,0.167],"y":[0.167,0.167,0.167]},"t":43,"s":[0,0,100]},{"i":{"x":[0.833,0.833,0.833],"y":[0.833,0.833,0.833]},"o":{"x":[0.167,0.167,0.167],"y":[0.167,0.167,0.167]},"t":49,"s":[-100,100,100]},{"t":60,"s":[0,0,100]}],"ix":6}},"ao":0,"shapes":[{"ty":"gr","it":[{"ind":0,"ty":"sh","ix":1,"ks":{"a":0,"k":{"i":[[15.832,-25.288],[12.009,7.508],[-41.179,58.096],[-12.015,-7.52]],"o":[[-15.839,25.306],[-11.993,-7.509],[17.269,-24.364],[11.993,7.519]],"v":[[77.24,61.597],[-66.572,67.643],[-74.405,-50.302],[67.67,-95.807]],"c":true},"ix":2},"nm":"Path 1","mn":"ADBE Vector Shape - Group","hd":false},{"ty":"gf","o":{"a":0,"k":100,"ix":10},"r":1,"bm":0,"g":{"p":3,"k":{"a":0,"k":[0,0.831,0.949,1,0.8,0.8,0.941,1,1,0.769,0.933,1,0,1,0.8,0.5,1,0],"ix":9}},"s":{"a":0,"k":[-3.463,-2.322],"ix":5},"e":{"a":0,"k":[29.517,-62.412],"ix":6},"t":2,"h":{"a":0,"k":0,"ix":7},"a":{"a":0,"k":0,"ix":8},"nm":"Tea1Gradient Fill 1","mn":"ADBE Vector Graphic - G-Fill","hd":false},{"ty":"tr","p":{"a":0,"k":[200.813,575.754],"ix":2},"a":{"a":0,"k":[0,0],"ix":1},"s":{"a":0,"k":[36,84],"ix":3},"r":{"a":0,"k":28,"ix":6},"o":{"a":0,"k":100,"ix":7},"sk":{"a":0,"k":0,"ix":4},"sa":{"a":0,"k":0,"ix":5},"nm":"Transform"}],"nm":"Group 1","np":2,"cix":2,"bm":0,"ix":1,"mn":"ADBE Vector Group","hd":false},{"ty":"gr","it":[{"ind":0,"ty":"sh","ix":1,"ks":{"a":0,"k":{"i":[[-73.726,148.775],[-9.796,-0.278],[-19.23,-107.348]],"o":[[28.273,-57.043],[12.86,0.385],[27.208,151.578]],"v":[[-56.832,-18.706],[69.157,-111.054],[64.026,12.862]],"c":true},"ix":2},"nm":"Path 1","mn":"ADBE Vector Shape - Group","hd":false},{"ty":"gf","o":{"a":0,"k":100,"ix":10},"r":1,"bm":0,"g":{"p":3,"k":{"a":0,"k":[0.43,0.4,0.894,1,0.812,0.255,0.78,1,1,0.11,0.667,1],"ix":9}},"s":{"a":0,"k":[23.097,-17.67],"ix":5},"e":{"a":0,"k":[-86.51,-80.303],"ix":6},"t":2,"h":{"a":0,"k":0,"ix":7},"a":{"a":0,"k":0,"ix":8},"nm":"Tea2Gradient Fill 1","mn":"ADBE Vector Graphic - G-Fill","hd":false},{"ty":"tr","p":{"a":0,"k":[224.424,580.314],"ix":2},"a":{"a":0,"k":[0,0],"ix":1},"s":{"a":0,"k":[100,100],"ix":3},"r":{"a":0,"k":0,"ix":6},"o":{"a":0,"k":100,"ix":7},"sk":{"a":0,"k":0,"ix":4},"sa":{"a":0,"k":0,"ix":5},"nm":"Transform"}],"nm":"Group 2","np":2,"cix":2,"bm":0,"ix":2,"mn":"ADBE Vector Group","hd":false}],"ip":43,"op":48,"st":43,"bm":0},{"ddd":0,"ind":5,"ty":4,"nm":"face_with_tears_of_joy 4","parent":9,"sr":1,"ks":{"o":{"a":0,"k":100,"ix":11},"r":{"a":1,"k":[{"i":{"x":[0.833],"y":[0.833]},"o":{"x":[0.167],"y":[0.167]},"t":27,"s":[18]},{"i":{"x":[0.833],"y":[0.833]},"o":{"x":[0.167],"y":[0.167]},"t":33,"s":[-7]},{"t":44,"s":[-52]}],"ix":10},"p":{"a":1,"k":[{"i":{"x":0.833,"y":0.833},"o":{"x":0.167,"y":0.167},"t":33,"s":[-245.996,24.466,0],"to":[-84.613,129.38,0],"ti":[-108.913,-80.114,0]},{"t":44,"s":[-167.735,358.704,0]}],"ix":2},"a":{"a":0,"k":[293.567,473.043,0],"ix":1},"s":{"a":1,"k":[{"i":{"x":[0.833,0.833,0.833],"y":[0.833,0.833,0.833]},"o":{"x":[0.167,0.167,0.167],"y":[0.167,0.167,0.167]},"t":27,"s":[0,0,100]},{"i":{"x":[0.833,0.833,0.833],"y":[0.833,0.833,0.833]},"o":{"x":[0.167,0.167,0.167],"y":[0.167,0.167,0.167]},"t":33,"s":[100,100,100]},{"t":44,"s":[0,0,100]}],"ix":6}},"ao":0,"shapes":[{"ty":"gr","it":[{"ind":0,"ty":"sh","ix":1,"ks":{"a":0,"k":{"i":[[15.832,-25.288],[12.009,7.508],[-41.179,58.096],[-12.015,-7.52]],"o":[[-15.839,25.306],[-11.993,-7.509],[17.269,-24.364],[11.993,7.519]],"v":[[77.24,61.597],[-66.572,67.643],[-74.405,-50.302],[67.67,-95.807]],"c":true},"ix":2},"nm":"Path 1","mn":"ADBE Vector Shape - Group","hd":false},{"ty":"gf","o":{"a":0,"k":100,"ix":10},"r":1,"bm":0,"g":{"p":3,"k":{"a":0,"k":[0,0.831,0.949,1,0.8,0.8,0.941,1,1,0.769,0.933,1,0,1,0.8,0.5,1,0],"ix":9}},"s":{"a":0,"k":[-3.463,-2.322],"ix":5},"e":{"a":0,"k":[29.517,-62.412],"ix":6},"t":2,"h":{"a":0,"k":0,"ix":7},"a":{"a":0,"k":0,"ix":8},"nm":"Tea1Gradient Fill 1","mn":"ADBE Vector Graphic - G-Fill","hd":false},{"ty":"tr","p":{"a":0,"k":[200.813,575.754],"ix":2},"a":{"a":0,"k":[0,0],"ix":1},"s":{"a":0,"k":[36,84],"ix":3},"r":{"a":0,"k":28,"ix":6},"o":{"a":0,"k":100,"ix":7},"sk":{"a":0,"k":0,"ix":4},"sa":{"a":0,"k":0,"ix":5},"nm":"Transform"}],"nm":"Group 1","np":2,"cix":2,"bm":0,"ix":1,"mn":"ADBE Vector Group","hd":false},{"ty":"gr","it":[{"ind":0,"ty":"sh","ix":1,"ks":{"a":0,"k":{"i":[[-73.726,148.775],[-9.796,-0.278],[-19.23,-107.348]],"o":[[28.273,-57.043],[12.86,0.385],[27.208,151.578]],"v":[[-56.832,-18.706],[69.157,-111.054],[64.026,12.862]],"c":true},"ix":2},"nm":"Path 1","mn":"ADBE Vector Shape - Group","hd":false},{"ty":"gf","o":{"a":0,"k":100,"ix":10},"r":1,"bm":0,"g":{"p":3,"k":{"a":0,"k":[0.43,0.4,0.894,1,0.812,0.255,0.78,1,1,0.11,0.667,1],"ix":9}},"s":{"a":0,"k":[23.097,-17.67],"ix":5},"e":{"a":0,"k":[-86.51,-80.303],"ix":6},"t":2,"h":{"a":0,"k":0,"ix":7},"a":{"a":0,"k":0,"ix":8},"nm":"Tea2Gradient Fill 1","mn":"ADBE Vector Graphic - G-Fill","hd":false},{"ty":"tr","p":{"a":0,"k":[224.424,580.314],"ix":2},"a":{"a":0,"k":[0,0],"ix":1},"s":{"a":0,"k":[100,100],"ix":3},"r":{"a":0,"k":0,"ix":6},"o":{"a":0,"k":100,"ix":7},"sk":{"a":0,"k":0,"ix":4},"sa":{"a":0,"k":0,"ix":5},"nm":"Transform"}],"nm":"Group 2","np":2,"cix":2,"bm":0,"ix":2,"mn":"ADBE Vector Group","hd":false}],"ip":27,"op":45,"st":27,"bm":0},{"ddd":0,"ind":6,"ty":4,"nm":"face_with_tears_of_joy 3","parent":9,"sr":1,"ks":{"o":{"a":0,"k":100,"ix":11},"r":{"a":1,"k":[{"i":{"x":[0.833],"y":[0.833]},"o":{"x":[0.167],"y":[0.167]},"t":16,"s":[0]},{"i":{"x":[0.833],"y":[0.833]},"o":{"x":[0.167],"y":[0.167]},"t":22,"s":[11]},{"t":33,"s":[52]}],"ix":10},"p":{"a":1,"k":[{"i":{"x":0.833,"y":0.833},"o":{"x":0.167,"y":0.167},"t":22,"s":[250.145,24.466,0],"to":[91.436,104.358,0],"ti":[123.824,-49.371,0]},{"t":33,"s":[137.549,378.498,0]}],"ix":2},"a":{"a":0,"k":[293.567,473.043,0],"ix":1},"s":{"a":1,"k":[{"i":{"x":[0.833,0.833,0.833],"y":[0.833,0.833,0.833]},"o":{"x":[0.167,0.167,0.167],"y":[0.167,0.167,0.167]},"t":16,"s":[0,0,100]},{"i":{"x":[0.833,0.833,0.833],"y":[0.833,0.833,0.833]},"o":{"x":[0.167,0.167,0.167],"y":[0.167,0.167,0.167]},"t":22,"s":[-100,100,100]},{"t":33,"s":[0,0,100]}],"ix":6}},"ao":0,"shapes":[{"ty":"gr","it":[{"ind":0,"ty":"sh","ix":1,"ks":{"a":0,"k":{"i":[[15.832,-25.288],[12.009,7.508],[-41.179,58.096],[-12.015,-7.52]],"o":[[-15.839,25.306],[-11.993,-7.509],[17.269,-24.364],[11.993,7.519]],"v":[[77.24,61.597],[-66.572,67.643],[-74.405,-50.302],[67.67,-95.807]],"c":true},"ix":2},"nm":"Path 1","mn":"ADBE Vector Shape - Group","hd":false},{"ty":"gf","o":{"a":0,"k":100,"ix":10},"r":1,"bm":0,"g":{"p":3,"k":{"a":0,"k":[0,0.831,0.949,1,0.8,0.8,0.941,1,1,0.769,0.933,1,0,1,0.8,0.5,1,0],"ix":9}},"s":{"a":0,"k":[-3.463,-2.322],"ix":5},"e":{"a":0,"k":[29.517,-62.412],"ix":6},"t":2,"h":{"a":0,"k":0,"ix":7},"a":{"a":0,"k":0,"ix":8},"nm":"Tea1Gradient Fill 1","mn":"ADBE Vector Graphic - G-Fill","hd":false},{"ty":"tr","p":{"a":0,"k":[200.813,575.754],"ix":2},"a":{"a":0,"k":[0,0],"ix":1},"s":{"a":0,"k":[36,84],"ix":3},"r":{"a":0,"k":28,"ix":6},"o":{"a":0,"k":100,"ix":7},"sk":{"a":0,"k":0,"ix":4},"sa":{"a":0,"k":0,"ix":5},"nm":"Transform"}],"nm":"Group 1","np":2,"cix":2,"bm":0,"ix":1,"mn":"ADBE Vector Group","hd":false},{"ty":"gr","it":[{"ind":0,"ty":"sh","ix":1,"ks":{"a":0,"k":{"i":[[-73.726,148.775],[-9.796,-0.278],[-19.23,-107.348]],"o":[[28.273,-57.043],[12.86,0.385],[27.208,151.578]],"v":[[-56.832,-18.706],[69.157,-111.054],[64.026,12.862]],"c":true},"ix":2},"nm":"Path 1","mn":"ADBE Vector Shape - Group","hd":false},{"ty":"gf","o":{"a":0,"k":100,"ix":10},"r":1,"bm":0,"g":{"p":3,"k":{"a":0,"k":[0.43,0.4,0.894,1,0.812,0.255,0.78,1,1,0.11,0.667,1],"ix":9}},"s":{"a":0,"k":[23.097,-17.67],"ix":5},"e":{"a":0,"k":[-86.51,-80.303],"ix":6},"t":2,"h":{"a":0,"k":0,"ix":7},"a":{"a":0,"k":0,"ix":8},"nm":"Tea2Gradient Fill 1","mn":"ADBE Vector Graphic - G-Fill","hd":false},{"ty":"tr","p":{"a":0,"k":[224.424,580.314],"ix":2},"a":{"a":0,"k":[0,0],"ix":1},"s":{"a":0,"k":[100,100],"ix":3},"r":{"a":0,"k":0,"ix":6},"o":{"a":0,"k":100,"ix":7},"sk":{"a":0,"k":0,"ix":4},"sa":{"a":0,"k":0,"ix":5},"nm":"Transform"}],"nm":"Group 2","np":2,"cix":2,"bm":0,"ix":2,"mn":"ADBE Vector Group","hd":false}],"ip":16,"op":34,"st":16,"bm":0},{"ddd":0,"ind":7,"ty":4,"nm":"face_with_tears_of_joy 2","parent":9,"sr":1,"ks":{"o":{"a":0,"k":100,"ix":11},"r":{"a":1,"k":[{"i":{"x":[0.833],"y":[0.833]},"o":{"x":[0.167],"y":[0.167]},"t":7,"s":[18]},{"i":{"x":[0.833],"y":[0.833]},"o":{"x":[0.167],"y":[0.167]},"t":13,"s":[-7]},{"t":24,"s":[-52]}],"ix":10},"p":{"a":1,"k":[{"i":{"x":0.833,"y":0.833},"o":{"x":0.167,"y":0.167},"t":13,"s":[-245.996,24.466,0],"to":[-84.613,129.38,0],"ti":[-108.913,-80.114,0]},{"t":24,"s":[-167.735,379.018,0]}],"ix":2},"a":{"a":0,"k":[293.567,473.043,0],"ix":1},"s":{"a":1,"k":[{"i":{"x":[0.833,0.833,0.833],"y":[0.833,0.833,0.833]},"o":{"x":[0.167,0.167,0.167],"y":[0.167,0.167,0.167]},"t":7,"s":[0,0,100]},{"i":{"x":[0.833,0.833,0.833],"y":[0.833,0.833,0.833]},"o":{"x":[0.167,0.167,0.167],"y":[0.167,0.167,0.167]},"t":13,"s":[100,100,100]},{"t":24,"s":[0,0,100]}],"ix":6}},"ao":0,"shapes":[{"ty":"gr","it":[{"ind":0,"ty":"sh","ix":1,"ks":{"a":0,"k":{"i":[[15.832,-25.288],[12.009,7.508],[-41.179,58.096],[-12.015,-7.52]],"o":[[-15.839,25.306],[-11.993,-7.509],[17.269,-24.364],[11.993,7.519]],"v":[[77.24,61.597],[-66.572,67.643],[-74.405,-50.302],[67.67,-95.807]],"c":true},"ix":2},"nm":"Path 1","mn":"ADBE Vector Shape - Group","hd":false},{"ty":"gf","o":{"a":0,"k":100,"ix":10},"r":1,"bm":0,"g":{"p":3,"k":{"a":0,"k":[0,0.831,0.949,1,0.8,0.8,0.941,1,1,0.769,0.933,1,0,1,0.8,0.5,1,0],"ix":9}},"s":{"a":0,"k":[-3.463,-2.322],"ix":5},"e":{"a":0,"k":[29.517,-62.412],"ix":6},"t":2,"h":{"a":0,"k":0,"ix":7},"a":{"a":0,"k":0,"ix":8},"nm":"Tea1Gradient Fill 1","mn":"ADBE Vector Graphic - G-Fill","hd":false},{"ty":"tr","p":{"a":0,"k":[200.813,575.754],"ix":2},"a":{"a":0,"k":[0,0],"ix":1},"s":{"a":0,"k":[36,84],"ix":3},"r":{"a":0,"k":28,"ix":6},"o":{"a":0,"k":100,"ix":7},"sk":{"a":0,"k":0,"ix":4},"sa":{"a":0,"k":0,"ix":5},"nm":"Transform"}],"nm":"Group 1","np":2,"cix":2,"bm":0,"ix":1,"mn":"ADBE Vector Group","hd":false},{"ty":"gr","it":[{"ind":0,"ty":"sh","ix":1,"ks":{"a":0,"k":{"i":[[-73.726,148.775],[-9.796,-0.278],[-19.23,-107.348]],"o":[[28.273,-57.043],[12.86,0.385],[27.208,151.578]],"v":[[-56.832,-18.706],[69.157,-111.054],[64.026,12.862]],"c":true},"ix":2},"nm":"Path 1","mn":"ADBE Vector Shape - Group","hd":false},{"ty":"gf","o":{"a":0,"k":100,"ix":10},"r":1,"bm":0,"g":{"p":3,"k":{"a":0,"k":[0.43,0.4,0.894,1,0.812,0.255,0.78,1,1,0.11,0.667,1],"ix":9}},"s":{"a":0,"k":[23.097,-17.67],"ix":5},"e":{"a":0,"k":[-86.51,-80.303],"ix":6},"t":2,"h":{"a":0,"k":0,"ix":7},"a":{"a":0,"k":0,"ix":8},"nm":"Tea2Gradient Fill 1","mn":"ADBE Vector Graphic - G-Fill","hd":false},{"ty":"tr","p":{"a":0,"k":[224.424,580.314],"ix":2},"a":{"a":0,"k":[0,0],"ix":1},"s":{"a":0,"k":[100,100],"ix":3},"r":{"a":0,"k":0,"ix":6},"o":{"a":0,"k":100,"ix":7},"sk":{"a":0,"k":0,"ix":4},"sa":{"a":0,"k":0,"ix":5},"nm":"Transform"}],"nm":"Group 2","np":2,"cix":2,"bm":0,"ix":2,"mn":"ADBE Vector Group","hd":false}],"ip":7,"op":25,"st":7,"bm":0},{"ddd":0,"ind":8,"ty":3,"nm":"Head_CTRL","sr":1,"ks":{"o":{"a":0,"k":100,"ix":11},"r":{"a":0,"k":0,"ix":10},"p":{"a":0,"k":[512,844,0],"ix":2},"a":{"a":0,"k":[0,0,0],"ix":1},"s":{"a":1,"k":[{"i":{"x":[0.667,0.667,0.667],"y":[1,1,1]},"o":{"x":[0.333,0.333,0.333],"y":[0,0,0]},"t":0,"s":[100,100,100]},{"i":{"x":[0.667,0.667,0.667],"y":[1,1,1]},"o":{"x":[0.333,0.333,0.333],"y":[0,0,0]},"t":6,"s":[103,97,100]},{"i":{"x":[0.667,0.667,0.667],"y":[1,1,1]},"o":{"x":[0.333,0.333,0.333],"y":[0,0,0]},"t":12,"s":[100,100,100]},{"i":{"x":[0.667,0.667,0.667],"y":[1,1,1]},"o":{"x":[0.333,0.333,0.333],"y":[0,0,0]},"t":18,"s":[103,97,100]},{"i":{"x":[0.667,0.667,0.667],"y":[1,1,1]},"o":{"x":[0.333,0.333,0.333],"y":[0,0,0]},"t":24,"s":[100,100,100]},{"i":{"x":[0.667,0.667,0.667],"y":[1,1,1]},"o":{"x":[0.333,0.333,0.333],"y":[0,0,0]},"t":36,"s":[103,97,100]},{"t":48,"s":[100,100,100]}],"ix":6}},"ao":0,"ef":[{"ty":5,"nm":"Controller","np":13,"mn":"Pseudo/DUIK controller","ix":1,"en":1,"ef":[{"ty":6,"nm":"Icon","mn":"Pseudo/DUIK controller-0001","ix":1,"v":0},{"ty":2,"nm":"Color","mn":"Pseudo/DUIK controller-0002","ix":2,"v":{"a":0,"k":[0.92549020052,0.0941176489,0.0941176489,1],"ix":2}},{"ty":3,"nm":"Position","mn":"Pseudo/DUIK controller-0003","ix":3,"v":{"a":0,"k":[0,0],"ix":3}},{"ty":0,"nm":"Size","mn":"Pseudo/DUIK controller-0004","ix":4,"v":{"a":0,"k":100,"ix":4}},{"ty":0,"nm":"Orientation","mn":"Pseudo/DUIK controller-0005","ix":5,"v":{"a":0,"k":0,"ix":5}},{"ty":0,"nm":"Opacity","mn":"Pseudo/DUIK controller-0006","ix":6,"v":{"a":0,"k":100,"ix":6}},{"ty":6,"nm":"","mn":"Pseudo/DUIK controller-0007","ix":7,"v":0},{"ty":6,"nm":"Anchor","mn":"Pseudo/DUIK controller-0008","ix":8,"v":0},{"ty":2,"nm":"Color","mn":"Pseudo/DUIK controller-0009","ix":9,"v":{"a":0,"k":[0,0,0,1],"ix":9}},{"ty":0,"nm":"Size","mn":"Pseudo/DUIK controller-0010","ix":10,"v":{"a":0,"k":100,"ix":10}},{"ty":6,"nm":"","mn":"Pseudo/DUIK controller-0011","ix":11,"v":0}]}],"ip":0,"op":48,"st":0,"bm":0},{"ddd":0,"ind":9,"ty":3,"nm":"Face_CTRL","parent":8,"sr":1,"ks":{"o":{"a":0,"k":100,"ix":11},"r":{"a":0,"k":0,"ix":10},"p":{"a":1,"k":[{"i":{"x":0.667,"y":1},"o":{"x":0.333,"y":0},"t":-9,"s":[0,-419,0],"to":[0,3.436,0],"ti":[0,0,0]},{"i":{"x":0.667,"y":0.5},"o":{"x":0.333,"y":0},"t":-3,"s":[0,-398.381,0],"to":[0,0,0],"ti":[0,0,0]},{"i":{"x":0.667,"y":1},"o":{"x":0.333,"y":0.5},"t":0,"s":[0,-408.691,0],"to":[0,0,0],"ti":[0,0,0]},{"i":{"x":0.667,"y":1},"o":{"x":0.333,"y":0},"t":3,"s":[0,-419,0],"to":[0,0,0],"ti":[0,6.768,0]},{"i":{"x":0.667,"y":1},"o":{"x":0.333,"y":0},"t":9,"s":[0,-398.381,0],"to":[0,-6.768,0],"ti":[0,0,0]},{"i":{"x":0.667,"y":1},"o":{"x":0.333,"y":0},"t":15,"s":[0,-459.609,0],"to":[0,0,0],"ti":[0,-6.768,0]},{"i":{"x":0.667,"y":1},"o":{"x":0.333,"y":0},"t":21,"s":[0,-398.381,0],"to":[0,6.768,0],"ti":[0,-6.768,0]},{"i":{"x":0.667,"y":1},"o":{"x":0.333,"y":0},"t":27,"s":[0,-419,0],"to":[0,6.768,0],"ti":[0,-1.718,0]},{"i":{"x":0.667,"y":0.629},"o":{"x":0.333,"y":0},"t":37,"s":[0,-357.772,0],"to":[0,1.718,0],"ti":[0,0,0]},{"i":{"x":0.667,"y":1},"o":{"x":0.333,"y":0.484},"t":48,"s":[0,-408.691,0],"to":[0,0,0],"ti":[0,-1.718,0]},{"i":{"x":0.667,"y":1},"o":{"x":0.333,"y":0},"t":51,"s":[0,-419,0],"to":[0,1.718,0],"ti":[0,0,0]},{"i":{"x":0.667,"y":1},"o":{"x":0.333,"y":0},"t":57,"s":[0,-398.381,0],"to":[0,0,0],"ti":[0,0,0]},{"i":{"x":0.667,"y":1},"o":{"x":0.333,"y":0},"t":63,"s":[0,-419,0],"to":[0,0,0],"ti":[0,0,0]},{"i":{"x":0.667,"y":1},"o":{"x":0.333,"y":0},"t":69,"s":[0,-398.381,0],"to":[0,0,0],"ti":[0,0,0]},{"i":{"x":0.667,"y":1},"o":{"x":0.333,"y":0},"t":75,"s":[0,-419,0],"to":[0,0,0],"ti":[0,0,0]},{"i":{"x":0.667,"y":1},"o":{"x":0.333,"y":0},"t":81,"s":[0,-398.381,0],"to":[0,0,0],"ti":[0,3.436,0]},{"t":87,"s":[0,-419,0]}],"ix":2},"a":{"a":0,"k":[0,0,0],"ix":1},"s":{"a":0,"k":[100,100,100],"ix":6}},"ao":0,"ef":[{"ty":5,"nm":"Controller","np":13,"mn":"Pseudo/DUIK controller","ix":1,"en":1,"ef":[{"ty":6,"nm":"Icon","mn":"Pseudo/DUIK controller-0001","ix":1,"v":0},{"ty":2,"nm":"Color","mn":"Pseudo/DUIK controller-0002","ix":2,"v":{"a":0,"k":[0.92549020052,0.0941176489,0.0941176489,1],"ix":2}},{"ty":3,"nm":"Position","mn":"Pseudo/DUIK controller-0003","ix":3,"v":{"a":0,"k":[0,0],"ix":3}},{"ty":0,"nm":"Size","mn":"Pseudo/DUIK controller-0004","ix":4,"v":{"a":0,"k":100,"ix":4}},{"ty":0,"nm":"Orientation","mn":"Pseudo/DUIK controller-0005","ix":5,"v":{"a":0,"k":0,"ix":5}},{"ty":0,"nm":"Opacity","mn":"Pseudo/DUIK controller-0006","ix":6,"v":{"a":0,"k":100,"ix":6}},{"ty":6,"nm":"","mn":"Pseudo/DUIK controller-0007","ix":7,"v":0},{"ty":6,"nm":"Anchor","mn":"Pseudo/DUIK controller-0008","ix":8,"v":0},{"ty":2,"nm":"Color","mn":"Pseudo/DUIK controller-0009","ix":9,"v":{"a":0,"k":[0,0,0,1],"ix":9}},{"ty":0,"nm":"Size","mn":"Pseudo/DUIK controller-0010","ix":10,"v":{"a":0,"k":100,"ix":10}},{"ty":6,"nm":"","mn":"Pseudo/DUIK controller-0011","ix":11,"v":0}]}],"ip":0,"op":48,"st":0,"bm":0},{"ddd":0,"ind":10,"ty":4,"nm":"Upper_Teeths","parent":9,"sr":1,"ks":{"o":{"a":0,"k":100,"ix":11},"r":{"a":0,"k":0,"ix":10},"p":{"a":0,"k":[0.01,116.971,0],"ix":2},"a":{"a":0,"k":[-172.222,-367.552,0],"ix":1},"s":{"a":0,"k":[1200,1200,100],"ix":6}},"ao":0,"shapes":[{"ty":"gr","it":[{"ind":0,"ty":"sh","ix":1,"ks":{"a":0,"k":{"i":[[1.568,0.284],[6.69,0],[2.511,-0.449],[-0.208,-1.311],[-1.216,-0.017],[0,0],[-1.115,0.016],[-0.182,1.147]],"o":[[-2.512,-0.449],[-6.689,0],[-1.568,0.284],[0.183,1.147],[1.115,0.016],[0,0],[1.217,-0.017],[0.209,-1.311]],"v":[[-157.715,-368.808],[-172.222,-370.05],[-186.728,-368.808],[-188.119,-366.53],[-186.598,-365.061],[-172.222,-365.061],[-157.846,-365.061],[-156.325,-366.53]],"c":true},"ix":2},"nm":"Path 1","mn":"ADBE Vector Shape - Group","hd":false},{"ty":"gf","o":{"a":0,"k":100,"ix":10},"r":1,"bm":0,"g":{"p":7,"k":{"a":0,"k":[0,0.812,0.843,0.902,0.09,0.906,0.922,0.951,0.3,1,1,1,0.5,1,1,1,0.7,1,1,1,0.91,0.906,0.922,0.951,1,0.812,0.843,0.902],"ix":9}},"s":{"a":0,"k":[-189,-368],"ix":5},"e":{"a":0,"k":[-157.023,-368],"ix":6},"t":1,"nm":"UTG","mn":"ADBE Vector Graphic - G-Fill","hd":false},{"ty":"tr","p":{"a":0,"k":[0,0],"ix":2},"a":{"a":0,"k":[0,0],"ix":1},"s":{"a":0,"k":[100,100],"ix":3},"r":{"a":0,"k":0,"ix":6},"o":{"a":0,"k":100,"ix":7},"sk":{"a":0,"k":0,"ix":4},"sa":{"a":0,"k":0,"ix":5},"nm":"Transform"}],"nm":"Group 1","np":2,"cix":2,"bm":0,"ix":1,"mn":"ADBE Vector Group","hd":false}],"ip":0,"op":48,"st":0,"bm":0},{"ddd":0,"ind":11,"ty":4,"nm":"Tongue","parent":9,"sr":1,"ks":{"o":{"a":0,"k":100,"ix":11},"r":{"a":0,"k":0,"ix":10},"p":{"a":1,"k":[{"i":{"x":0.667,"y":1},"o":{"x":0.333,"y":0},"t":0,"s":[0.009,241.775,0],"to":[0,-6.873,0],"ti":[0,0,0]},{"i":{"x":0.667,"y":1},"o":{"x":0.333,"y":0},"t":6,"s":[0.009,200.538,0],"to":[0,0,0],"ti":[0,0,0]},{"i":{"x":0.667,"y":1},"o":{"x":0.333,"y":0},"t":12,"s":[0.009,241.775,0],"to":[0,0,0],"ti":[0,0,0]},{"i":{"x":0.667,"y":1},"o":{"x":0.333,"y":0},"t":18,"s":[0.009,200.538,0],"to":[0,0,0],"ti":[0,0,0]},{"i":{"x":0.667,"y":1},"o":{"x":0.333,"y":0},"t":24,"s":[0.009,241.775,0],"to":[0,0,0],"ti":[0,0,0]},{"i":{"x":0.667,"y":1},"o":{"x":0.333,"y":0},"t":36,"s":[0.009,200.538,0],"to":[0,0,0],"ti":[0,-6.873,0]},{"t":48,"s":[0.009,241.775,0]}],"ix":2},"a":{"a":0,"k":[-172.222,-357.152,0],"ix":1},"s":{"a":0,"k":[1200,1200,100],"ix":6}},"ao":0,"shapes":[{"ty":"gr","it":[{"ind":0,"ty":"sh","ix":1,"ks":{"a":1,"k":[{"i":{"x":0.667,"y":1},"o":{"x":0.333,"y":0},"t":0,"s":[{"i":[[0,0],[-4.736,0],[0,0],[5.683,-1]],"o":[[0,0],[4.738,0],[0,0],[-5.685,-1]],"v":[[-180.748,-357.05],[-172.223,-355.05],[-163.696,-357.05],[-172.221,-359.05]],"c":true}]},{"i":{"x":0.667,"y":1},"o":{"x":0.333,"y":0},"t":6,"s":[{"i":[[0,0],[-4.736,0],[0,0],[5.683,-1]],"o":[[0,0],[4.738,0],[0,0],[-5.685,-1]],"v":[[-180.748,-356.363],[-172.223,-355.05],[-163.696,-356.363],[-172.221,-359.05]],"c":true}]},{"i":{"x":0.667,"y":1},"o":{"x":0.333,"y":0},"t":12,"s":[{"i":[[0,0],[-4.736,0],[0,0],[5.683,-1]],"o":[[0,0],[4.738,0],[0,0],[-5.685,-1]],"v":[[-180.748,-357.05],[-172.223,-355.05],[-163.696,-357.05],[-172.221,-359.05]],"c":true}]},{"i":{"x":0.667,"y":1},"o":{"x":0.333,"y":0},"t":18,"s":[{"i":[[0,0],[-4.736,0],[0,0],[5.683,-1]],"o":[[0,0],[4.738,0],[0,0],[-5.685,-1]],"v":[[-180.748,-356.363],[-172.223,-355.05],[-163.696,-356.363],[-172.221,-359.05]],"c":true}]},{"i":{"x":0.667,"y":1},"o":{"x":0.333,"y":0},"t":24,"s":[{"i":[[0,0],[-4.736,0],[0,0],[5.683,-1]],"o":[[0,0],[4.738,0],[0,0],[-5.685,-1]],"v":[[-180.748,-357.05],[-172.223,-355.05],[-163.696,-357.05],[-172.221,-359.05]],"c":true}]},{"i":{"x":0.667,"y":1},"o":{"x":0.333,"y":0},"t":36,"s":[{"i":[[0,0],[-4.736,0],[0,0],[5.683,-1]],"o":[[0,0],[4.738,0],[0,0],[-5.685,-1]],"v":[[-180.748,-356.363],[-172.223,-355.05],[-163.696,-356.363],[-172.221,-359.05]],"c":true}]},{"t":48,"s":[{"i":[[0,0],[-4.736,0],[0,0],[5.683,-1]],"o":[[0,0],[4.738,0],[0,0],[-5.685,-1]],"v":[[-180.748,-357.05],[-172.223,-355.05],[-163.696,-357.05],[-172.221,-359.05]],"c":true}]}],"ix":2},"nm":"Path 1","mn":"ADBE Vector Shape - Group","hd":false},{"ty":"fl","c":{"a":0,"k":[0.992156863213,0.450980395079,0.51372551918,1],"ix":4},"o":{"a":0,"k":100,"ix":5},"r":1,"bm":0,"nm":"Fill 1","mn":"ADBE Vector Graphic - Fill","hd":false},{"ty":"tr","p":{"a":0,"k":[0,0],"ix":2},"a":{"a":0,"k":[0,0],"ix":1},"s":{"a":0,"k":[100,100],"ix":3},"r":{"a":0,"k":0,"ix":6},"o":{"a":0,"k":100,"ix":7},"sk":{"a":0,"k":0,"ix":4},"sa":{"a":0,"k":0,"ix":5},"nm":"Transform"}],"nm":"Group 2","np":2,"cix":2,"bm":0,"ix":1,"mn":"ADBE Vector Group","hd":false}],"ip":0,"op":48,"st":0,"bm":0},{"ddd":0,"ind":12,"ty":4,"nm":"Mouth_Shape","parent":9,"sr":1,"ks":{"o":{"a":0,"k":100,"ix":11},"r":{"a":0,"k":0,"ix":10},"p":{"a":0,"k":[0.009,177,0],"ix":2},"a":{"a":0,"k":[-172.222,-362.55,0],"ix":1},"s":{"a":0,"k":[1200,1200,100],"ix":6}},"ao":0,"shapes":[{"ty":"gr","it":[{"ind":0,"ty":"sh","ix":1,"ks":{"a":1,"k":[{"i":{"x":0.667,"y":1},"o":{"x":0.333,"y":0},"t":0,"s":[{"i":[[1.836,0.344],[6.469,0],[3.641,-0.682],[-0.088,-1.541],[-11.6,0],[-0.447,7.755]],"o":[[-3.641,-0.681],[-6.47,0],[-1.837,0.344],[0.446,7.755],[11.6,0],[0.088,-1.541]],"v":[[-156.977,-370.722],[-172.22,-372.05],[-187.466,-370.722],[-190.216,-367.315],[-172.22,-353.05],[-154.227,-367.315]],"c":true}]},{"i":{"x":0.667,"y":1},"o":{"x":0.333,"y":0},"t":6,"s":[{"i":[[1.836,0.344],[6.469,0],[3.641,-0.682],[-0.088,-1.541],[-11.6,0],[-0.447,7.755]],"o":[[-3.641,-0.681],[-6.47,0],[-1.837,0.344],[0.446,7.755],[11.6,0],[0.088,-1.541]],"v":[[-156.977,-370.722],[-172.22,-372.05],[-187.466,-370.722],[-190.216,-367.315],[-172.22,-356.486],[-154.227,-367.315]],"c":true}]},{"i":{"x":0.667,"y":1},"o":{"x":0.333,"y":0},"t":12,"s":[{"i":[[1.836,0.344],[6.469,0],[3.641,-0.682],[-0.088,-1.541],[-11.6,0],[-0.447,7.755]],"o":[[-3.641,-0.681],[-6.47,0],[-1.837,0.344],[0.446,7.755],[11.6,0],[0.088,-1.541]],"v":[[-156.977,-370.722],[-172.22,-372.05],[-187.466,-370.722],[-190.216,-367.315],[-172.22,-353.05],[-154.227,-367.315]],"c":true}]},{"i":{"x":0.667,"y":1},"o":{"x":0.333,"y":0},"t":18,"s":[{"i":[[1.836,0.344],[6.469,0],[3.641,-0.682],[-0.088,-1.541],[-11.6,0],[-0.447,7.755]],"o":[[-3.641,-0.681],[-6.47,0],[-1.837,0.344],[0.446,7.755],[11.6,0],[0.088,-1.541]],"v":[[-156.977,-370.722],[-172.22,-372.05],[-187.466,-370.722],[-190.216,-367.315],[-172.22,-356.486],[-154.227,-367.315]],"c":true}]},{"i":{"x":0.667,"y":1},"o":{"x":0.333,"y":0},"t":24,"s":[{"i":[[1.836,0.344],[6.469,0],[3.641,-0.682],[-0.088,-1.541],[-11.6,0],[-0.447,7.755]],"o":[[-3.641,-0.681],[-6.47,0],[-1.837,0.344],[0.446,7.755],[11.6,0],[0.088,-1.541]],"v":[[-156.977,-370.722],[-172.22,-372.05],[-187.466,-370.722],[-190.216,-367.315],[-172.22,-353.05],[-154.227,-367.315]],"c":true}]},{"i":{"x":0.667,"y":1},"o":{"x":0.333,"y":0},"t":36,"s":[{"i":[[1.836,0.344],[6.469,0],[3.641,-0.682],[-0.088,-1.541],[-11.6,0],[-0.447,7.755]],"o":[[-3.641,-0.681],[-6.47,0],[-1.837,0.344],[0.446,7.755],[11.6,0],[0.088,-1.541]],"v":[[-156.977,-370.722],[-172.22,-372.05],[-187.466,-370.722],[-190.216,-367.315],[-172.22,-356.486],[-154.227,-367.315]],"c":true}]},{"t":48,"s":[{"i":[[1.836,0.344],[6.469,0],[3.641,-0.682],[-0.088,-1.541],[-11.6,0],[-0.447,7.755]],"o":[[-3.641,-0.681],[-6.47,0],[-1.837,0.344],[0.446,7.755],[11.6,0],[0.088,-1.541]],"v":[[-156.977,-370.722],[-172.22,-372.05],[-187.466,-370.722],[-190.216,-367.315],[-172.22,-353.05],[-154.227,-367.315]],"c":true}]}],"ix":2},"nm":"Path 1","mn":"ADBE Vector Shape - Group","hd":false},{"ty":"fl","c":{"a":0,"k":[0.101960785687,0.086274512112,0.149019613862,1],"ix":4},"o":{"a":0,"k":100,"ix":5},"r":1,"bm":0,"nm":"Fill 1","mn":"ADBE Vector Graphic - Fill","hd":false},{"ty":"tr","p":{"a":0,"k":[0,0],"ix":2},"a":{"a":0,"k":[0,0],"ix":1},"s":{"a":0,"k":[100,100],"ix":3},"r":{"a":0,"k":0,"ix":6},"o":{"a":0,"k":100,"ix":7},"sk":{"a":0,"k":0,"ix":4},"sa":{"a":0,"k":0,"ix":5},"nm":"Transform"}],"nm":"Group 3","np":2,"cix":2,"bm":0,"ix":1,"mn":"ADBE Vector Group","hd":false}],"ip":0,"op":48,"st":0,"bm":0},{"ddd":0,"ind":13,"ty":4,"nm":"Eyes","parent":9,"sr":1,"ks":{"o":{"a":0,"k":100,"ix":11},"r":{"a":0,"k":0,"ix":10},"p":{"a":0,"k":[0.003,11,0],"ix":2},"a":{"a":0,"k":[-172.222,-376.383,0],"ix":1},"s":{"a":1,"k":[{"i":{"x":[0.667,0.667,0.667],"y":[1,1,1]},"o":{"x":[0.333,0.333,0.333],"y":[0,0,0]},"t":0,"s":[1200,1200,100]},{"i":{"x":[0.667,0.667,0.667],"y":[1,1,1]},"o":{"x":[0.333,0.333,0.333],"y":[0,0,0]},"t":6,"s":[1200,926,100]},{"i":{"x":[0.667,0.667,0.667],"y":[1,1,1]},"o":{"x":[0.333,0.333,0.333],"y":[0,0,0]},"t":12,"s":[1200,1200,100]},{"i":{"x":[0.667,0.667,0.667],"y":[1,1,1]},"o":{"x":[0.333,0.333,0.333],"y":[0,0,0]},"t":18,"s":[1200,926,100]},{"i":{"x":[0.667,0.667,0.667],"y":[1,1,1]},"o":{"x":[0.333,0.333,0.333],"y":[0,0,0]},"t":24,"s":[1200,1200,100]},{"i":{"x":[0.667,0.667,0.667],"y":[1,1,1]},"o":{"x":[0.333,0.333,0.333],"y":[0,0,0]},"t":30,"s":[1200,926,100]},{"i":{"x":[0.667,0.667,0.667],"y":[1,1,1]},"o":{"x":[0.333,0.333,0.333],"y":[0,0,0]},"t":42,"s":[1200,926,100]},{"t":48,"s":[1200,1200,100]}],"ix":6}},"ao":0,"shapes":[{"ty":"gr","it":[{"ind":0,"ty":"sh","ix":1,"ks":{"a":0,"k":{"i":[[-0.648,0.835],[-4.273,-5.522],[0.275,0.81],[3.627,-10.676]],"o":[[4.273,-5.522],[0.648,0.835],[-3.627,-10.676],[-0.275,0.81]],"v":[[-167.488,-376.946],[-155.957,-376.946],[-154.259,-377.543],[-169.185,-377.543]],"c":true},"ix":2},"nm":"Path 1","mn":"ADBE Vector Shape - Group","hd":false},{"ty":"fl","c":{"a":0,"k":[0.101960785687,0.086274512112,0.149019613862,1],"ix":4},"o":{"a":0,"k":100,"ix":5},"r":1,"bm":0,"nm":"Fill 1","mn":"ADBE Vector Graphic - Fill","hd":false},{"ty":"tr","p":{"a":0,"k":[0,0],"ix":2},"a":{"a":0,"k":[0,0],"ix":1},"s":{"a":0,"k":[100,100],"ix":3},"r":{"a":0,"k":0,"ix":6},"o":{"a":0,"k":100,"ix":7},"sk":{"a":0,"k":0,"ix":4},"sa":{"a":0,"k":0,"ix":5},"nm":"Transform"}],"nm":"Group 1","np":2,"cix":2,"bm":0,"ix":1,"mn":"ADBE Vector Group","hd":false},{"ty":"gr","it":[{"ind":0,"ty":"sh","ix":1,"ks":{"a":0,"k":{"i":[[-0.648,0.835],[-4.272,-5.522],[0.275,0.81],[3.627,-10.676]],"o":[[4.273,-5.522],[0.648,0.835],[-3.627,-10.676],[-0.275,0.81]],"v":[[-188.487,-376.946],[-176.957,-376.946],[-175.259,-377.543],[-190.185,-377.543]],"c":true},"ix":2},"nm":"Path 1","mn":"ADBE Vector Shape - Group","hd":false},{"ty":"fl","c":{"a":0,"k":[0.101960785687,0.086274512112,0.149019613862,1],"ix":4},"o":{"a":0,"k":100,"ix":5},"r":1,"bm":0,"nm":"Fill 1","mn":"ADBE Vector Graphic - Fill","hd":false},{"ty":"tr","p":{"a":0,"k":[0,0],"ix":2},"a":{"a":0,"k":[0,0],"ix":1},"s":{"a":0,"k":[100,100],"ix":3},"r":{"a":0,"k":0,"ix":6},"o":{"a":0,"k":100,"ix":7},"sk":{"a":0,"k":0,"ix":4},"sa":{"a":0,"k":0,"ix":5},"nm":"Transform"}],"nm":"Group 2","np":2,"cix":2,"bm":0,"ix":2,"mn":"ADBE Vector Group","hd":false}],"ip":0,"op":48,"st":0,"bm":0},{"ddd":0,"ind":22,"ty":4,"nm":"face_with_tears_of_joy","parent":8,"sr":1,"ks":{"o":{"a":0,"k":100,"ix":11},"r":{"a":0,"k":0,"ix":10},"p":{"a":0,"k":[0,-332,0],"ix":2},"a":{"a":0,"k":[0,0,0],"ix":1},"s":{"a":0,"k":[103,103,100],"ix":6}},"ao":0,"shapes":[{"ty":"gr","it":[{"ind":0,"ty":"sh","ix":1,"ks":{"a":0,"k":{"i":[[-192.138,0],[0,-192.126],[192.143,0],[0,192.138]],"o":[[192.143,0],[0,192.138],[-192.138,0],[0,-192.126]],"v":[[-0.003,-347.9],[347.902,0],[-0.003,347.9],[-347.902,0]],"c":true},"ix":2},"nm":"Path 1","mn":"ADBE Vector Shape - Group","hd":false},{"ty":"gf","o":{"a":0,"k":100,"ix":10},"r":1,"bm":0,"g":{"p":3,"k":{"a":0,"k":[0,1,0.482,0,0.4,1,0.725,0,1,1,0.969,0],"ix":9}},"s":{"a":0,"k":[0,347],"ix":5},"e":{"a":0,"k":[0,-348.799],"ix":6},"t":1,"nm":"tearsoffaceGradient Fill 1","mn":"ADBE Vector Graphic - G-Fill","hd":false},{"ty":"tr","p":{"a":0,"k":[0,0],"ix":2},"a":{"a":0,"k":[0,0],"ix":1},"s":{"a":0,"k":[100,100],"ix":3},"r":{"a":0,"k":0,"ix":6},"o":{"a":0,"k":100,"ix":7},"sk":{"a":0,"k":0,"ix":4},"sa":{"a":0,"k":0,"ix":5},"nm":"Transform"}],"nm":"Group 1","np":2,"cix":2,"bm":0,"ix":1,"mn":"ADBE Vector Group","hd":false}],"ip":0,"op":48,"st":0,"bm":0}]}],"layers":[{"ddd":0,"ind":1,"ty":0,"nm":"tears_of_joy","refId":"comp_0","sr":1,"ks":{"o":{"a":0,"k":100,"ix":11},"r":{"a":0,"k":0,"ix":10},"p":{"a":0,"k":[512,512,0],"ix":2},"a":{"a":0,"k":[512,512,0],"ix":1},"s":{"a":0,"k":[100,100,100],"ix":6}},"ao":0,"w":1024,"h":1024,"ip":0,"op":48,"st":0,"bm":0}],"markers":[]}