{"v":"5.6.2","fr":24,"ip":0,"op":48,"w":1024,"h":1024,"nm":"lying_face","ddd":0,"assets":[{"id":"comp_0","layers":[{"ddd":0,"ind":1,"ty":4,"nm":"lying_face 2","parent":3,"sr":1,"ks":{"o":{"a":0,"k":100,"ix":11},"r":{"a":0,"k":0,"ix":10},"p":{"a":1,"k":[{"i":{"x":0,"y":1},"o":{"x":0.333,"y":0},"t":0,"s":[26.982,-507.591,0],"to":[0,10.753,0],"ti":[0,13.333,0]},{"i":{"x":0,"y":1},"o":{"x":0.333,"y":0},"t":9,"s":[26.982,-443.075,0],"to":[0,-13.333,0],"ti":[0,24.086,0]},{"i":{"x":0,"y":0},"o":{"x":0.333,"y":0.333},"t":24,"s":[26.982,-587.591,0],"to":[0,0,0],"ti":[0,0,0]},{"i":{"x":0,"y":1},"o":{"x":0.333,"y":0},"t":32,"s":[26.982,-587.591,0],"to":[0,24.086,0],"ti":[0,-13.333,0]},{"i":{"x":0,"y":1},"o":{"x":0.333,"y":0},"t":35,"s":[26.982,-443.075,0],"to":[0,13.333,0],"ti":[0,10.753,0]},{"t":41,"s":[26.982,-507.591,0]}],"ix":2},"a":{"a":0,"k":[518.982,326.409,0],"ix":1},"s":{"a":0,"k":[100,100,100],"ix":6}},"ao":0,"shapes":[{"ty":"gr","it":[{"ind":0,"ty":"sh","ix":1,"ks":{"a":0,"k":{"i":[[123.575,46.139],[-61.581,-14.769]],"o":[[-81.321,-30.397],[109.158,26.251]],"v":[[9.897,-24.489],[-44.362,22.432]],"c":true},"ix":2},"nm":"Path 1","mn":"ADBE Vector Shape - Group","hd":false},{"ty":"fl","c":{"a":0,"k":[0.839215695858,0.588235318661,0,1],"ix":4},"o":{"a":0,"k":100,"ix":5},"r":1,"bm":0,"nm":"Fill 1","mn":"ADBE Vector Graphic - Fill","hd":false},{"ty":"tr","p":{"a":0,"k":[666.867,345.739],"ix":2},"a":{"a":0,"k":[0,0],"ix":1},"s":{"a":0,"k":[100,100],"ix":3},"r":{"a":0,"k":0,"ix":6},"o":{"a":0,"k":100,"ix":7},"sk":{"a":0,"k":0,"ix":4},"sa":{"a":0,"k":0,"ix":5},"nm":"Transform"}],"nm":"Group 1","np":2,"cix":2,"bm":0,"ix":1,"mn":"ADBE Vector Group","hd":false}],"ip":0,"op":48,"st":0,"bm":0},{"ddd":0,"ind":2,"ty":4,"nm":"lying_face","parent":3,"sr":1,"ks":{"o":{"a":0,"k":100,"ix":11},"r":{"a":0,"k":0,"ix":10},"p":{"a":1,"k":[{"i":{"x":0,"y":1},"o":{"x":0.333,"y":0},"t":0,"s":[26.982,-507.591,0],"to":[0,17.921,0],"ti":[0,6.667,0]},{"i":{"x":0,"y":1},"o":{"x":0.333,"y":0},"t":9,"s":[26.982,-400.064,0],"to":[0,-6.667,0],"ti":[0,24.588,0]},{"i":{"x":0,"y":0},"o":{"x":0.333,"y":0.333},"t":24,"s":[26.982,-547.591,0],"to":[0,0,0],"ti":[0,0,0]},{"i":{"x":0,"y":1},"o":{"x":0.333,"y":0},"t":32,"s":[26.982,-547.591,0],"to":[0,24.588,0],"ti":[0,-6.667,0]},{"i":{"x":0,"y":1},"o":{"x":0.333,"y":0},"t":35,"s":[26.982,-400.064,0],"to":[0,6.667,0],"ti":[0,17.921,0]},{"t":41,"s":[26.982,-507.591,0]}],"ix":2},"a":{"a":0,"k":[518.982,326.409,0],"ix":1},"s":{"a":0,"k":[100,100,100],"ix":6}},"ao":0,"shapes":[{"ty":"gr","it":[{"ind":0,"ty":"sh","ix":1,"ks":{"a":0,"k":{"i":[[70.578,-50.556],[-98.507,53.794]],"o":[[-107.216,76.773],[55.573,-30.33]],"v":[[-17.823,-22.172],[46.821,8.972]],"c":true},"ix":2},"nm":"Path 1","mn":"ADBE Vector Shape - Group","hd":false},{"ty":"fl","c":{"a":0,"k":[0.839215695858,0.588235318661,0,1],"ix":4},"o":{"a":0,"k":100,"ix":5},"r":1,"bm":0,"nm":"Fill 1","mn":"ADBE Vector Graphic - Fill","hd":false},{"ty":"tr","p":{"a":0,"k":[365.982,317.839],"ix":2},"a":{"a":0,"k":[0,0],"ix":1},"s":{"a":0,"k":[100,100],"ix":3},"r":{"a":0,"k":0,"ix":6},"o":{"a":0,"k":100,"ix":7},"sk":{"a":0,"k":0,"ix":4},"sa":{"a":0,"k":0,"ix":5},"nm":"Transform"}],"nm":"Group 2","np":2,"cix":2,"bm":0,"ix":1,"mn":"ADBE Vector Group","hd":false}],"ip":0,"op":48,"st":0,"bm":0},{"ddd":0,"ind":3,"ty":3,"nm":"Body_CTRL","sr":1,"ks":{"o":{"a":0,"k":100,"ix":11},"r":{"a":0,"k":0,"ix":10},"p":{"a":0,"k":[512,834,0],"ix":2},"a":{"a":0,"k":[0,0,0],"ix":1},"s":{"a":1,"k":[{"i":{"x":[0,0,0.667],"y":[1,0.737,1]},"o":{"x":[0.211,0.211,0.211],"y":[0,0,0]},"t":0,"s":[100,100,100]},{"i":{"x":[0.833,0.833,0.833],"y":[0.833,0.833,1]},"o":{"x":[0.333,0.333,0.333],"y":[0,0,0]},"t":9,"s":[107,93,100]},{"i":{"x":[0.486,0.486,0.702],"y":[1,1,1]},"o":{"x":[0.167,0.167,0.167],"y":[0.167,0.167,0]},"t":13,"s":[98.746,102.254,100]},{"i":{"x":[0.833,0.833,0.833],"y":[1,1,1]},"o":{"x":[0.167,0.167,0.167],"y":[0,0,0]},"t":24,"s":[100,100,100]},{"i":{"x":[0.833,0.833,0.833],"y":[0.833,0.833,1]},"o":{"x":[0.167,0.167,0.167],"y":[0,0,0]},"t":32,"s":[100,100,100]},{"i":{"x":[0.833,0.833,0.833],"y":[1,1,1]},"o":{"x":[0.167,0.167,0.167],"y":[0.167,0.167,0]},"t":35,"s":[103,97,100]},{"t":43,"s":[100,100,100]}],"ix":6}},"ao":0,"ef":[{"ty":5,"nm":"Controller","np":13,"mn":"Pseudo/DUIK controller","ix":1,"en":1,"ef":[{"ty":6,"nm":"Icon","mn":"Pseudo/DUIK controller-0001","ix":1,"v":0},{"ty":2,"nm":"Color","mn":"Pseudo/DUIK controller-0002","ix":2,"v":{"a":0,"k":[0.92549020052,0.0941176489,0.0941176489,1],"ix":2}},{"ty":3,"nm":"Position","mn":"Pseudo/DUIK controller-0003","ix":3,"v":{"a":0,"k":[0,0],"ix":3}},{"ty":0,"nm":"Size","mn":"Pseudo/DUIK controller-0004","ix":4,"v":{"a":0,"k":100,"ix":4}},{"ty":0,"nm":"Orientation","mn":"Pseudo/DUIK controller-0005","ix":5,"v":{"a":0,"k":0,"ix":5}},{"ty":0,"nm":"Opacity","mn":"Pseudo/DUIK controller-0006","ix":6,"v":{"a":0,"k":100,"ix":6}},{"ty":6,"nm":"","mn":"Pseudo/DUIK controller-0007","ix":7,"v":0},{"ty":6,"nm":"Anchor","mn":"Pseudo/DUIK controller-0008","ix":8,"v":0},{"ty":2,"nm":"Color","mn":"Pseudo/DUIK controller-0009","ix":9,"v":{"a":0,"k":[0,0,0,1],"ix":9}},{"ty":0,"nm":"Size","mn":"Pseudo/DUIK controller-0010","ix":10,"v":{"a":0,"k":100,"ix":10}},{"ty":6,"nm":"","mn":"Pseudo/DUIK controller-0011","ix":11,"v":0}]}],"ip":0,"op":48,"st":0,"bm":0},{"ddd":0,"ind":4,"ty":3,"nm":"Face_CTRL","parent":3,"sr":1,"ks":{"o":{"a":0,"k":100,"ix":11},"r":{"a":1,"k":[{"i":{"x":[0],"y":[1]},"o":{"x":[0.5],"y":[0]},"t":0,"s":[-0.01]},{"i":{"x":[0.999],"y":[1]},"o":{"x":[0.333],"y":[0]},"t":9,"s":[25]},{"i":{"x":[0.5],"y":[1]},"o":{"x":[0.001],"y":[0]},"t":10.2,"s":[0]},{"i":{"x":[0.5],"y":[1]},"o":{"x":[0.5],"y":[0]},"t":11.2,"s":[1.291]},{"i":{"x":[0.5],"y":[1]},"o":{"x":[0.5],"y":[0]},"t":13.2,"s":[5.598]},{"i":{"x":[0.5],"y":[1]},"o":{"x":[0.5],"y":[0]},"t":15.2,"s":[-3.15]},{"i":{"x":[0.5],"y":[1]},"o":{"x":[0.5],"y":[0]},"t":17.2,"s":[1.773]},{"i":{"x":[0.5],"y":[1]},"o":{"x":[0.5],"y":[0]},"t":19.2,"s":[-0.997]},{"i":{"x":[0.5],"y":[1]},"o":{"x":[0.5],"y":[0]},"t":21.2,"s":[0.561]},{"i":{"x":[0.5],"y":[1]},"o":{"x":[0.5],"y":[0]},"t":23.2,"s":[-0.316]},{"i":{"x":[0.5],"y":[1]},"o":{"x":[0.5],"y":[0]},"t":25.2,"s":[0.178]},{"i":{"x":[0.5],"y":[1]},"o":{"x":[0.5],"y":[0]},"t":27.2,"s":[-0.1]},{"i":{"x":[0.5],"y":[1]},"o":{"x":[0.5],"y":[0]},"t":29.2,"s":[0.056]},{"i":{"x":[0.5],"y":[1]},"o":{"x":[0.5],"y":[0]},"t":31.2,"s":[-0.032]},{"i":{"x":[0.5],"y":[1]},"o":{"x":[0.5],"y":[0]},"t":33.2,"s":[0.018]},{"i":{"x":[0.663],"y":[1.054]},"o":{"x":[0.5],"y":[0]},"t":35.2,"s":[-0.01]},{"i":{"x":[0.665],"y":[1]},"o":{"x":[0.332],"y":[-0.359]},"t":49.2,"s":[0]},{"i":{"x":[0.5],"y":[1]},"o":{"x":[0.5],"y":[0]},"t":50.16,"s":[0]},{"i":{"x":[0.5],"y":[1]},"o":{"x":[0.5],"y":[0]},"t":52.16,"s":[0]},{"i":{"x":[0.5],"y":[1]},"o":{"x":[0.5],"y":[0]},"t":54.16,"s":[0]},{"i":{"x":[0.5],"y":[1]},"o":{"x":[0.5],"y":[0]},"t":56.16,"s":[0]},{"i":{"x":[0.5],"y":[1]},"o":{"x":[0.5],"y":[0]},"t":58.16,"s":[0]},{"i":{"x":[0.5],"y":[1]},"o":{"x":[0.5],"y":[0]},"t":60.16,"s":[0]},{"i":{"x":[0.5],"y":[1]},"o":{"x":[0.5],"y":[0]},"t":62.16,"s":[0]},{"i":{"x":[0.5],"y":[1]},"o":{"x":[0.5],"y":[0]},"t":64.16,"s":[0]},{"i":{"x":[0.833],"y":[0.833]},"o":{"x":[0.5],"y":[0]},"t":66.16,"s":[0]},{"t":68.16015625,"s":[0]}],"ix":10},"p":{"a":0,"k":[0,-322,0],"ix":2},"a":{"a":0,"k":[0,0,0],"ix":1},"s":{"a":0,"k":[100,100,100],"ix":6}},"ao":0,"ef":[{"ty":5,"nm":"Controller","np":13,"mn":"Pseudo/DUIK controller","ix":1,"en":1,"ef":[{"ty":6,"nm":"Icon","mn":"Pseudo/DUIK controller-0001","ix":1,"v":0},{"ty":2,"nm":"Color","mn":"Pseudo/DUIK controller-0002","ix":2,"v":{"a":0,"k":[0.92549020052,0.0941176489,0.0941176489,1],"ix":2}},{"ty":3,"nm":"Position","mn":"Pseudo/DUIK controller-0003","ix":3,"v":{"a":0,"k":[0,0],"ix":3}},{"ty":0,"nm":"Size","mn":"Pseudo/DUIK controller-0004","ix":4,"v":{"a":0,"k":100,"ix":4}},{"ty":0,"nm":"Orientation","mn":"Pseudo/DUIK controller-0005","ix":5,"v":{"a":0,"k":0,"ix":5}},{"ty":0,"nm":"Opacity","mn":"Pseudo/DUIK controller-0006","ix":6,"v":{"a":0,"k":100,"ix":6}},{"ty":6,"nm":"","mn":"Pseudo/DUIK controller-0007","ix":7,"v":0},{"ty":6,"nm":"Anchor","mn":"Pseudo/DUIK controller-0008","ix":8,"v":0},{"ty":2,"nm":"Color","mn":"Pseudo/DUIK controller-0009","ix":9,"v":{"a":0,"k":[0,0,0,1],"ix":9}},{"ty":0,"nm":"Size","mn":"Pseudo/DUIK controller-0010","ix":10,"v":{"a":0,"k":100,"ix":10}},{"ty":6,"nm":"","mn":"Pseudo/DUIK controller-0011","ix":11,"v":0}]}],"ip":0,"op":48,"st":0,"bm":0},{"ddd":0,"ind":6,"ty":4,"nm":"Eyes","parent":3,"sr":1,"ks":{"o":{"a":0,"k":100,"ix":11},"r":{"a":0,"k":0,"ix":10},"p":{"a":0,"k":[41.341,-378.518,0],"ix":2},"a":{"a":0,"k":[-37.075,211.976,0],"ix":1},"s":{"a":0,"k":[1243,1243,100],"ix":6}},"ao":0,"shapes":[{"ty":"gr","it":[{"ind":0,"ty":"sh","ix":1,"ks":{"a":1,"k":[{"i":{"x":0,"y":1},"o":{"x":0.333,"y":0},"t":0,"s":[{"i":[[-2.137,0],[0,-2.67],[2.136,0],[0,2.67]],"o":[[2.136,0],[0,2.67],[-2.137,0],[0,-2.67]],"v":[[-27.408,207.143],[-23.542,211.977],[-27.408,216.809],[-31.275,211.977]],"c":true}]},{"i":{"x":0,"y":1},"o":{"x":0.333,"y":0},"t":9,"s":[{"i":[[-2.137,0],[0,-2.67],[2.136,0],[0,2.67]],"o":[[2.136,0],[0,2.67],[-2.137,0],[0,-2.67]],"v":[[-27.396,213.158],[-22.785,215.414],[-27.396,216.379],[-32.031,215.414]],"c":true}]},{"i":{"x":0.667,"y":1},"o":{"x":0.333,"y":0},"t":14,"s":[{"i":[[-2.137,0],[0,-2.67],[2.136,0],[0,2.67]],"o":[[2.136,0],[0,2.67],[-2.137,0],[0,-2.67]],"v":[[-27.408,207.143],[-23.542,211.977],[-27.408,216.809],[-31.275,211.977]],"c":true}]},{"i":{"x":0.833,"y":0.833},"o":{"x":0.167,"y":0},"t":32,"s":[{"i":[[-2.137,0],[0,-2.67],[2.136,0],[0,2.67]],"o":[[2.136,0],[0,2.67],[-2.137,0],[0,-2.67]],"v":[[-27.408,207.143],[-23.542,211.977],[-27.408,216.809],[-31.275,211.977]],"c":true}]},{"i":{"x":0.667,"y":1},"o":{"x":0.167,"y":0.167},"t":35,"s":[{"i":[[-2.137,0],[0,-2.67],[2.136,0],[0,2.67]],"o":[[2.136,0],[0,2.67],[-2.137,0],[0,-2.67]],"v":[[-27.396,213.158],[-22.785,215.414],[-27.396,216.379],[-32.031,215.414]],"c":true}]},{"t":40,"s":[{"i":[[-2.137,0],[0,-2.67],[2.136,0],[0,2.67]],"o":[[2.136,0],[0,2.67],[-2.137,0],[0,-2.67]],"v":[[-27.408,207.143],[-23.542,211.977],[-27.408,216.809],[-31.275,211.977]],"c":true}]}],"ix":2},"nm":"Path 1","mn":"ADBE Vector Shape - Group","hd":false},{"ty":"fl","c":{"a":0,"k":[0.101960785687,0.086274512112,0.149019613862,1],"ix":4},"o":{"a":0,"k":100,"ix":5},"r":1,"bm":0,"nm":"Fill 1","mn":"ADBE Vector Graphic - Fill","hd":false},{"ty":"tr","p":{"a":0,"k":[0,0],"ix":2},"a":{"a":0,"k":[0,0],"ix":1},"s":{"a":0,"k":[100,100],"ix":3},"r":{"a":0,"k":0,"ix":6},"o":{"a":0,"k":100,"ix":7},"sk":{"a":0,"k":0,"ix":4},"sa":{"a":0,"k":0,"ix":5},"nm":"Transform"}],"nm":"Group 1","np":2,"cix":2,"bm":0,"ix":1,"mn":"ADBE Vector Group","hd":false},{"ty":"gr","it":[{"ind":0,"ty":"sh","ix":1,"ks":{"a":1,"k":[{"i":{"x":0,"y":1},"o":{"x":0.333,"y":0},"t":0,"s":[{"i":[[-2.137,0],[0,-2.67],[2.134,0],[0,2.67]],"o":[[2.134,0],[0,2.67],[-2.137,0],[0,-2.67]],"v":[[-46.741,207.143],[-42.875,211.977],[-46.741,216.809],[-50.608,211.977]],"c":true}]},{"i":{"x":0,"y":1},"o":{"x":0.333,"y":0},"t":9,"s":[{"i":[[-2.137,0],[0,-2.67],[2.134,0],[0,2.67]],"o":[[2.134,0],[0,2.67],[-2.137,0],[0,-2.67]],"v":[[-46.729,213.158],[-42.118,215.414],[-46.729,216.379],[-51.364,215.414]],"c":true}]},{"i":{"x":0.667,"y":1},"o":{"x":0.333,"y":0},"t":14,"s":[{"i":[[-2.137,0],[0,-2.67],[2.134,0],[0,2.67]],"o":[[2.134,0],[0,2.67],[-2.137,0],[0,-2.67]],"v":[[-46.741,207.143],[-42.875,211.977],[-46.741,216.809],[-50.608,211.977]],"c":true}]},{"i":{"x":0.833,"y":0.833},"o":{"x":0.167,"y":0},"t":32,"s":[{"i":[[-2.137,0],[0,-2.67],[2.134,0],[0,2.67]],"o":[[2.134,0],[0,2.67],[-2.137,0],[0,-2.67]],"v":[[-46.741,207.143],[-42.875,211.977],[-46.741,216.809],[-50.608,211.977]],"c":true}]},{"i":{"x":0.667,"y":1},"o":{"x":0.167,"y":0.167},"t":35,"s":[{"i":[[-2.137,0],[0,-2.67],[2.134,0],[0,2.67]],"o":[[2.134,0],[0,2.67],[-2.137,0],[0,-2.67]],"v":[[-46.729,213.158],[-42.118,215.414],[-46.729,216.379],[-51.364,215.414]],"c":true}]},{"t":40,"s":[{"i":[[-2.137,0],[0,-2.67],[2.134,0],[0,2.67]],"o":[[2.134,0],[0,2.67],[-2.137,0],[0,-2.67]],"v":[[-46.741,207.143],[-42.875,211.977],[-46.741,216.809],[-50.608,211.977]],"c":true}]}],"ix":2},"nm":"Path 1","mn":"ADBE Vector Shape - Group","hd":false},{"ty":"fl","c":{"a":0,"k":[0.101960785687,0.086274512112,0.149019613862,1],"ix":4},"o":{"a":0,"k":100,"ix":5},"r":1,"bm":0,"nm":"Fill 1","mn":"ADBE Vector Graphic - Fill","hd":false},{"ty":"tr","p":{"a":0,"k":[0,0],"ix":2},"a":{"a":0,"k":[0,0],"ix":1},"s":{"a":0,"k":[100,100],"ix":3},"r":{"a":0,"k":0,"ix":6},"o":{"a":0,"k":100,"ix":7},"sk":{"a":0,"k":0,"ix":4},"sa":{"a":0,"k":0,"ix":5},"nm":"Transform"}],"nm":"Group 2","np":2,"cix":2,"bm":0,"ix":2,"mn":"ADBE Vector Group","hd":false}],"ip":0,"op":48,"st":0,"bm":0},{"ddd":0,"ind":7,"ty":4,"nm":"Nose_02","parent":9,"sr":1,"ks":{"o":{"a":1,"k":[{"i":{"x":[0.582],"y":[1]},"o":{"x":[0.235],"y":[0]},"t":3,"s":[100]},{"i":{"x":[0.833],"y":[1]},"o":{"x":[0.271],"y":[0]},"t":4,"s":[0]},{"i":{"x":[0.694],"y":[1]},"o":{"x":[0.167],"y":[0]},"t":10,"s":[0]},{"t":13,"s":[100]}],"ix":11},"r":{"a":0,"k":0,"ix":10},"p":{"a":0,"k":[-24.721,223.134,0],"ix":2},"a":{"a":0,"k":[-24.721,223.134,0],"ix":1},"s":{"a":0,"k":[100,100,100],"ix":6}},"ao":0,"shapes":[{"ty":"gr","it":[{"ind":0,"ty":"sh","ix":1,"ks":{"a":0,"k":{"i":[[-5.219,-0.814],[-8.372,-0.702],[8.537,0.715],[5.828,0.145]],"o":[[8.391,1.307],[8.537,0.716],[-7.868,-0.659],[-5.119,-0.127]],"v":[[-38.786,225.152],[-13.922,228.564],[-13.067,218.351],[-38.159,217.67]],"c":true},"ix":2,"x":"var $bm_rt;\n$bm_rt = thisComp.layer('Nose 2').content('Group 1').content('Path 1').path;"},"nm":"Path 1","mn":"ADBE Vector Shape - Group","hd":false},{"ty":"gf","o":{"a":0,"k":100,"ix":10},"r":1,"bm":0,"g":{"p":3,"k":{"a":0,"k":[0.097,1,0.98,0.82,0.427,1,0.945,0.461,0.952,1,0.91,0.102,0.097,1,0.427,0.5,0.952,0],"ix":9}},"s":{"a":0,"k":[-23,213],"ix":5},"e":{"a":0,"k":[-26.388,225.522],"ix":6},"t":1,"nm":"Nose02G","mn":"ADBE Vector Graphic - G-Fill","hd":false},{"ty":"tr","p":{"a":0,"k":[0,0],"ix":2},"a":{"a":0,"k":[0,0],"ix":1},"s":{"a":0,"k":[100,100],"ix":3},"r":{"a":0,"k":0,"ix":6},"o":{"a":0,"k":100,"ix":7},"sk":{"a":0,"k":0,"ix":4},"sa":{"a":0,"k":0,"ix":5},"nm":"Transform"}],"nm":"Group 1","np":2,"cix":2,"bm":0,"ix":1,"mn":"ADBE Vector Group","hd":false}],"ip":-2,"op":49,"st":0,"bm":0},{"ddd":0,"ind":8,"ty":4,"nm":"Nose_01","parent":9,"sr":1,"ks":{"o":{"a":1,"k":[{"i":{"x":[0.582],"y":[1]},"o":{"x":[0.235],"y":[0]},"t":3,"s":[100]},{"i":{"x":[0.833],"y":[1]},"o":{"x":[0.271],"y":[0]},"t":4,"s":[0]},{"i":{"x":[0.694],"y":[1]},"o":{"x":[0.167],"y":[0]},"t":10,"s":[0]},{"t":13,"s":[100]}],"ix":11},"r":{"a":0,"k":0,"ix":10},"p":{"a":0,"k":[-24.721,223.134,0],"ix":2},"a":{"a":0,"k":[-24.721,223.134,0],"ix":1},"s":{"a":0,"k":[100,100,100],"ix":6}},"ao":0,"shapes":[{"ty":"gr","it":[{"ind":0,"ty":"sh","ix":1,"ks":{"a":0,"k":{"i":[[-5.219,-0.814],[-8.372,-0.702],[8.537,0.715],[5.828,0.145]],"o":[[8.391,1.307],[8.537,0.716],[-7.868,-0.659],[-5.119,-0.127]],"v":[[-38.786,225.152],[-13.922,228.564],[-13.067,218.351],[-38.159,217.67]],"c":true},"ix":2,"x":"var $bm_rt;\n$bm_rt = thisComp.layer('Nose 2').content('Group 1').content('Path 1').path;"},"nm":"Path 1","mn":"ADBE Vector Shape - Group","hd":false},{"ty":"gf","o":{"a":0,"k":100,"ix":10},"r":1,"bm":0,"g":{"p":3,"k":{"a":0,"k":[0.23,0.812,0.471,0,0.593,0.812,0.471,0,1,0.812,0.471,0,0.23,0,0.593,0.5,1,1],"ix":9}},"s":{"a":0,"k":[-26,218],"ix":5},"e":{"a":0,"k":[-24.75,229.704],"ix":6},"t":1,"nm":"Nose01G","mn":"ADBE Vector Graphic - G-Fill","hd":false},{"ty":"tr","p":{"a":0,"k":[0,0],"ix":2},"a":{"a":0,"k":[0,0],"ix":1},"s":{"a":0,"k":[100,100],"ix":3},"r":{"a":0,"k":0,"ix":6},"o":{"a":0,"k":100,"ix":7},"sk":{"a":0,"k":0,"ix":4},"sa":{"a":0,"k":0,"ix":5},"nm":"Transform"}],"nm":"Group 1","np":2,"cix":2,"bm":0,"ix":1,"mn":"ADBE Vector Group","hd":false}],"ip":-2,"op":49,"st":0,"bm":0},{"ddd":0,"ind":9,"ty":4,"nm":"Nose 2","parent":4,"sr":1,"ks":{"o":{"a":1,"k":[{"i":{"x":[0.582],"y":[1]},"o":{"x":[0.235],"y":[0]},"t":3,"s":[100]},{"i":{"x":[0.833],"y":[1]},"o":{"x":[0.271],"y":[0]},"t":4,"s":[0]},{"i":{"x":[0.694],"y":[1]},"o":{"x":[0.167],"y":[0]},"t":10,"s":[0]},{"t":13,"s":[100]}],"ix":11},"r":{"a":0,"k":0,"ix":10},"p":{"a":0,"k":[22.9,62.178,0],"ix":2},"a":{"a":0,"k":[-38.558,221.525,0],"ix":1},"s":{"a":0,"k":[1243,1243,100],"ix":6}},"ao":0,"shapes":[{"ty":"gr","it":[{"ind":0,"ty":"sh","ix":1,"ks":{"a":1,"k":[{"i":{"x":0,"y":1},"o":{"x":0.167,"y":0},"t":0,"s":[{"i":[[-5.219,-0.814],[-8.372,-0.702],[8.537,0.715],[5.828,0.145]],"o":[[8.391,1.307],[8.537,0.716],[-7.868,-0.659],[-5.119,-0.127]],"v":[[-38.786,225.152],[-13.922,228.564],[-13.067,218.351],[-38.159,217.67]],"c":true}]},{"i":{"x":0,"y":1},"o":{"x":0.333,"y":0},"t":9,"s":[{"i":[[-5.181,-1.026],[-0.857,-0.114],[4.24,0.262],[1.225,-0.006]],"o":[[1.4,0.277],[5.472,0.231],[-0.959,-0.169],[-5.12,0.026]],"v":[[-38.786,225.152],[-34.645,225.802],[-34.091,217.919],[-38.159,217.67]],"c":true}]},{"i":{"x":0.833,"y":1},"o":{"x":0.167,"y":0},"t":24,"s":[{"i":[[-5.219,-0.814],[-8.372,-0.702],[8.537,0.715],[5.828,0.145]],"o":[[8.391,1.307],[8.537,0.716],[-7.868,-0.659],[-5.119,-0.127]],"v":[[-38.786,225.152],[-13.922,228.564],[-13.067,218.351],[-38.159,217.67]],"c":true}]},{"t":41,"s":[{"i":[[-5.219,-0.814],[-8.372,-0.702],[8.537,0.715],[5.828,0.145]],"o":[[8.391,1.307],[8.537,0.716],[-7.868,-0.659],[-5.119,-0.127]],"v":[[-38.786,225.152],[-13.922,228.564],[-13.067,218.351],[-38.159,217.67]],"c":true}]}],"ix":2},"nm":"Path 1","mn":"ADBE Vector Shape - Group","hd":false},{"ty":"gf","o":{"a":0,"k":100,"ix":10},"r":1,"bm":0,"g":{"p":5,"k":{"a":0,"k":[0,1,0.729,0.047,0.073,1,0.729,0.047,0.145,1,0.729,0.047,0.573,1,0.767,0.178,1,1,0.804,0.31],"ix":9}},"s":{"a":0,"k":[-38.027,223.086],"ix":5},"e":{"a":0,"k":[0,0],"ix":6},"t":1,"nm":"NoseG","mn":"ADBE Vector Graphic - G-Fill","hd":false},{"ty":"tr","p":{"a":0,"k":[0,0],"ix":2},"a":{"a":0,"k":[0,0],"ix":1},"s":{"a":0,"k":[100,100],"ix":3},"r":{"a":0,"k":0,"ix":6},"o":{"a":0,"k":100,"ix":7},"sk":{"a":0,"k":0,"ix":4},"sa":{"a":0,"k":0,"ix":5},"nm":"Transform"}],"nm":"Group 1","np":2,"cix":2,"bm":0,"ix":1,"mn":"ADBE Vector Group","hd":false}],"ip":-2,"op":49,"st":0,"bm":0},{"ddd":0,"ind":10,"ty":0,"nm":"Shadows","parent":9,"refId":"comp_1","sr":1,"ks":{"o":{"a":1,"k":[{"i":{"x":[0],"y":[1]},"o":{"x":[0.167],"y":[0.167]},"t":0,"s":[100]},{"i":{"x":[0],"y":[1]},"o":{"x":[0.333],"y":[0]},"t":3,"s":[2]},{"i":{"x":[0.833],"y":[1]},"o":{"x":[0.333],"y":[0]},"t":9,"s":[2]},{"i":{"x":[0.833],"y":[0.833]},"o":{"x":[0.167],"y":[0.167]},"t":14,"s":[2]},{"i":{"x":[0.833],"y":[0.833]},"o":{"x":[0.167],"y":[0.167]},"t":24,"s":[100]},{"t":41,"s":[100]}],"ix":11},"r":{"a":0,"k":0,"ix":10},"p":{"a":0,"k":[-40.964,216.362,0],"ix":2},"a":{"a":0,"k":[512,512,0],"ix":1},"s":{"a":0,"k":[8.045,8.045,100],"ix":6}},"ao":0,"w":1024,"h":1024,"ip":0,"op":100,"st":0,"bm":0},{"ddd":0,"ind":11,"ty":4,"nm":"Mouth_02","parent":3,"sr":1,"ks":{"o":{"a":0,"k":100,"ix":11},"r":{"a":0,"k":0,"ix":10},"p":{"a":0,"k":[41.341,-121.493,0],"ix":2},"a":{"a":0,"k":[-37.075,232.653,0],"ix":1},"s":{"a":0,"k":[1243,1243,100],"ix":6}},"ao":0,"shapes":[{"ty":"gr","it":[{"ind":0,"ty":"sh","ix":1,"ks":{"a":1,"k":[{"i":{"x":0,"y":1},"o":{"x":0.333,"y":0},"t":0,"s":[{"i":[[1.346,2.807],[1.689,-3.52],[-4.531,0]],"o":[[-1.688,-3.52],[-1.346,2.807],[4.522,0]],"v":[[-30.364,233.106],[-43.785,233.106],[-37.073,234.47]],"c":true}]},{"i":{"x":0,"y":1},"o":{"x":0.333,"y":0},"t":9,"s":[{"i":[[1.346,2.807],[1.689,-3.52],[-4.531,0]],"o":[[-1.688,-3.52],[-1.346,2.807],[4.522,0]],"v":[[-29.824,230.669],[-46.442,230.669],[-37.975,232.033]],"c":true}]},{"i":{"x":0.667,"y":1},"o":{"x":0.333,"y":0},"t":15,"s":[{"i":[[1.346,2.807],[1.689,-3.52],[-4.531,0]],"o":[[-1.688,-3.52],[-1.346,2.807],[4.522,0]],"v":[[-30.364,233.106],[-43.785,233.106],[-37.073,234.47]],"c":true}]},{"t":41,"s":[{"i":[[1.346,2.807],[1.689,-3.52],[-4.531,0]],"o":[[-1.688,-3.52],[-1.346,2.807],[4.522,0]],"v":[[-30.364,233.106],[-43.785,233.106],[-37.073,234.47]],"c":true}]}],"ix":2},"nm":"Path 1","mn":"ADBE Vector Shape - Group","hd":false},{"ty":"fl","c":{"a":0,"k":[0.101960785687,0.086274512112,0.149019613862,1],"ix":4},"o":{"a":0,"k":100,"ix":5},"r":1,"bm":0,"nm":"Fill 1","mn":"ADBE Vector Graphic - Fill","hd":false},{"ty":"tr","p":{"a":0,"k":[0,0],"ix":2},"a":{"a":0,"k":[0,0],"ix":1},"s":{"a":0,"k":[100,100],"ix":3},"r":{"a":0,"k":0,"ix":6},"o":{"a":0,"k":100,"ix":7},"sk":{"a":0,"k":0,"ix":4},"sa":{"a":0,"k":0,"ix":5},"nm":"Transform"}],"nm":"Group 1","np":2,"cix":2,"bm":0,"ix":1,"mn":"ADBE Vector Group","hd":false}],"ip":0,"op":48,"st":0,"bm":0},{"ddd":0,"ind":12,"ty":4,"nm":"Head 2","parent":3,"sr":1,"ks":{"o":{"a":0,"k":100,"ix":11},"r":{"a":0,"k":0,"ix":10},"p":{"a":0,"k":[0,-322,0],"ix":2},"a":{"a":0,"k":[0,0,0],"ix":1},"s":{"a":0,"k":[99,99,100],"ix":6}},"ao":0,"shapes":[{"ty":"gr","it":[{"ind":0,"ty":"sh","ix":1,"ks":{"a":0,"k":{"i":[[-198.545,0],[0,-198.543],[198.545,0],[0,198.545]],"o":[[198.545,0],[0,198.545],[-198.545,0],[0,-198.543]],"v":[[0,-359.5],[359.5,0],[0,359.5],[-359.5,0]],"c":true},"ix":2},"nm":"Path 1","mn":"ADBE Vector Shape - Group","hd":false},{"ty":"gf","o":{"a":0,"k":100,"ix":10},"r":1,"bm":0,"g":{"p":3,"k":{"a":0,"k":[0,1,0.482,0,0.4,1,0.725,0,1,1,0.969,0],"ix":9}},"s":{"a":0,"k":[6.859,367.625],"ix":5},"e":{"a":0,"k":[-4.828,-354.141],"ix":6},"t":1,"nm":"Pou2Gradient Fill 1","mn":"ADBE Vector Graphic - G-Fill","hd":false},{"ty":"tr","p":{"a":0,"k":[0,0],"ix":2},"a":{"a":0,"k":[0,0],"ix":1},"s":{"a":0,"k":[100,100],"ix":3},"r":{"a":0,"k":0,"ix":6},"o":{"a":0,"k":100,"ix":7},"sk":{"a":0,"k":0,"ix":4},"sa":{"a":0,"k":0,"ix":5},"nm":"Transform"}],"nm":"Oval","np":2,"cix":2,"bm":0,"ix":1,"mn":"ADBE Vector Group","hd":false}],"ip":0,"op":48,"st":0,"bm":0},{"ddd":0,"ind":13,"ty":4,"nm":"Face","parent":3,"sr":1,"ks":{"o":{"a":0,"k":100,"ix":11},"r":{"a":0,"k":0,"ix":10},"p":{"a":0,"k":[0,-322,0],"ix":2},"a":{"a":0,"k":[-103.334,-150.695,0],"ix":1},"s":{"a":0,"k":[1191,1191,100],"ix":6}},"ao":0,"shapes":[{"ty":"gr","it":[{"ind":0,"ty":"sh","ix":1,"ks":{"a":0,"k":{"i":[[-16.568,0],[0,-16.568],[16.568,0],[0,16.568]],"o":[[16.568,0],[0,16.568],[-16.568,0],[0,-16.568]],"v":[[-103.334,-180.695],[-73.334,-150.695],[-103.334,-120.695],[-133.334,-150.695]],"c":true},"ix":2},"nm":"Path 1","mn":"ADBE Vector Shape - Group","hd":false},{"ty":"gf","o":{"a":0,"k":100,"ix":10},"r":1,"bm":0,"g":{"p":3,"k":{"a":0,"k":[0,1,0.584,0,0.4,1,0.747,0.051,1,1,0.91,0.102],"ix":9}},"s":{"a":0,"k":[-104,-121],"ix":5},"e":{"a":0,"k":[-104,-181],"ix":6},"t":1,"nm":"face_gradient_004","mn":"ADBE Vector Graphic - G-Fill","hd":false},{"ty":"tr","p":{"a":0,"k":[0,0],"ix":2},"a":{"a":0,"k":[0,0],"ix":1},"s":{"a":0,"k":[100,100],"ix":3},"r":{"a":0,"k":0,"ix":6},"o":{"a":0,"k":100,"ix":7},"sk":{"a":0,"k":0,"ix":4},"sa":{"a":0,"k":0,"ix":5},"nm":"Transform"}],"nm":"Group 1","np":2,"cix":2,"bm":0,"ix":1,"mn":"ADBE Vector Group","hd":false}],"ip":0,"op":48,"st":0,"bm":0}]},{"id":"comp_1","layers":[{"ddd":0,"ind":1,"ty":4,"nm":"Layer 3","sr":1,"ks":{"o":{"a":0,"k":100,"ix":11},"r":{"a":0,"k":0,"ix":10},"p":{"a":0,"k":[727.384,483.752,0],"ix":2},"a":{"a":0,"k":[-23.073,214.25,0],"ix":1},"s":{"a":0,"k":[1243,1243,100],"ix":6}},"ao":0,"shapes":[{"ty":"gr","it":[{"ind":0,"ty":"sh","ix":1,"ks":{"a":0,"k":{"i":[[11.939,-4.892],[-5.179,0.686],[0,0]],"o":[[8.564,2.465],[0.657,-5.572],[0,0]],"v":[[-35.071,217.874],[-11.226,219.498],[-12.265,208.564]],"c":true},"ix":2},"nm":"Path 1","mn":"ADBE Vector Shape - Group","hd":false},{"ty":"gf","o":{"a":0,"k":100,"ix":10},"r":1,"bm":0,"g":{"p":3,"k":{"a":0,"k":[0.339,0.769,0.514,0.141,0.716,0.769,0.514,0.141,1,0.769,0.514,0.141,0.339,0,0.716,0.195,1,0.39],"ix":9}},"s":{"a":0,"k":[-25,211],"ix":5},"e":{"a":0,"k":[-22.473,219.692],"ix":6},"t":1,"nm":"S2G","mn":"ADBE Vector Graphic - G-Fill","hd":false},{"ty":"tr","p":{"a":0,"k":[0,0],"ix":2},"a":{"a":0,"k":[0,0],"ix":1},"s":{"a":0,"k":[100,100],"ix":3},"r":{"a":0,"k":0,"ix":6},"o":{"a":0,"k":100,"ix":7},"sk":{"a":0,"k":0,"ix":4},"sa":{"a":0,"k":0,"ix":5},"nm":"Transform"}],"nm":"Group 1","np":2,"cix":2,"bm":0,"ix":1,"mn":"ADBE Vector Group","hd":false}],"ip":0,"op":100,"st":0,"bm":0},{"ddd":0,"ind":2,"ty":4,"nm":"Layer 2","sr":1,"ks":{"o":{"a":0,"k":100,"ix":11},"r":{"a":0,"k":0,"ix":10},"p":{"a":0,"k":[725.601,683.986,0],"ix":2},"a":{"a":0,"k":[-23.216,230.359,0],"ix":1},"s":{"a":0,"k":[1243,1243,100],"ix":6}},"ao":0,"shapes":[{"ty":"gr","it":[{"ind":0,"ty":"sh","ix":1,"ks":{"a":0,"k":{"i":[[13.404,1.385],[-0.471,-3.786],[0,0]],"o":[[7.313,1.413],[5.094,-5.538],[0,0]],"v":[[-34.382,225.85],[-18.762,236.387],[-12.051,224.331]],"c":true},"ix":2},"nm":"Path 1","mn":"ADBE Vector Shape - Group","hd":false},{"ty":"gf","o":{"a":0,"k":100,"ix":10},"r":1,"bm":0,"g":{"p":3,"k":{"a":0,"k":[0,0.769,0.514,0.141,0.37,0.769,0.514,0.141,0.861,0.769,0.514,0.141,0,0.8,0.37,0.4,0.861,0],"ix":9}},"s":{"a":0,"k":[-24,225],"ix":5},"e":{"a":0,"k":[-26.017,231.505],"ix":6},"t":1,"nm":"S1G","mn":"ADBE Vector Graphic - G-Fill","hd":false},{"ty":"tr","p":{"a":0,"k":[0,0],"ix":2},"a":{"a":0,"k":[0,0],"ix":1},"s":{"a":0,"k":[100,100],"ix":3},"r":{"a":0,"k":0,"ix":6},"o":{"a":0,"k":100,"ix":7},"sk":{"a":0,"k":0,"ix":4},"sa":{"a":0,"k":0,"ix":5},"nm":"Transform"}],"nm":"Group 1","np":2,"cix":2,"bm":0,"ix":1,"mn":"ADBE Vector Group","hd":false}],"ip":0,"op":100,"st":0,"bm":0}]}],"layers":[{"ddd":0,"ind":1,"ty":0,"nm":"lying_face","refId":"comp_0","sr":1,"ks":{"o":{"a":0,"k":100,"ix":11},"r":{"a":0,"k":0,"ix":10},"p":{"a":0,"k":[512,512,0],"ix":2},"a":{"a":0,"k":[512,512,0],"ix":1},"s":{"a":0,"k":[100,100,100],"ix":6}},"ao":0,"w":1024,"h":1024,"ip":0,"op":48,"st":0,"bm":0}],"markers":[]}