{"v":"5.6.2","fr":24,"ip":0,"op":48,"w":1024,"h":1024,"nm":"face_with_rolling_eyes","ddd":0,"assets":[{"id":"comp_0","layers":[{"ddd":0,"ind":1,"ty":3,"nm":"Body_CTRL","sr":1,"ks":{"o":{"a":0,"k":100,"ix":11},"r":{"a":1,"k":[{"i":{"x":[0],"y":[1]},"o":{"x":[0.333],"y":[0]},"t":0,"s":[2]},{"i":{"x":[0],"y":[1]},"o":{"x":[0.333],"y":[0]},"t":24,"s":[-2]},{"t":48,"s":[2]}],"ix":10},"p":{"a":0,"k":[512,816,0],"ix":2},"a":{"a":0,"k":[0,0,0],"ix":1},"s":{"a":1,"k":[{"i":{"x":[0.833,0.833,0.833],"y":[0.833,0.833,1]},"o":{"x":[0.333,0.333,0.333],"y":[0,0,0]},"t":0,"s":[100,100,100]},{"i":{"x":[0,0,0.667],"y":[1,1,1]},"o":{"x":[0.167,0.167,0.167],"y":[0.167,0.167,0]},"t":4,"s":[104,96,100]},{"i":{"x":[0.833,0.833,0.833],"y":[1,1,1]},"o":{"x":[0.167,0.167,0.167],"y":[0,0,0]},"t":23,"s":[100,100,100]},{"i":{"x":[0,0,0.667],"y":[1,1,1]},"o":{"x":[0.333,0.333,0.333],"y":[0,0,0]},"t":24,"s":[100,100,100]},{"t":47,"s":[100,100,100]}],"ix":6}},"ao":0,"ef":[{"ty":5,"nm":"Controller","np":13,"mn":"Pseudo/DUIK controller","ix":1,"en":1,"ef":[{"ty":6,"nm":"Icon","mn":"Pseudo/DUIK controller-0001","ix":1,"v":0},{"ty":2,"nm":"Color","mn":"Pseudo/DUIK controller-0002","ix":2,"v":{"a":0,"k":[0.92549020052,0.0941176489,0.0941176489,1],"ix":2}},{"ty":3,"nm":"Position","mn":"Pseudo/DUIK controller-0003","ix":3,"v":{"a":0,"k":[0,0],"ix":3}},{"ty":0,"nm":"Size","mn":"Pseudo/DUIK controller-0004","ix":4,"v":{"a":0,"k":100,"ix":4}},{"ty":0,"nm":"Orientation","mn":"Pseudo/DUIK controller-0005","ix":5,"v":{"a":0,"k":0,"ix":5}},{"ty":0,"nm":"Opacity","mn":"Pseudo/DUIK controller-0006","ix":6,"v":{"a":0,"k":100,"ix":6}},{"ty":6,"nm":"","mn":"Pseudo/DUIK controller-0007","ix":7,"v":0},{"ty":6,"nm":"Anchor","mn":"Pseudo/DUIK controller-0008","ix":8,"v":0},{"ty":2,"nm":"Color","mn":"Pseudo/DUIK controller-0009","ix":9,"v":{"a":0,"k":[0,0,0,1],"ix":9}},{"ty":0,"nm":"Size","mn":"Pseudo/DUIK controller-0010","ix":10,"v":{"a":0,"k":100,"ix":10}},{"ty":6,"nm":"","mn":"Pseudo/DUIK controller-0011","ix":11,"v":0}]}],"ip":0,"op":48,"st":0,"bm":0},{"ddd":0,"ind":2,"ty":3,"nm":"Face_CTRL","parent":1,"sr":1,"ks":{"o":{"a":0,"k":100,"ix":11},"r":{"a":0,"k":0,"ix":10},"p":{"a":1,"k":[{"i":{"x":0.833,"y":0.833},"o":{"x":0.333,"y":0},"t":0,"s":[0,-304,0],"to":[0,4.667,0],"ti":[0,0,0]},{"i":{"x":0,"y":1},"o":{"x":0.167,"y":0.167},"t":4,"s":[0,-276,0],"to":[0,0,0],"ti":[0,4.667,0]},{"i":{"x":0.667,"y":0.667},"o":{"x":0.333,"y":0.333},"t":13,"s":[0,-304,0],"to":[0,0,0],"ti":[0,0,0]},{"i":{"x":0.833,"y":0.833},"o":{"x":0.333,"y":0},"t":24,"s":[0,-304,0],"to":[0,4.667,0],"ti":[0,0,0]},{"i":{"x":0,"y":1},"o":{"x":0.167,"y":0.167},"t":28,"s":[0,-276,0],"to":[0,0,0],"ti":[0,4.667,0]},{"t":37,"s":[0,-304,0]}],"ix":2},"a":{"a":0,"k":[0,0,0],"ix":1},"s":{"a":0,"k":[100,100,100],"ix":6}},"ao":0,"ef":[{"ty":5,"nm":"Controller","np":13,"mn":"Pseudo/DUIK controller","ix":1,"en":1,"ef":[{"ty":6,"nm":"Icon","mn":"Pseudo/DUIK controller-0001","ix":1,"v":0},{"ty":2,"nm":"Color","mn":"Pseudo/DUIK controller-0002","ix":2,"v":{"a":0,"k":[0.92549020052,0.0941176489,0.0941176489,1],"ix":2}},{"ty":3,"nm":"Position","mn":"Pseudo/DUIK controller-0003","ix":3,"v":{"a":0,"k":[0,0],"ix":3}},{"ty":0,"nm":"Size","mn":"Pseudo/DUIK controller-0004","ix":4,"v":{"a":0,"k":100,"ix":4}},{"ty":0,"nm":"Orientation","mn":"Pseudo/DUIK controller-0005","ix":5,"v":{"a":0,"k":0,"ix":5}},{"ty":0,"nm":"Opacity","mn":"Pseudo/DUIK controller-0006","ix":6,"v":{"a":0,"k":100,"ix":6}},{"ty":6,"nm":"","mn":"Pseudo/DUIK controller-0007","ix":7,"v":0},{"ty":6,"nm":"Anchor","mn":"Pseudo/DUIK controller-0008","ix":8,"v":0},{"ty":2,"nm":"Color","mn":"Pseudo/DUIK controller-0009","ix":9,"v":{"a":0,"k":[0,0,0,1],"ix":9}},{"ty":0,"nm":"Size","mn":"Pseudo/DUIK controller-0010","ix":10,"v":{"a":0,"k":100,"ix":10}},{"ty":6,"nm":"","mn":"Pseudo/DUIK controller-0011","ix":11,"v":0}]}],"ip":0,"op":48,"st":0,"bm":0},{"ddd":0,"ind":3,"ty":4,"nm":"Mouth","parent":2,"sr":1,"ks":{"o":{"a":0,"k":100,"ix":11},"r":{"a":0,"k":0,"ix":10},"p":{"a":1,"k":[{"i":{"x":0,"y":1},"o":{"x":0.333,"y":0},"t":0,"s":[-2.308,189.268,0],"to":[-0.189,-6.85,0],"ti":[0.189,6.85,0]},{"i":{"x":0.667,"y":0.667},"o":{"x":0.333,"y":0.333},"t":18,"s":[-3.443,148.169,0],"to":[0,0,0],"ti":[0,0,0]},{"i":{"x":0.833,"y":0.833},"o":{"x":0.333,"y":0.333},"t":24,"s":[-3.443,148.169,0],"to":[0,0,0],"ti":[0,0,0]},{"i":{"x":0,"y":1},"o":{"x":0.167,"y":0.167},"t":28,"s":[-3.443,148.169,0],"to":[0.189,6.85,0],"ti":[-0.189,-6.85,0]},{"t":37,"s":[-2.308,189.268,0]}],"ix":2},"a":{"a":0,"k":[172.029,-211.192,0],"ix":1},"s":{"a":1,"k":[{"i":{"x":[0,0,0.667],"y":[1,1,1]},"o":{"x":[0.333,0.333,0.333],"y":[0,0,0]},"t":0,"s":[1193,1193,100]},{"i":{"x":[0.667,0.667,0.667],"y":[1,1,1]},"o":{"x":[0.333,0.333,0.333],"y":[0,0,0]},"t":18,"s":[1321,1119,100]},{"i":{"x":[0.833,0.833,0.833],"y":[1,1,1]},"o":{"x":[0.333,0.333,0.333],"y":[0,0,0]},"t":24,"s":[1321,1119,100]},{"i":{"x":[0,0,0.667],"y":[1,1,1]},"o":{"x":[0.167,0.167,0.167],"y":[0.167,0.167,0]},"t":28,"s":[1321,1119,100]},{"t":37,"s":[1193,1193,100]}],"ix":6}},"ao":0,"shapes":[{"ty":"gr","it":[{"ind":0,"ty":"sh","ix":1,"ks":{"a":0,"k":{"i":[[1.738,0.308],[2.898,-2.181],[-0.602,0.138],[-4.346,-0.65]],"o":[[-4.525,-0.801],[-0.736,0.555],[3.113,-0.711],[1.662,0.246]],"v":[[178.434,-212.958],[164.951,-210.24],[165.15,-209.211],[178.031,-209.275]],"c":true},"ix":2},"nm":"Path 1","mn":"ADBE Vector Shape - Group","hd":false},{"ty":"fl","c":{"a":0,"k":[0.101960785687,0.086274512112,0.149019613862,1],"ix":4},"o":{"a":0,"k":100,"ix":5},"r":1,"bm":0,"nm":"Fill 1","mn":"ADBE Vector Graphic - Fill","hd":false},{"ty":"tr","p":{"a":0,"k":[0,0],"ix":2},"a":{"a":0,"k":[0,0],"ix":1},"s":{"a":0,"k":[100,100],"ix":3},"r":{"a":0,"k":0,"ix":6},"o":{"a":0,"k":100,"ix":7},"sk":{"a":0,"k":0,"ix":4},"sa":{"a":0,"k":0,"ix":5},"nm":"Transform"}],"nm":"Group 1","np":2,"cix":2,"bm":0,"ix":1,"mn":"ADBE Vector Group","hd":false}],"ip":0,"op":48,"st":0,"bm":0},{"ddd":0,"ind":4,"ty":4,"nm":"L_Eye 3","parent":6,"td":1,"sr":1,"ks":{"o":{"a":0,"k":100,"ix":11},"r":{"a":0,"k":0,"ix":10},"p":{"a":0,"k":[184.722,-231.057,0],"ix":2},"a":{"a":0,"k":[184.722,-231.057,0],"ix":1},"s":{"a":0,"k":[100,100,100],"ix":6}},"ao":0,"shapes":[{"ty":"gr","it":[{"ind":0,"ty":"sh","ix":1,"ks":{"a":0,"k":{"i":[[-1.428,-5.333],[5.332,-1.428],[1.43,5.336],[-5.336,1.43]],"o":[[1.43,5.336],[-5.336,1.43],[-1.428,-5.333],[5.33,-1.429]],"v":[[194.381,-233.645],[187.311,-221.398],[175.062,-228.469],[182.135,-240.716]],"c":true},"ix":2},"nm":"Path 1","mn":"ADBE Vector Shape - Group","hd":false},{"ty":"fl","c":{"a":0,"k":[1,1,1,1],"ix":4},"o":{"a":0,"k":100,"ix":5},"r":1,"bm":0,"nm":"Fill 1","mn":"ADBE Vector Graphic - Fill","hd":false},{"ty":"tr","p":{"a":0,"k":[0,0],"ix":2},"a":{"a":0,"k":[0,0],"ix":1},"s":{"a":0,"k":[100,100],"ix":3},"r":{"a":0,"k":0,"ix":6},"o":{"a":0,"k":100,"ix":7},"sk":{"a":0,"k":0,"ix":4},"sa":{"a":0,"k":0,"ix":5},"nm":"Transform"}],"nm":"Group 1","np":2,"cix":2,"bm":0,"ix":1,"mn":"ADBE Vector Group","hd":false}],"ip":0,"op":48,"st":0,"bm":0},{"ddd":0,"ind":5,"ty":4,"nm":"L_Pupile","parent":2,"tt":1,"sr":1,"ks":{"o":{"a":0,"k":100,"ix":11},"r":{"a":1,"k":[{"i":{"x":[0.833],"y":[1]},"o":{"x":[0.167],"y":[0]},"t":0,"s":[0]},{"i":{"x":[0],"y":[1]},"o":{"x":[0.167],"y":[0]},"t":5,"s":[51]},{"t":23,"s":[0]}],"ix":10},"p":{"a":1,"k":[{"i":{"x":0.667,"y":1},"o":{"x":0.167,"y":0},"t":0,"s":[129.445,-116.842,0],"to":[9.833,1.667,0],"ti":[0,0,0]},{"i":{"x":0,"y":1},"o":{"x":0.167,"y":0},"t":5,"s":[188.445,-106.842,0],"to":[0,0,0],"ti":[9.833,1.667,0]},{"t":23,"s":[129.445,-116.842,0]}],"ix":2},"a":{"a":0,"k":[183.073,-236.851,0],"ix":1},"s":{"a":0,"k":[1193,1193,100],"ix":6}},"ao":0,"shapes":[{"ty":"gr","it":[{"ind":0,"ty":"sh","ix":1,"ks":{"a":0,"k":{"i":[[-0.643,-2.402],[2.396,-0.642],[0.645,2.402],[-2.404,0.644]],"o":[[0.645,2.401],[-2.404,0.644],[-0.643,-2.401],[2.395,-0.642]],"v":[[187.412,-238.403],[184.23,-232.893],[178.719,-236.074],[182.135,-240.716]],"c":true},"ix":2},"nm":"Path 1","mn":"ADBE Vector Shape - Group","hd":false},{"ty":"fl","c":{"a":0,"k":[0.101960785687,0.086274512112,0.149019613862,1],"ix":4},"o":{"a":0,"k":100,"ix":5},"r":1,"bm":0,"nm":"Fill 1","mn":"ADBE Vector Graphic - Fill","hd":false},{"ty":"tr","p":{"a":0,"k":[0,0],"ix":2},"a":{"a":0,"k":[0,0],"ix":1},"s":{"a":0,"k":[100,100],"ix":3},"r":{"a":0,"k":0,"ix":6},"o":{"a":0,"k":100,"ix":7},"sk":{"a":0,"k":0,"ix":4},"sa":{"a":0,"k":0,"ix":5},"nm":"Transform"}],"nm":"Group 1","np":2,"cix":2,"bm":0,"ix":1,"mn":"ADBE Vector Group","hd":false}],"ip":0,"op":48,"st":0,"bm":0},{"ddd":0,"ind":6,"ty":4,"nm":"L_Eye 2","parent":2,"td":1,"sr":1,"ks":{"o":{"a":0,"k":100,"ix":11},"r":{"a":0,"k":0,"ix":10},"p":{"a":0,"k":[149.116,-47.722,0],"ix":2},"a":{"a":0,"k":[184.722,-231.057,0],"ix":1},"s":{"a":1,"k":[{"i":{"x":[0.833,0.833,0.833],"y":[1,0.833,1]},"o":{"x":[0.333,0.333,0.333],"y":[0,0,0]},"t":0,"s":[1193,1193,100]},{"i":{"x":[0,0,0.667],"y":[1,1,1]},"o":{"x":[0.167,0.167,0.167],"y":[0,0.167,0]},"t":3,"s":[1193,453,100]},{"t":13,"s":[1193,1193,100]}],"ix":6}},"ao":0,"shapes":[{"ty":"gr","it":[{"ind":0,"ty":"sh","ix":1,"ks":{"a":0,"k":{"i":[[-1.428,-5.333],[5.332,-1.428],[1.43,5.336],[-5.336,1.43]],"o":[[1.43,5.336],[-5.336,1.43],[-1.428,-5.333],[5.33,-1.429]],"v":[[194.381,-233.645],[187.311,-221.398],[175.062,-228.469],[182.135,-240.716]],"c":true},"ix":2},"nm":"Path 1","mn":"ADBE Vector Shape - Group","hd":false},{"ty":"fl","c":{"a":0,"k":[1,1,1,1],"ix":4},"o":{"a":0,"k":100,"ix":5},"r":1,"bm":0,"nm":"Fill 1","mn":"ADBE Vector Graphic - Fill","hd":false},{"ty":"tr","p":{"a":0,"k":[0,0],"ix":2},"a":{"a":0,"k":[0,0],"ix":1},"s":{"a":0,"k":[100,100],"ix":3},"r":{"a":0,"k":0,"ix":6},"o":{"a":0,"k":100,"ix":7},"sk":{"a":0,"k":0,"ix":4},"sa":{"a":0,"k":0,"ix":5},"nm":"Transform"}],"nm":"Group 1","np":2,"cix":2,"bm":0,"ix":1,"mn":"ADBE Vector Group","hd":false}],"ip":0,"op":48,"st":0,"bm":0},{"ddd":0,"ind":7,"ty":4,"nm":"L_Eye","parent":2,"tt":1,"sr":1,"ks":{"o":{"a":0,"k":100,"ix":11},"r":{"a":0,"k":0,"ix":10},"p":{"a":0,"k":[149.116,-47.722,0],"ix":2},"a":{"a":0,"k":[184.722,-231.057,0],"ix":1},"s":{"a":0,"k":[1193,1193,100],"ix":6}},"ao":0,"shapes":[{"ty":"gr","it":[{"ind":0,"ty":"sh","ix":1,"ks":{"a":0,"k":{"i":[[-1.428,-5.333],[5.332,-1.428],[1.43,5.336],[-5.336,1.43]],"o":[[1.43,5.336],[-5.336,1.43],[-1.428,-5.333],[5.33,-1.429]],"v":[[194.381,-233.645],[187.311,-221.398],[175.062,-228.469],[182.135,-240.716]],"c":true},"ix":2},"nm":"Path 1","mn":"ADBE Vector Shape - Group","hd":false},{"ty":"fl","c":{"a":0,"k":[1,1,1,1],"ix":4},"o":{"a":0,"k":100,"ix":5},"r":1,"bm":0,"nm":"Fill 1","mn":"ADBE Vector Graphic - Fill","hd":false},{"ty":"tr","p":{"a":0,"k":[0,0],"ix":2},"a":{"a":0,"k":[0,0],"ix":1},"s":{"a":0,"k":[100,100],"ix":3},"r":{"a":0,"k":0,"ix":6},"o":{"a":0,"k":100,"ix":7},"sk":{"a":0,"k":0,"ix":4},"sa":{"a":0,"k":0,"ix":5},"nm":"Transform"}],"nm":"Group 1","np":2,"cix":2,"bm":0,"ix":1,"mn":"ADBE Vector Group","hd":false}],"ip":0,"op":48,"st":0,"bm":0},{"ddd":0,"ind":8,"ty":4,"nm":"R_Eye 3","parent":10,"td":1,"sr":1,"ks":{"o":{"a":0,"k":100,"ix":11},"r":{"a":0,"k":0,"ix":10},"p":{"a":0,"k":[159.722,-231.057,0],"ix":2},"a":{"a":0,"k":[159.722,-231.057,0],"ix":1},"s":{"a":0,"k":[100,100,100],"ix":6}},"ao":0,"shapes":[{"ty":"gr","it":[{"ind":0,"ty":"sh","ix":1,"ks":{"a":0,"k":{"i":[[-1.428,-5.333],[5.332,-1.429],[1.43,5.336],[-5.338,1.43]],"o":[[1.43,5.336],[-5.338,1.43],[-1.428,-5.332],[5.33,-1.429]],"v":[[169.381,-233.645],[162.311,-221.398],[150.062,-228.469],[157.135,-240.716]],"c":true},"ix":2},"nm":"Path 1","mn":"ADBE Vector Shape - Group","hd":false},{"ty":"fl","c":{"a":0,"k":[1,1,1,1],"ix":4},"o":{"a":0,"k":100,"ix":5},"r":1,"bm":0,"nm":"Fill 1","mn":"ADBE Vector Graphic - Fill","hd":false},{"ty":"tr","p":{"a":0,"k":[0,0],"ix":2},"a":{"a":0,"k":[0,0],"ix":1},"s":{"a":0,"k":[100,100],"ix":3},"r":{"a":0,"k":0,"ix":6},"o":{"a":0,"k":100,"ix":7},"sk":{"a":0,"k":0,"ix":4},"sa":{"a":0,"k":0,"ix":5},"nm":"Transform"}],"nm":"Group 1","np":2,"cix":2,"bm":0,"ix":1,"mn":"ADBE Vector Group","hd":false}],"ip":0,"op":48,"st":0,"bm":0},{"ddd":0,"ind":9,"ty":4,"nm":"R_Pupile","parent":2,"tt":1,"sr":1,"ks":{"o":{"a":0,"k":100,"ix":11},"r":{"a":1,"k":[{"i":{"x":[0.833],"y":[1]},"o":{"x":[0.167],"y":[0]},"t":0,"s":[0]},{"i":{"x":[0],"y":[1]},"o":{"x":[0.167],"y":[0]},"t":5,"s":[51]},{"t":23,"s":[0]}],"ix":10},"p":{"a":1,"k":[{"i":{"x":0.667,"y":1},"o":{"x":0.167,"y":0},"t":0,"s":[-168.805,-116.84,0],"to":[10.167,1.667,0],"ti":[0,0,0]},{"i":{"x":0,"y":1},"o":{"x":0.167,"y":0},"t":5,"s":[-107.805,-106.84,0],"to":[0,0,0],"ti":[10.167,1.667,0]},{"t":23,"s":[-168.805,-116.84,0]}],"ix":2},"a":{"a":0,"k":[158.073,-236.85,0],"ix":1},"s":{"a":0,"k":[1193,1193,100],"ix":6}},"ao":0,"shapes":[{"ty":"gr","it":[{"ind":0,"ty":"sh","ix":1,"ks":{"a":0,"k":{"i":[[-0.643,-2.401],[2.398,-0.643],[0.645,2.402],[-2.404,0.644]],"o":[[0.645,2.402],[-2.404,0.644],[-0.643,-2.402],[2.396,-0.643]],"v":[[162.412,-238.403],[159.23,-232.892],[153.719,-236.074],[157.135,-240.716]],"c":true},"ix":2},"nm":"Path 1","mn":"ADBE Vector Shape - Group","hd":false},{"ty":"fl","c":{"a":0,"k":[0.101960785687,0.086274512112,0.149019613862,1],"ix":4},"o":{"a":0,"k":100,"ix":5},"r":1,"bm":0,"nm":"Fill 1","mn":"ADBE Vector Graphic - Fill","hd":false},{"ty":"tr","p":{"a":0,"k":[0,0],"ix":2},"a":{"a":0,"k":[0,0],"ix":1},"s":{"a":0,"k":[100,100],"ix":3},"r":{"a":0,"k":0,"ix":6},"o":{"a":0,"k":100,"ix":7},"sk":{"a":0,"k":0,"ix":4},"sa":{"a":0,"k":0,"ix":5},"nm":"Transform"}],"nm":"Group 1","np":2,"cix":2,"bm":0,"ix":1,"mn":"ADBE Vector Group","hd":false}],"ip":0,"op":48,"st":0,"bm":0},{"ddd":0,"ind":10,"ty":4,"nm":"R_Eye 2","parent":2,"td":1,"sr":1,"ks":{"o":{"a":0,"k":100,"ix":11},"r":{"a":0,"k":0,"ix":10},"p":{"a":0,"k":[-149.135,-47.721,0],"ix":2},"a":{"a":0,"k":[159.722,-231.057,0],"ix":1},"s":{"a":1,"k":[{"i":{"x":[0.833,0.833,0.833],"y":[1,0.833,1]},"o":{"x":[0.333,0.333,0.333],"y":[0,0,0]},"t":0,"s":[1193,1193,100]},{"i":{"x":[0,0,0.667],"y":[1,1,1]},"o":{"x":[0.167,0.167,0.167],"y":[0,0.167,0]},"t":3,"s":[1193,453,100]},{"t":13,"s":[1193,1193,100]}],"ix":6}},"ao":0,"shapes":[{"ty":"gr","it":[{"ind":0,"ty":"sh","ix":1,"ks":{"a":0,"k":{"i":[[-1.428,-5.333],[5.332,-1.429],[1.43,5.336],[-5.338,1.43]],"o":[[1.43,5.336],[-5.338,1.43],[-1.428,-5.332],[5.33,-1.429]],"v":[[169.381,-233.645],[162.311,-221.398],[150.062,-228.469],[157.135,-240.716]],"c":true},"ix":2},"nm":"Path 1","mn":"ADBE Vector Shape - Group","hd":false},{"ty":"fl","c":{"a":0,"k":[1,1,1,1],"ix":4},"o":{"a":0,"k":100,"ix":5},"r":1,"bm":0,"nm":"Fill 1","mn":"ADBE Vector Graphic - Fill","hd":false},{"ty":"tr","p":{"a":0,"k":[0,0],"ix":2},"a":{"a":0,"k":[0,0],"ix":1},"s":{"a":0,"k":[100,100],"ix":3},"r":{"a":0,"k":0,"ix":6},"o":{"a":0,"k":100,"ix":7},"sk":{"a":0,"k":0,"ix":4},"sa":{"a":0,"k":0,"ix":5},"nm":"Transform"}],"nm":"Group 1","np":2,"cix":2,"bm":0,"ix":1,"mn":"ADBE Vector Group","hd":false}],"ip":0,"op":48,"st":0,"bm":0},{"ddd":0,"ind":11,"ty":4,"nm":"R_Eye","parent":2,"tt":1,"sr":1,"ks":{"o":{"a":0,"k":100,"ix":11},"r":{"a":0,"k":0,"ix":10},"p":{"a":0,"k":[-149.135,-47.721,0],"ix":2},"a":{"a":0,"k":[159.722,-231.057,0],"ix":1},"s":{"a":0,"k":[1193,1193,100],"ix":6}},"ao":0,"shapes":[{"ty":"gr","it":[{"ind":0,"ty":"sh","ix":1,"ks":{"a":0,"k":{"i":[[-1.428,-5.333],[5.332,-1.429],[1.43,5.336],[-5.338,1.43]],"o":[[1.43,5.336],[-5.338,1.43],[-1.428,-5.332],[5.33,-1.429]],"v":[[169.381,-233.645],[162.311,-221.398],[150.062,-228.469],[157.135,-240.716]],"c":true},"ix":2},"nm":"Path 1","mn":"ADBE Vector Shape - Group","hd":false},{"ty":"fl","c":{"a":0,"k":[1,1,1,1],"ix":4},"o":{"a":0,"k":100,"ix":5},"r":1,"bm":0,"nm":"Fill 1","mn":"ADBE Vector Graphic - Fill","hd":false},{"ty":"tr","p":{"a":0,"k":[0,0],"ix":2},"a":{"a":0,"k":[0,0],"ix":1},"s":{"a":0,"k":[100,100],"ix":3},"r":{"a":0,"k":0,"ix":6},"o":{"a":0,"k":100,"ix":7},"sk":{"a":0,"k":0,"ix":4},"sa":{"a":0,"k":0,"ix":5},"nm":"Transform"}],"nm":"Group 1","np":2,"cix":2,"bm":0,"ix":1,"mn":"ADBE Vector Group","hd":false}],"ip":0,"op":48,"st":0,"bm":0},{"ddd":0,"ind":12,"ty":4,"nm":"Head 2","parent":1,"sr":1,"ks":{"o":{"a":0,"k":100,"ix":11},"r":{"a":0,"k":-2,"ix":10},"p":{"a":0,"k":[-10.609,-303.815,0],"ix":2},"a":{"a":0,"k":[0,0,0],"ix":1},"s":{"a":0,"k":[101,101,100],"ix":6}},"ao":0,"shapes":[{"ty":"gr","it":[{"ind":0,"ty":"sh","ix":1,"ks":{"a":0,"k":{"i":[[-198.545,0],[0,-198.543],[198.545,0],[0,198.545]],"o":[[198.545,0],[0,198.545],[-198.545,0],[0,-198.543]],"v":[[0,-359.5],[359.5,0],[0,359.5],[-359.5,0]],"c":true},"ix":2},"nm":"Path 1","mn":"ADBE Vector Shape - Group","hd":false},{"ty":"gf","o":{"a":0,"k":100,"ix":10},"r":1,"bm":0,"g":{"p":3,"k":{"a":0,"k":[0,1,0.482,0,0.4,1,0.725,0,1,1,0.969,0],"ix":9}},"s":{"a":0,"k":[6.859,367.625],"ix":5},"e":{"a":0,"k":[-4.828,-354.141],"ix":6},"t":1,"nm":"Pou2Gradient Fill 1","mn":"ADBE Vector Graphic - G-Fill","hd":false},{"ty":"tr","p":{"a":0,"k":[0,0],"ix":2},"a":{"a":0,"k":[0,0],"ix":1},"s":{"a":0,"k":[100,100],"ix":3},"r":{"a":0,"k":0,"ix":6},"o":{"a":0,"k":100,"ix":7},"sk":{"a":0,"k":0,"ix":4},"sa":{"a":0,"k":0,"ix":5},"nm":"Transform"}],"nm":"Oval","np":2,"cix":2,"bm":0,"ix":1,"mn":"ADBE Vector Group","hd":false}],"ip":0,"op":48,"st":0,"bm":0}]}],"layers":[{"ddd":0,"ind":1,"ty":0,"nm":"face_with_rolling_eyes","refId":"comp_0","sr":1,"ks":{"o":{"a":0,"k":100,"ix":11},"r":{"a":0,"k":0,"ix":10},"p":{"a":0,"k":[512,512,0],"ix":2},"a":{"a":0,"k":[512,512,0],"ix":1},"s":{"a":0,"k":[100,100,100],"ix":6}},"ao":0,"w":1024,"h":1024,"ip":0,"op":48,"st":0,"bm":0}],"markers":[]}