{"v":"5.6.2","fr":24,"ip":0,"op":48,"w":1024,"h":1024,"nm":"drooling_face","ddd":0,"assets":[{"id":"comp_0","layers":[{"ddd":0,"ind":1,"ty":3,"nm":"Body_CTRL","sr":1,"ks":{"o":{"a":0,"k":100,"ix":11},"r":{"a":1,"k":[{"i":{"x":[0.235],"y":[1]},"o":{"x":[0.515],"y":[0]},"t":0,"s":[0]},{"i":{"x":[0.544],"y":[1]},"o":{"x":[0.226],"y":[0]},"t":24,"s":[-4]},{"t":48,"s":[0]}],"ix":10},"p":{"a":0,"k":[512,832,0],"ix":2},"a":{"a":0,"k":[0,0,0],"ix":1},"s":{"a":1,"k":[{"i":{"x":[0,0,0.667],"y":[1,1,1]},"o":{"x":[0.333,0.333,0.333],"y":[0,0,0]},"t":0,"s":[100,100,100]},{"i":{"x":[0,0,0.667],"y":[1,1,1]},"o":{"x":[0.333,0.333,0.333],"y":[0,0,0]},"t":24,"s":[101,99,100]},{"t":48,"s":[100,100,100]}],"ix":6}},"ao":0,"ef":[{"ty":5,"nm":"Controller","np":13,"mn":"Pseudo/DUIK controller","ix":1,"en":1,"ef":[{"ty":6,"nm":"Icon","mn":"Pseudo/DUIK controller-0001","ix":1,"v":0},{"ty":2,"nm":"Color","mn":"Pseudo/DUIK controller-0002","ix":2,"v":{"a":0,"k":[0.92549020052,0.0941176489,0.0941176489,1],"ix":2}},{"ty":3,"nm":"Position","mn":"Pseudo/DUIK controller-0003","ix":3,"v":{"a":0,"k":[0,0],"ix":3}},{"ty":0,"nm":"Size","mn":"Pseudo/DUIK controller-0004","ix":4,"v":{"a":0,"k":100,"ix":4}},{"ty":0,"nm":"Orientation","mn":"Pseudo/DUIK controller-0005","ix":5,"v":{"a":0,"k":0,"ix":5}},{"ty":0,"nm":"Opacity","mn":"Pseudo/DUIK controller-0006","ix":6,"v":{"a":0,"k":100,"ix":6}},{"ty":6,"nm":"","mn":"Pseudo/DUIK controller-0007","ix":7,"v":0},{"ty":6,"nm":"Anchor","mn":"Pseudo/DUIK controller-0008","ix":8,"v":0},{"ty":2,"nm":"Color","mn":"Pseudo/DUIK controller-0009","ix":9,"v":{"a":0,"k":[0,0,0,1],"ix":9}},{"ty":0,"nm":"Size","mn":"Pseudo/DUIK controller-0010","ix":10,"v":{"a":0,"k":100,"ix":10}},{"ty":6,"nm":"","mn":"Pseudo/DUIK controller-0011","ix":11,"v":0}]}],"ip":0,"op":48,"st":0,"bm":0},{"ddd":0,"ind":2,"ty":3,"nm":"Face_CTRL","parent":1,"sr":1,"ks":{"o":{"a":0,"k":100,"ix":11},"r":{"a":0,"k":0,"ix":10},"p":{"a":1,"k":[{"i":{"x":0.667,"y":0.667},"o":{"x":0.333,"y":0.333},"t":0,"s":[0,-320,0],"to":[0,0,0],"ti":[0,0,0]},{"i":{"x":0,"y":0},"o":{"x":0.333,"y":0.333},"t":24,"s":[0,-320,0],"to":[0,0,0],"ti":[0,0,0]},{"t":48,"s":[0,-320,0]}],"ix":2},"a":{"a":0,"k":[0,0,0],"ix":1},"s":{"a":0,"k":[100,100,100],"ix":6}},"ao":0,"ef":[{"ty":5,"nm":"Controller","np":13,"mn":"Pseudo/DUIK controller","ix":1,"en":1,"ef":[{"ty":6,"nm":"Icon","mn":"Pseudo/DUIK controller-0001","ix":1,"v":0},{"ty":2,"nm":"Color","mn":"Pseudo/DUIK controller-0002","ix":2,"v":{"a":0,"k":[0.92549020052,0.0941176489,0.0941176489,1],"ix":2}},{"ty":3,"nm":"Position","mn":"Pseudo/DUIK controller-0003","ix":3,"v":{"a":0,"k":[0,0],"ix":3}},{"ty":0,"nm":"Size","mn":"Pseudo/DUIK controller-0004","ix":4,"v":{"a":0,"k":100,"ix":4}},{"ty":0,"nm":"Orientation","mn":"Pseudo/DUIK controller-0005","ix":5,"v":{"a":0,"k":0,"ix":5}},{"ty":0,"nm":"Opacity","mn":"Pseudo/DUIK controller-0006","ix":6,"v":{"a":0,"k":100,"ix":6}},{"ty":6,"nm":"","mn":"Pseudo/DUIK controller-0007","ix":7,"v":0},{"ty":6,"nm":"Anchor","mn":"Pseudo/DUIK controller-0008","ix":8,"v":0},{"ty":2,"nm":"Color","mn":"Pseudo/DUIK controller-0009","ix":9,"v":{"a":0,"k":[0,0,0,1],"ix":9}},{"ty":0,"nm":"Size","mn":"Pseudo/DUIK controller-0010","ix":10,"v":{"a":0,"k":100,"ix":10}},{"ty":6,"nm":"","mn":"Pseudo/DUIK controller-0011","ix":11,"v":0}]}],"ip":0,"op":48,"st":0,"bm":0},{"ddd":0,"ind":3,"ty":4,"nm":"drooling_face","parent":4,"sr":1,"ks":{"o":{"a":0,"k":100,"ix":11},"r":{"a":0,"k":2.78,"ix":10},"p":{"a":0,"k":[-238.62,-92.324,0],"ix":2},"a":{"a":0,"k":[517.942,331.564,0],"ix":1},"s":{"a":0,"k":[8.301,8.366,100],"ix":6}},"ao":0,"shapes":[{"ty":"gr","it":[{"ind":0,"ty":"sh","ix":1,"ks":{"a":0,"k":{"i":[[122.912,58.881],[-62.017,-20.912]],"o":[[-80.893,-38.782],[109.904,37.062]],"v":[[13.072,-24.514],[-47.102,18.785]],"c":true},"ix":2},"nm":"Path 1","mn":"ADBE Vector Shape - Group","hd":false},{"ty":"fl","c":{"a":0,"k":[0.839215695858,0.588235318661,0,1],"ix":4},"o":{"a":0,"k":100,"ix":5},"r":1,"bm":0,"nm":"Fill 1","mn":"ADBE Vector Graphic - Fill","hd":false},{"ty":"tr","p":{"a":0,"k":[691.445,352.914],"ix":2},"a":{"a":0,"k":[0,0],"ix":1},"s":{"a":0,"k":[100,100],"ix":3},"r":{"a":0,"k":0,"ix":6},"o":{"a":0,"k":100,"ix":7},"sk":{"a":0,"k":0,"ix":4},"sa":{"a":0,"k":0,"ix":5},"nm":"Transform"}],"nm":"Group 1","np":2,"cix":2,"bm":0,"ix":1,"mn":"ADBE Vector Group","hd":false},{"ty":"gr","it":[{"ind":0,"ty":"sh","ix":1,"ks":{"a":0,"k":{"i":[[72.931,-52.252],[-101.789,55.587]],"o":[[-110.787,79.319],[57.435,-31.363]],"v":[[-18.42,-22.904],[48.378,9.277]],"c":true},"ix":2},"nm":"Path 1","mn":"ADBE Vector Shape - Group","hd":false},{"ty":"fl","c":{"a":0,"k":[0.839215695858,0.588235318661,0,1],"ix":4},"o":{"a":0,"k":100,"ix":5},"r":1,"bm":0,"nm":"Fill 1","mn":"ADBE Vector Graphic - Fill","hd":false},{"ty":"tr","p":{"a":0,"k":[340.459,318.023],"ix":2},"a":{"a":0,"k":[0,0],"ix":1},"s":{"a":0,"k":[100,100],"ix":3},"r":{"a":0,"k":0,"ix":6},"o":{"a":0,"k":100,"ix":7},"sk":{"a":0,"k":0,"ix":4},"sa":{"a":0,"k":0,"ix":5},"nm":"Transform"}],"nm":"Group 2","np":2,"cix":2,"bm":0,"ix":2,"mn":"ADBE Vector Group","hd":false}],"ip":0,"op":48,"st":0,"bm":0},{"ddd":0,"ind":4,"ty":3,"nm":"Eyebrows","parent":2,"sr":1,"ks":{"o":{"a":0,"k":100,"ix":11},"r":{"a":0,"k":0,"ix":10},"p":{"a":1,"k":[{"i":{"x":0,"y":1},"o":{"x":0.333,"y":0},"t":0,"s":[-169.272,-170.156,0],"to":[0,-3.254,0],"ti":[0,0,0]},{"i":{"x":0,"y":1},"o":{"x":0.333,"y":0},"t":24,"s":[-169.272,-189.681,0],"to":[0,0,0],"ti":[0,-3.254,0]},{"t":48,"s":[-169.272,-170.156,0]}],"ix":2},"a":{"a":0,"k":[-255.217,-92.015,0],"ix":1},"s":{"a":0,"k":[1200,1200,100],"ix":6}},"ao":0,"ip":0,"op":48,"st":0,"bm":0},{"ddd":0,"ind":5,"ty":4,"nm":"Eyes","parent":2,"sr":1,"ks":{"o":{"a":0,"k":100,"ix":11},"r":{"a":0,"k":0,"ix":10},"p":{"a":0,"k":[126.001,-47.996,0],"ix":2},"a":{"a":0,"k":[-230.611,-81.835,0],"ix":1},"s":{"a":0,"k":[1200,1200,100],"ix":6}},"ao":0,"shapes":[{"ty":"gr","it":[{"ind":0,"ty":"sh","ix":1,"ks":{"a":0,"k":{"i":[[-0.738,0.545],[-3.21,-2.338],[0.275,0.63],[2.799,-6.408]],"o":[[2.971,-2.192],[0.742,0.54],[-2.805,-6.422],[-0.275,0.63]],"v":[[-236.376,-79.328],[-224.846,-79.328],[-223.148,-79.792],[-238.074,-79.792]],"c":true},"ix":2},"nm":"Path 1","mn":"ADBE Vector Shape - Group","hd":false},{"ty":"fl","c":{"a":0,"k":[0.101960785687,0.086274512112,0.149019613862,1],"ix":4},"o":{"a":0,"k":100,"ix":5},"r":1,"bm":0,"nm":"Fill 1","mn":"ADBE Vector Graphic - Fill","hd":false},{"ty":"tr","p":{"a":0,"k":[0,0],"ix":2},"a":{"a":0,"k":[0,0],"ix":1},"s":{"a":0,"k":[100,100],"ix":3},"r":{"a":0,"k":0,"ix":6},"o":{"a":0,"k":100,"ix":7},"sk":{"a":0,"k":0,"ix":4},"sa":{"a":0,"k":0,"ix":5},"nm":"Transform"}],"nm":"Group 4","np":2,"cix":2,"bm":0,"ix":1,"mn":"ADBE Vector Group","hd":false},{"ty":"gr","it":[{"ind":0,"ty":"sh","ix":1,"ks":{"a":0,"k":{"i":[[0.738,0.545],[3.21,-2.338],[-0.275,0.63],[-2.799,-6.408]],"o":[[-2.971,-2.192],[-0.742,0.54],[2.805,-6.422],[0.275,0.63]],"v":[[-245.847,-79.328],[-257.377,-79.328],[-259.074,-79.792],[-244.148,-79.792]],"c":true},"ix":2},"nm":"Path 1","mn":"ADBE Vector Shape - Group","hd":false},{"ty":"fl","c":{"a":0,"k":[0.101960785687,0.086274512112,0.149019613862,1],"ix":4},"o":{"a":0,"k":100,"ix":5},"r":1,"bm":0,"nm":"Fill 1","mn":"ADBE Vector Graphic - Fill","hd":false},{"ty":"tr","p":{"a":0,"k":[0,0],"ix":2},"a":{"a":0,"k":[0,0],"ix":1},"s":{"a":0,"k":[100,100],"ix":3},"r":{"a":0,"k":0,"ix":6},"o":{"a":0,"k":100,"ix":7},"sk":{"a":0,"k":0,"ix":4},"sa":{"a":0,"k":0,"ix":5},"nm":"Transform"}],"nm":"Group 3","np":2,"cix":2,"bm":0,"ix":2,"mn":"ADBE Vector Group","hd":false}],"ip":0,"op":48,"st":0,"bm":0},{"ddd":0,"ind":6,"ty":4,"nm":"Drop","parent":10,"sr":1,"ks":{"o":{"a":0,"k":100,"ix":11},"r":{"a":0,"k":0,"ix":10},"p":{"a":0,"k":[-236.837,-56.738,0],"ix":2},"a":{"a":0,"k":[-236.837,-56.738,0],"ix":1},"s":{"a":0,"k":[100,100,100],"ix":6}},"ao":0,"shapes":[{"ty":"gr","it":[{"ind":0,"ty":"sh","ix":1,"ks":{"a":1,"k":[{"i":{"x":0.667,"y":1},"o":{"x":0.333,"y":0},"t":0,"s":[{"i":[[0,0],[0,0],[-1.052,-0.801],[5.906,-1.064]],"o":[[0.801,-1.336],[2.699,-1.781],[-0.518,0.763],[-3.391,0.611]],"v":[[-243.184,-60.247],[-237.396,-61.181],[-230.594,-62.349],[-236.789,-59.8]],"c":true}]},{"i":{"x":0.667,"y":1},"o":{"x":0.333,"y":0},"t":24,"s":[{"i":[[0,0],[0,0],[-1.038,-0.801],[5.83,-1.065]],"o":[[0.79,-1.336],[2.664,-1.781],[-0.511,0.763],[-3.347,0.611]],"v":[[-243.118,-59.739],[-237.405,-60.673],[-230.691,-61.841],[-236.807,-59.292]],"c":true}]},{"t":48,"s":[{"i":[[0,0],[0,0],[-1.052,-0.801],[5.906,-1.064]],"o":[[0.801,-1.336],[2.699,-1.781],[-0.518,0.763],[-3.391,0.611]],"v":[[-243.184,-60.247],[-237.396,-61.181],[-230.594,-62.349],[-236.789,-59.8]],"c":true}]}],"ix":2},"nm":"Path 1","mn":"ADBE Vector Shape - Group","hd":false},{"ty":"gf","o":{"a":0,"k":100,"ix":10},"r":1,"bm":0,"g":{"p":5,"k":{"a":0,"k":[0.03,0.741,0.922,1,0.1,0.6,0.88,1,0.17,0.459,0.839,1,0.816,0.259,0.773,0.916,1,0.059,0.706,0.831],"ix":9}},"s":{"a":0,"k":[-237,-62],"ix":5},"e":{"a":1,"k":[{"i":{"x":0,"y":1},"o":{"x":0.333,"y":0},"t":0,"s":[-233.125,-51.313],"to":[-0.159,1.426],"ti":[0,0]},{"i":{"x":0.667,"y":1},"o":{"x":0.333,"y":0},"t":24,"s":[-234.081,-42.76],"to":[0,0],"ti":[-0.159,1.426]},{"t":48,"s":[-233.125,-51.313]}],"ix":6},"t":1,"nm":"DropG1","mn":"ADBE Vector Graphic - G-Fill","hd":false},{"ty":"tr","p":{"a":0,"k":[0,0],"ix":2},"a":{"a":0,"k":[0,0],"ix":1},"s":{"a":0,"k":[100,100],"ix":3},"r":{"a":0,"k":0,"ix":6},"o":{"a":0,"k":100,"ix":7},"sk":{"a":0,"k":0,"ix":4},"sa":{"a":0,"k":0,"ix":5},"nm":"Transform"}],"nm":"Group 1","np":2,"cix":2,"bm":0,"ix":1,"mn":"ADBE Vector Group","hd":false}],"ip":0,"op":48,"st":0,"bm":0},{"ddd":0,"ind":7,"ty":4,"nm":"Drop 3","parent":10,"sr":1,"ks":{"o":{"a":1,"k":[{"i":{"x":[0.833],"y":[0.833]},"o":{"x":[0.167],"y":[0.167]},"t":33,"s":[100]},{"t":39,"s":[0]}],"ix":11},"r":{"a":0,"k":0,"ix":10},"p":{"a":1,"k":[{"i":{"x":0.833,"y":0.833},"o":{"x":0.333,"y":0},"t":24,"s":[-236.837,-56.738,0],"to":[0,2.5,0],"ti":[0,-2.5,0]},{"t":39,"s":[-236.838,-41.738,0]}],"ix":2},"a":{"a":0,"k":[-236.837,-56.738,0],"ix":1},"s":{"a":0,"k":[100,100,100],"ix":6}},"ao":0,"shapes":[{"ty":"gr","it":[{"ind":0,"ty":"sh","ix":1,"ks":{"a":1,"k":[{"i":{"x":0,"y":1},"o":{"x":0.333,"y":0},"t":0,"s":[{"i":[[-0.286,-2.095],[2.38,0],[-0.166,2.528]],"o":[[0.352,2.581],[-2.181,0],[0.148,-2.252]],"v":[[-230.699,-55.053],[-232.539,-50.675],[-233.966,-56.053]],"c":true}]},{"i":{"x":0,"y":1},"o":{"x":0.333,"y":0},"t":24,"s":[{"i":[[-0.229,-0.536],[2.665,0],[-1.713,3.935]],"o":[[1.759,4.674],[-2.163,0],[0.47,-1.079]],"v":[[-232.509,-53.223],[-233.317,-44.315],[-233.327,-52.811]],"c":true}]},{"t":39,"s":[{"i":[[-0.28,-1.644],[2.38,0],[-0.402,1.456]],"o":[[0.437,2.568],[-2.181,0],[0.6,-2.176]],"v":[[-230.699,-55.053],[-232.539,-50.675],[-234.35,-54.846]],"c":true}]}],"ix":2},"nm":"Path 1","mn":"ADBE Vector Shape - Group","hd":false},{"ty":"gf","o":{"a":0,"k":100,"ix":10},"r":1,"bm":0,"g":{"p":5,"k":{"a":0,"k":[0.03,0.741,0.922,1,0.1,0.6,0.88,1,0.17,0.459,0.839,1,0.816,0.259,0.773,0.916,1,0.059,0.706,0.831],"ix":9}},"s":{"a":0,"k":[-237,-62],"ix":5},"e":{"a":1,"k":[{"i":{"x":0,"y":1},"o":{"x":0.333,"y":0},"t":0,"s":[-233.125,-51.313],"to":[-0.159,1.426],"ti":[0,0]},{"i":{"x":0.667,"y":1},"o":{"x":0.333,"y":0},"t":24,"s":[-234.081,-42.76],"to":[0,0],"ti":[-0.159,1.426]},{"t":48,"s":[-233.125,-51.313]}],"ix":6},"t":1,"nm":"DropG2","mn":"ADBE Vector Graphic - G-Fill","hd":false},{"ty":"tr","p":{"a":0,"k":[0,0],"ix":2},"a":{"a":0,"k":[0,0],"ix":1},"s":{"a":0,"k":[100,100],"ix":3},"r":{"a":0,"k":0,"ix":6},"o":{"a":0,"k":100,"ix":7},"sk":{"a":0,"k":0,"ix":4},"sa":{"a":0,"k":0,"ix":5},"nm":"Transform"}],"nm":"Group 1","np":2,"cix":2,"bm":0,"ix":1,"mn":"ADBE Vector Group","hd":false}],"ip":24,"op":48,"st":0,"bm":0},{"ddd":0,"ind":8,"ty":4,"nm":"Drop 4","parent":10,"sr":1,"ks":{"o":{"a":0,"k":100,"ix":11},"r":{"a":0,"k":0,"ix":10},"p":{"a":0,"k":[-236.837,-56.738,0],"ix":2},"a":{"a":0,"k":[-236.837,-56.738,0],"ix":1},"s":{"a":0,"k":[100,100,100],"ix":6}},"ao":0,"shapes":[{"ty":"gr","it":[{"ind":0,"ty":"sh","ix":1,"ks":{"a":1,"k":[{"i":{"x":0,"y":1},"o":{"x":0.333,"y":0},"t":0,"s":[{"i":[[-1.052,-0.801],[-0.286,-2.095],[2.38,0],[-0.166,2.528],[2.783,-0.502]],"o":[[-0.785,2.588],[0.352,2.581],[-2.181,0],[0.148,-2.252],[-3.391,0.611]],"v":[[-230.594,-62.349],[-230.699,-55.053],[-232.539,-50.675],[-233.966,-56.053],[-236.789,-59.8]],"c":true}]},{"i":{"x":0,"y":1},"o":{"x":0.333,"y":0},"t":24,"s":[{"i":[[-1.052,-0.801],[0.71,-2.798],[0.133,-0.026],[0.618,1.123],[2.414,-0.382]],"o":[[-0.669,2.207],[-0.586,2.652],[-0.157,0.005],[-0.545,-0.989],[-3.403,0.539]],"v":[[-231.36,-61.367],[-232.459,-57.686],[-232.823,-53.31],[-233.152,-56.7],[-237.07,-59.447]],"c":true}]},{"t":48,"s":[{"i":[[-1.052,-0.801],[-0.286,-2.095],[2.38,0],[-0.166,2.528],[2.783,-0.502]],"o":[[-0.785,2.588],[0.352,2.581],[-2.181,0],[0.148,-2.252],[-3.391,0.611]],"v":[[-230.594,-62.349],[-230.699,-55.053],[-232.539,-50.675],[-233.966,-56.053],[-236.789,-59.8]],"c":true}]}],"ix":2},"nm":"Path 1","mn":"ADBE Vector Shape - Group","hd":false},{"ty":"gf","o":{"a":0,"k":100,"ix":10},"r":1,"bm":0,"g":{"p":5,"k":{"a":0,"k":[0.03,0.741,0.922,1,0.1,0.6,0.88,1,0.17,0.459,0.839,1,0.816,0.259,0.773,0.916,1,0.059,0.706,0.831],"ix":9}},"s":{"a":0,"k":[-237,-62],"ix":5},"e":{"a":1,"k":[{"i":{"x":0,"y":1},"o":{"x":0.333,"y":0},"t":0,"s":[-233.125,-51.313],"to":[-0.159,1.426],"ti":[0,0]},{"i":{"x":0,"y":1},"o":{"x":0.333,"y":0},"t":24,"s":[-234.081,-42.76],"to":[0,0],"ti":[-0.159,1.426]},{"t":48,"s":[-233.125,-51.313]}],"ix":6},"t":1,"nm":"DR3","mn":"ADBE Vector Graphic - G-Fill","hd":false},{"ty":"tr","p":{"a":0,"k":[0,0],"ix":2},"a":{"a":0,"k":[0,0],"ix":1},"s":{"a":0,"k":[100,100],"ix":3},"r":{"a":0,"k":0,"ix":6},"o":{"a":0,"k":100,"ix":7},"sk":{"a":0,"k":0,"ix":4},"sa":{"a":0,"k":0,"ix":5},"nm":"Transform"}],"nm":"Group 1","np":2,"cix":2,"bm":0,"ix":1,"mn":"ADBE Vector Group","hd":false}],"ip":24,"op":48,"st":0,"bm":0},{"ddd":0,"ind":9,"ty":4,"nm":"Drop 2","parent":10,"sr":1,"ks":{"o":{"a":0,"k":100,"ix":11},"r":{"a":0,"k":0,"ix":10},"p":{"a":0,"k":[-236.837,-56.738,0],"ix":2},"a":{"a":0,"k":[-236.837,-56.738,0],"ix":1},"s":{"a":0,"k":[100,100,100],"ix":6}},"ao":0,"shapes":[{"ty":"gr","it":[{"ind":0,"ty":"sh","ix":1,"ks":{"a":1,"k":[{"i":{"x":0,"y":1},"o":{"x":0.333,"y":0},"t":0,"s":[{"i":[[-1.052,-0.801],[-0.286,-2.095],[2.38,0],[-0.166,2.528],[2.783,-0.502]],"o":[[-0.785,2.588],[0.352,2.581],[-2.181,0],[0.148,-2.252],[-3.391,0.611]],"v":[[-230.594,-62.349],[-230.699,-55.053],[-232.539,-50.675],[-233.966,-56.053],[-236.789,-59.8]],"c":true}]},{"i":{"x":0,"y":1},"o":{"x":0.333,"y":0},"t":24,"s":[{"i":[[-1.052,-0.801],[-0.957,-2.723],[2.665,0],[-1.806,3.894],[2.809,-0.506]],"o":[[-0.669,2.207],[1.656,4.711],[-2.163,0],[1.562,-3.369],[-3.391,0.611]],"v":[[-231.36,-61.367],[-232.509,-53.223],[-233.317,-44.315],[-233.327,-52.811],[-237.07,-59.447]],"c":true}]},{"t":48,"s":[{"i":[[-1.052,-0.801],[-0.286,-2.095],[2.38,0],[-0.166,2.528],[2.783,-0.502]],"o":[[-0.785,2.588],[0.352,2.581],[-2.181,0],[0.148,-2.252],[-3.391,0.611]],"v":[[-230.594,-62.349],[-230.699,-55.053],[-232.539,-50.675],[-233.966,-56.053],[-236.789,-59.8]],"c":true}]}],"ix":2},"nm":"Path 1","mn":"ADBE Vector Shape - Group","hd":false},{"ty":"gf","o":{"a":0,"k":100,"ix":10},"r":1,"bm":0,"g":{"p":5,"k":{"a":0,"k":[0.03,0.741,0.922,1,0.1,0.6,0.88,1,0.17,0.459,0.839,1,0.816,0.259,0.773,0.916,1,0.059,0.706,0.831],"ix":9}},"s":{"a":0,"k":[-237,-62],"ix":5},"e":{"a":1,"k":[{"i":{"x":0,"y":1},"o":{"x":0.333,"y":0},"t":0,"s":[-233.125,-51.313],"to":[-0.159,1.426],"ti":[0,0]},{"i":{"x":0.667,"y":1},"o":{"x":0.333,"y":0},"t":24,"s":[-234.081,-42.76],"to":[0,0],"ti":[-0.159,1.426]},{"t":48,"s":[-233.125,-51.313]}],"ix":6},"t":1,"nm":"DG4","mn":"ADBE Vector Graphic - G-Fill","hd":false},{"ty":"tr","p":{"a":0,"k":[0,0],"ix":2},"a":{"a":0,"k":[0,0],"ix":1},"s":{"a":0,"k":[100,100],"ix":3},"r":{"a":0,"k":0,"ix":6},"o":{"a":0,"k":100,"ix":7},"sk":{"a":0,"k":0,"ix":4},"sa":{"a":0,"k":0,"ix":5},"nm":"Transform"}],"nm":"Group 1","np":2,"cix":2,"bm":0,"ix":1,"mn":"ADBE Vector Group","hd":false}],"ip":0,"op":24,"st":0,"bm":0},{"ddd":0,"ind":10,"ty":4,"nm":"Mouth","parent":2,"sr":1,"ks":{"o":{"a":0,"k":100,"ix":11},"r":{"a":0,"k":0,"ix":10},"p":{"a":1,"k":[{"i":{"x":0,"y":1},"o":{"x":0.333,"y":0},"t":0,"s":[0,164.193,0],"to":[0,-1.718,0],"ti":[0,0,0]},{"i":{"x":0,"y":1},"o":{"x":0.333,"y":0},"t":24,"s":[0,153.884,0],"to":[0,0,0],"ti":[0,-1.718,0]},{"t":48,"s":[0,164.193,0]}],"ix":2},"a":{"a":0,"k":[-241.111,-64.152,0],"ix":1},"s":{"a":0,"k":[1200,1200,100],"ix":6}},"ao":0,"shapes":[{"ty":"gr","it":[{"ind":0,"ty":"sh","ix":1,"ks":{"a":1,"k":[{"i":{"x":0.667,"y":1},"o":{"x":0.333,"y":0},"t":0,"s":[{"i":[[-0.723,-0.33],[-3.148,0],[0.203,-0.615],[4.686,9.59]],"o":[[7.875,3.605],[0.845,0],[-2.27,6.887],[-0.521,-1.072]],"v":[[-251.918,-68.419],[-230.202,-65.554],[-229.067,-64.634],[-253.049,-67.337]],"c":true}]},{"i":{"x":0,"y":1},"o":{"x":0.333,"y":0},"t":24,"s":[{"i":[[-0.723,-0.33],[-3.148,0],[0.186,-0.621],[4.666,10.17]],"o":[[7.875,3.605],[0.845,0],[-2.297,7.653],[-0.497,-1.084]],"v":[[-251.918,-68.419],[-230.202,-65.554],[-229.067,-64.634],[-253.049,-67.337]],"c":true}]},{"t":48,"s":[{"i":[[-0.723,-0.33],[-3.148,0],[0.203,-0.615],[4.686,9.59]],"o":[[7.875,3.605],[0.845,0],[-2.27,6.887],[-0.521,-1.072]],"v":[[-251.918,-68.419],[-230.202,-65.554],[-229.067,-64.634],[-253.049,-67.337]],"c":true}]}],"ix":2},"nm":"Path 1","mn":"ADBE Vector Shape - Group","hd":false},{"ty":"fl","c":{"a":0,"k":[0.101960785687,0.086274512112,0.149019613862,1],"ix":4},"o":{"a":0,"k":100,"ix":5},"r":1,"bm":0,"nm":"Fill 1","mn":"ADBE Vector Graphic - Fill","hd":false},{"ty":"tr","p":{"a":0,"k":[0,0],"ix":2},"a":{"a":0,"k":[0,0],"ix":1},"s":{"a":0,"k":[100,100],"ix":3},"r":{"a":0,"k":0,"ix":6},"o":{"a":0,"k":100,"ix":7},"sk":{"a":0,"k":0,"ix":4},"sa":{"a":0,"k":0,"ix":5},"nm":"Transform"}],"nm":"Group 2","np":2,"cix":2,"bm":0,"ix":1,"mn":"ADBE Vector Group","hd":false}],"ip":0,"op":48,"st":0,"bm":0},{"ddd":0,"ind":11,"ty":4,"nm":"Head 2","parent":1,"sr":1,"ks":{"o":{"a":0,"k":100,"ix":11},"r":{"a":0,"k":0,"ix":10},"p":{"a":0,"k":[0,-320,0],"ix":2},"a":{"a":0,"k":[0,0,0],"ix":1},"s":{"a":0,"k":[101,101,100],"ix":6}},"ao":0,"shapes":[{"ty":"gr","it":[{"ind":0,"ty":"sh","ix":1,"ks":{"a":0,"k":{"i":[[-198.545,0],[0,-198.543],[198.545,0],[0,198.545]],"o":[[198.545,0],[0,198.545],[-198.545,0],[0,-198.543]],"v":[[0,-359.5],[359.5,0],[0,359.5],[-359.5,0]],"c":true},"ix":2},"nm":"Path 1","mn":"ADBE Vector Shape - Group","hd":false},{"ty":"gf","o":{"a":0,"k":100,"ix":10},"r":1,"bm":0,"g":{"p":3,"k":{"a":0,"k":[0,1,0.482,0,0.4,1,0.725,0,1,1,0.969,0],"ix":9}},"s":{"a":0,"k":[6.859,367.625],"ix":5},"e":{"a":0,"k":[-4.828,-354.141],"ix":6},"t":1,"nm":"Pou2Gradient Fill 1","mn":"ADBE Vector Graphic - G-Fill","hd":false},{"ty":"tr","p":{"a":0,"k":[0,0],"ix":2},"a":{"a":0,"k":[0,0],"ix":1},"s":{"a":0,"k":[100,100],"ix":3},"r":{"a":0,"k":0,"ix":6},"o":{"a":0,"k":100,"ix":7},"sk":{"a":0,"k":0,"ix":4},"sa":{"a":0,"k":0,"ix":5},"nm":"Transform"}],"nm":"Oval","np":2,"cix":2,"bm":0,"ix":1,"mn":"ADBE Vector Group","hd":false}],"ip":0,"op":48,"st":0,"bm":0}]}],"layers":[{"ddd":0,"ind":1,"ty":0,"nm":"drooling_face","refId":"comp_0","sr":1,"ks":{"o":{"a":0,"k":100,"ix":11},"r":{"a":0,"k":0,"ix":10},"p":{"a":0,"k":[512,512,0],"ix":2},"a":{"a":0,"k":[512,512,0],"ix":1},"s":{"a":0,"k":[100,100,100],"ix":6}},"ao":0,"w":1024,"h":1024,"ip":0,"op":48,"st":0,"bm":0}],"markers":[]}