{"v":"5.6.2","fr":24,"ip":0,"op":48,"w":1024,"h":1024,"nm":"money_mouth_face","ddd":0,"assets":[{"id":"comp_0","layers":[{"ddd":0,"ind":1,"ty":3,"nm":"Head_CTRL","sr":1,"ks":{"o":{"a":0,"k":100,"ix":11},"r":{"a":0,"k":0,"ix":10},"p":{"a":0,"k":[512,850,0],"ix":2},"a":{"a":0,"k":[0,0,0],"ix":1},"s":{"a":1,"k":[{"i":{"x":[0,0,0.667],"y":[1,1,1]},"o":{"x":[0.167,0.167,0.167],"y":[0.167,0.167,0]},"t":0,"s":[100,100,100]},{"i":{"x":[0.833,0.833,0.833],"y":[0.833,0.833,1]},"o":{"x":[0.333,0.333,0.333],"y":[0,0,0]},"t":14,"s":[102,98,100]},{"i":{"x":[0,0,0.667],"y":[1,1,1]},"o":{"x":[0.167,0.167,0.167],"y":[0.167,0.167,0]},"t":18,"s":[98,104,100]},{"t":31,"s":[100,100,100]}],"ix":6}},"ao":0,"ef":[{"ty":5,"nm":"Controller","np":13,"mn":"Pseudo/DUIK controller","ix":1,"en":1,"ef":[{"ty":6,"nm":"Icon","mn":"Pseudo/DUIK controller-0001","ix":1,"v":0},{"ty":2,"nm":"Color","mn":"Pseudo/DUIK controller-0002","ix":2,"v":{"a":0,"k":[0.92549020052,0.0941176489,0.0941176489,1],"ix":2}},{"ty":3,"nm":"Position","mn":"Pseudo/DUIK controller-0003","ix":3,"v":{"a":0,"k":[0,0],"ix":3}},{"ty":0,"nm":"Size","mn":"Pseudo/DUIK controller-0004","ix":4,"v":{"a":0,"k":100,"ix":4}},{"ty":0,"nm":"Orientation","mn":"Pseudo/DUIK controller-0005","ix":5,"v":{"a":0,"k":0,"ix":5}},{"ty":0,"nm":"Opacity","mn":"Pseudo/DUIK controller-0006","ix":6,"v":{"a":0,"k":100,"ix":6}},{"ty":6,"nm":"","mn":"Pseudo/DUIK controller-0007","ix":7,"v":0},{"ty":6,"nm":"Anchor","mn":"Pseudo/DUIK controller-0008","ix":8,"v":0},{"ty":2,"nm":"Color","mn":"Pseudo/DUIK controller-0009","ix":9,"v":{"a":0,"k":[0,0,0,1],"ix":9}},{"ty":0,"nm":"Size","mn":"Pseudo/DUIK controller-0010","ix":10,"v":{"a":0,"k":100,"ix":10}},{"ty":6,"nm":"","mn":"Pseudo/DUIK controller-0011","ix":11,"v":0}]}],"ip":0,"op":48,"st":0,"bm":0},{"ddd":0,"ind":2,"ty":3,"nm":"Face_CTRL","parent":1,"sr":1,"ks":{"o":{"a":0,"k":100,"ix":11},"r":{"a":0,"k":0,"ix":10},"p":{"a":1,"k":[{"i":{"x":0,"y":1},"o":{"x":0.333,"y":0},"t":1,"s":[0,-338,0],"to":[0,13.333,0],"ti":[0,6.667,0]},{"i":{"x":0.833,"y":0.833},"o":{"x":0.167,"y":0},"t":15,"s":[0,-258,0],"to":[0,-6.667,0],"ti":[0,13.333,0]},{"i":{"x":0,"y":1},"o":{"x":0.167,"y":0.167},"t":19,"s":[0,-378,0],"to":[0,-13.333,0],"ti":[0,-6.667,0]},{"t":32,"s":[0,-338,0]}],"ix":2},"a":{"a":0,"k":[0,0,0],"ix":1},"s":{"a":0,"k":[100,100,100],"ix":6}},"ao":0,"ef":[{"ty":5,"nm":"Controller","np":13,"mn":"Pseudo/DUIK controller","ix":1,"en":1,"ef":[{"ty":6,"nm":"Icon","mn":"Pseudo/DUIK controller-0001","ix":1,"v":0},{"ty":2,"nm":"Color","mn":"Pseudo/DUIK controller-0002","ix":2,"v":{"a":0,"k":[0.92549020052,0.0941176489,0.0941176489,1],"ix":2}},{"ty":3,"nm":"Position","mn":"Pseudo/DUIK controller-0003","ix":3,"v":{"a":0,"k":[0,0],"ix":3}},{"ty":0,"nm":"Size","mn":"Pseudo/DUIK controller-0004","ix":4,"v":{"a":0,"k":100,"ix":4}},{"ty":0,"nm":"Orientation","mn":"Pseudo/DUIK controller-0005","ix":5,"v":{"a":0,"k":0,"ix":5}},{"ty":0,"nm":"Opacity","mn":"Pseudo/DUIK controller-0006","ix":6,"v":{"a":0,"k":100,"ix":6}},{"ty":6,"nm":"","mn":"Pseudo/DUIK controller-0007","ix":7,"v":0},{"ty":6,"nm":"Anchor","mn":"Pseudo/DUIK controller-0008","ix":8,"v":0},{"ty":2,"nm":"Color","mn":"Pseudo/DUIK controller-0009","ix":9,"v":{"a":0,"k":[0,0,0,1],"ix":9}},{"ty":0,"nm":"Size","mn":"Pseudo/DUIK controller-0010","ix":10,"v":{"a":0,"k":100,"ix":10}},{"ty":6,"nm":"","mn":"Pseudo/DUIK controller-0011","ix":11,"v":0}]}],"ip":0,"op":48,"st":0,"bm":0},{"ddd":0,"ind":3,"ty":4,"nm":"L_Eye","parent":2,"sr":1,"ks":{"o":{"a":0,"k":100,"ix":11},"r":{"a":0,"k":0,"ix":10},"p":{"a":0,"k":[150,-107.998,0],"ix":2},"a":{"a":0,"k":[184.723,-87.835,0],"ix":1},"s":{"a":1,"k":[{"i":{"x":[0.833,0.833,0.833],"y":[0.833,0.833,17.667]},"o":{"x":[0.333,0.333,0.333],"y":[0,0,0]},"t":1,"s":[1200,1200,100]},{"i":{"x":[0.667,0.667,0.667],"y":[1,1,1]},"o":{"x":[0.167,0.167,0.167],"y":[0,0,0]},"t":8,"s":[0,0,100]},{"i":{"x":[0.833,0.833,0.833],"y":[0.833,0.833,-207.333]},"o":{"x":[0.333,0.333,0.333],"y":[0,0,0]},"t":15,"s":[0,0,100]},{"i":{"x":[0,0,0.667],"y":[1,1,1]},"o":{"x":[0.167,0.167,0.167],"y":[0.167,0.167,-191.667]},"t":19,"s":[1500,1500,100]},{"t":32,"s":[1200,1200,100]}],"ix":6}},"ao":0,"shapes":[{"ty":"gr","it":[{"ind":0,"ty":"sh","ix":1,"ks":{"a":0,"k":{"i":[[0,0.496],[0.64,0.275],[0,0]],"o":[[0,-0.551],[0,0],[0.701,-0.103]],"v":[[186.303,-85.524],[185.221,-86.673],[185.221,-84.548]],"c":true},"ix":2},"nm":"Path 1","mn":"ADBE Vector Shape - Group","hd":false},{"ind":1,"ty":"sh","ix":2,"ks":{"a":0,"k":{"i":[[-0.553,-0.271],[0,0],[0,-0.472]],"o":[[0,0],[-0.593,0.115],[0,0.534]],"v":[[184.245,-89.034],[184.245,-91.108],[183.324,-90.168]],"c":true},"ix":2},"nm":"Path 2","mn":"ADBE Vector Shape - Group","hd":false},{"ind":2,"ty":"sh","ix":3,"ks":{"a":0,"k":{"i":[[1.654,-0.139],[0,0],[0.189,0],[0,0],[0,0.188],[0,0],[0.148,1.814],[-0.22,0],[0,0],[-0.036,-0.22],[-0.619,-0.12],[0,0],[0,1.982],[-1.557,0.156],[0,0],[-0.189,0],[0,0],[0,-0.188],[0,0],[-0.151,-1.777],[0.219,0],[0,0],[0.035,0.217],[0.515,0.117],[0,0],[0,-2.015]],"o":[[0,0],[0,0.188],[0,0],[-0.188,0],[0,0],[-1.615,-0.174],[-0.015,-0.234],[0,0],[0.205,0],[0.096,0.541],[0,0],[-1.379,-0.493],[0,-1.766],[0,0],[0,-0.188],[0,0],[0.187,0],[0,0],[1.463,0.174],[0.015,0.234],[0,0],[-0.206,0],[-0.095,-0.511],[0,0],[1.417,0.504],[0,1.794]],"v":[[185.221,-82.601],[185.221,-81.624],[184.932,-81.335],[184.534,-81.335],[184.245,-81.624],[184.245,-82.614],[181.157,-85.539],[181.496,-85.896],[182.8,-85.896],[183.154,-85.564],[184.244,-84.569],[184.244,-87.035],[181.338,-90.168],[184.244,-93.064],[184.244,-94.046],[184.534,-94.335],[184.932,-94.335],[185.22,-94.046],[185.22,-93.055],[188.112,-90.186],[187.773,-89.829],[186.513,-89.829],[186.159,-90.157],[185.22,-91.096],[185.22,-88.645],[188.289,-85.524]],"c":true},"ix":2},"nm":"Path 3","mn":"ADBE Vector Shape - Group","hd":false},{"ty":"fl","c":{"a":0,"k":[1,1,1,1],"ix":4},"o":{"a":0,"k":100,"ix":5},"r":1,"bm":0,"nm":"Fill 1","mn":"ADBE Vector Graphic - Fill","hd":false},{"ty":"tr","p":{"a":0,"k":[0,0],"ix":2},"a":{"a":0,"k":[0,0],"ix":1},"s":{"a":0,"k":[100,100],"ix":3},"r":{"a":0,"k":0,"ix":6},"o":{"a":0,"k":100,"ix":7},"sk":{"a":0,"k":0,"ix":4},"sa":{"a":0,"k":0,"ix":5},"nm":"Transform"}],"nm":"Group 3","np":4,"cix":2,"bm":0,"ix":1,"mn":"ADBE Vector Group","hd":false},{"ty":"gr","it":[{"ind":0,"ty":"sh","ix":1,"ks":{"a":0,"k":{"i":[[0,-5.52],[5.518,0],[0,5.523],[-5.523,0]],"o":[[0,5.523],[-5.523,0],[0,-5.52],[5.518,0]],"v":[[194.723,-87.835],[184.723,-77.835],[174.723,-87.835],[184.723,-97.835]],"c":true},"ix":2},"nm":"Path 1","mn":"ADBE Vector Shape - Group","hd":false},{"ty":"fl","c":{"a":0,"k":[0.04705882445,0.772549033165,0,1],"ix":4},"o":{"a":0,"k":100,"ix":5},"r":1,"bm":0,"nm":"Fill 1","mn":"ADBE Vector Graphic - Fill","hd":false},{"ty":"tr","p":{"a":0,"k":[0,0],"ix":2},"a":{"a":0,"k":[0,0],"ix":1},"s":{"a":0,"k":[100,100],"ix":3},"r":{"a":0,"k":0,"ix":6},"o":{"a":0,"k":100,"ix":7},"sk":{"a":0,"k":0,"ix":4},"sa":{"a":0,"k":0,"ix":5},"nm":"Transform"}],"nm":"Group 1","np":2,"cix":2,"bm":0,"ix":2,"mn":"ADBE Vector Group","hd":false},{"ty":"gr","it":[{"ind":0,"ty":"sh","ix":1,"ks":{"a":0,"k":{"i":[[0,-6.072],[6.069,0],[0,6.075],[-6.076,0]],"o":[[0,6.075],[-6.076,0],[0,-6.072],[6.069,0]],"v":[[195.723,-87.835],[184.723,-76.835],[173.723,-87.835],[184.723,-98.835]],"c":true},"ix":2},"nm":"Path 1","mn":"ADBE Vector Shape - Group","hd":false},{"ty":"fl","c":{"a":0,"k":[1,1,1,1],"ix":4},"o":{"a":0,"k":100,"ix":5},"r":1,"bm":0,"nm":"Fill 1","mn":"ADBE Vector Graphic - Fill","hd":false},{"ty":"tr","p":{"a":0,"k":[0,0],"ix":2},"a":{"a":0,"k":[0,0],"ix":1},"s":{"a":0,"k":[100,100],"ix":3},"r":{"a":0,"k":0,"ix":6},"o":{"a":0,"k":100,"ix":7},"sk":{"a":0,"k":0,"ix":4},"sa":{"a":0,"k":0,"ix":5},"nm":"Transform"}],"nm":"Group 2","np":2,"cix":2,"bm":0,"ix":3,"mn":"ADBE Vector Group","hd":false}],"ip":0,"op":48,"st":0,"bm":0},{"ddd":0,"ind":4,"ty":4,"nm":"R_Eye","parent":2,"sr":1,"ks":{"o":{"a":0,"k":100,"ix":11},"r":{"a":0,"k":0,"ix":10},"p":{"a":0,"k":[-150,-107.998,0],"ix":2},"a":{"a":0,"k":[159.723,-87.835,0],"ix":1},"s":{"a":1,"k":[{"i":{"x":[0.833,0.833,0.833],"y":[0.833,0.833,17.667]},"o":{"x":[0.333,0.333,0.333],"y":[0,0,0]},"t":1,"s":[1200,1200,100]},{"i":{"x":[0.667,0.667,0.667],"y":[1,1,1]},"o":{"x":[0.167,0.167,0.167],"y":[0,0,0]},"t":8,"s":[0,0,100]},{"i":{"x":[0.833,0.833,0.833],"y":[0.833,0.833,-207.333]},"o":{"x":[0.333,0.333,0.333],"y":[0,0,0]},"t":15,"s":[0,0,100]},{"i":{"x":[0,0,0.667],"y":[1,1,1]},"o":{"x":[0.167,0.167,0.167],"y":[0.167,0.167,-191.667]},"t":19,"s":[1500,1500,100]},{"t":32,"s":[1200,1200,100]}],"ix":6}},"ao":0,"shapes":[{"ty":"gr","it":[{"ind":0,"ty":"sh","ix":1,"ks":{"a":0,"k":{"i":[[0,0.496],[0.64,0.275],[0,0]],"o":[[0,-0.551],[0,0],[0.701,-0.103]],"v":[[161.303,-85.524],[160.221,-86.673],[160.221,-84.548]],"c":true},"ix":2},"nm":"Path 1","mn":"ADBE Vector Shape - Group","hd":false},{"ind":1,"ty":"sh","ix":2,"ks":{"a":0,"k":{"i":[[-0.553,-0.271],[0,0],[0,-0.472]],"o":[[0,0],[-0.593,0.115],[0,0.534]],"v":[[159.245,-89.034],[159.245,-91.108],[158.324,-90.168]],"c":true},"ix":2},"nm":"Path 2","mn":"ADBE Vector Shape - Group","hd":false},{"ind":2,"ty":"sh","ix":3,"ks":{"a":0,"k":{"i":[[1.654,-0.139],[0,0],[0.188,0],[0,0],[0,0.188],[0,0],[0.148,1.814],[-0.22,0],[0,0],[-0.036,-0.22],[-0.619,-0.12],[0,0],[0,1.982],[-1.557,0.156],[0,0],[-0.189,0],[0,0],[0,-0.188],[0,0],[-0.151,-1.777],[0.219,0],[0,0],[0.035,0.217],[0.515,0.117],[0,0],[0,-2.015]],"o":[[0,0],[0,0.188],[0,0],[-0.188,0],[0,0],[-1.615,-0.174],[-0.015,-0.234],[0,0],[0.205,0],[0.096,0.541],[0,0],[-1.379,-0.493],[0,-1.766],[0,0],[0,-0.188],[0,0],[0.187,0],[0,0],[1.463,0.174],[0.015,0.234],[0,0],[-0.206,0],[-0.095,-0.511],[0,0],[1.417,0.504],[0,1.794]],"v":[[160.221,-82.601],[160.221,-81.624],[159.932,-81.335],[159.534,-81.335],[159.245,-81.624],[159.245,-82.614],[156.157,-85.539],[156.496,-85.896],[157.8,-85.896],[158.154,-85.564],[159.244,-84.569],[159.244,-87.035],[156.338,-90.168],[159.244,-93.064],[159.244,-94.046],[159.534,-94.335],[159.932,-94.335],[160.22,-94.046],[160.22,-93.055],[163.112,-90.186],[162.773,-89.829],[161.513,-89.829],[161.159,-90.157],[160.22,-91.096],[160.22,-88.645],[163.289,-85.524]],"c":true},"ix":2},"nm":"Path 3","mn":"ADBE Vector Shape - Group","hd":false},{"ty":"fl","c":{"a":0,"k":[1,1,1,1],"ix":4},"o":{"a":0,"k":100,"ix":5},"r":1,"bm":0,"nm":"Fill 1","mn":"ADBE Vector Graphic - Fill","hd":false},{"ty":"tr","p":{"a":0,"k":[0,0],"ix":2},"a":{"a":0,"k":[0,0],"ix":1},"s":{"a":0,"k":[100,100],"ix":3},"r":{"a":0,"k":0,"ix":6},"o":{"a":0,"k":100,"ix":7},"sk":{"a":0,"k":0,"ix":4},"sa":{"a":0,"k":0,"ix":5},"nm":"Transform"}],"nm":"Group 3","np":4,"cix":2,"bm":0,"ix":1,"mn":"ADBE Vector Group","hd":false},{"ty":"gr","it":[{"ind":0,"ty":"sh","ix":1,"ks":{"a":0,"k":{"i":[[0,-5.52],[5.518,0],[0,5.523],[-5.523,0]],"o":[[0,5.523],[-5.523,0],[0,-5.52],[5.518,0]],"v":[[169.723,-87.835],[159.723,-77.835],[149.723,-87.835],[159.723,-97.835]],"c":true},"ix":2},"nm":"Path 1","mn":"ADBE Vector Shape - Group","hd":false},{"ty":"fl","c":{"a":0,"k":[0.04705882445,0.772549033165,0,1],"ix":4},"o":{"a":0,"k":100,"ix":5},"r":1,"bm":0,"nm":"Fill 1","mn":"ADBE Vector Graphic - Fill","hd":false},{"ty":"tr","p":{"a":0,"k":[0,0],"ix":2},"a":{"a":0,"k":[0,0],"ix":1},"s":{"a":0,"k":[100,100],"ix":3},"r":{"a":0,"k":0,"ix":6},"o":{"a":0,"k":100,"ix":7},"sk":{"a":0,"k":0,"ix":4},"sa":{"a":0,"k":0,"ix":5},"nm":"Transform"}],"nm":"Group 1","np":2,"cix":2,"bm":0,"ix":2,"mn":"ADBE Vector Group","hd":false},{"ty":"gr","it":[{"ind":0,"ty":"sh","ix":1,"ks":{"a":0,"k":{"i":[[0,-6.072],[6.069,0],[0,6.075],[-6.076,0]],"o":[[0,6.075],[-6.076,0],[0,-6.072],[6.069,0]],"v":[[170.723,-87.835],[159.723,-76.835],[148.723,-87.835],[159.723,-98.835]],"c":true},"ix":2},"nm":"Path 1","mn":"ADBE Vector Shape - Group","hd":false},{"ty":"fl","c":{"a":0,"k":[1,1,1,1],"ix":4},"o":{"a":0,"k":100,"ix":5},"r":1,"bm":0,"nm":"Fill 1","mn":"ADBE Vector Graphic - Fill","hd":false},{"ty":"tr","p":{"a":0,"k":[0,0],"ix":2},"a":{"a":0,"k":[0,0],"ix":1},"s":{"a":0,"k":[100,100],"ix":3},"r":{"a":0,"k":0,"ix":6},"o":{"a":0,"k":100,"ix":7},"sk":{"a":0,"k":0,"ix":4},"sa":{"a":0,"k":0,"ix":5},"nm":"Transform"}],"nm":"Group 2","np":2,"cix":2,"bm":0,"ix":3,"mn":"ADBE Vector Group","hd":false}],"ip":0,"op":48,"st":0,"bm":0},{"ddd":0,"ind":5,"ty":4,"nm":"Eyes_2","parent":2,"sr":1,"ks":{"o":{"a":0,"k":100,"ix":11},"r":{"a":0,"k":0,"ix":10},"p":{"a":0,"k":[-1.961,-108.605,0],"ix":2},"a":{"a":0,"k":[310,-379.05,0],"ix":1},"s":{"a":0,"k":[1176.505,1224.453,100],"ix":6}},"ao":0,"shapes":[{"ty":"gr","it":[{"ind":0,"ty":"sh","ix":1,"ks":{"a":0,"k":{"i":[[-0.648,0.835],[-4.272,-5.522],[0.275,0.81],[3.627,-10.676]],"o":[[4.273,-5.522],[0.648,0.835],[-3.627,-10.676],[-0.275,0.81]],"v":[[314.735,-374.946],[326.266,-374.946],[327.963,-375.543],[313.037,-375.543]],"c":true},"ix":2},"nm":"Path 1","mn":"ADBE Vector Shape - Group","hd":false},{"ty":"fl","c":{"a":0,"k":[0.101960785687,0.086274512112,0.149019613862,1],"ix":4},"o":{"a":0,"k":100,"ix":5},"r":1,"bm":0,"nm":"Fill 1","mn":"ADBE Vector Graphic - Fill","hd":false},{"ty":"tr","p":{"a":0,"k":[0,0],"ix":2},"a":{"a":0,"k":[0,0],"ix":1},"s":{"a":0,"k":[100,100],"ix":3},"r":{"a":0,"k":0,"ix":6},"o":{"a":0,"k":100,"ix":7},"sk":{"a":0,"k":0,"ix":4},"sa":{"a":0,"k":0,"ix":5},"nm":"Transform"}],"nm":"Group 1","np":2,"cix":2,"bm":0,"ix":1,"mn":"ADBE Vector Group","hd":false},{"ty":"gr","it":[{"ind":0,"ty":"sh","ix":1,"ks":{"a":0,"k":{"i":[[-0.648,0.835],[-4.272,-5.522],[0.275,0.81],[3.627,-10.676]],"o":[[4.273,-5.522],[0.648,0.835],[-3.627,-10.676],[-0.275,0.81]],"v":[[293.735,-374.946],[305.266,-374.946],[306.963,-375.543],[292.037,-375.543]],"c":true},"ix":2},"nm":"Path 1","mn":"ADBE Vector Shape - Group","hd":false},{"ty":"fl","c":{"a":0,"k":[0.101960785687,0.086274512112,0.149019613862,1],"ix":4},"o":{"a":0,"k":100,"ix":5},"r":1,"bm":0,"nm":"Fill 1","mn":"ADBE Vector Graphic - Fill","hd":false},{"ty":"tr","p":{"a":0,"k":[0,0],"ix":2},"a":{"a":0,"k":[0,0],"ix":1},"s":{"a":0,"k":[100,100],"ix":3},"r":{"a":0,"k":0,"ix":6},"o":{"a":0,"k":100,"ix":7},"sk":{"a":0,"k":0,"ix":4},"sa":{"a":0,"k":0,"ix":5},"nm":"Transform"}],"nm":"Group 2","np":2,"cix":2,"bm":0,"ix":2,"mn":"ADBE Vector Group","hd":false}],"ip":0,"op":48,"st":0,"bm":0},{"ddd":0,"ind":7,"ty":4,"nm":"Tongue","parent":2,"sr":1,"ks":{"o":{"a":0,"k":100,"ix":11},"r":{"a":0,"k":0,"ix":10},"p":{"a":0,"k":[-0.013,131.821,0],"ix":2},"a":{"a":0,"k":[172.222,-67.85,0],"ix":1},"s":{"a":1,"k":[{"i":{"x":[0.833,0.833,0.833],"y":[1,0.833,1]},"o":{"x":[0.333,0.333,0.333],"y":[0,0,0]},"t":1,"s":[1200,1200,100]},{"i":{"x":[0,0,0.667],"y":[1,1,1]},"o":{"x":[0.167,0.167,0.167],"y":[0,0,0]},"t":5,"s":[1200,0,100]},{"i":{"x":[0.833,0.833,0.833],"y":[1,0.833,1]},"o":{"x":[0.333,0.333,0.333],"y":[0,0,0]},"t":15,"s":[1200,0,100]},{"i":{"x":[0,0,0.667],"y":[1,1,1]},"o":{"x":[0.167,0.167,0.167],"y":[0,0.167,0]},"t":19,"s":[1200,1457,100]},{"t":32,"s":[1200,1200,100]}],"ix":6}},"ao":0,"shapes":[{"ty":"gr","it":[{"ind":0,"ty":"sh","ix":1,"ks":{"a":0,"k":{"i":[[0,0.496],[0.641,0.274],[0,0]],"o":[[0,-0.551],[0,0],[0.702,-0.104]],"v":[[173.803,-55.794],[172.719,-56.942],[172.719,-54.817]],"c":true},"ix":2},"nm":"Path 1","mn":"ADBE Vector Shape - Group","hd":false},{"ind":1,"ty":"sh","ix":2,"ks":{"a":0,"k":{"i":[[-0.553,-0.27],[0,0],[0,-0.473]],"o":[[0,0],[-0.593,0.116],[0,0.534]],"v":[[171.744,-59.303],[171.744,-61.378],[170.823,-60.437]],"c":true},"ix":2},"nm":"Path 2","mn":"ADBE Vector Shape - Group","hd":false},{"ind":2,"ty":"sh","ix":3,"ks":{"a":0,"k":{"i":[[1.655,-0.139],[0,0],[0.188,0],[0,0],[0,0.188],[0,0],[0.148,1.814],[-0.22,0],[0,0],[-0.036,-0.22],[-0.619,-0.12],[0,0],[0,1.982],[-1.556,0.156],[0,0],[-0.189,0],[0,0],[0,-0.188],[0,0],[-0.151,-1.776],[0.22,0],[0,0],[0.035,0.217],[0.515,0.118],[0,0],[0,-2.015]],"o":[[0,0],[0,0.188],[0,0],[-0.188,0],[0,0],[-1.615,-0.174],[-0.015,-0.234],[0,0],[0.206,0],[0.096,0.54],[0,0],[-1.378,-0.493],[0,-1.767],[0,0],[0,-0.188],[0,0],[0.186,0],[0,0],[1.463,0.174],[0.015,0.234],[0,0],[-0.205,0],[-0.094,-0.511],[0,0],[1.418,0.505],[0,1.794]],"v":[[172.719,-52.871],[172.719,-51.893],[172.431,-51.605],[172.033,-51.605],[171.744,-51.893],[171.744,-52.884],[168.656,-55.808],[168.995,-56.165],[170.299,-56.165],[170.653,-55.833],[171.743,-54.839],[171.743,-57.305],[168.837,-60.437],[171.743,-63.333],[171.743,-64.316],[172.033,-64.605],[172.431,-64.605],[172.719,-64.316],[172.719,-63.324],[175.611,-60.456],[175.271,-60.098],[174.012,-60.098],[173.658,-60.427],[172.719,-61.365],[172.719,-58.915],[175.788,-55.794]],"c":true},"ix":2},"nm":"Path 3","mn":"ADBE Vector Shape - Group","hd":false},{"ty":"fl","c":{"a":0,"k":[1,1,1,1],"ix":4},"o":{"a":0,"k":100,"ix":5},"r":1,"bm":0,"nm":"Fill 1","mn":"ADBE Vector Graphic - Fill","hd":false},{"ty":"tr","p":{"a":0,"k":[0,0],"ix":2},"a":{"a":0,"k":[0,0],"ix":1},"s":{"a":0,"k":[100,100],"ix":3},"r":{"a":0,"k":0,"ix":6},"o":{"a":0,"k":100,"ix":7},"sk":{"a":0,"k":0,"ix":4},"sa":{"a":0,"k":0,"ix":5},"nm":"Transform"}],"nm":"Group 2","np":4,"cix":2,"bm":0,"ix":1,"mn":"ADBE Vector Group","hd":false},{"ty":"gr","it":[{"ind":0,"ty":"sh","ix":1,"ks":{"a":0,"k":{"i":[[0,-5.271],[0,-1.619],[-5.564,-0.004],[0,8.824],[0,0.899],[0,0]],"o":[[0,0.899],[0,8.824],[5.564,-0.004],[0,-1.619],[0,-5.271],[0,0]],"v":[[162.145,-66.117],[162.145,-60.091],[172.223,-46.835],[182.299,-60.091],[182.299,-66.117],[172.223,-68.984]],"c":true},"ix":2},"nm":"Path 1","mn":"ADBE Vector Shape - Group","hd":false},{"ty":"gf","o":{"a":0,"k":100,"ix":10},"r":1,"bm":0,"g":{"p":3,"k":{"a":0,"k":[0,0.055,0.149,0.051,0.149,0.051,0.461,0.025,0.352,0.047,0.773,0],"ix":9}},"s":{"a":0,"k":[172,-70],"ix":5},"e":{"a":0,"k":[172,-47.304],"ix":6},"t":1,"nm":"greentonguegradient","mn":"ADBE Vector Graphic - G-Fill","hd":false},{"ty":"tr","p":{"a":0,"k":[0,0],"ix":2},"a":{"a":0,"k":[0,0],"ix":1},"s":{"a":0,"k":[100,100],"ix":3},"r":{"a":0,"k":0,"ix":6},"o":{"a":0,"k":100,"ix":7},"sk":{"a":0,"k":0,"ix":4},"sa":{"a":0,"k":0,"ix":5},"nm":"Transform"}],"nm":"Group 1","np":2,"cix":2,"bm":0,"ix":2,"mn":"ADBE Vector Group","hd":false}],"ip":0,"op":48,"st":0,"bm":0},{"ddd":0,"ind":8,"ty":4,"nm":"Mouth_Shape","parent":2,"sr":1,"ks":{"o":{"a":0,"k":100,"ix":11},"r":{"a":0,"k":0,"ix":10},"p":{"a":0,"k":[0,156.002,0],"ix":2},"a":{"a":0,"k":[172.223,-65.835,0],"ix":1},"s":{"a":0,"k":[1200,1200,100],"ix":6}},"ao":0,"shapes":[{"ty":"gr","it":[{"ind":0,"ty":"sh","ix":1,"ks":{"a":1,"k":[{"i":{"x":0,"y":1},"o":{"x":0.333,"y":0},"t":1,"s":[{"i":[[0.734,0],[9.225,0],[0.32,0],[0,-0.492],[-11.041,0],[0,7.271]],"o":[[-0.32,0],[-9.227,0],[-0.734,0],[0,7.271],[11.041,0],[0,-0.492]],"v":[[188.098,-73.835],[172.223,-71.835],[156.348,-73.835],[155.223,-72.835],[172.223,-57.835],[189.223,-72.835]],"c":true}]},{"i":{"x":0.833,"y":1},"o":{"x":0.167,"y":0},"t":11,"s":[{"i":[[0.734,0],[6.958,0],[0.32,0],[0,-0.492],[-7.875,0],[0,0.958]],"o":[[-0.32,0],[-7.5,0],[-0.734,0],[0,1.25],[8.042,0],[0,-0.492]],"v":[[183.348,-74.502],[172.306,-71.085],[161.264,-74.543],[160.139,-73.543],[172.223,-65.418],[184.473,-73.502]],"c":true}]},{"i":{"x":0.667,"y":1},"o":{"x":0.167,"y":0},"t":15,"s":[{"i":[[0.734,0],[6.958,0],[0.32,0],[0,-0.492],[-7.875,0],[0,0.958]],"o":[[-0.32,0],[-7.5,0],[-0.734,0],[0,1.25],[8.042,0],[0,-0.492]],"v":[[183.348,-74.502],[172.306,-71.085],[161.264,-74.543],[160.139,-73.543],[172.223,-65.418],[184.473,-73.502]],"c":true}]},{"t":19,"s":[{"i":[[0.734,0],[9.225,0],[0.32,0],[0,-0.492],[-11.041,0],[0,7.271]],"o":[[-0.32,0],[-9.227,0],[-0.734,0],[0,7.271],[11.041,0],[0,-0.492]],"v":[[188.098,-73.835],[172.223,-71.835],[156.348,-73.835],[155.223,-72.835],[172.223,-57.835],[189.223,-72.835]],"c":true}]}],"ix":2},"nm":"Path 1","mn":"ADBE Vector Shape - Group","hd":false},{"ty":"fl","c":{"a":0,"k":[0.101960785687,0.086274512112,0.149019613862,1],"ix":4},"o":{"a":0,"k":100,"ix":5},"r":1,"bm":0,"nm":"Fill 1","mn":"ADBE Vector Graphic - Fill","hd":false},{"ty":"tr","p":{"a":0,"k":[0,0],"ix":2},"a":{"a":0,"k":[0,0],"ix":1},"s":{"a":0,"k":[100,100],"ix":3},"r":{"a":0,"k":0,"ix":6},"o":{"a":0,"k":100,"ix":7},"sk":{"a":0,"k":0,"ix":4},"sa":{"a":0,"k":0,"ix":5},"nm":"Transform"}],"nm":"Group 1","np":2,"cix":2,"bm":0,"ix":1,"mn":"ADBE Vector Group","hd":false}],"ip":0,"op":48,"st":0,"bm":0},{"ddd":0,"ind":9,"ty":4,"nm":"Head 2","parent":1,"sr":1,"ks":{"o":{"a":0,"k":100,"ix":11},"r":{"a":0,"k":0,"ix":10},"p":{"a":0,"k":[0,-338,0],"ix":2},"a":{"a":0,"k":[0,0,0],"ix":1},"s":{"a":0,"k":[100,100,100],"ix":6}},"ao":0,"shapes":[{"ty":"gr","it":[{"ind":0,"ty":"sh","ix":1,"ks":{"a":0,"k":{"i":[[-198.545,0],[0,-198.543],[198.545,0],[0,198.545]],"o":[[198.545,0],[0,198.545],[-198.545,0],[0,-198.543]],"v":[[0,-359.5],[359.5,0],[0,359.5],[-359.5,0]],"c":true},"ix":2},"nm":"Path 1","mn":"ADBE Vector Shape - Group","hd":false},{"ty":"gf","o":{"a":0,"k":100,"ix":10},"r":1,"bm":0,"g":{"p":3,"k":{"a":0,"k":[0,1,0.482,0,0.4,1,0.725,0,1,1,0.969,0],"ix":9}},"s":{"a":0,"k":[6.859,367.625],"ix":5},"e":{"a":0,"k":[-4.828,-354.141],"ix":6},"t":1,"nm":"Pou2Gradient Fill 1","mn":"ADBE Vector Graphic - G-Fill","hd":false},{"ty":"tr","p":{"a":0,"k":[0,0],"ix":2},"a":{"a":0,"k":[0,0],"ix":1},"s":{"a":0,"k":[100,100],"ix":3},"r":{"a":0,"k":0,"ix":6},"o":{"a":0,"k":100,"ix":7},"sk":{"a":0,"k":0,"ix":4},"sa":{"a":0,"k":0,"ix":5},"nm":"Transform"}],"nm":"Oval","np":2,"cix":2,"bm":0,"ix":1,"mn":"ADBE Vector Group","hd":false}],"ip":0,"op":48,"st":0,"bm":0}]}],"layers":[{"ddd":0,"ind":1,"ty":0,"nm":"money_mouth_face","refId":"comp_0","sr":1,"ks":{"o":{"a":0,"k":100,"ix":11},"r":{"a":0,"k":0,"ix":10},"p":{"a":0,"k":[512,512,0],"ix":2},"a":{"a":0,"k":[512,512,0],"ix":1},"s":{"a":0,"k":[100,100,100],"ix":6}},"ao":0,"w":1024,"h":1024,"ip":0,"op":48,"st":0,"bm":0}],"markers":[]}