{"v":"5.6.2","fr":24,"ip":0,"op":48,"w":1024,"h":1024,"nm":"ghost","ddd":0,"assets":[{"id":"comp_0","layers":[{"ddd":0,"ind":1,"ty":3,"nm":"Scale Control","sr":1,"ks":{"o":{"a":0,"k":0,"ix":11},"r":{"a":0,"k":0,"ix":10},"p":{"a":1,"k":[{"i":{"x":0,"y":1},"o":{"x":0.333,"y":0},"t":0,"s":[512,462,0],"to":[0,0,0],"ti":[0,0,0]},{"i":{"x":0.833,"y":0.833},"o":{"x":0.333,"y":0},"t":24,"s":[512,542,0],"to":[0,0,0],"ti":[0,0,0]},{"i":{"x":0,"y":0.983},"o":{"x":0.167,"y":0.167},"t":32,"s":[512,422,0],"to":[0,0,0],"ti":[0,0,0]},{"t":48,"s":[512,462,0]}],"ix":2},"a":{"a":0,"k":[0,0,0],"ix":1},"s":{"a":1,"k":[{"i":{"x":[0,0,0.667],"y":[1,1,1]},"o":{"x":[0.333,0.333,0.333],"y":[0,0,0]},"t":0,"s":[1200,1200,100]},{"i":{"x":[0.667,0.667,0.667],"y":[1,1,1]},"o":{"x":[0.333,0.333,0.333],"y":[0,0,0]},"t":24,"s":[1030,1030,100]},{"t":36,"s":[1200,1200,100]}],"ix":6}},"ao":0,"ip":0,"op":48,"st":0,"bm":0},{"ddd":0,"ind":2,"ty":3,"nm":"Face_CTRL","parent":12,"sr":1,"ks":{"o":{"a":0,"k":100,"ix":11},"r":{"a":0,"k":0,"ix":10},"p":{"a":1,"k":[{"i":{"x":0,"y":1},"o":{"x":0.333,"y":0},"t":-48,"s":[-0.022,-3.443,0],"to":[0,0.556,0],"ti":[0,0,0]},{"i":{"x":0.667,"y":1},"o":{"x":0.333,"y":0},"t":-24,"s":[-0.022,-0.11,0],"to":[0,0,0],"ti":[0,-0.944,0]},{"i":{"x":0,"y":1},"o":{"x":0.333,"y":0},"t":0,"s":[-0.022,-3.443,0],"to":[0,0.944,0],"ti":[0,0,0]},{"i":{"x":0,"y":1},"o":{"x":0.597,"y":0},"t":24,"s":[-0.022,5.557,0],"to":[0,0,0],"ti":[0,0.492,0]},{"t":36,"s":[-0.022,-3.443,0]}],"ix":2},"a":{"a":0,"k":[0,0,0],"ix":1},"s":{"a":0,"k":[8.333,8.333,100],"ix":6}},"ao":0,"ef":[{"ty":5,"nm":"Controller","np":13,"mn":"Pseudo/DUIK controller","ix":1,"en":1,"ef":[{"ty":6,"nm":"Icon","mn":"Pseudo/DUIK controller-0001","ix":1,"v":0},{"ty":2,"nm":"Color","mn":"Pseudo/DUIK controller-0002","ix":2,"v":{"a":0,"k":[0.92549020052,0.0941176489,0.0941176489,1],"ix":2}},{"ty":3,"nm":"Position","mn":"Pseudo/DUIK controller-0003","ix":3,"v":{"a":0,"k":[0,0],"ix":3}},{"ty":0,"nm":"Size","mn":"Pseudo/DUIK controller-0004","ix":4,"v":{"a":0,"k":100,"ix":4}},{"ty":0,"nm":"Orientation","mn":"Pseudo/DUIK controller-0005","ix":5,"v":{"a":0,"k":0,"ix":5}},{"ty":0,"nm":"Opacity","mn":"Pseudo/DUIK controller-0006","ix":6,"v":{"a":0,"k":100,"ix":6}},{"ty":6,"nm":"","mn":"Pseudo/DUIK controller-0007","ix":7,"v":0},{"ty":6,"nm":"Anchor","mn":"Pseudo/DUIK controller-0008","ix":8,"v":0},{"ty":2,"nm":"Color","mn":"Pseudo/DUIK controller-0009","ix":9,"v":{"a":0,"k":[0,0,0,1],"ix":9}},{"ty":0,"nm":"Size","mn":"Pseudo/DUIK controller-0010","ix":10,"v":{"a":0,"k":100,"ix":10}},{"ty":6,"nm":"","mn":"Pseudo/DUIK controller-0011","ix":11,"v":0}]}],"ip":0,"op":48,"st":0,"bm":0},{"ddd":0,"ind":3,"ty":4,"nm":"Right Pupil ","parent":2,"sr":1,"ks":{"o":{"a":0,"k":100,"ix":11},"r":{"a":0,"k":0,"ix":10},"p":{"a":0,"k":[88.453,-72.36,0],"ix":2},"a":{"a":0,"k":[-7.349,-9.473,0],"ix":1},"s":{"a":1,"k":[{"i":{"x":[0.667,0.667,0.667],"y":[1,1,1]},"o":{"x":[0.333,0.333,0.333],"y":[0,0,0]},"t":0,"s":[-1608,1608,100]},{"i":{"x":[0,0,0.667],"y":[1.003,0.997,1]},"o":{"x":[0.333,0.333,0.333],"y":[0,0,0]},"t":24,"s":[-1282,1282,100]},{"t":48,"s":[-1608,1608,100]}],"ix":6}},"ao":0,"shapes":[{"ty":"gr","it":[{"ind":0,"ty":"sh","ix":1,"ks":{"a":0,"k":{"i":[[-0.548,1.505],[-0.882,-0.321],[0.548,-1.505],[0.882,0.321]],"o":[[0.548,-1.505],[0.882,0.321],[-0.548,1.505],[-0.882,-0.321]],"v":[[-8.947,-10.054],[-6.358,-12.198],[-5.752,-8.892],[-8.341,-6.748]],"c":true},"ix":2},"nm":"Path 1","mn":"ADBE Vector Shape - Group","hd":false},{"ty":"fl","c":{"a":0,"k":[0.305882364511,0.368627458811,0.403921574354,1],"ix":4},"o":{"a":0,"k":100,"ix":5},"r":1,"bm":0,"nm":"Fill 1","mn":"ADBE Vector Graphic - Fill","hd":false},{"ty":"tr","p":{"a":0,"k":[0,0],"ix":2},"a":{"a":0,"k":[0,0],"ix":1},"s":{"a":0,"k":[100,100],"ix":3},"r":{"a":0,"k":0,"ix":6},"o":{"a":0,"k":100,"ix":7},"sk":{"a":0,"k":0,"ix":4},"sa":{"a":0,"k":0,"ix":5},"nm":"Transform"}],"nm":"Left Pupil","np":2,"cix":2,"bm":0,"ix":1,"mn":"ADBE Vector Group","hd":false}],"ip":0,"op":48,"st":0,"bm":0},{"ddd":0,"ind":4,"ty":4,"nm":"Right Eye","parent":2,"sr":1,"ks":{"o":{"a":0,"k":100,"ix":11},"r":{"a":0,"k":0,"ix":10},"p":{"a":0,"k":[95.994,-84.868,0],"ix":2},"a":{"a":0,"k":[-7.978,-10.516,0],"ix":1},"s":{"a":1,"k":[{"i":{"x":[0,0,0.667],"y":[1,1,1]},"o":{"x":[0.333,0.333,0.333],"y":[0,0,0]},"t":0,"s":[-1608,1608,100]},{"i":{"x":[0,0,0.667],"y":[1,1,1]},"o":{"x":[0.333,0.333,0.333],"y":[0,0,0]},"t":24,"s":[-1294,1294,100]},{"t":48,"s":[-1608,1608,100]}],"ix":6}},"ao":0,"shapes":[{"ty":"gr","it":[{"ind":0,"ty":"sh","ix":1,"ks":{"a":0,"k":{"i":[[-1.133,3.114],[-1.816,-0.661],[1.133,-3.114],[1.816,0.661]],"o":[[1.133,-3.114],[1.816,0.661],[-1.133,3.114],[-1.816,-0.661]],"v":[[-11.267,-11.712],[-5.926,-16.154],[-4.689,-9.318],[-10.03,-4.877]],"c":true},"ix":2},"nm":"Path 1","mn":"ADBE Vector Shape - Group","hd":false},{"ty":"fl","c":{"a":0,"k":[0.188235297799,0.172549024224,0.23137255013,1],"ix":4},"o":{"a":0,"k":100,"ix":5},"r":1,"bm":0,"nm":"Fill 1","mn":"ADBE Vector Graphic - Fill","hd":false},{"ty":"tr","p":{"a":0,"k":[0,0],"ix":2},"a":{"a":0,"k":[0,0],"ix":1},"s":{"a":0,"k":[100,100],"ix":3},"r":{"a":0,"k":0,"ix":6},"o":{"a":0,"k":100,"ix":7},"sk":{"a":0,"k":0,"ix":4},"sa":{"a":0,"k":0,"ix":5},"nm":"Transform"}],"nm":"Left Eye","np":2,"cix":2,"bm":0,"ix":1,"mn":"ADBE Vector Group","hd":false}],"ip":0,"op":48,"st":0,"bm":0},{"ddd":0,"ind":5,"ty":4,"nm":"Left Pupil","parent":2,"sr":1,"ks":{"o":{"a":0,"k":100,"ix":11},"r":{"a":0,"k":0,"ix":10},"p":{"a":0,"k":[-87.928,-72.36,0],"ix":2},"a":{"a":0,"k":[-7.349,-9.473,0],"ix":1},"s":{"a":1,"k":[{"i":{"x":[0.667,0.667,0.667],"y":[1,1,1]},"o":{"x":[0.333,0.333,0.333],"y":[0,0,0]},"t":0,"s":[1200,1200,100]},{"i":{"x":[0,0,0.667],"y":[1.003,1.003,1]},"o":{"x":[0.333,0.333,0.333],"y":[0,0,0]},"t":24,"s":[1592,1592,100]},{"t":48,"s":[1200,1200,100]}],"ix":6}},"ao":0,"shapes":[{"ty":"gr","it":[{"ind":0,"ty":"sh","ix":1,"ks":{"a":0,"k":{"i":[[-0.548,1.505],[-0.882,-0.321],[0.548,-1.505],[0.882,0.321]],"o":[[0.548,-1.505],[0.882,0.321],[-0.548,1.505],[-0.882,-0.321]],"v":[[-8.947,-10.054],[-6.358,-12.198],[-5.752,-8.892],[-8.341,-6.748]],"c":true},"ix":2},"nm":"Path 1","mn":"ADBE Vector Shape - Group","hd":false},{"ty":"fl","c":{"a":0,"k":[0.305882364511,0.368627458811,0.403921574354,1],"ix":4},"o":{"a":0,"k":100,"ix":5},"r":1,"bm":0,"nm":"Fill 1","mn":"ADBE Vector Graphic - Fill","hd":false},{"ty":"tr","p":{"a":0,"k":[0,0],"ix":2},"a":{"a":0,"k":[0,0],"ix":1},"s":{"a":0,"k":[100,100],"ix":3},"r":{"a":0,"k":0,"ix":6},"o":{"a":0,"k":100,"ix":7},"sk":{"a":0,"k":0,"ix":4},"sa":{"a":0,"k":0,"ix":5},"nm":"Transform"}],"nm":"Left Pupil","np":2,"cix":2,"bm":0,"ix":1,"mn":"ADBE Vector Group","hd":false}],"ip":0,"op":48,"st":0,"bm":0},{"ddd":0,"ind":6,"ty":4,"nm":"Left Eye","parent":2,"sr":1,"ks":{"o":{"a":0,"k":100,"ix":11},"r":{"a":0,"k":0,"ix":10},"p":{"a":0,"k":[-95.469,-84.868,0],"ix":2},"a":{"a":0,"k":[-7.978,-10.516,0],"ix":1},"s":{"a":1,"k":[{"i":{"x":[0,0,0.667],"y":[1,1,1]},"o":{"x":[0.333,0.333,0.333],"y":[0,0,0]},"t":0,"s":[1200,1200,100]},{"i":{"x":[0,0,0.667],"y":[1,1,1]},"o":{"x":[0.333,0.333,0.333],"y":[0,0,0]},"t":24,"s":[1515,1515,100]},{"t":48,"s":[1200,1200,100]}],"ix":6}},"ao":0,"shapes":[{"ty":"gr","it":[{"ind":0,"ty":"sh","ix":1,"ks":{"a":0,"k":{"i":[[-1.133,3.114],[-1.816,-0.661],[1.133,-3.114],[1.816,0.661]],"o":[[1.133,-3.114],[1.816,0.661],[-1.133,3.114],[-1.816,-0.661]],"v":[[-11.267,-11.712],[-5.926,-16.154],[-4.689,-9.318],[-10.03,-4.877]],"c":true},"ix":2},"nm":"Path 1","mn":"ADBE Vector Shape - Group","hd":false},{"ty":"fl","c":{"a":0,"k":[0.188235297799,0.172549024224,0.23137255013,1],"ix":4},"o":{"a":0,"k":100,"ix":5},"r":1,"bm":0,"nm":"Fill 1","mn":"ADBE Vector Graphic - Fill","hd":false},{"ty":"tr","p":{"a":0,"k":[0,0],"ix":2},"a":{"a":0,"k":[0,0],"ix":1},"s":{"a":0,"k":[100,100],"ix":3},"r":{"a":0,"k":0,"ix":6},"o":{"a":0,"k":100,"ix":7},"sk":{"a":0,"k":0,"ix":4},"sa":{"a":0,"k":0,"ix":5},"nm":"Transform"}],"nm":"Left Eye","np":2,"cix":2,"bm":0,"ix":1,"mn":"ADBE Vector Group","hd":false}],"ip":0,"op":48,"st":0,"bm":0},{"ddd":0,"ind":7,"ty":4,"nm":"Tongue","parent":2,"sr":1,"ks":{"o":{"a":1,"k":[{"i":{"x":[0.833],"y":[0.833]},"o":{"x":[0.167],"y":[0.167]},"t":5,"s":[100]},{"i":{"x":[0.833],"y":[0.833]},"o":{"x":[0.167],"y":[0.167]},"t":6,"s":[0]},{"i":{"x":[0.833],"y":[0.833]},"o":{"x":[0.167],"y":[0.167]},"t":25,"s":[0]},{"t":26,"s":[100]}],"ix":11},"r":{"a":0,"k":0,"ix":10},"p":{"a":1,"k":[{"i":{"x":0.667,"y":1},"o":{"x":0.333,"y":0},"t":2,"s":[0.263,86.229,0],"to":[0,-2.667,0],"ti":[0,2.667,0]},{"i":{"x":0.667,"y":0.667},"o":{"x":0.333,"y":0.333},"t":6,"s":[0.263,70.229,0],"to":[0,0,0],"ti":[0,0,0]},{"i":{"x":0,"y":0.966},"o":{"x":0.333,"y":0},"t":25,"s":[0.263,70.229,0],"to":[0,2.667,0],"ti":[0,-2.667,0]},{"t":38,"s":[0.263,86.229,0]}],"ix":2},"a":{"a":0,"k":[0,3.743,0],"ix":1},"s":{"a":1,"k":[{"i":{"x":[0,0,0.667],"y":[1,1,1]},"o":{"x":[0.333,0.333,0.333],"y":[0,0,0]},"t":2,"s":[1200,1200,100]},{"i":{"x":[0,0,0.667],"y":[1,1,1]},"o":{"x":[0.333,0.333,0.333],"y":[0,0,0]},"t":6,"s":[806,213,100]},{"i":{"x":[0,0,0.667],"y":[0.999,1,1]},"o":{"x":[0.333,0.333,0.333],"y":[0,0,0]},"t":25,"s":[806,213,100]},{"t":38,"s":[1200,1200,100]}],"ix":6}},"ao":0,"shapes":[{"ty":"gr","it":[{"ind":0,"ty":"sh","ix":1,"ks":{"a":0,"k":{"i":[[0.6,0.1],[0,0],[0,0],[0,0]],"o":[[0,0],[0,0],[-0.6,0.1],[0,0]],"v":[[-1,3.9],[0,13.5],[1,3.9],[0,4.1]],"c":true},"ix":2},"nm":"Path 1","mn":"ADBE Vector Shape - Group","hd":false},{"ty":"fl","c":{"a":0,"k":[0.721568644047,0.105882354081,0.105882354081,1],"ix":4},"o":{"a":0,"k":100,"ix":5},"r":1,"bm":0,"nm":"Fill 1","mn":"ADBE Vector Graphic - Fill","hd":false},{"ty":"tr","p":{"a":0,"k":[0,0],"ix":2},"a":{"a":0,"k":[0,0],"ix":1},"s":{"a":0,"k":[100,100],"ix":3},"r":{"a":0,"k":0,"ix":6},"o":{"a":0,"k":100,"ix":7},"sk":{"a":0,"k":0,"ix":4},"sa":{"a":0,"k":0,"ix":5},"nm":"Transform"}],"nm":"Tongue Line","np":2,"cix":2,"bm":0,"ix":1,"mn":"ADBE Vector Group","hd":false},{"ty":"gr","it":[{"ind":0,"ty":"sh","ix":1,"ks":{"a":0,"k":{"i":[[0,-3.9],[0,-1.1],[-4.1,0],[0,6.5],[0,0.6],[0,0]],"o":[[0,0.7],[0,6.4],[4.1,0],[0,-1.2],[0,-3.8],[0,0]],"v":[[-7.4,6.2],[-7.4,9.1],[0,18.8],[7.4,9.1],[7.4,6.2],[0,4.1]],"c":true},"ix":2},"nm":"Path 1","mn":"ADBE Vector Shape - Group","hd":false},{"ty":"gf","o":{"a":0,"k":100,"ix":10},"r":1,"bm":0,"g":{"p":13,"k":{"a":0,"k":[0,0.702,0.18,0.141,0.005,0.708,0.184,0.145,0.01,0.714,0.188,0.149,0.061,0.767,0.222,0.18,0.112,0.82,0.255,0.212,0.168,0.859,0.282,0.235,0.224,0.898,0.31,0.259,0.287,0.927,0.329,0.276,0.35,0.957,0.349,0.294,0.425,0.973,0.359,0.304,0.5,0.988,0.369,0.314,0.62,0.994,0.373,0.318,0.739,1,0.376,0.322],"ix":9}},"s":{"a":0,"k":[0,3.921],"ix":5},"e":{"a":0,"k":[0,16],"ix":6},"t":1,"nm":"tongue gradietn","mn":"ADBE Vector Graphic - G-Fill","hd":false},{"ty":"tr","p":{"a":0,"k":[0,0],"ix":2},"a":{"a":0,"k":[0,0],"ix":1},"s":{"a":0,"k":[100,100],"ix":3},"r":{"a":0,"k":0,"ix":6},"o":{"a":0,"k":100,"ix":7},"sk":{"a":0,"k":0,"ix":4},"sa":{"a":0,"k":0,"ix":5},"nm":"Transform"}],"nm":"Tongue","np":2,"cix":2,"bm":0,"ix":2,"mn":"ADBE Vector Group","hd":false}],"ip":0,"op":48,"st":0,"bm":0},{"ddd":0,"ind":8,"ty":4,"nm":"Mouth","parent":2,"sr":1,"ks":{"o":{"a":0,"k":100,"ix":11},"r":{"a":0,"k":0,"ix":10},"p":{"a":0,"k":[0.263,116.318,0],"ix":2},"a":{"a":0,"k":[0,6.25,0],"ix":1},"s":{"a":0,"k":[1200,1200,100],"ix":6}},"ao":0,"shapes":[{"ty":"gr","it":[{"ind":0,"ty":"sh","ix":1,"ks":{"a":1,"k":[{"i":{"x":0.667,"y":1},"o":{"x":0.333,"y":0},"t":0,"s":[{"i":[[0.5,0],[6.8,0],[0.3,0],[0,-0.3],[-8.1,0],[0,5.3]],"o":[[-0.2,0],[-6.8,0],[-0.5,0],[0,5.4],[8.1,0],[0,-0.3]],"v":[[11.7,0.4],[0,1.9],[-11.7,0.4],[-12.5,1.1],[0,12.1],[12.5,1.1]],"c":true}]},{"i":{"x":0.667,"y":1},"o":{"x":0.333,"y":0},"t":6,"s":[{"i":[[0.32,0],[4.359,0],[0.192,0],[0,-0.192],[-5.192,0],[0,3.397]],"o":[[-0.128,0],[-4.359,0],[-0.32,0],[0,3.461],[5.192,0],[0,-0.192]],"v":[[7.499,-1.5],[0,-0.538],[-7.499,-1.5],[-8.012,-1.051],[0,6],[8.012,-1.051]],"c":true}]},{"i":{"x":0.833,"y":0.833},"o":{"x":0.333,"y":0},"t":24,"s":[{"i":[[0.32,0],[4.359,0],[0.192,0],[0,-0.192],[-5.192,0],[0,3.397]],"o":[[-0.128,0],[-4.359,0],[-0.32,0],[0,3.461],[5.192,0],[0,-0.192]],"v":[[7.499,-1.5],[0,-0.538],[-7.499,-1.5],[-8.012,-1.051],[0,6],[8.012,-1.051]],"c":true}]},{"i":{"x":0,"y":1},"o":{"x":0.167,"y":0.167},"t":29,"s":[{"i":[[0.5,0],[4.495,-0.019],[0.3,0],[-0.163,-0.179],[-5.625,0.003],[-1.612,2.903]],"o":[[-0.2,0],[-4.732,0.022],[-0.5,0],[1.091,2.662],[5.388,-0.002],[0.159,-0.19]],"v":[[9.613,0.115],[0.095,0.667],[-9.092,0.163],[-9.892,0.863],[0.047,5.888],[10.413,0.815]],"c":true}]},{"t":48,"s":[{"i":[[0.5,0],[6.8,0],[0.3,0],[0,-0.3],[-8.1,0],[0,5.3]],"o":[[-0.2,0],[-6.8,0],[-0.5,0],[0,5.4],[8.1,0],[0,-0.3]],"v":[[11.7,0.4],[0,1.9],[-11.7,0.4],[-12.5,1.1],[0,12.1],[12.5,1.1]],"c":true}]}],"ix":2},"nm":"Path 1","mn":"ADBE Vector Shape - Group","hd":false},{"ty":"fl","c":{"a":0,"k":[0.188235297799,0.172549024224,0.23137255013,1],"ix":4},"o":{"a":0,"k":100,"ix":5},"r":1,"bm":0,"nm":"Fill 1","mn":"ADBE Vector Graphic - Fill","hd":false},{"ty":"tr","p":{"a":0,"k":[0,0],"ix":2},"a":{"a":0,"k":[0,0],"ix":1},"s":{"a":0,"k":[100,100],"ix":3},"r":{"a":0,"k":0,"ix":6},"o":{"a":0,"k":100,"ix":7},"sk":{"a":0,"k":0,"ix":4},"sa":{"a":0,"k":0,"ix":5},"nm":"Transform"}],"nm":"Mouth","np":2,"cix":2,"bm":0,"ix":1,"mn":"ADBE Vector Group","hd":false}],"ip":0,"op":48,"st":0,"bm":0},{"ddd":0,"ind":9,"ty":4,"nm":"Outline 2","parent":12,"sr":1,"ks":{"o":{"a":0,"k":100,"ix":11},"r":{"a":0,"k":0,"ix":10},"p":{"a":0,"k":[-0.006,-0.05,0],"ix":2},"a":{"a":0,"k":[-0.006,-0.05,0],"ix":1},"s":{"a":0,"k":[-100,100,100],"ix":6}},"ao":0,"hasMask":true,"masksProperties":[{"inv":false,"mode":"a","pt":{"a":0,"k":{"i":[[0,0],[0,0],[0,0],[0,0]],"o":[[0,0],[0,0],[0,0],[0,0]],"v":[[0.053,-39.5],[-73.667,-39.5],[-73.667,47.28],[0.053,47.28]],"c":true},"ix":1},"o":{"a":0,"k":100,"ix":3},"x":{"a":0,"k":0,"ix":4},"nm":"Mask 1"}],"shapes":[{"ty":"gr","it":[{"ind":0,"ty":"sh","ix":1,"ks":{"a":1,"k":[{"i":{"x":0,"y":1},"o":{"x":0.333,"y":0},"t":0,"s":[{"i":[[0.4,-2],[6.1,-3.7],[0.7,-1],[0.1,0],[0,0],[0.9,0.8],[2,0],[1,-1.1],[1.4,0],[0.9,1],[2.3,0],[1.5,-1.3],[0.6,0],[0.3,0.5],[0.9,11.8],[0.7,3.5],[-0.2,1.1],[-2,0],[-0.5,0.5],[0.1,1.9],[-4.1,4.3],[-4.9,0],[-3.6,-3.8],[0.3,-6],[-0.7,-0.7],[-0.7,0],[0,0],[-1.7,2.6]],"o":[[-0.7,3.5],[-1,11.8],[-0.4,0.4],[0,0],[-0.5,0],[-1.4,-1.3],[-2.3,0],[-0.9,1],[-1.4,0],[-1,-1.1],[-2,0],[-0.9,0.8],[-0.1,0],[-0.7,-1],[-6.1,-3.6],[-0.4,-2],[1.7,2.6],[0.6,0],[0.7,-0.8],[-0.3,-6],[3.7,-3.7],[4.9,0],[4,4.2],[-0.1,1.9],[0.4,0.5],[0,0],[2.1,0],[0.2,1.1]],"v":[[27.7,-1.6],[18.5,10.8],[15.6,27.6],[14.9,28],[14.9,28],[12.5,26.4],[7.4,23.7],[2.9,26.1],[-0.1,27.9],[-3.1,26.1],[-7.6,23.7],[-12.7,26.4],[-15.1,28],[-15.7,27.5],[-18.6,10.7],[-27.8,-1.7],[-28,-6.6],[-21.9,-1.5],[-20.2,-2.2],[-19.3,-6.1],[-13.4,-22.2],[0,-28],[13.3,-22.1],[19.2,-6],[20.1,-2.1],[21.8,-1.4],[21.8,-1.4],[27.9,-6.5]],"c":true}]},{"i":{"x":0,"y":1},"o":{"x":0.333,"y":0},"t":24,"s":[{"i":[[0.4,-2],[6.1,-3.7],[0.7,-1],[0.1,0],[0,0],[0.9,0.8],[2,0],[1,-1.1],[1.4,0],[0.9,1],[2.3,0],[1.5,-1.3],[0.6,0],[0.3,0.5],[0.9,11.8],[0.7,3.5],[-1.167,3.017],[-1.433,1.417],[-0.5,0.5],[0.1,1.9],[-4.1,4.3],[-4.9,0],[-3.6,-3.8],[0.3,-6],[-0.7,-0.7],[-0.7,0],[0,0],[-1.7,2.6]],"o":[[-0.7,3.5],[-1,11.8],[-0.4,0.4],[0,0],[-0.5,0],[-1.4,-1.3],[-2.3,0],[-0.9,1],[-1.4,0],[-1,-1.1],[-2,0],[-0.9,0.8],[-0.1,0],[-0.7,-1],[-3.733,-4.95],[-0.4,-2],[0.967,-2.5],[0.734,-0.726],[0.7,-0.8],[-0.3,-6],[3.7,-3.7],[4.9,0],[4,4.2],[-0.1,1.9],[0.4,0.5],[0,0],[2.1,0],[0.2,1.1]],"v":[[27.7,-1.6],[18.5,10.8],[15.6,27.6],[14.9,28],[14.9,28],[12.5,26.4],[7.4,23.7],[2.9,26.1],[-0.1,27.9],[-3.1,26.1],[-7.6,23.7],[-12.7,26.4],[-15.1,28],[-15.7,27.5],[-18.6,10.7],[-26.633,13.883],[-25.583,5.4],[-21.317,-1.167],[-20.2,-2.2],[-19.3,-6.1],[-13.4,-22.2],[0,-28],[13.3,-22.1],[19.2,-6],[20.1,-2.1],[21.8,-1.4],[21.8,-1.4],[27.9,-6.5]],"c":true}]},{"t":38,"s":[{"i":[[0.4,-2],[6.1,-3.7],[0.7,-1],[0.1,0],[0,0],[0.9,0.8],[2,0],[1,-1.1],[1.4,0],[0.9,1],[2.3,0],[1.5,-1.3],[0.6,0],[0.3,0.5],[0.9,11.8],[0.7,3.5],[-0.2,1.1],[-2,0],[-0.5,0.5],[0.1,1.9],[-4.1,4.3],[-4.9,0],[-3.6,-3.8],[0.3,-6],[-0.7,-0.7],[-0.7,0],[0,0],[-1.7,2.6]],"o":[[-0.7,3.5],[-1,11.8],[-0.4,0.4],[0,0],[-0.5,0],[-1.4,-1.3],[-2.3,0],[-0.9,1],[-1.4,0],[-1,-1.1],[-2,0],[-0.9,0.8],[-0.1,0],[-0.7,-1],[-6.1,-3.6],[-0.4,-2],[1.7,2.6],[0.6,0],[0.7,-0.8],[-0.3,-6],[3.7,-3.7],[4.9,0],[4,4.2],[-0.1,1.9],[0.4,0.5],[0,0],[2.1,0],[0.2,1.1]],"v":[[27.7,-1.6],[18.5,10.8],[15.6,27.6],[14.9,28],[14.9,28],[12.5,26.4],[7.4,23.7],[2.9,26.1],[-0.1,27.9],[-3.1,26.1],[-7.6,23.7],[-12.7,26.4],[-15.1,28],[-15.7,27.5],[-18.6,10.7],[-27.8,-1.7],[-28,-6.6],[-21.9,-1.5],[-20.2,-2.2],[-19.3,-6.1],[-13.4,-22.2],[0,-28],[13.3,-22.1],[19.2,-6],[20.1,-2.1],[21.8,-1.4],[21.8,-1.4],[27.9,-6.5]],"c":true}]}],"ix":2},"nm":"Path 1","mn":"ADBE Vector Shape - Group","hd":false},{"ty":"op","nm":"Offset Paths 1","a":{"a":0,"k":1,"ix":1},"lj":1,"ml":{"a":0,"k":4,"ix":3},"ix":2,"mn":"ADBE Vector Filter - Offset","hd":false},{"ty":"rd","nm":"Round Corners 1","r":{"a":0,"k":1,"ix":1},"ix":3,"mn":"ADBE Vector Filter - RC","hd":false},{"ty":"st","c":{"a":0,"k":[0.811764717102,0.847058832645,0.866666674614,1],"ix":3},"o":{"a":0,"k":100,"ix":4},"w":{"a":0,"k":2,"ix":5},"lc":2,"lj":2,"bm":0,"nm":"Stroke 1","mn":"ADBE Vector Graphic - Stroke","hd":false},{"ty":"tr","p":{"a":0,"k":[0,0],"ix":2},"a":{"a":0,"k":[0,0],"ix":1},"s":{"a":0,"k":[100,100],"ix":3},"r":{"a":0,"k":0,"ix":6},"o":{"a":0,"k":100,"ix":7},"sk":{"a":0,"k":0,"ix":4},"sa":{"a":0,"k":0,"ix":5},"nm":"Transform"}],"nm":"Outline","np":4,"cix":2,"bm":0,"ix":1,"mn":"ADBE Vector Group","hd":false}],"ip":0,"op":48,"st":0,"bm":0},{"ddd":0,"ind":10,"ty":4,"nm":"Outline","parent":12,"sr":1,"ks":{"o":{"a":0,"k":100,"ix":11},"r":{"a":0,"k":0,"ix":10},"p":{"a":0,"k":[-0.006,-0.05,0],"ix":2},"a":{"a":0,"k":[-0.006,-0.05,0],"ix":1},"s":{"a":0,"k":[100,100,100],"ix":6}},"ao":0,"hasMask":true,"masksProperties":[{"inv":false,"mode":"a","pt":{"a":0,"k":{"i":[[0,0],[0,0],[0,0],[0,0]],"o":[[0,0],[0,0],[0,0],[0,0]],"v":[[0.053,-39.5],[-73.667,-39.5],[-73.667,47.28],[0.053,47.28]],"c":true},"ix":1},"o":{"a":0,"k":100,"ix":3},"x":{"a":0,"k":0,"ix":4},"nm":"Mask 1"}],"shapes":[{"ty":"gr","it":[{"ind":0,"ty":"sh","ix":1,"ks":{"a":1,"k":[{"i":{"x":0,"y":1},"o":{"x":0.333,"y":0},"t":0,"s":[{"i":[[0.4,-2],[6.1,-3.7],[0.7,-1],[0.1,0],[0,0],[0.9,0.8],[2,0],[1,-1.1],[1.4,0],[0.9,1],[2.3,0],[1.5,-1.3],[0.6,0],[0.3,0.5],[0.9,11.8],[0.7,3.5],[-0.2,1.1],[-2,0],[-0.5,0.5],[0.1,1.9],[-4.1,4.3],[-4.9,0],[-3.6,-3.8],[0.3,-6],[-0.7,-0.7],[-0.7,0],[0,0],[-1.7,2.6]],"o":[[-0.7,3.5],[-1,11.8],[-0.4,0.4],[0,0],[-0.5,0],[-1.4,-1.3],[-2.3,0],[-0.9,1],[-1.4,0],[-1,-1.1],[-2,0],[-0.9,0.8],[-0.1,0],[-0.7,-1],[-6.1,-3.6],[-0.4,-2],[1.7,2.6],[0.6,0],[0.7,-0.8],[-0.3,-6],[3.7,-3.7],[4.9,0],[4,4.2],[-0.1,1.9],[0.4,0.5],[0,0],[2.1,0],[0.2,1.1]],"v":[[27.7,-1.6],[18.5,10.8],[15.6,27.6],[14.9,28],[14.9,28],[12.5,26.4],[7.4,23.7],[2.9,26.1],[-0.1,27.9],[-3.1,26.1],[-7.6,23.7],[-12.7,26.4],[-15.1,28],[-15.7,27.5],[-18.6,10.7],[-27.8,-1.7],[-28,-6.6],[-21.9,-1.5],[-20.2,-2.2],[-19.3,-6.1],[-13.4,-22.2],[0,-28],[13.3,-22.1],[19.2,-6],[20.1,-2.1],[21.8,-1.4],[21.8,-1.4],[27.9,-6.5]],"c":true}]},{"i":{"x":0,"y":1},"o":{"x":0.333,"y":0},"t":24,"s":[{"i":[[0.4,-2],[6.1,-3.7],[0.7,-1],[0.1,0],[0,0],[0.9,0.8],[2,0],[1,-1.1],[1.4,0],[0.9,1],[2.3,0],[1.5,-1.3],[0.6,0],[0.3,0.5],[0.9,11.8],[0.7,3.5],[-1.167,3.017],[-1.433,1.417],[-0.5,0.5],[0.1,1.9],[-4.1,4.3],[-4.9,0],[-3.6,-3.8],[0.3,-6],[-0.7,-0.7],[-0.7,0],[0,0],[-1.7,2.6]],"o":[[-0.7,3.5],[-1,11.8],[-0.4,0.4],[0,0],[-0.5,0],[-1.4,-1.3],[-2.3,0],[-0.9,1],[-1.4,0],[-1,-1.1],[-2,0],[-0.9,0.8],[-0.1,0],[-0.7,-1],[-3.733,-4.95],[-0.4,-2],[0.967,-2.5],[0.734,-0.726],[0.7,-0.8],[-0.3,-6],[3.7,-3.7],[4.9,0],[4,4.2],[-0.1,1.9],[0.4,0.5],[0,0],[2.1,0],[0.2,1.1]],"v":[[27.7,-1.6],[18.5,10.8],[15.6,27.6],[14.9,28],[14.9,28],[12.5,26.4],[7.4,23.7],[2.9,26.1],[-0.1,27.9],[-3.1,26.1],[-7.6,23.7],[-12.7,26.4],[-15.1,28],[-15.7,27.5],[-18.6,10.7],[-26.633,13.883],[-25.583,5.4],[-21.317,-1.167],[-20.2,-2.2],[-19.3,-6.1],[-13.4,-22.2],[0,-28],[13.3,-22.1],[19.2,-6],[20.1,-2.1],[21.8,-1.4],[21.8,-1.4],[27.9,-6.5]],"c":true}]},{"t":38,"s":[{"i":[[0.4,-2],[6.1,-3.7],[0.7,-1],[0.1,0],[0,0],[0.9,0.8],[2,0],[1,-1.1],[1.4,0],[0.9,1],[2.3,0],[1.5,-1.3],[0.6,0],[0.3,0.5],[0.9,11.8],[0.7,3.5],[-0.2,1.1],[-2,0],[-0.5,0.5],[0.1,1.9],[-4.1,4.3],[-4.9,0],[-3.6,-3.8],[0.3,-6],[-0.7,-0.7],[-0.7,0],[0,0],[-1.7,2.6]],"o":[[-0.7,3.5],[-1,11.8],[-0.4,0.4],[0,0],[-0.5,0],[-1.4,-1.3],[-2.3,0],[-0.9,1],[-1.4,0],[-1,-1.1],[-2,0],[-0.9,0.8],[-0.1,0],[-0.7,-1],[-6.1,-3.6],[-0.4,-2],[1.7,2.6],[0.6,0],[0.7,-0.8],[-0.3,-6],[3.7,-3.7],[4.9,0],[4,4.2],[-0.1,1.9],[0.4,0.5],[0,0],[2.1,0],[0.2,1.1]],"v":[[27.7,-1.6],[18.5,10.8],[15.6,27.6],[14.9,28],[14.9,28],[12.5,26.4],[7.4,23.7],[2.9,26.1],[-0.1,27.9],[-3.1,26.1],[-7.6,23.7],[-12.7,26.4],[-15.1,28],[-15.7,27.5],[-18.6,10.7],[-27.8,-1.7],[-28,-6.6],[-21.9,-1.5],[-20.2,-2.2],[-19.3,-6.1],[-13.4,-22.2],[0,-28],[13.3,-22.1],[19.2,-6],[20.1,-2.1],[21.8,-1.4],[21.8,-1.4],[27.9,-6.5]],"c":true}]}],"ix":2},"nm":"Path 1","mn":"ADBE Vector Shape - Group","hd":false},{"ty":"op","nm":"Offset Paths 1","a":{"a":0,"k":1,"ix":1},"lj":1,"ml":{"a":0,"k":4,"ix":3},"ix":2,"mn":"ADBE Vector Filter - Offset","hd":false},{"ty":"rd","nm":"Round Corners 1","r":{"a":0,"k":1,"ix":1},"ix":3,"mn":"ADBE Vector Filter - RC","hd":false},{"ty":"st","c":{"a":0,"k":[0.811764717102,0.847058832645,0.866666674614,1],"ix":3},"o":{"a":0,"k":100,"ix":4},"w":{"a":0,"k":2,"ix":5},"lc":2,"lj":2,"bm":0,"nm":"Stroke 1","mn":"ADBE Vector Graphic - Stroke","hd":false},{"ty":"tr","p":{"a":0,"k":[0,0],"ix":2},"a":{"a":0,"k":[0,0],"ix":1},"s":{"a":0,"k":[100,100],"ix":3},"r":{"a":0,"k":0,"ix":6},"o":{"a":0,"k":100,"ix":7},"sk":{"a":0,"k":0,"ix":4},"sa":{"a":0,"k":0,"ix":5},"nm":"Transform"}],"nm":"Outline","np":4,"cix":2,"bm":0,"ix":1,"mn":"ADBE Vector Group","hd":false}],"ip":0,"op":48,"st":0,"bm":0},{"ddd":0,"ind":11,"ty":4,"nm":"Body 2","parent":12,"sr":1,"ks":{"o":{"a":0,"k":100,"ix":11},"r":{"a":0,"k":0,"ix":10},"p":{"a":0,"k":[-0.022,0.057,0],"ix":2},"a":{"a":0,"k":[-0.022,0.057,0],"ix":1},"s":{"a":0,"k":[-100,100,100],"ix":6}},"ao":0,"hasMask":true,"masksProperties":[{"inv":false,"mode":"a","pt":{"a":0,"k":{"i":[[0,0],[0,0],[0,0],[0,0]],"o":[[0,0],[0,0],[0,0],[0,0]],"v":[[0.053,-39.5],[-73.667,-39.5],[-73.667,47.28],[0.053,47.28]],"c":true},"ix":1},"o":{"a":0,"k":100,"ix":3},"x":{"a":0,"k":0,"ix":4},"nm":"Mask 1"}],"shapes":[{"ty":"gr","it":[{"ind":0,"ty":"sh","ix":1,"ks":{"a":1,"k":[{"i":{"x":0.833,"y":0.833},"o":{"x":0.333,"y":0},"t":0,"s":[{"i":[[1,-1.9],[-0.3,6.4],[11.3,0],[-0.6,-12.6],[3.3,5.9],[-12.9,-7.7],[-1.4,-2],[-3.7,0],[-3.7,0],[-3.7,0],[-2.3,3.3],[-0.6,7]],"o":[[-3.3,5.9],[0.6,-12.5],[-11.3,0],[0.3,6.4],[-1.1,-1.9],[0.6,7],[2.3,3.3],[3.7,0],[3.7,0],[3.7,0],[1.4,-2],[12.9,-7.8]],"v":[[27.9,-8.4],[20.2,-6],[0,-29],[-20.2,-5.9],[-27.9,-8.3],[-19.2,11.3],[-16.3,28.2],[-7.4,24.8],[0,29],[7.4,24.8],[16.3,28.2],[19.2,11.3]],"c":true}]},{"i":{"x":0.833,"y":0.833},"o":{"x":0.167,"y":0.167},"t":3,"s":[{"i":[[1,-1.9],[-0.3,6.4],[11.3,0],[-0.607,-12.599],[0.782,-0.396],[-11.089,-6.792],[-1.4,-2],[-3.7,0],[-3.7,0],[-3.7,0],[-2.3,3.3],[-0.6,7]],"o":[[-3.3,5.9],[0.6,-12.5],[-11.3,0],[0.317,6.629],[-0.804,0.876],[0.6,7],[2.3,3.3],[3.7,0],[3.7,0],[3.7,0],[1.4,-2],[12.9,-7.8]],"v":[[27.9,-8.4],[20.2,-6],[0,-29],[-20.206,-5.776],[-28.557,-6.499],[-19.2,11.3],[-16.3,28.2],[-7.4,24.8],[0,29],[7.4,24.8],[16.3,28.2],[19.2,11.3]],"c":true}]},{"i":{"x":0.833,"y":0.833},"o":{"x":0.167,"y":0.167},"t":5,"s":[{"i":[[1,-1.9],[-0.3,6.4],[11.3,0],[-0.615,-12.598],[-1.904,-7.109],[-9.158,-5.823],[-1.4,-2],[-3.7,0],[-3.7,0],[-3.7,0],[-2.3,3.3],[-0.6,7]],"o":[[-3.3,5.9],[0.6,-12.5],[-11.3,0],[0.336,6.872],[-0.488,3.836],[0.6,7],[2.3,3.3],[3.7,0],[3.7,0],[3.7,0],[1.4,-2],[12.9,-7.8]],"v":[[27.9,-8.4],[20.2,-6],[0,-29],[-20.213,-5.645],[-28.223,0.587],[-19.2,11.3],[-16.3,28.2],[-7.4,24.8],[0,29],[7.4,24.8],[16.3,28.2],[19.2,11.3]],"c":true}]},{"i":{"x":0,"y":1},"o":{"x":0.167,"y":0.167},"t":7,"s":[{"i":[[1,-1.9],[-0.3,6.4],[11.3,0],[-0.807,-12.587],[-0.882,-8.984],[-6.975,-4.727],[-1.4,-2],[-3.7,0],[-3.7,0],[-3.7,0],[-2.3,3.3],[-0.6,7]],"o":[[-3.3,5.9],[0.6,-12.5],[-11.3,0],[0.31,5.086],[-0.132,7.183],[0.6,7],[2.3,3.3],[3.7,0],[3.7,0],[3.7,0],[1.4,-2],[12.9,-7.8]],"v":[[27.9,-8.4],[20.2,-6],[0,-29],[-20.22,-5.496],[-28.412,5.773],[-19.2,11.3],[-16.3,28.2],[-7.4,24.8],[0,29],[7.4,24.8],[16.3,28.2],[19.2,11.3]],"c":true}]},{"i":{"x":0.833,"y":0.714},"o":{"x":0.333,"y":0},"t":24,"s":[{"i":[[1,-1.9],[-0.3,6.4],[11.3,0],[-0.941,-12.579],[-2.35,-12.2],[-3.133,-2.8],[-1.4,-2],[-3.7,0],[-3.7,0],[-3.7,0],[-2.3,3.3],[-0.6,7]],"o":[[-3.3,5.9],[0.6,-12.5],[-11.3,0],[0.317,4.233],[0.613,3.184],[0.6,7],[2.3,3.3],[3.7,0],[3.7,0],[3.7,0],[1.4,-2],[12.9,-7.8]],"v":[[27.9,-8.4],[20.2,-6],[0,-29],[-20.233,-5.233],[-27.233,15.033],[-19.2,11.3],[-16.3,28.2],[-7.4,24.8],[0,29],[7.4,24.8],[16.3,28.2],[19.2,11.3]],"c":true}]},{"i":{"x":0.833,"y":0.714},"o":{"x":0.167,"y":0.286},"t":25.75,"s":[{"i":[[1,-1.9],[-0.3,6.4],[11.3,0],[-0.883,-12.583],[-2.62,-10.631],[-4.803,-3.638],[-1.4,-2],[-3.7,0],[-3.7,0],[-3.7,0],[-2.3,3.3],[-0.6,7]],"o":[[-3.3,5.9],[0.6,-12.5],[-11.3,0],[0.314,4.604],[0.764,5.132],[0.6,7],[2.3,3.3],[3.7,0],[3.7,0],[3.7,0],[1.4,-2],[12.9,-7.8]],"v":[[27.9,-8.4],[20.2,-6],[0,-29],[-20.228,-5.347],[-27.084,13.119],[-19.2,11.3],[-16.3,28.2],[-7.4,24.8],[0,29],[7.4,24.8],[16.3,28.2],[19.2,11.3]],"c":true}]},{"i":{"x":0.833,"y":0.714},"o":{"x":0.167,"y":0.286},"t":26.917,"s":[{"i":[[1,-1.9],[-0.3,6.4],[11.3,0],[-0.82,-12.587],[-2.908,-8.957],[-6.584,-4.531],[-1.4,-2],[-3.7,0],[-3.7,0],[-3.7,0],[-2.3,3.3],[-0.6,7]],"o":[[-3.3,5.9],[0.6,-12.5],[-11.3,0],[0.311,4.999],[0.925,7.209],[0.6,7],[2.3,3.3],[3.7,0],[3.7,0],[3.7,0],[1.4,-2],[12.9,-7.8]],"v":[[27.9,-8.4],[20.2,-6],[0,-29],[-20.222,-5.469],[-28.302,7.289],[-19.2,11.3],[-16.3,28.2],[-7.4,24.8],[0,29],[7.4,24.8],[16.3,28.2],[19.2,11.3]],"c":true}]},{"i":{"x":0,"y":1},"o":{"x":0.167,"y":0.286},"t":28.667,"s":[{"i":[[1,-1.9],[-0.3,6.4],[11.3,0],[-0.712,-12.593],[0.561,-4.952],[-9.678,-6.083],[-1.4,-2],[-3.7,0],[-3.7,0],[-3.7,0],[-2.3,3.3],[-0.6,7]],"o":[[-3.3,5.9],[0.6,-12.5],[-11.3,0],[0.305,5.685],[-0.067,2.748],[0.6,7],[2.3,3.3],[3.7,0],[3.7,0],[3.7,0],[1.4,-2],[12.9,-7.8]],"v":[[27.9,-8.4],[20.2,-6],[0,-29],[-20.211,-5.68],[-29.272,-1.18],[-19.2,11.3],[-16.3,28.2],[-7.4,24.8],[0,29],[7.4,24.8],[16.3,28.2],[19.2,11.3]],"c":true}]},{"t":38,"s":[{"i":[[1,-1.9],[-0.3,6.4],[11.3,0],[-0.6,-12.6],[3.3,5.9],[-12.9,-7.7],[-1.4,-2],[-3.7,0],[-3.7,0],[-3.7,0],[-2.3,3.3],[-0.6,7]],"o":[[-3.3,5.9],[0.6,-12.5],[-11.3,0],[0.3,6.4],[-1.1,-1.9],[0.6,7],[2.3,3.3],[3.7,0],[3.7,0],[3.7,0],[1.4,-2],[12.9,-7.8]],"v":[[27.9,-8.4],[20.2,-6],[0,-29],[-20.2,-5.9],[-27.9,-8.3],[-19.2,11.3],[-16.3,28.2],[-7.4,24.8],[0,29],[7.4,24.8],[16.3,28.2],[19.2,11.3]],"c":true}]}],"ix":2},"nm":"Path 1","mn":"ADBE Vector Shape - Group","hd":false},{"ty":"gf","o":{"a":0,"k":100,"ix":10},"r":1,"bm":0,"g":{"p":9,"k":{"a":0,"k":[0.321,1,1,1,0.444,0.994,0.996,0.996,0.567,0.988,0.992,0.992,0.649,0.971,0.978,0.98,0.732,0.953,0.965,0.969,0.802,0.924,0.939,0.947,0.873,0.894,0.914,0.925,0.936,0.853,0.88,0.896,1,0.812,0.847,0.867],"ix":9}},"s":{"a":0,"k":[0,0],"ix":5},"e":{"a":0,"k":[0,-33],"ix":6},"t":2,"h":{"a":0,"k":0,"ix":7},"a":{"a":0,"k":0,"ix":8},"nm":"bodygradientadzfafzafazfzafa","mn":"ADBE Vector Graphic - G-Fill","hd":false},{"ty":"tr","p":{"a":0,"k":[0,0],"ix":2},"a":{"a":0,"k":[0,0],"ix":1},"s":{"a":0,"k":[100,100],"ix":3},"r":{"a":0,"k":0,"ix":6},"o":{"a":0,"k":100,"ix":7},"sk":{"a":0,"k":0,"ix":4},"sa":{"a":0,"k":0,"ix":5},"nm":"Transform"}],"nm":"Body","np":2,"cix":2,"bm":0,"ix":1,"mn":"ADBE Vector Group","hd":false}],"ip":0,"op":48,"st":0,"bm":0},{"ddd":0,"ind":12,"ty":4,"nm":"Body","parent":1,"sr":1,"ks":{"o":{"a":0,"k":100,"ix":11},"r":{"a":0,"k":0,"ix":10},"p":{"a":0,"k":[0,4.167,0],"ix":2},"a":{"a":0,"k":[-0.022,0.057,0],"ix":1},"s":{"a":0,"k":[100,100,100],"ix":6}},"ao":0,"hasMask":true,"masksProperties":[{"inv":false,"mode":"a","pt":{"a":0,"k":{"i":[[0,0],[0,0],[0,0],[0,0]],"o":[[0,0],[0,0],[0,0],[0,0]],"v":[[0.053,-39.5],[-73.667,-39.5],[-73.667,47.28],[0.053,47.28]],"c":true},"ix":1},"o":{"a":0,"k":100,"ix":3},"x":{"a":0,"k":0,"ix":4},"nm":"Mask 1"}],"shapes":[{"ty":"gr","it":[{"ind":0,"ty":"sh","ix":1,"ks":{"a":1,"k":[{"i":{"x":0.833,"y":0.833},"o":{"x":0.333,"y":0},"t":0,"s":[{"i":[[1,-1.9],[-0.3,6.4],[11.3,0],[-0.6,-12.6],[3.3,5.9],[-12.9,-7.7],[-1.4,-2],[-3.7,0],[-3.7,0],[-3.7,0],[-2.3,3.3],[-0.6,7]],"o":[[-3.3,5.9],[0.6,-12.5],[-11.3,0],[0.3,6.4],[-1.1,-1.9],[0.6,7],[2.3,3.3],[3.7,0],[3.7,0],[3.7,0],[1.4,-2],[12.9,-7.8]],"v":[[27.9,-8.4],[20.2,-6],[0,-29],[-20.2,-5.9],[-27.9,-8.3],[-19.2,11.3],[-16.3,28.2],[-7.4,24.8],[0,29],[7.4,24.8],[16.3,28.2],[19.2,11.3]],"c":true}]},{"i":{"x":0.833,"y":0.833},"o":{"x":0.167,"y":0.167},"t":3,"s":[{"i":[[1,-1.9],[-0.3,6.4],[11.3,0],[-0.607,-12.599],[0.782,-0.396],[-11.089,-6.792],[-1.4,-2],[-3.7,0],[-3.7,0],[-3.7,0],[-2.3,3.3],[-0.6,7]],"o":[[-3.3,5.9],[0.6,-12.5],[-11.3,0],[0.317,6.629],[-0.804,0.876],[0.6,7],[2.3,3.3],[3.7,0],[3.7,0],[3.7,0],[1.4,-2],[12.9,-7.8]],"v":[[27.9,-8.4],[20.2,-6],[0,-29],[-20.206,-5.776],[-28.557,-6.499],[-19.2,11.3],[-16.3,28.2],[-7.4,24.8],[0,29],[7.4,24.8],[16.3,28.2],[19.2,11.3]],"c":true}]},{"i":{"x":0.833,"y":0.833},"o":{"x":0.167,"y":0.167},"t":5,"s":[{"i":[[1,-1.9],[-0.3,6.4],[11.3,0],[-0.615,-12.598],[-1.904,-7.109],[-9.158,-5.823],[-1.4,-2],[-3.7,0],[-3.7,0],[-3.7,0],[-2.3,3.3],[-0.6,7]],"o":[[-3.3,5.9],[0.6,-12.5],[-11.3,0],[0.336,6.872],[-0.488,3.836],[0.6,7],[2.3,3.3],[3.7,0],[3.7,0],[3.7,0],[1.4,-2],[12.9,-7.8]],"v":[[27.9,-8.4],[20.2,-6],[0,-29],[-20.213,-5.645],[-28.223,0.587],[-19.2,11.3],[-16.3,28.2],[-7.4,24.8],[0,29],[7.4,24.8],[16.3,28.2],[19.2,11.3]],"c":true}]},{"i":{"x":0,"y":1},"o":{"x":0.167,"y":0.167},"t":7,"s":[{"i":[[1,-1.9],[-0.3,6.4],[11.3,0],[-0.807,-12.587],[-0.882,-8.984],[-6.975,-4.727],[-1.4,-2],[-3.7,0],[-3.7,0],[-3.7,0],[-2.3,3.3],[-0.6,7]],"o":[[-3.3,5.9],[0.6,-12.5],[-11.3,0],[0.31,5.086],[-0.132,7.183],[0.6,7],[2.3,3.3],[3.7,0],[3.7,0],[3.7,0],[1.4,-2],[12.9,-7.8]],"v":[[27.9,-8.4],[20.2,-6],[0,-29],[-20.22,-5.496],[-28.412,5.773],[-19.2,11.3],[-16.3,28.2],[-7.4,24.8],[0,29],[7.4,24.8],[16.3,28.2],[19.2,11.3]],"c":true}]},{"i":{"x":0.833,"y":0.714},"o":{"x":0.333,"y":0},"t":24,"s":[{"i":[[1,-1.9],[-0.3,6.4],[11.3,0],[-0.941,-12.579],[-2.35,-12.2],[-3.133,-2.8],[-1.4,-2],[-3.7,0],[-3.7,0],[-3.7,0],[-2.3,3.3],[-0.6,7]],"o":[[-3.3,5.9],[0.6,-12.5],[-11.3,0],[0.317,4.233],[0.613,3.184],[0.6,7],[2.3,3.3],[3.7,0],[3.7,0],[3.7,0],[1.4,-2],[12.9,-7.8]],"v":[[27.9,-8.4],[20.2,-6],[0,-29],[-20.233,-5.233],[-27.233,15.033],[-19.2,11.3],[-16.3,28.2],[-7.4,24.8],[0,29],[7.4,24.8],[16.3,28.2],[19.2,11.3]],"c":true}]},{"i":{"x":0.833,"y":0.714},"o":{"x":0.167,"y":0.286},"t":25.75,"s":[{"i":[[1,-1.9],[-0.3,6.4],[11.3,0],[-0.883,-12.583],[-2.62,-10.631],[-4.803,-3.638],[-1.4,-2],[-3.7,0],[-3.7,0],[-3.7,0],[-2.3,3.3],[-0.6,7]],"o":[[-3.3,5.9],[0.6,-12.5],[-11.3,0],[0.314,4.604],[0.764,5.132],[0.6,7],[2.3,3.3],[3.7,0],[3.7,0],[3.7,0],[1.4,-2],[12.9,-7.8]],"v":[[27.9,-8.4],[20.2,-6],[0,-29],[-20.228,-5.347],[-27.084,13.119],[-19.2,11.3],[-16.3,28.2],[-7.4,24.8],[0,29],[7.4,24.8],[16.3,28.2],[19.2,11.3]],"c":true}]},{"i":{"x":0.833,"y":0.714},"o":{"x":0.167,"y":0.286},"t":26.917,"s":[{"i":[[1,-1.9],[-0.3,6.4],[11.3,0],[-0.82,-12.587],[-2.908,-8.957],[-6.584,-4.531],[-1.4,-2],[-3.7,0],[-3.7,0],[-3.7,0],[-2.3,3.3],[-0.6,7]],"o":[[-3.3,5.9],[0.6,-12.5],[-11.3,0],[0.311,4.999],[0.925,7.209],[0.6,7],[2.3,3.3],[3.7,0],[3.7,0],[3.7,0],[1.4,-2],[12.9,-7.8]],"v":[[27.9,-8.4],[20.2,-6],[0,-29],[-20.222,-5.469],[-28.302,7.289],[-19.2,11.3],[-16.3,28.2],[-7.4,24.8],[0,29],[7.4,24.8],[16.3,28.2],[19.2,11.3]],"c":true}]},{"i":{"x":0,"y":1},"o":{"x":0.167,"y":0.286},"t":28.667,"s":[{"i":[[1,-1.9],[-0.3,6.4],[11.3,0],[-0.712,-12.593],[0.561,-4.952],[-9.678,-6.083],[-1.4,-2],[-3.7,0],[-3.7,0],[-3.7,0],[-2.3,3.3],[-0.6,7]],"o":[[-3.3,5.9],[0.6,-12.5],[-11.3,0],[0.305,5.685],[-0.067,2.748],[0.6,7],[2.3,3.3],[3.7,0],[3.7,0],[3.7,0],[1.4,-2],[12.9,-7.8]],"v":[[27.9,-8.4],[20.2,-6],[0,-29],[-20.211,-5.68],[-29.272,-1.18],[-19.2,11.3],[-16.3,28.2],[-7.4,24.8],[0,29],[7.4,24.8],[16.3,28.2],[19.2,11.3]],"c":true}]},{"t":38,"s":[{"i":[[1,-1.9],[-0.3,6.4],[11.3,0],[-0.6,-12.6],[3.3,5.9],[-12.9,-7.7],[-1.4,-2],[-3.7,0],[-3.7,0],[-3.7,0],[-2.3,3.3],[-0.6,7]],"o":[[-3.3,5.9],[0.6,-12.5],[-11.3,0],[0.3,6.4],[-1.1,-1.9],[0.6,7],[2.3,3.3],[3.7,0],[3.7,0],[3.7,0],[1.4,-2],[12.9,-7.8]],"v":[[27.9,-8.4],[20.2,-6],[0,-29],[-20.2,-5.9],[-27.9,-8.3],[-19.2,11.3],[-16.3,28.2],[-7.4,24.8],[0,29],[7.4,24.8],[16.3,28.2],[19.2,11.3]],"c":true}]}],"ix":2},"nm":"Path 1","mn":"ADBE Vector Shape - Group","hd":false},{"ty":"gf","o":{"a":0,"k":100,"ix":10},"r":1,"bm":0,"g":{"p":9,"k":{"a":0,"k":[0.321,1,1,1,0.444,0.994,0.996,0.996,0.567,0.988,0.992,0.992,0.649,0.971,0.978,0.98,0.732,0.953,0.965,0.969,0.802,0.924,0.939,0.947,0.873,0.894,0.914,0.925,0.936,0.853,0.88,0.896,1,0.812,0.847,0.867],"ix":9}},"s":{"a":0,"k":[0,0],"ix":5},"e":{"a":0,"k":[0,-33],"ix":6},"t":2,"h":{"a":0,"k":0,"ix":7},"a":{"a":0,"k":0,"ix":8},"nm":"bodygradient","mn":"ADBE Vector Graphic - G-Fill","hd":false},{"ty":"tr","p":{"a":0,"k":[0,0],"ix":2},"a":{"a":0,"k":[0,0],"ix":1},"s":{"a":0,"k":[100,100],"ix":3},"r":{"a":0,"k":0,"ix":6},"o":{"a":0,"k":100,"ix":7},"sk":{"a":0,"k":0,"ix":4},"sa":{"a":0,"k":0,"ix":5},"nm":"Transform"}],"nm":"Body","np":2,"cix":2,"bm":0,"ix":1,"mn":"ADBE Vector Group","hd":false}],"ip":0,"op":48,"st":0,"bm":0}]}],"layers":[{"ddd":0,"ind":1,"ty":0,"nm":"ghost","refId":"comp_0","sr":1,"ks":{"o":{"a":0,"k":100,"ix":11},"r":{"a":0,"k":0,"ix":10},"p":{"a":0,"k":[512,538,0],"ix":2},"a":{"a":0,"k":[512,512,0],"ix":1},"s":{"a":0,"k":[100,100,100],"ix":6}},"ao":0,"w":1024,"h":1024,"ip":0,"op":48,"st":0,"bm":0}],"markers":[]}