{"v":"5.6.2","fr":24,"ip":0,"op":48,"w":1024,"h":1024,"nm":"alien","ddd":0,"assets":[{"id":"comp_0","layers":[{"ddd":0,"ind":1,"ty":4,"nm":"Hand","sr":1,"ks":{"o":{"a":0,"k":100,"ix":11},"r":{"a":1,"k":[{"i":{"x":[0.833],"y":[0.833]},"o":{"x":[0.39],"y":[0.142]},"t":4,"s":[73]},{"i":{"x":[0],"y":[1]},"o":{"x":[0.167],"y":[0.167]},"t":6,"s":[53.558]},{"i":{"x":[0.659],"y":[-2.468]},"o":{"x":[0.297],"y":[0]},"t":24,"s":[-12]},{"i":{"x":[0.815],"y":[0.902]},"o":{"x":[0.425],"y":[0.262]},"t":30,"s":[-7.15]},{"t":36,"s":[73]}],"ix":10},"p":{"a":1,"k":[{"i":{"x":0,"y":1},"o":{"x":0.167,"y":0.167},"t":4,"s":[702.058,1149.708,0],"to":[10,-42.667,0],"ti":[0,0,0]},{"i":{"x":0.833,"y":0.833},"o":{"x":0.333,"y":0},"t":24,"s":[762.058,893.708,0],"to":[0,0,0],"ti":[10,-42.667,0]},{"t":36,"s":[702.058,1149.708,0]}],"ix":2},"a":{"a":0,"k":[640.058,-554.292,0],"ix":1},"s":{"a":1,"k":[{"i":{"x":[0,0,0.667],"y":[1,1,1]},"o":{"x":[0.167,0.167,0.167],"y":[0.167,0.167,0]},"t":4,"s":[331,331,100]},{"i":{"x":[0.833,0.833,0.833],"y":[0.833,0.833,1]},"o":{"x":[0.333,0.333,0.333],"y":[0,0,0]},"t":24,"s":[689,689,100]},{"t":36,"s":[331,331,100]}],"ix":6}},"ao":0,"shapes":[{"ty":"gr","it":[{"ty":"gr","it":[{"ind":0,"ty":"sh","ix":1,"ks":{"a":0,"k":{"i":[[0,0],[-5.033,2.455],[3.354,0.096],[3.054,0],[3.86,-4.062],[-1.189,1.307],[-3.312,0],[-3.699,-0.109],[3.4,-1.664],[2.735,-6.35]],"o":[[2.301,-5.342],[4.699,-2.301],[-3.562,-0.105],[-3.374,0],[-1.646,1.734],[2.833,-3.106],[3.338,0],[1.504,0.043],[-5.175,2.527],[0,0]],"v":[[632.011,-566.536],[647.694,-571.102],[648.281,-578.731],[636.661,-580.659],[623.363,-575.792],[624.703,-574.977],[636.661,-579.298],[648.241,-577.233],[647.067,-572.458],[630.676,-567.145]],"c":true},"ix":2},"nm":"Path 1","mn":"ADBE Vector Shape - Group","hd":false},{"ty":"fl","c":{"a":0,"k":[0.435294147566,0.682352941176,0,1],"ix":4},"o":{"a":0,"k":100,"ix":5},"r":1,"bm":0,"nm":"Fill 1","mn":"ADBE Vector Graphic - Fill","hd":false},{"ty":"tr","p":{"a":0,"k":[0,0],"ix":2},"a":{"a":0,"k":[0,0],"ix":1},"s":{"a":0,"k":[100,100],"ix":3},"r":{"a":0,"k":0,"ix":6},"o":{"a":0,"k":100,"ix":7},"sk":{"a":0,"k":0,"ix":4},"sa":{"a":0,"k":0,"ix":5},"nm":"Transform"}],"nm":"Group 1","np":2,"cix":2,"bm":0,"ix":1,"mn":"ADBE Vector Group","hd":false},{"ty":"gr","it":[{"ind":0,"ty":"sh","ix":1,"ks":{"a":0,"k":{"i":[[-1.199,0.006],[-5.779,-0.17],[3.831,-1.875],[2.47,-5.734],[-1.053,2.717]],"o":[[1.718,-0.01],[2.531,0.072],[-5.335,2.605],[-0.608,1.412],[2.651,-6.846]],"v":[[636.692,-579.708],[648.261,-577.983],[647.381,-571.78],[631.344,-566.841],[622.884,-571.823]],"c":true},"ix":2},"nm":"Path 1","mn":"ADBE Vector Shape - Group","hd":false},{"ty":"gf","o":{"a":0,"k":100,"ix":10},"r":1,"bm":0,"g":{"p":3,"k":{"a":0,"k":[0,0.573,0.788,0.196,0.355,0.647,0.894,0.222,1,0.722,1,0.247],"ix":9}},"s":{"a":0,"k":[667.819,-565],"ix":5},"e":{"a":0,"k":[584.378,-570.354],"ix":6},"t":1,"nm":"Head62G","mn":"ADBE Vector Graphic - G-Fill","hd":false},{"ty":"tr","p":{"a":0,"k":[0,0],"ix":2},"a":{"a":0,"k":[0,0],"ix":1},"s":{"a":0,"k":[100,100],"ix":3},"r":{"a":0,"k":0,"ix":6},"o":{"a":0,"k":100,"ix":7},"sk":{"a":0,"k":0,"ix":4},"sa":{"a":0,"k":0,"ix":5},"nm":"Transform"}],"nm":"Group 2","np":2,"cix":2,"bm":0,"ix":2,"mn":"ADBE Vector Group","hd":false},{"ty":"tr","p":{"a":0,"k":[0,0],"ix":2},"a":{"a":0,"k":[0,0],"ix":1},"s":{"a":0,"k":[100,100],"ix":3},"r":{"a":0,"k":0,"ix":6},"o":{"a":0,"k":100,"ix":7},"sk":{"a":0,"k":0,"ix":4},"sa":{"a":0,"k":0,"ix":5},"nm":"Transform"}],"nm":"Group 1","np":2,"cix":2,"bm":0,"ix":1,"mn":"ADBE Vector Group","hd":false},{"ty":"gr","it":[{"ty":"gr","it":[{"ind":0,"ty":"sh","ix":1,"ks":{"a":0,"k":{"i":[[0,0],[0.592,-5.262],[0,0],[-0.592,5.24]],"o":[[0.586,-5.258],[0,0],[-0.588,5.236],[0,0]],"v":[[651.706,-580.395],[644.546,-581.081],[643.852,-574.884],[651.016,-574.223]],"c":true},"ix":2},"nm":"Path 1","mn":"ADBE Vector Shape - Group","hd":false},{"ty":"gf","o":{"a":0,"k":100,"ix":10},"r":1,"bm":0,"g":{"p":3,"k":{"a":0,"k":[0,0.573,0.788,0.196,0.355,0.647,0.894,0.222,1,0.722,1,0.247],"ix":9}},"s":{"a":0,"k":[647.83,-570.136],"ix":5},"e":{"a":0,"k":[652.775,-596.112],"ix":6},"t":1,"nm":"Head21G","mn":"ADBE Vector Graphic - G-Fill","hd":false},{"ty":"tr","p":{"a":0,"k":[0,0],"ix":2},"a":{"a":0,"k":[0,0],"ix":1},"s":{"a":0,"k":[100,100],"ix":3},"r":{"a":0,"k":0,"ix":6},"o":{"a":0,"k":100,"ix":7},"sk":{"a":0,"k":0,"ix":4},"sa":{"a":0,"k":0,"ix":5},"nm":"Transform"}],"nm":"Group 1","np":2,"cix":2,"bm":0,"ix":1,"mn":"ADBE Vector Group","hd":false},{"ty":"gr","it":[{"ind":0,"ty":"sh","ix":1,"ks":{"a":0,"k":{"i":[[0,0],[0.748,-7.299],[0,0],[-0.758,7.232]],"o":[[0.828,-7.316],[0,0],[-0.822,7.242],[0,0]],"v":[[653.198,-580.202],[643.069,-581.173],[642.362,-575.05],[652.497,-574.118]],"c":true},"ix":2},"nm":"Path 1","mn":"ADBE Vector Shape - Group","hd":false},{"ty":"fl","c":{"a":0,"k":[0.435294147566,0.682352941176,0,1],"ix":4},"o":{"a":0,"k":100,"ix":5},"r":1,"bm":0,"nm":"Fill 1","mn":"ADBE Vector Graphic - Fill","hd":false},{"ty":"tr","p":{"a":0,"k":[0,0],"ix":2},"a":{"a":0,"k":[0,0],"ix":1},"s":{"a":0,"k":[100,100],"ix":3},"r":{"a":0,"k":0,"ix":6},"o":{"a":0,"k":100,"ix":7},"sk":{"a":0,"k":0,"ix":4},"sa":{"a":0,"k":0,"ix":5},"nm":"Transform"}],"nm":"Group 2","np":2,"cix":2,"bm":0,"ix":2,"mn":"ADBE Vector Group","hd":false},{"ty":"gr","it":[{"ind":0,"ty":"sh","ix":1,"ks":{"a":0,"k":{"i":[[0,0],[0.594,-5.262],[0,0],[-0.593,5.238]],"o":[[0.586,-5.256],[0,0],[-0.59,5.236],[0,0]],"v":[[660.018,-576.772],[652.858,-577.458],[652.167,-571.259],[659.332,-570.598]],"c":true},"ix":2},"nm":"Path 1","mn":"ADBE Vector Shape - Group","hd":false},{"ty":"gf","o":{"a":0,"k":100,"ix":10},"r":1,"bm":0,"g":{"p":3,"k":{"a":0,"k":[0,0.573,0.788,0.196,0.355,0.647,0.894,0.222,1,0.722,1,0.247],"ix":9}},"s":{"a":0,"k":[654.198,-562.373],"ix":5},"e":{"a":0,"k":[661.984,-600.495],"ix":6},"t":1,"nm":"Head23G","mn":"ADBE Vector Graphic - G-Fill","hd":false},{"ty":"tr","p":{"a":0,"k":[0,0],"ix":2},"a":{"a":0,"k":[0,0],"ix":1},"s":{"a":0,"k":[100,100],"ix":3},"r":{"a":0,"k":0,"ix":6},"o":{"a":0,"k":100,"ix":7},"sk":{"a":0,"k":0,"ix":4},"sa":{"a":0,"k":0,"ix":5},"nm":"Transform"}],"nm":"Group 3","np":2,"cix":2,"bm":0,"ix":3,"mn":"ADBE Vector Group","hd":false},{"ty":"gr","it":[{"ind":0,"ty":"sh","ix":1,"ks":{"a":0,"k":{"i":[[0,0],[0.75,-7.297],[0,0],[-0.758,7.23]],"o":[[0.828,-7.316],[0,0],[-0.822,7.242],[0,0]],"v":[[661.51,-576.579],[651.381,-577.55],[650.674,-571.427],[660.811,-570.493]],"c":true},"ix":2},"nm":"Path 1","mn":"ADBE Vector Shape - Group","hd":false},{"ty":"fl","c":{"a":0,"k":[0.435294147566,0.682352941176,0,1],"ix":4},"o":{"a":0,"k":100,"ix":5},"r":1,"bm":0,"nm":"Fill 1","mn":"ADBE Vector Graphic - Fill","hd":false},{"ty":"tr","p":{"a":0,"k":[0,0],"ix":2},"a":{"a":0,"k":[0,0],"ix":1},"s":{"a":0,"k":[100,100],"ix":3},"r":{"a":0,"k":0,"ix":6},"o":{"a":0,"k":100,"ix":7},"sk":{"a":0,"k":0,"ix":4},"sa":{"a":0,"k":0,"ix":5},"nm":"Transform"}],"nm":"Group 4","np":2,"cix":2,"bm":0,"ix":4,"mn":"ADBE Vector Group","hd":false},{"ty":"tr","p":{"a":0,"k":[0,0],"ix":2},"a":{"a":0,"k":[0,0],"ix":1},"s":{"a":0,"k":[100,100],"ix":3},"r":{"a":0,"k":0,"ix":6},"o":{"a":0,"k":100,"ix":7},"sk":{"a":0,"k":0,"ix":4},"sa":{"a":0,"k":0,"ix":5},"nm":"Transform"}],"nm":"Group 2","np":4,"cix":2,"bm":0,"ix":2,"mn":"ADBE Vector Group","hd":false},{"ty":"gr","it":[{"ind":0,"ty":"sh","ix":1,"ks":{"a":0,"k":{"i":[[-1.175,-5.158],[-2.035,0.014],[-2.648,19.045],[0.659,-5.408],[0,0],[11.627,-5.547],[2.738,13.047]],"o":[[1.973,8.654],[0.962,-0.007],[0.75,-5.399],[-1.398,11.49],[-0.355,1.867],[0.238,-7.736],[-1.087,-5.18]],"v":[[627.293,-604.038],[633.778,-582.985],[638.868,-604.358],[645.992,-603.044],[641.965,-578.78],[624.855,-576.491],[620.193,-602.587]],"c":true},"ix":2},"nm":"Path 1","mn":"ADBE Vector Shape - Group","hd":false},{"ty":"gf","o":{"a":0,"k":100,"ix":10},"r":1,"bm":0,"g":{"p":3,"k":{"a":0,"k":[0,0.573,0.788,0.196,0.355,0.647,0.894,0.222,1,0.722,1,0.247],"ix":9}},"s":{"a":0,"k":[649.48,-591.738],"ix":5},"e":{"a":0,"k":[599.919,-590.068],"ix":6},"t":1,"nm":"Head3G","mn":"ADBE Vector Graphic - G-Fill","hd":false},{"ty":"tr","p":{"a":0,"k":[0,0],"ix":2},"a":{"a":0,"k":[0,0],"ix":1},"s":{"a":0,"k":[100,100],"ix":3},"r":{"a":0,"k":0,"ix":6},"o":{"a":0,"k":100,"ix":7},"sk":{"a":0,"k":0,"ix":4},"sa":{"a":0,"k":0,"ix":5},"nm":"Transform"}],"nm":"Group 3","np":2,"cix":2,"bm":0,"ix":3,"mn":"ADBE Vector Group","hd":false},{"ty":"gr","it":[{"ind":0,"ty":"sh","ix":1,"ks":{"a":0,"k":{"i":[[3.039,14.065],[-1.606,-7.049],[-0.874,-1.664],[-1.178,8.49],[0.862,-7.09],[0.002,-0.006],[8.853,-6.685]],"o":[[-1.45,-6.714],[1.971,8.654],[0.797,-1.801],[0.927,-6.688],[-1.398,11.488],[-3.682,3.041],[0.466,-7.73]],"v":[[618.705,-602.444],[628.626,-604.489],[633.733,-585.026],[637.519,-605.01],[647.462,-603.081],[643.74,-580.171],[623.306,-575.321]],"c":true},"ix":2},"nm":"Path 1","mn":"ADBE Vector Shape - Group","hd":false},{"ty":"fl","c":{"a":0,"k":[0.435983216529,0.683700980392,0,1],"ix":4},"o":{"a":0,"k":100,"ix":5},"r":1,"bm":0,"nm":"Fill 1","mn":"ADBE Vector Graphic - Fill","hd":false},{"ty":"tr","p":{"a":0,"k":[0,0],"ix":2},"a":{"a":0,"k":[0,0],"ix":1},"s":{"a":0,"k":[100,100],"ix":3},"r":{"a":0,"k":0,"ix":6},"o":{"a":0,"k":100,"ix":7},"sk":{"a":0,"k":0,"ix":4},"sa":{"a":0,"k":0,"ix":5},"nm":"Transform"}],"nm":"Group 4","np":2,"cix":2,"bm":0,"ix":4,"mn":"ADBE Vector Group","hd":false},{"ty":"gr","it":[{"ind":0,"ty":"sh","ix":1,"ks":{"a":0,"k":{"i":[[4.005,-1.029],[0,0],[-1.431,-7.764]],"o":[[0,0],[4.217,-0.85],[-2.105,-6.828]],"v":[[630.016,-570.098],[631.029,-571.362],[644.754,-559.76]],"c":true},"ix":2},"nm":"Path 1","mn":"ADBE Vector Shape - Group","hd":false},{"ty":"fl","c":{"a":0,"k":[0.462745127958,0.717647058824,0.023529413635,1],"ix":4},"o":{"a":0,"k":100,"ix":5},"r":1,"bm":0,"nm":"Fill 1","mn":"ADBE Vector Graphic - Fill","hd":false},{"ty":"tr","p":{"a":0,"k":[0,0],"ix":2},"a":{"a":0,"k":[0,0],"ix":1},"s":{"a":0,"k":[100,100],"ix":3},"r":{"a":0,"k":0,"ix":6},"o":{"a":0,"k":100,"ix":7},"sk":{"a":0,"k":0,"ix":4},"sa":{"a":0,"k":0,"ix":5},"nm":"Transform"}],"nm":"Group 5","np":2,"cix":2,"bm":0,"ix":5,"mn":"ADBE Vector Group","hd":false},{"ty":"gr","it":[{"ty":"gr","it":[{"ind":0,"ty":"sh","ix":1,"ks":{"a":0,"k":{"i":[[-4.618,-6.863],[8.886,-0.086],[2.931,12.213]],"o":[[2.517,18.279],[-4.32,0],[-4.975,-20.727]],"v":[[658.387,-574.743],[640.379,-550.792],[622.547,-564.323]],"c":true},"ix":2},"nm":"Path 1","mn":"ADBE Vector Shape - Group","hd":false},{"ind":1,"ty":"sh","ix":2,"ks":{"a":0,"k":{"i":[[-5.755,-23.98],[-4.676,0],[2.962,20.283]],"o":[[3.18,13.25],[8.681,-0.086],[-1.163,-7.967]],"v":[[621.088,-563.973],[640.379,-549.292],[659.848,-575.114]],"c":true},"ix":2},"nm":"Path 2","mn":"ADBE Vector Shape - Group","hd":false},{"ty":"fl","c":{"a":0,"k":[0.435294147566,0.682352941176,0,1],"ix":4},"o":{"a":0,"k":100,"ix":5},"r":1,"bm":0,"nm":"Fill 1","mn":"ADBE Vector Graphic - Fill","hd":false},{"ty":"tr","p":{"a":0,"k":[0,0],"ix":2},"a":{"a":0,"k":[0,0],"ix":1},"s":{"a":0,"k":[100,100],"ix":3},"r":{"a":0,"k":0,"ix":6},"o":{"a":0,"k":100,"ix":7},"sk":{"a":0,"k":0,"ix":4},"sa":{"a":0,"k":0,"ix":5},"nm":"Transform"}],"nm":"Group 1","np":3,"cix":2,"bm":0,"ix":1,"mn":"ADBE Vector Group","hd":false},{"ty":"gr","it":[{"ind":0,"ty":"sh","ix":1,"ks":{"a":0,"k":{"i":[[-4.615,-7.543],[7.512,-0.074],[2.764,11.514]],"o":[[2.889,20.385],[-6.504,0.062],[-5.257,-21.91]],"v":[[659.112,-575.009],[640.383,-550.044],[621.822,-564.149]],"c":true},"ix":2},"nm":"Path 1","mn":"ADBE Vector Shape - Group","hd":false},{"ty":"gf","o":{"a":0,"k":100,"ix":10},"r":1,"bm":0,"g":{"p":3,"k":{"a":0,"k":[0,0.573,0.788,0.196,0.355,0.647,0.894,0.222,1,0.722,1,0.247],"ix":9}},"s":{"a":0,"k":[667.819,-565],"ix":5},"e":{"a":0,"k":[584.378,-570.354],"ix":6},"t":1,"nm":"Head62G","mn":"ADBE Vector Graphic - G-Fill","hd":false},{"ty":"tr","p":{"a":0,"k":[0,0],"ix":2},"a":{"a":0,"k":[0,0],"ix":1},"s":{"a":0,"k":[100,100],"ix":3},"r":{"a":0,"k":0,"ix":6},"o":{"a":0,"k":100,"ix":7},"sk":{"a":0,"k":0,"ix":4},"sa":{"a":0,"k":0,"ix":5},"nm":"Transform"}],"nm":"Group 2","np":2,"cix":2,"bm":0,"ix":2,"mn":"ADBE Vector Group","hd":false},{"ty":"gr","it":[{"ind":0,"ty":"sh","ix":1,"ks":{"a":0,"k":{"i":[[-4.615,-7.543],[7.512,-0.074],[2.764,11.514]],"o":[[2.889,20.385],[-6.504,0.062],[-5.257,-21.91]],"v":[[659.112,-575.009],[640.383,-550.044],[621.822,-564.149]],"c":true},"ix":2},"nm":"Path 1","mn":"ADBE Vector Shape - Group","hd":false},{"ty":"gf","o":{"a":0,"k":100,"ix":10},"r":1,"bm":0,"g":{"p":3,"k":{"a":0,"k":[0.448,1,0.8,0.4,0.908,0.965,0.755,0.339,1,0.929,0.71,0.278],"ix":9}},"s":{"a":0,"k":[637.819,-571],"ix":5},"e":{"a":0,"k":[614.904,-571],"ix":6},"t":2,"h":{"a":0,"k":0,"ix":7},"a":{"a":0,"k":0,"ix":8},"nm":"Head63G","mn":"ADBE Vector Graphic - G-Fill","hd":false},{"ty":"tr","p":{"a":0,"k":[0,0],"ix":2},"a":{"a":0,"k":[0,0],"ix":1},"s":{"a":0,"k":[100,100],"ix":3},"r":{"a":0,"k":0,"ix":6},"o":{"a":0,"k":100,"ix":7},"sk":{"a":0,"k":0,"ix":4},"sa":{"a":0,"k":0,"ix":5},"nm":"Transform"}],"nm":"Group 3","np":2,"cix":2,"bm":0,"ix":3,"mn":"ADBE Vector Group","hd":false},{"ty":"tr","p":{"a":0,"k":[0,0],"ix":2},"a":{"a":0,"k":[0,0],"ix":1},"s":{"a":0,"k":[100,100],"ix":3},"r":{"a":0,"k":0,"ix":6},"o":{"a":0,"k":100,"ix":7},"sk":{"a":0,"k":0,"ix":4},"sa":{"a":0,"k":0,"ix":5},"nm":"Transform"}],"nm":"Group 6","np":3,"cix":2,"bm":0,"ix":6,"mn":"ADBE Vector Group","hd":false}],"ip":0,"op":48,"st":0,"bm":0},{"ddd":0,"ind":2,"ty":4,"nm":"Head Mask","parent":11,"td":1,"sr":1,"ks":{"o":{"a":0,"k":100,"ix":11},"r":{"a":0,"k":0,"ix":10},"p":{"a":0,"k":[265.556,162.984,0],"ix":2},"a":{"a":0,"k":[265.556,162.984,0],"ix":1},"s":{"a":0,"k":[100,100,100],"ix":6}},"ao":0,"shapes":[{"ty":"gr","it":[{"ind":0,"ty":"sh","ix":1,"ks":{"a":0,"k":{"i":[[27.832,0.482],[-6.643,-15.715],[-7.461,-0.105],[-5.412,12.99]],"o":[[-27.83,0.482],[5.416,12.986],[7.459,-0.107],[6.645,-15.715]],"v":[[265.556,132.984],[240.347,170.189],[265.556,192.984],[290.765,170.189]],"c":true},"ix":2},"nm":"Path 1","mn":"ADBE Vector Shape - Group","hd":false},{"ty":"gf","o":{"a":0,"k":100,"ix":10},"r":1,"bm":0,"g":{"p":3,"k":{"a":0,"k":[0,0.573,0.788,0.196,0.355,0.647,0.894,0.222,1,0.722,1,0.247],"ix":9}},"s":{"a":0,"k":[265,192],"ix":5},"e":{"a":0,"k":[265,132],"ix":6},"t":1,"nm":"HeadmaskG","mn":"ADBE Vector Graphic - G-Fill","hd":false},{"ty":"tr","p":{"a":0,"k":[0,0],"ix":2},"a":{"a":0,"k":[0,0],"ix":1},"s":{"a":0,"k":[100,100],"ix":3},"r":{"a":0,"k":0,"ix":6},"o":{"a":0,"k":100,"ix":7},"sk":{"a":0,"k":0,"ix":4},"sa":{"a":0,"k":0,"ix":5},"nm":"Transform"}],"nm":"Group 1","np":2,"cix":2,"bm":0,"ix":1,"mn":"ADBE Vector Group","hd":false}],"ip":0,"op":48,"st":0,"bm":0},{"ddd":0,"ind":3,"ty":4,"nm":"Hand Shadow","parent":1,"tt":1,"sr":1,"ks":{"o":{"a":0,"k":15,"ix":11},"r":{"a":0,"k":-1.037,"ix":10},"p":{"a":0,"k":[633.408,-550.108,0],"ix":2},"a":{"a":0,"k":[640.058,-554.292,0],"ix":1},"s":{"a":0,"k":[100.66,100.66,100],"ix":6}},"ao":0,"shapes":[{"ty":"gr","it":[{"ind":0,"ty":"sh","ix":1,"ks":{"a":0,"k":{"i":[[-1.175,-5.158],[-2.035,0.014],[-2.648,19.045],[0.659,-5.408],[0,0],[11.627,-5.547],[2.738,13.047]],"o":[[1.973,8.654],[0.962,-0.007],[0.75,-5.399],[-1.398,11.49],[-0.355,1.867],[0.238,-7.736],[-1.087,-5.18]],"v":[[627.293,-604.038],[633.778,-582.985],[638.868,-604.358],[645.992,-603.044],[641.965,-578.78],[624.855,-576.491],[620.193,-602.587]],"c":true},"ix":2},"nm":"Path 1","mn":"ADBE Vector Shape - Group","hd":false},{"ty":"gf","o":{"a":0,"k":100,"ix":10},"r":1,"bm":0,"g":{"p":3,"k":{"a":0,"k":[0,0.102,0.086,0.149,0.355,0.102,0.086,0.149,1,0.102,0.086,0.149],"ix":9}},"s":{"a":0,"k":[600,-592],"ix":5},"e":{"a":0,"k":[625.956,-592],"ix":6},"t":1,"nm":"ShadowG","mn":"ADBE Vector Graphic - G-Fill","hd":false},{"ty":"tr","p":{"a":0,"k":[0,0],"ix":2},"a":{"a":0,"k":[0,0],"ix":1},"s":{"a":0,"k":[100,100],"ix":3},"r":{"a":0,"k":0,"ix":6},"o":{"a":0,"k":100,"ix":7},"sk":{"a":0,"k":0,"ix":4},"sa":{"a":0,"k":0,"ix":5},"nm":"Transform"}],"nm":"Group 3","np":2,"cix":2,"bm":0,"ix":1,"mn":"ADBE Vector Group","hd":false}],"ip":0,"op":48,"st":0,"bm":0},{"ddd":0,"ind":4,"ty":3,"nm":"Head","sr":1,"ks":{"o":{"a":0,"k":100,"ix":11},"r":{"a":1,"k":[{"i":{"x":[0],"y":[1]},"o":{"x":[0.333],"y":[0]},"t":0,"s":[0]},{"i":{"x":[0],"y":[1]},"o":{"x":[0.333],"y":[0]},"t":24,"s":[-12]},{"t":48,"s":[0]}],"ix":10},"p":{"a":1,"k":[{"i":{"x":0,"y":1},"o":{"x":0.167,"y":0},"t":0,"s":[512,792,0],"to":[-10,-3.333,0],"ti":[0,0,0]},{"i":{"x":0,"y":1},"o":{"x":0.333,"y":0},"t":24,"s":[452,772,0],"to":[0,0,0],"ti":[-10,-3.333,0]},{"t":48,"s":[512,792,0]}],"ix":2},"a":{"a":0,"k":[0,0,0],"ix":1},"s":{"a":0,"k":[100,100,100],"ix":6}},"ao":0,"ef":[{"ty":5,"nm":"Controller","np":13,"mn":"Pseudo/DUIK controller","ix":1,"en":1,"ef":[{"ty":6,"nm":"Icon","mn":"Pseudo/DUIK controller-0001","ix":1,"v":0},{"ty":2,"nm":"Color","mn":"Pseudo/DUIK controller-0002","ix":2,"v":{"a":0,"k":[0.92549020052,0.0941176489,0.0941176489,1],"ix":2}},{"ty":3,"nm":"Position","mn":"Pseudo/DUIK controller-0003","ix":3,"v":{"a":0,"k":[0,0],"ix":3}},{"ty":0,"nm":"Size","mn":"Pseudo/DUIK controller-0004","ix":4,"v":{"a":0,"k":100,"ix":4}},{"ty":0,"nm":"Orientation","mn":"Pseudo/DUIK controller-0005","ix":5,"v":{"a":0,"k":0,"ix":5}},{"ty":0,"nm":"Opacity","mn":"Pseudo/DUIK controller-0006","ix":6,"v":{"a":0,"k":100,"ix":6}},{"ty":6,"nm":"","mn":"Pseudo/DUIK controller-0007","ix":7,"v":0},{"ty":6,"nm":"Anchor","mn":"Pseudo/DUIK controller-0008","ix":8,"v":0},{"ty":2,"nm":"Color","mn":"Pseudo/DUIK controller-0009","ix":9,"v":{"a":0,"k":[0,0,0,1],"ix":9}},{"ty":0,"nm":"Size","mn":"Pseudo/DUIK controller-0010","ix":10,"v":{"a":0,"k":100,"ix":10}},{"ty":6,"nm":"","mn":"Pseudo/DUIK controller-0011","ix":11,"v":0}]}],"ip":0,"op":48,"st":0,"bm":0},{"ddd":0,"ind":5,"ty":3,"nm":"Face","parent":4,"sr":1,"ks":{"o":{"a":0,"k":100,"ix":11},"r":{"a":0,"k":0,"ix":10},"p":{"a":1,"k":[{"i":{"x":0.804,"y":0.864},"o":{"x":0.558,"y":0},"t":0,"s":[0,-280,0],"to":[0,-1.461,0],"ti":[0,3.392,0]},{"i":{"x":0.135,"y":1},"o":{"x":0.101,"y":0.16},"t":4,"s":[-1.59,-247.627,0],"to":[0,-12.082,0],"ti":[0,0,0]},{"i":{"x":0,"y":1},"o":{"x":0.333,"y":0},"t":24,"s":[0,-320,0],"to":[0,0,0],"ti":[0,-6.667,0]},{"t":48,"s":[0,-280,0]}],"ix":2},"a":{"a":0,"k":[0,0,0],"ix":1},"s":{"a":0,"k":[100,100,100],"ix":6}},"ao":0,"ef":[{"ty":5,"nm":"Controller","np":13,"mn":"Pseudo/DUIK controller","ix":1,"en":1,"ef":[{"ty":6,"nm":"Icon","mn":"Pseudo/DUIK controller-0001","ix":1,"v":0},{"ty":2,"nm":"Color","mn":"Pseudo/DUIK controller-0002","ix":2,"v":{"a":0,"k":[0.92549020052,0.0941176489,0.0941176489,1],"ix":2}},{"ty":3,"nm":"Position","mn":"Pseudo/DUIK controller-0003","ix":3,"v":{"a":0,"k":[0,0],"ix":3}},{"ty":0,"nm":"Size","mn":"Pseudo/DUIK controller-0004","ix":4,"v":{"a":0,"k":100,"ix":4}},{"ty":0,"nm":"Orientation","mn":"Pseudo/DUIK controller-0005","ix":5,"v":{"a":0,"k":0,"ix":5}},{"ty":0,"nm":"Opacity","mn":"Pseudo/DUIK controller-0006","ix":6,"v":{"a":0,"k":100,"ix":6}},{"ty":6,"nm":"","mn":"Pseudo/DUIK controller-0007","ix":7,"v":0},{"ty":6,"nm":"Anchor","mn":"Pseudo/DUIK controller-0008","ix":8,"v":0},{"ty":2,"nm":"Color","mn":"Pseudo/DUIK controller-0009","ix":9,"v":{"a":0,"k":[0,0,0,1],"ix":9}},{"ty":0,"nm":"Size","mn":"Pseudo/DUIK controller-0010","ix":10,"v":{"a":0,"k":100,"ix":10}},{"ty":6,"nm":"","mn":"Pseudo/DUIK controller-0011","ix":11,"v":0}]}],"ip":0,"op":48,"st":0,"bm":0},{"ddd":0,"ind":6,"ty":4,"nm":"L_Eye","parent":5,"sr":1,"ks":{"o":{"a":0,"k":100,"ix":11},"r":{"a":0,"k":0,"ix":10},"p":{"a":0,"k":[-165.052,29.988,0],"ix":2},"a":{"a":0,"k":[251.802,165.483,0],"ix":1},"s":{"a":0,"k":[1200,1200,100],"ix":6}},"ao":0,"shapes":[{"ty":"gr","it":[{"ind":0,"ty":"sh","ix":1,"ks":{"a":1,"k":[{"i":{"x":0.833,"y":0.833},"o":{"x":0.333,"y":0},"t":0,"s":[{"i":[[-1.033,1.545],[2.262,-18.969],[1.121,-0.191]],"o":[[1.227,-1.836],[-0.135,1.123],[-15.85,2.734]],"v":[[241.757,158.883],[261.878,171.271],[259.136,173.666]],"c":true}]},{"i":{"x":0,"y":1},"o":{"x":0.167,"y":0.167},"t":3,"s":[{"i":[[1.383,1.948],[-11.572,-7.472],[0.421,0.009]],"o":[[-1.278,-1.8],[0.012,0.028],[-9.946,-7.529]],"v":[[241.757,158.883],[260.711,171.688],[260.136,171.833]],"c":true}]},{"t":12,"s":[{"i":[[-1.033,1.545],[2.262,-18.969],[1.121,-0.191]],"o":[[1.227,-1.836],[-0.135,1.123],[-15.85,2.734]],"v":[[241.757,158.883],[261.878,171.271],[259.136,173.666]],"c":true}]}],"ix":2},"nm":"Path 1","mn":"ADBE Vector Shape - Group","hd":false},{"ty":"gf","o":{"a":0,"k":100,"ix":10},"r":1,"bm":0,"g":{"p":5,"k":{"a":0,"k":[0,0.447,0.431,0.478,0.133,0.359,0.343,0.39,0.352,0.271,0.255,0.302,0.582,0.18,0.169,0.202,1,0.09,0.082,0.102],"ix":9}},"s":{"a":0,"k":[249.481,162.656],"ix":5},"e":{"a":0,"k":[241.072,154.813],"ix":6},"t":2,"h":{"a":0,"k":0,"ix":7},"a":{"a":0,"k":0,"ix":8},"nm":"LEG","mn":"ADBE Vector Graphic - G-Fill","hd":false},{"ty":"tr","p":{"a":0,"k":[0,0],"ix":2},"a":{"a":0,"k":[0,0],"ix":1},"s":{"a":0,"k":[100,100],"ix":3},"r":{"a":0,"k":0,"ix":6},"o":{"a":0,"k":100,"ix":7},"sk":{"a":0,"k":0,"ix":4},"sa":{"a":0,"k":0,"ix":5},"nm":"Transform"}],"nm":"Group 1","np":2,"cix":2,"bm":0,"ix":1,"mn":"ADBE Vector Group","hd":false}],"ip":0,"op":48,"st":0,"bm":0},{"ddd":0,"ind":7,"ty":4,"nm":"R_Eye","parent":5,"sr":1,"ks":{"o":{"a":0,"k":100,"ix":11},"r":{"a":0,"k":0,"ix":10},"p":{"a":0,"k":[165.061,29.988,0],"ix":2},"a":{"a":0,"k":[279.311,165.483,0],"ix":1},"s":{"a":0,"k":[1200,1200,100],"ix":6}},"ao":0,"shapes":[{"ty":"gr","it":[{"ind":0,"ty":"sh","ix":1,"ks":{"a":1,"k":[{"i":{"x":0.833,"y":0.833},"o":{"x":0.333,"y":0},"t":0,"s":[{"i":[[1.033,1.545],[-2.262,-18.969],[-1.121,-0.191]],"o":[[-1.227,-1.836],[0.135,1.123],[15.85,2.734]],"v":[[289.356,158.883],[269.235,171.271],[271.977,173.666]],"c":true}]},{"i":{"x":0,"y":1},"o":{"x":0.167,"y":0.167},"t":3,"s":[{"i":[[-1.383,1.375],[12.654,-8.847],[-0.864,0.739]],"o":[[1.566,-1.557],[-0.927,0.648],[9.829,-8.408]],"v":[[289.356,158.883],[270.152,171.771],[270.561,172.416]],"c":true}]},{"t":12,"s":[{"i":[[1.033,1.545],[-2.262,-18.969],[-1.121,-0.191]],"o":[[-1.227,-1.836],[0.135,1.123],[15.85,2.734]],"v":[[289.356,158.883],[269.235,171.271],[271.977,173.666]],"c":true}]}],"ix":2},"nm":"Path 1","mn":"ADBE Vector Shape - Group","hd":false},{"ty":"gf","o":{"a":0,"k":100,"ix":10},"r":1,"bm":0,"g":{"p":5,"k":{"a":0,"k":[0,0.447,0.431,0.478,0.133,0.359,0.343,0.39,0.352,0.271,0.255,0.302,0.582,0.18,0.169,0.202,1,0.09,0.082,0.102],"ix":9}},"s":{"a":0,"k":[281,162.591],"ix":5},"e":{"a":0,"k":[289.382,155.339],"ix":6},"t":2,"h":{"a":0,"k":0,"ix":7},"a":{"a":0,"k":0,"ix":8},"nm":"REG","mn":"ADBE Vector Graphic - G-Fill","hd":false},{"ty":"tr","p":{"a":0,"k":[0,0],"ix":2},"a":{"a":0,"k":[0,0],"ix":1},"s":{"a":0,"k":[100,100],"ix":3},"r":{"a":0,"k":0,"ix":6},"o":{"a":0,"k":100,"ix":7},"sk":{"a":0,"k":0,"ix":4},"sa":{"a":0,"k":0,"ix":5},"nm":"Transform"}],"nm":"Group 1","np":2,"cix":2,"bm":0,"ix":1,"mn":"ADBE Vector Group","hd":false}],"ip":0,"op":48,"st":0,"bm":0},{"ddd":0,"ind":8,"ty":4,"nm":"Mouth","parent":5,"sr":1,"ks":{"o":{"a":0,"k":100,"ix":11},"r":{"a":0,"k":0,"ix":10},"p":{"a":0,"k":[0.005,231.984,0],"ix":2},"a":{"a":0,"k":[265.557,182.316,0],"ix":1},"s":{"a":0,"k":[1200,1200,100],"ix":6}},"ao":0,"shapes":[{"ty":"gr","it":[{"ind":0,"ty":"sh","ix":1,"ks":{"a":1,"k":[{"i":{"x":0,"y":1},"o":{"x":0.333,"y":0},"t":0,"s":[{"i":[[0.59,-0.408],[4.896,3.414],[-0.398,-0.658],[-3.857,0],[-1.492,2.455]],"o":[[-4.922,3.436],[-0.588,-0.41],[1.492,2.455],[3.855,0],[0.398,-0.658]],"v":[[273.194,179.576],[257.917,179.576],[257.196,180.535],[265.558,185.178],[273.917,180.535]],"c":true}]},{"i":{"x":0,"y":1},"o":{"x":0.333,"y":0},"t":24,"s":[{"i":[[0.59,-0.408],[4.896,3.414],[-0.398,-0.658],[-3.857,0],[-1.492,2.455]],"o":[[-4.922,3.436],[-0.588,-0.41],[1.492,2.455],[3.855,0],[0.398,-0.658]],"v":[[274.25,177.415],[257.152,177.965],[256.431,178.924],[265.625,183.658],[274.973,178.374]],"c":true}]},{"t":48,"s":[{"i":[[0.59,-0.408],[4.896,3.414],[-0.398,-0.658],[-3.857,0],[-1.492,2.455]],"o":[[-4.922,3.436],[-0.588,-0.41],[1.492,2.455],[3.855,0],[0.398,-0.658]],"v":[[273.194,179.576],[257.917,179.576],[257.196,180.535],[265.558,185.178],[273.917,180.535]],"c":true}]}],"ix":2},"nm":"Path 1","mn":"ADBE Vector Shape - Group","hd":false},{"ty":"fl","c":{"a":0,"k":[0.101960785687,0.086274512112,0.149019613862,1],"ix":4},"o":{"a":0,"k":100,"ix":5},"r":1,"bm":0,"nm":"Fill 1","mn":"ADBE Vector Graphic - Fill","hd":false},{"ty":"tr","p":{"a":0,"k":[0.003,0.044],"ix":2},"a":{"a":0,"k":[0,0],"ix":1},"s":{"a":0,"k":[100,100],"ix":3},"r":{"a":0,"k":0,"ix":6},"o":{"a":0,"k":100,"ix":7},"sk":{"a":0,"k":0,"ix":4},"sa":{"a":0,"k":0,"ix":5},"nm":"Transform"}],"nm":"Group 1","np":2,"cix":2,"bm":0,"ix":1,"mn":"ADBE Vector Group","hd":false}],"ip":0,"op":48,"st":0,"bm":0},{"ddd":0,"ind":9,"ty":4,"nm":"Eyelids","parent":5,"sr":1,"ks":{"o":{"a":0,"k":100,"ix":11},"r":{"a":0,"k":0,"ix":10},"p":{"a":0,"k":[0.004,18.505,0],"ix":2},"a":{"a":0,"k":[265.557,164.526,0],"ix":1},"s":{"a":0,"k":[1200,1200,100],"ix":6}},"ao":0,"shapes":[{"ty":"gr","it":[{"ind":0,"ty":"sh","ix":1,"ks":{"a":0,"k":{"i":[[1.059,1.588],[-2.32,-19.5],[-1.15,-0.199]],"o":[[-1.258,-1.889],[0.137,1.156],[16.244,2.811]],"v":[[290.573,157.74],[269.952,170.477],[272.763,172.939]],"c":true},"ix":2},"nm":"Path 1","mn":"ADBE Vector Shape - Group","hd":false},{"ty":"fl","c":{"a":0,"k":[0.541176470588,0.850980392157,0,1],"ix":4},"o":{"a":0,"k":100,"ix":5},"r":1,"bm":0,"nm":"Fill 1","mn":"ADBE Vector Graphic - Fill","hd":false},{"ty":"tr","p":{"a":0,"k":[0,0],"ix":2},"a":{"a":0,"k":[0,0],"ix":1},"s":{"a":0,"k":[100,100],"ix":3},"r":{"a":0,"k":0,"ix":6},"o":{"a":0,"k":100,"ix":7},"sk":{"a":0,"k":0,"ix":4},"sa":{"a":0,"k":0,"ix":5},"nm":"Transform"}],"nm":"Group 1","np":2,"cix":2,"bm":0,"ix":1,"mn":"ADBE Vector Group","hd":false},{"ty":"gr","it":[{"ind":0,"ty":"sh","ix":1,"ks":{"a":0,"k":{"i":[[1.258,-1.887],[-16.241,2.812],[-0.14,1.154]],"o":[[-1.059,1.59],[1.15,-0.197],[2.317,-19.5]],"v":[[240.54,157.74],[258.349,172.938],[261.162,170.477]],"c":true},"ix":2},"nm":"Path 1","mn":"ADBE Vector Shape - Group","hd":false},{"ty":"fl","c":{"a":0,"k":[0.541176470588,0.850980392157,0,1],"ix":4},"o":{"a":0,"k":100,"ix":5},"r":1,"bm":0,"nm":"Fill 1","mn":"ADBE Vector Graphic - Fill","hd":false},{"ty":"tr","p":{"a":0,"k":[0,0],"ix":2},"a":{"a":0,"k":[0,0],"ix":1},"s":{"a":0,"k":[100,100],"ix":3},"r":{"a":0,"k":0,"ix":6},"o":{"a":0,"k":100,"ix":7},"sk":{"a":0,"k":0,"ix":4},"sa":{"a":0,"k":0,"ix":5},"nm":"Transform"}],"nm":"Group 2","np":2,"cix":2,"bm":0,"ix":2,"mn":"ADBE Vector Group","hd":false}],"ip":0,"op":48,"st":0,"bm":0},{"ddd":0,"ind":10,"ty":4,"nm":"alien","parent":4,"sr":1,"ks":{"o":{"a":0,"k":100,"ix":11},"r":{"a":0,"k":0,"ix":10},"p":{"a":0,"k":[0,-280,0],"ix":2},"a":{"a":0,"k":[0,0,0],"ix":1},"s":{"a":0,"k":[100,100,100],"ix":6}},"ao":0,"shapes":[{"ty":"gr","it":[{"ind":0,"ty":"sh","ix":1,"ks":{"a":0,"k":{"i":[[333.508,5.776],[-79.605,-188.318],[-89.408,-1.258],[-64.854,155.664]],"o":[[-333.508,5.776],[64.902,155.616],[89.372,-1.282],[79.629,-188.318]],"v":[[0,-359.5],[-302.088,86.34],[0,359.5],[302.076,86.34]],"c":true},"ix":2},"nm":"Path 1","mn":"ADBE Vector Shape - Group","hd":false},{"ty":"gf","o":{"a":0,"k":100,"ix":10},"r":1,"bm":0,"g":{"p":9,"k":{"a":0,"k":[0,0.502,0.788,0,0.019,0.506,0.794,0,0.039,0.51,0.8,0,0.228,0.543,0.855,0,0.418,0.576,0.91,0,0.585,0.596,0.943,0,0.751,0.616,0.976,0,0.876,0.624,0.988,0,1,0.631,1,0],"ix":9}},"s":{"a":0,"k":[0,358],"ix":5},"e":{"a":0,"k":[6.125,-350.781],"ix":6},"t":1,"nm":"aligra02Gradient Fill 1","mn":"ADBE Vector Graphic - G-Fill","hd":false},{"ty":"tr","p":{"a":0,"k":[0,0],"ix":2},"a":{"a":0,"k":[0,0],"ix":1},"s":{"a":0,"k":[100,100],"ix":3},"r":{"a":0,"k":0,"ix":6},"o":{"a":0,"k":100,"ix":7},"sk":{"a":0,"k":0,"ix":4},"sa":{"a":0,"k":0,"ix":5},"nm":"Transform"}],"nm":"Group 1","np":2,"cix":2,"bm":0,"ix":1,"mn":"ADBE Vector Group","hd":false}],"ip":0,"op":48,"st":0,"bm":0},{"ddd":0,"ind":11,"ty":4,"nm":"Head","parent":4,"sr":1,"ks":{"o":{"a":0,"k":100,"ix":11},"r":{"a":0,"k":0,"ix":10},"p":{"a":0,"k":[0,-280,0],"ix":2},"a":{"a":0,"k":[265.556,162.984,0],"ix":1},"s":{"a":0,"k":[1200,1200,100],"ix":6}},"ao":0,"shapes":[{"ty":"gr","it":[{"ind":0,"ty":"sh","ix":1,"ks":{"a":0,"k":{"i":[[27.832,0.482],[-6.643,-15.715],[-7.461,-0.105],[-5.412,12.99]],"o":[[-27.83,0.482],[5.416,12.986],[7.459,-0.107],[6.645,-15.715]],"v":[[265.556,132.984],[240.347,170.189],[265.556,192.984],[290.765,170.189]],"c":true},"ix":2},"nm":"Path 1","mn":"ADBE Vector Shape - Group","hd":false},{"ty":"gf","o":{"a":0,"k":100,"ix":10},"r":1,"bm":0,"g":{"p":3,"k":{"a":0,"k":[0,0.573,0.788,0.196,0.355,0.647,0.894,0.222,1,0.722,1,0.247],"ix":9}},"s":{"a":0,"k":[265,192],"ix":5},"e":{"a":0,"k":[265,132],"ix":6},"t":1,"nm":"HG","mn":"ADBE Vector Graphic - G-Fill","hd":false},{"ty":"tr","p":{"a":0,"k":[0,0],"ix":2},"a":{"a":0,"k":[0,0],"ix":1},"s":{"a":0,"k":[100,100],"ix":3},"r":{"a":0,"k":0,"ix":6},"o":{"a":0,"k":100,"ix":7},"sk":{"a":0,"k":0,"ix":4},"sa":{"a":0,"k":0,"ix":5},"nm":"Transform"}],"nm":"Group 1","np":2,"cix":2,"bm":0,"ix":1,"mn":"ADBE Vector Group","hd":false}],"ip":0,"op":48,"st":0,"bm":0}]}],"layers":[{"ddd":0,"ind":1,"ty":0,"nm":"alien","refId":"comp_0","sr":1,"ks":{"o":{"a":0,"k":100,"ix":11},"r":{"a":0,"k":0,"ix":10},"p":{"a":0,"k":[512,512,0],"ix":2},"a":{"a":0,"k":[512,512,0],"ix":1},"s":{"a":0,"k":[100,100,100],"ix":6}},"ao":0,"w":1024,"h":1024,"ip":0,"op":48,"st":0,"bm":0}],"markers":[]}