{"v":"5.6.2","fr":24,"ip":0,"op":48,"w":1024,"h":1024,"nm":"raising_hands","ddd":0,"assets":[{"id":"comp_0","layers":[{"ddd":0,"ind":1,"ty":3,"nm":"Null 156","sr":1,"ks":{"o":{"a":0,"k":0,"ix":11},"r":{"a":0,"k":0,"ix":10},"p":{"a":0,"k":[512,1002,0],"ix":2},"a":{"a":0,"k":[0,0,0],"ix":1},"s":{"a":0,"k":[117,117,100],"ix":6}},"ao":0,"ip":0,"op":48,"st":0,"bm":0},{"ddd":0,"ind":2,"ty":4,"nm":"L_Hand 2","parent":1,"sr":1,"ks":{"o":{"a":0,"k":100,"ix":11},"r":{"a":0,"k":0,"ix":10},"p":{"a":1,"k":[{"i":{"x":0,"y":1},"o":{"x":0.333,"y":0},"t":0,"s":[169.629,-125.166,0],"to":[-11.396,20,0],"ti":[0,13.333,0]},{"i":{"x":0.833,"y":0.833},"o":{"x":0.333,"y":0},"t":11,"s":[101.253,-5.166,0],"to":[0,-13.333,0],"ti":[-11.396,20,0]},{"i":{"x":0,"y":1},"o":{"x":0.167,"y":0.167},"t":18,"s":[169.629,-205.166,0],"to":[11.396,-20,0],"ti":[0,-13.333,0]},{"t":33,"s":[169.629,-125.166,0]}],"ix":2},"a":{"a":0,"k":[-176.172,300.336,0],"ix":1},"s":{"a":1,"k":[{"i":{"x":[0,0,0.667],"y":[1,1,1]},"o":{"x":[0.167,0.167,0.167],"y":[0.167,0.167,-9.841]},"t":0,"s":[1150,1150,100]},{"i":{"x":[0,0,0.667],"y":[1,1,1]},"o":{"x":[0.333,0.333,0.333],"y":[0,0,0]},"t":11,"s":[471,471,100]},{"t":21,"s":[1150,1150,100]}],"ix":6}},"ao":0,"shapes":[{"ty":"gr","it":[{"ty":"gr","it":[{"ind":0,"ty":"sh","ix":1,"ks":{"a":0,"k":{"i":[[-3.176,0],[-0.543,0.674],[0.059,0.861],[0.039,6.59],[-1.732,-1.617],[0,0],[0,-4.098],[0,0],[-0.016,-3.021],[0,0],[-0.115,-2.857],[-0.016,-4.215],[4.949,-1.605],[0.016,3.31],[0.152,3.855],[0.111,-2.768],[0,0],[0,0],[0,0],[0,0],[0,0],[0,-2.777],[0,0],[0,0],[0,0],[0,0],[-0.016,-2.717],[0,0],[0,0],[0,0],[0,0],[0,0],[0,-2.779],[-0.09,-3.525],[0.373,-0.299],[4.781,0.123],[-0.582,-0.369],[-8.184,-2.238],[7.086,4.334]],"o":[[4.711,0.123],[0.156,-0.195],[-0.088,-3.555],[-0.018,-2.984],[0,0],[0,-4.07],[0,0],[1.682,-1.572],[0,0],[1.588,-1.541],[0.152,3.863],[0.018,3.285],[3.715,-1.996],[-0.02,-4.201],[-0.113,-2.848],[0,0],[0,0],[0,0],[0,0],[0,0],[0,-2.816],[0,0],[0,0],[0,0],[0,0],[-0.02,-2.904],[0,0],[0,0],[0,0],[0,0],[0,0],[0,-2.799],[0,6.582],[0.104,1.533],[-2,1.608],[-2.021,0],[7.512,4.752],[-9.217,-1.695],[-1.385,-0.846]],"v":[[-188.154,272.973],[-181.713,276.861],[-181.631,274.871],[-181.818,260.002],[-176.795,257.76],[-176.797,257.385],[-170.844,257.412],[-170.842,257.81],[-165.789,260.094],[-165.773,262.215],[-161.322,264.59],[-160.922,280.588],[-167.34,291.154],[-161.834,280.592],[-162.236,264.629],[-165.76,264.51],[-165.699,274.334],[-166.617,274.34],[-166.676,264.506],[-166.678,264.506],[-166.705,260.098],[-170.824,260.059],[-170.738,274.301],[-171.654,274.309],[-171.746,259.266],[-171.758,257.416],[-175.881,257.377],[-175.863,260.029],[-175.865,260.029],[-175.777,274.27],[-176.693,274.277],[-176.779,260.018],[-180.902,259.998],[-180.715,274.824],[-181.119,277.586],[-188.154,273.922],[-190.313,275.525],[-175.336,291.328],[-190.777,276.342]],"c":true},"ix":2},"nm":"Path 1","mn":"ADBE Vector Shape - Group","hd":false},{"ty":"fl","c":{"a":0,"k":[0.858823529412,0.580392156863,0.176470588235,1],"ix":4},"o":{"a":0,"k":100,"ix":5},"r":1,"bm":0,"nm":"Fill 1","mn":"ADBE Vector Graphic - Fill","hd":false},{"ty":"tr","p":{"a":0,"k":[0,0],"ix":2},"a":{"a":0,"k":[0,0],"ix":1},"s":{"a":0,"k":[100,100],"ix":3},"r":{"a":0,"k":0,"ix":6},"o":{"a":0,"k":100,"ix":7},"sk":{"a":0,"k":0,"ix":4},"sa":{"a":0,"k":0,"ix":5},"nm":"Transform"}],"nm":"Group 1","np":2,"cix":2,"bm":0,"ix":1,"mn":"ADBE Vector Group","hd":false},{"ty":"gr","it":[{"ind":0,"ty":"sh","ix":1,"ks":{"a":0,"k":{"i":[[0,0],[0.178,-4.658],[2.4,-0.016]],"o":[[2.496,0.117],[-0.324,-4.221],[0,0]],"v":[[-181.158,276.744],[-174.93,285.729],[-181.969,277.69]],"c":true},"ix":2},"nm":"Path 1","mn":"ADBE Vector Shape - Group","hd":false},{"ty":"fl","c":{"a":0,"k":[0.858823529412,0.580392156863,0.176470588235,1],"ix":4},"o":{"a":0,"k":100,"ix":5},"r":1,"bm":0,"nm":"Fill 1","mn":"ADBE Vector Graphic - Fill","hd":false},{"ty":"tr","p":{"a":0,"k":[0,0],"ix":2},"a":{"a":0,"k":[0,0],"ix":1},"s":{"a":0,"k":[100,100],"ix":3},"r":{"a":0,"k":0,"ix":6},"o":{"a":0,"k":100,"ix":7},"sk":{"a":0,"k":0,"ix":4},"sa":{"a":0,"k":0,"ix":5},"nm":"Transform"}],"nm":"Group 2","np":2,"cix":2,"bm":0,"ix":2,"mn":"ADBE Vector Group","hd":false},{"ty":"gr","it":[{"ind":0,"ty":"sh","ix":1,"ks":{"a":0,"k":{"i":[[-2.438,-0.062],[-1.418,1.139],[0,0],[0.041,6.838],[-0.023,-3.443],[0.008,0.904],[-0.018,-3.467],[-0.006,-0.844],[-0.021,-3.434],[-0.014,-1.988],[-0.141,-3.43],[-0.018,-4.141],[6.484,0.166],[8.688,5.316]],"o":[[4.895,0.127],[0.367,-0.299],[-0.086,-3.375],[-0.023,-3.44],[-0.008,-0.865],[-0.02,-3.438],[0.006,0.928],[-0.021,-3.432],[0.006,0.734],[0.125,-3.424],[0.152,3.902],[0.029,5.943],[-14.098,-0.361],[-1.078,-0.66]],"v":[[-188.154,273.447],[-181.4,277.213],[-181.172,274.859],[-181.359,260],[-176.32,260.033],[-176.34,257.383],[-171.301,257.414],[-171.283,260.062],[-166.244,260.096],[-166.219,264.502],[-161.779,264.607],[-161.379,280.588],[-171.172,291.809],[-190.545,275.934]],"c":true},"ix":2},"nm":"Path 1","mn":"ADBE Vector Shape - Group","hd":false},{"ty":"gf","o":{"a":0,"k":100,"ix":10},"r":1,"bm":0,"g":{"p":3,"k":{"a":0,"k":[0,1,0.682,0.173,0.121,1,0.735,0.212,0.588,1,0.788,0.251],"ix":9}},"s":{"a":0,"k":[-171.823,292.17],"ix":5},"e":{"a":0,"k":[-172.443,255.462],"ix":6},"t":1,"nm":"LeHandG","mn":"ADBE Vector Graphic - G-Fill","hd":false},{"ty":"tr","p":{"a":0,"k":[0,0],"ix":2},"a":{"a":0,"k":[0,0],"ix":1},"s":{"a":0,"k":[100,100],"ix":3},"r":{"a":0,"k":0,"ix":6},"o":{"a":0,"k":100,"ix":7},"sk":{"a":0,"k":0,"ix":4},"sa":{"a":0,"k":0,"ix":5},"nm":"Transform"}],"nm":"Group 3","np":2,"cix":2,"bm":0,"ix":3,"mn":"ADBE Vector Group","hd":false},{"ty":"tr","p":{"a":0,"k":[0,0],"ix":2},"a":{"a":0,"k":[0,0],"ix":1},"s":{"a":0,"k":[100,100],"ix":3},"r":{"a":0,"k":0,"ix":6},"o":{"a":0,"k":100,"ix":7},"sk":{"a":0,"k":0,"ix":4},"sa":{"a":0,"k":0,"ix":5},"nm":"Transform"}],"nm":"Group 1","np":3,"cix":2,"bm":0,"ix":1,"mn":"ADBE Vector Group","hd":false},{"ty":"gr","it":[{"ty":"gr","it":[{"ind":0,"ty":"sh","ix":1,"ks":{"a":0,"k":{"i":[[-0.006,-1.34],[-1.045,1.033],[-0.479,1.895],[0,0],[0,-2.395],[0,2.109],[0.758,1.365],[-0.203,0.227]],"o":[[1.109,1.166],[0.01,-2.209],[0,0],[-0.506,1.961],[0,2.109],[0,-1.184],[0.199,-0.234],[0.938,1.523]],"v":[[-177.934,298.555],[-165.479,298.547],[-164.57,287.793],[-163.678,287.793],[-164.633,298.754],[-178.779,298.754],[-179.705,289.115],[-179.106,288.426]],"c":true},"ix":2},"nm":"Path 1","mn":"ADBE Vector Shape - Group","hd":false},{"ty":"fl","c":{"a":0,"k":[0.858823529412,0.580392156863,0.176470588235,1],"ix":4},"o":{"a":0,"k":100,"ix":5},"r":1,"bm":0,"nm":"Fill 1","mn":"ADBE Vector Graphic - Fill","hd":false},{"ty":"tr","p":{"a":0,"k":[0,0],"ix":2},"a":{"a":0,"k":[0,0],"ix":1},"s":{"a":0,"k":[100,100],"ix":3},"r":{"a":0,"k":0,"ix":6},"o":{"a":0,"k":100,"ix":7},"sk":{"a":0,"k":0,"ix":4},"sa":{"a":0,"k":0,"ix":5},"nm":"Transform"}],"nm":"Group 1","np":2,"cix":2,"bm":0,"ix":1,"mn":"ADBE Vector Group","hd":false},{"ty":"gr","it":[{"ind":0,"ty":"sh","ix":1,"ks":{"a":0,"k":{"i":[[0,0],[0,-2.324],[0,1.666],[0.824,1.416]],"o":[[-0.496,1.928],[0,1.609],[0,-1.326],[0.283,-0.332]],"v":[[-164.121,287.793],[-165.057,298.65],[-178.357,298.65],[-179.406,288.77]],"c":true},"ix":2},"nm":"Path 1","mn":"ADBE Vector Shape - Group","hd":false},{"ty":"gf","o":{"a":0,"k":100,"ix":10},"r":1,"bm":0,"g":{"p":3,"k":{"a":0,"k":[0,1,0.788,0.251,0.549,1,0.735,0.212,0.855,1,0.682,0.173],"ix":9}},"s":{"a":0,"k":[-172.26,300.267],"ix":5},"e":{"a":0,"k":[-172.682,288.146],"ix":6},"t":1,"nm":"LiHandG","mn":"ADBE Vector Graphic - G-Fill","hd":false},{"ty":"tr","p":{"a":0,"k":[0,0],"ix":2},"a":{"a":0,"k":[0,0],"ix":1},"s":{"a":0,"k":[100,100],"ix":3},"r":{"a":0,"k":0,"ix":6},"o":{"a":0,"k":100,"ix":7},"sk":{"a":0,"k":0,"ix":4},"sa":{"a":0,"k":0,"ix":5},"nm":"Transform"}],"nm":"Group 2","np":2,"cix":2,"bm":0,"ix":2,"mn":"ADBE Vector Group","hd":false},{"ty":"tr","p":{"a":0,"k":[0,0],"ix":2},"a":{"a":0,"k":[0,0],"ix":1},"s":{"a":0,"k":[100,100],"ix":3},"r":{"a":0,"k":0,"ix":6},"o":{"a":0,"k":100,"ix":7},"sk":{"a":0,"k":0,"ix":4},"sa":{"a":0,"k":0,"ix":5},"nm":"Transform"}],"nm":"Group 2","np":2,"cix":2,"bm":0,"ix":2,"mn":"ADBE Vector Group","hd":false}],"ip":11,"op":48,"st":0,"bm":0},{"ddd":0,"ind":3,"ty":4,"nm":"L_Hand","parent":1,"sr":1,"ks":{"o":{"a":1,"k":[{"i":{"x":[0.833],"y":[0.833]},"o":{"x":[0.167],"y":[0.167]},"t":0,"s":[100]},{"t":10,"s":[0]}],"ix":11},"r":{"a":0,"k":0,"ix":10},"p":{"a":0,"k":[169.629,-125.166,0],"ix":2},"a":{"a":0,"k":[-176.172,300.336,0],"ix":1},"s":{"a":1,"k":[{"i":{"x":[0,0,0.667],"y":[1,1,1]},"o":{"x":[0.167,0.167,0.167],"y":[0,0,0]},"t":0,"s":[1150,1150,100]},{"t":21,"s":[1150,1150,100]}],"ix":6}},"ao":0,"shapes":[{"ty":"gr","it":[{"ty":"gr","it":[{"ind":0,"ty":"sh","ix":1,"ks":{"a":0,"k":{"i":[[-3.176,0],[-0.543,0.674],[0.059,0.861],[0.039,6.59],[-1.732,-1.617],[0,0],[0,-4.098],[0,0],[-0.016,-3.021],[0,0],[-0.115,-2.857],[-0.016,-4.215],[4.949,-1.605],[0.016,3.31],[0.152,3.855],[0.111,-2.768],[0,0],[0,0],[0,0],[0,0],[0,0],[0,-2.777],[0,0],[0,0],[0,0],[0,0],[-0.016,-2.717],[0,0],[0,0],[0,0],[0,0],[0,0],[0,-2.779],[-0.09,-3.525],[0.373,-0.299],[4.781,0.123],[-0.582,-0.369],[-8.184,-2.238],[7.086,4.334]],"o":[[4.711,0.123],[0.156,-0.195],[-0.088,-3.555],[-0.018,-2.984],[0,0],[0,-4.07],[0,0],[1.682,-1.572],[0,0],[1.588,-1.541],[0.152,3.863],[0.018,3.285],[3.715,-1.996],[-0.02,-4.201],[-0.113,-2.848],[0,0],[0,0],[0,0],[0,0],[0,0],[0,-2.816],[0,0],[0,0],[0,0],[0,0],[-0.02,-2.904],[0,0],[0,0],[0,0],[0,0],[0,0],[0,-2.799],[0,6.582],[0.104,1.533],[-2,1.608],[-2.021,0],[7.512,4.752],[-9.217,-1.695],[-1.385,-0.846]],"v":[[-188.154,272.973],[-181.713,276.861],[-181.631,274.871],[-181.818,260.002],[-176.795,257.76],[-176.797,257.385],[-170.844,257.412],[-170.842,257.81],[-165.789,260.094],[-165.773,262.215],[-161.322,264.59],[-160.922,280.588],[-167.34,291.154],[-161.834,280.592],[-162.236,264.629],[-165.76,264.51],[-165.699,274.334],[-166.617,274.34],[-166.676,264.506],[-166.678,264.506],[-166.705,260.098],[-170.824,260.059],[-170.738,274.301],[-171.654,274.309],[-171.746,259.266],[-171.758,257.416],[-175.881,257.377],[-175.863,260.029],[-175.865,260.029],[-175.777,274.27],[-176.693,274.277],[-176.779,260.018],[-180.902,259.998],[-180.715,274.824],[-181.119,277.586],[-188.154,273.922],[-190.313,275.525],[-175.336,291.328],[-190.777,276.342]],"c":true},"ix":2},"nm":"Path 1","mn":"ADBE Vector Shape - Group","hd":false},{"ty":"fl","c":{"a":0,"k":[0.858823529412,0.580392156863,0.176470588235,1],"ix":4},"o":{"a":0,"k":100,"ix":5},"r":1,"bm":0,"nm":"Fill 1","mn":"ADBE Vector Graphic - Fill","hd":false},{"ty":"tr","p":{"a":0,"k":[0,0],"ix":2},"a":{"a":0,"k":[0,0],"ix":1},"s":{"a":0,"k":[100,100],"ix":3},"r":{"a":0,"k":0,"ix":6},"o":{"a":0,"k":100,"ix":7},"sk":{"a":0,"k":0,"ix":4},"sa":{"a":0,"k":0,"ix":5},"nm":"Transform"}],"nm":"Group 1","np":2,"cix":2,"bm":0,"ix":1,"mn":"ADBE Vector Group","hd":false},{"ty":"gr","it":[{"ind":0,"ty":"sh","ix":1,"ks":{"a":0,"k":{"i":[[0,0],[0.178,-4.658],[2.4,-0.016]],"o":[[2.496,0.117],[-0.324,-4.221],[0,0]],"v":[[-181.158,276.744],[-174.93,285.729],[-181.969,277.69]],"c":true},"ix":2},"nm":"Path 1","mn":"ADBE Vector Shape - Group","hd":false},{"ty":"fl","c":{"a":0,"k":[0.858823529412,0.580392156863,0.176470588235,1],"ix":4},"o":{"a":0,"k":100,"ix":5},"r":1,"bm":0,"nm":"Fill 1","mn":"ADBE Vector Graphic - Fill","hd":false},{"ty":"tr","p":{"a":0,"k":[0,0],"ix":2},"a":{"a":0,"k":[0,0],"ix":1},"s":{"a":0,"k":[100,100],"ix":3},"r":{"a":0,"k":0,"ix":6},"o":{"a":0,"k":100,"ix":7},"sk":{"a":0,"k":0,"ix":4},"sa":{"a":0,"k":0,"ix":5},"nm":"Transform"}],"nm":"Group 2","np":2,"cix":2,"bm":0,"ix":2,"mn":"ADBE Vector Group","hd":false},{"ty":"gr","it":[{"ind":0,"ty":"sh","ix":1,"ks":{"a":0,"k":{"i":[[-2.438,-0.062],[-1.418,1.139],[0,0],[0.041,6.838],[-0.023,-3.443],[0.008,0.904],[-0.018,-3.467],[-0.006,-0.844],[-0.021,-3.434],[-0.014,-1.988],[-0.141,-3.43],[-0.018,-4.141],[6.484,0.166],[8.688,5.316]],"o":[[4.895,0.127],[0.367,-0.299],[-0.086,-3.375],[-0.023,-3.44],[-0.008,-0.865],[-0.02,-3.438],[0.006,0.928],[-0.021,-3.432],[0.006,0.734],[0.125,-3.424],[0.152,3.902],[0.029,5.943],[-14.098,-0.361],[-1.078,-0.66]],"v":[[-188.154,273.447],[-181.4,277.213],[-181.172,274.859],[-181.359,260],[-176.32,260.033],[-176.34,257.383],[-171.301,257.414],[-171.283,260.062],[-166.244,260.096],[-166.219,264.502],[-161.779,264.607],[-161.379,280.588],[-171.172,291.809],[-190.545,275.934]],"c":true},"ix":2},"nm":"Path 1","mn":"ADBE Vector Shape - Group","hd":false},{"ty":"gf","o":{"a":0,"k":100,"ix":10},"r":1,"bm":0,"g":{"p":3,"k":{"a":0,"k":[0,1,0.682,0.173,0.121,1,0.735,0.212,0.588,1,0.788,0.251],"ix":9}},"s":{"a":0,"k":[-171.823,292.17],"ix":5},"e":{"a":0,"k":[-172.443,255.462],"ix":6},"t":1,"nm":"LoHandG","mn":"ADBE Vector Graphic - G-Fill","hd":false},{"ty":"tr","p":{"a":0,"k":[0,0],"ix":2},"a":{"a":0,"k":[0,0],"ix":1},"s":{"a":0,"k":[100,100],"ix":3},"r":{"a":0,"k":0,"ix":6},"o":{"a":0,"k":100,"ix":7},"sk":{"a":0,"k":0,"ix":4},"sa":{"a":0,"k":0,"ix":5},"nm":"Transform"}],"nm":"Group 3","np":2,"cix":2,"bm":0,"ix":3,"mn":"ADBE Vector Group","hd":false},{"ty":"tr","p":{"a":0,"k":[0,0],"ix":2},"a":{"a":0,"k":[0,0],"ix":1},"s":{"a":0,"k":[100,100],"ix":3},"r":{"a":0,"k":0,"ix":6},"o":{"a":0,"k":100,"ix":7},"sk":{"a":0,"k":0,"ix":4},"sa":{"a":0,"k":0,"ix":5},"nm":"Transform"}],"nm":"Group 1","np":3,"cix":2,"bm":0,"ix":1,"mn":"ADBE Vector Group","hd":false},{"ty":"gr","it":[{"ty":"gr","it":[{"ind":0,"ty":"sh","ix":1,"ks":{"a":0,"k":{"i":[[-0.006,-1.34],[-1.045,1.033],[-0.479,1.895],[0,0],[0,-2.395],[0,2.109],[0.758,1.365],[-0.203,0.227]],"o":[[1.109,1.166],[0.01,-2.209],[0,0],[-0.506,1.961],[0,2.109],[0,-1.184],[0.199,-0.234],[0.938,1.523]],"v":[[-177.934,298.555],[-165.479,298.547],[-164.57,287.793],[-163.678,287.793],[-164.633,298.754],[-178.779,298.754],[-179.705,289.115],[-179.106,288.426]],"c":true},"ix":2},"nm":"Path 1","mn":"ADBE Vector Shape - Group","hd":false},{"ty":"fl","c":{"a":0,"k":[0.858823529412,0.580392156863,0.176470588235,1],"ix":4},"o":{"a":0,"k":100,"ix":5},"r":1,"bm":0,"nm":"Fill 1","mn":"ADBE Vector Graphic - Fill","hd":false},{"ty":"tr","p":{"a":0,"k":[0,0],"ix":2},"a":{"a":0,"k":[0,0],"ix":1},"s":{"a":0,"k":[100,100],"ix":3},"r":{"a":0,"k":0,"ix":6},"o":{"a":0,"k":100,"ix":7},"sk":{"a":0,"k":0,"ix":4},"sa":{"a":0,"k":0,"ix":5},"nm":"Transform"}],"nm":"Group 1","np":2,"cix":2,"bm":0,"ix":1,"mn":"ADBE Vector Group","hd":false},{"ty":"gr","it":[{"ind":0,"ty":"sh","ix":1,"ks":{"a":0,"k":{"i":[[0,0],[0,-2.324],[0,1.666],[0.824,1.416]],"o":[[-0.496,1.928],[0,1.609],[0,-1.326],[0.283,-0.332]],"v":[[-164.121,287.793],[-165.057,298.65],[-178.357,298.65],[-179.406,288.77]],"c":true},"ix":2},"nm":"Path 1","mn":"ADBE Vector Shape - Group","hd":false},{"ty":"gf","o":{"a":0,"k":100,"ix":10},"r":1,"bm":0,"g":{"p":3,"k":{"a":0,"k":[0,1,0.788,0.251,0.549,1,0.735,0.212,0.855,1,0.682,0.173],"ix":9}},"s":{"a":0,"k":[-172.26,300.267],"ix":5},"e":{"a":0,"k":[-172.682,288.146],"ix":6},"t":1,"nm":"LuHandG","mn":"ADBE Vector Graphic - G-Fill","hd":false},{"ty":"tr","p":{"a":0,"k":[0,0],"ix":2},"a":{"a":0,"k":[0,0],"ix":1},"s":{"a":0,"k":[100,100],"ix":3},"r":{"a":0,"k":0,"ix":6},"o":{"a":0,"k":100,"ix":7},"sk":{"a":0,"k":0,"ix":4},"sa":{"a":0,"k":0,"ix":5},"nm":"Transform"}],"nm":"Group 2","np":2,"cix":2,"bm":0,"ix":2,"mn":"ADBE Vector Group","hd":false},{"ty":"tr","p":{"a":0,"k":[0,0],"ix":2},"a":{"a":0,"k":[0,0],"ix":1},"s":{"a":0,"k":[100,100],"ix":3},"r":{"a":0,"k":0,"ix":6},"o":{"a":0,"k":100,"ix":7},"sk":{"a":0,"k":0,"ix":4},"sa":{"a":0,"k":0,"ix":5},"nm":"Transform"}],"nm":"Group 2","np":2,"cix":2,"bm":0,"ix":2,"mn":"ADBE Vector Group","hd":false}],"ip":0,"op":11,"st":0,"bm":0},{"ddd":0,"ind":4,"ty":4,"nm":"R_Hand 2","parent":1,"sr":1,"ks":{"o":{"a":0,"k":100,"ix":11},"r":{"a":0,"k":0,"ix":10},"p":{"a":1,"k":[{"i":{"x":0,"y":1},"o":{"x":0.333,"y":0},"t":0,"s":[-169.625,-125.166,0],"to":[8.214,21,0],"ti":[0,0,0]},{"i":{"x":0.833,"y":0.833},"o":{"x":0.333,"y":0},"t":11,"s":[-120.343,0.834,0],"to":[0,0,0],"ti":[-0.584,36.782,0]},{"i":{"x":0,"y":1},"o":{"x":0.167,"y":0.167},"t":18,"s":[-169.905,-207.514,0],"to":[0.123,-7.771,0],"ti":[-0.058,3.663,0]},{"t":33,"s":[-169.625,-125.166,0]}],"ix":2},"a":{"a":0,"k":[-205.672,300.336,0],"ix":1},"s":{"a":1,"k":[{"i":{"x":[0,0,0.667],"y":[1,1,1]},"o":{"x":[0.167,0.167,0.167],"y":[0.167,0.167,0.035]},"t":0,"s":[1150,1150,100]},{"i":{"x":[0,0,0.667],"y":[1,1,1]},"o":{"x":[0.333,0.333,0.333],"y":[0,0,0]},"t":11,"s":[471,471,100]},{"t":21,"s":[1150,1150,100]}],"ix":6}},"ao":0,"shapes":[{"ty":"gr","it":[{"ty":"gr","it":[{"ind":0,"ty":"sh","ix":1,"ks":{"a":0,"k":{"i":[[3.176,0],[0.543,0.674],[-0.059,0.861],[-0.041,6.59],[1.732,-1.617],[0,0],[0,-4.098],[0,0],[0.018,-3.021],[0,0],[0.115,-2.857],[0.016,-4.215],[-4.951,-1.605],[-0.016,3.31],[-0.152,3.855],[-0.111,-2.768],[0,0],[0,0],[0,0],[0,0],[0,0],[0,-2.777],[0,0],[0,0],[0,0],[0,0],[0.014,-2.717],[0,0],[0,0],[0,0],[0,0],[0,0],[0,-2.779],[0.088,-3.525],[-0.373,-0.299],[-4.781,0.123],[0.582,-0.369],[8.186,-2.238],[-7.086,4.334]],"o":[[-4.711,0.123],[-0.154,-0.195],[0.088,-3.555],[0.018,-2.984],[0,0],[0,-4.07],[0,0],[-1.68,-1.572],[0,0],[-1.59,-1.541],[-0.154,3.863],[-0.018,3.285],[-3.715,-1.996],[0.02,-4.201],[0.111,-2.848],[0,0],[0,0],[0,0],[0,0],[0,0],[0,-2.816],[0,0],[0,0],[0,0],[0,0],[0.018,-2.904],[0,0],[0,0],[0,0],[0,0],[0,0],[0,-2.799],[0,6.582],[-0.104,1.533],[2,1.608],[2.023,0],[-7.512,4.752],[9.219,-1.695],[1.383,-0.846]],"v":[[-193.691,272.973],[-200.133,276.861],[-200.213,274.871],[-200.025,260.002],[-205.051,257.76],[-205.047,257.385],[-211,257.412],[-211.004,257.81],[-216.057,260.094],[-216.07,262.215],[-220.522,264.59],[-220.922,280.588],[-214.504,291.154],[-220.012,280.592],[-219.607,264.629],[-216.084,264.51],[-216.147,274.334],[-215.227,274.34],[-215.168,264.506],[-215.168,264.506],[-215.141,260.098],[-211.02,260.059],[-211.106,274.301],[-210.191,274.309],[-210.098,259.266],[-210.086,257.416],[-205.963,257.377],[-205.981,260.029],[-205.981,260.029],[-206.066,274.27],[-205.152,274.277],[-205.065,260.018],[-200.943,259.998],[-201.129,274.824],[-200.725,277.586],[-193.691,273.922],[-191.533,275.525],[-206.51,291.328],[-191.066,276.342]],"c":true},"ix":2},"nm":"Path 1","mn":"ADBE Vector Shape - Group","hd":false},{"ty":"fl","c":{"a":0,"k":[0.858823529412,0.580392156863,0.176470588235,1],"ix":4},"o":{"a":0,"k":100,"ix":5},"r":1,"bm":0,"nm":"Fill 1","mn":"ADBE Vector Graphic - Fill","hd":false},{"ty":"tr","p":{"a":0,"k":[0,0],"ix":2},"a":{"a":0,"k":[0,0],"ix":1},"s":{"a":0,"k":[100,100],"ix":3},"r":{"a":0,"k":0,"ix":6},"o":{"a":0,"k":100,"ix":7},"sk":{"a":0,"k":0,"ix":4},"sa":{"a":0,"k":0,"ix":5},"nm":"Transform"}],"nm":"Group 1","np":2,"cix":2,"bm":0,"ix":1,"mn":"ADBE Vector Group","hd":false},{"ty":"gr","it":[{"ind":0,"ty":"sh","ix":1,"ks":{"a":0,"k":{"i":[[0,0],[-0.178,-4.658],[-2.402,-0.016]],"o":[[-2.494,0.117],[0.324,-4.221],[0,0]],"v":[[-200.688,276.744],[-206.914,285.729],[-199.875,277.69]],"c":true},"ix":2},"nm":"Path 1","mn":"ADBE Vector Shape - Group","hd":false},{"ty":"fl","c":{"a":0,"k":[0.858823529412,0.580392156863,0.176470588235,1],"ix":4},"o":{"a":0,"k":100,"ix":5},"r":1,"bm":0,"nm":"Fill 1","mn":"ADBE Vector Graphic - Fill","hd":false},{"ty":"tr","p":{"a":0,"k":[0,0],"ix":2},"a":{"a":0,"k":[0,0],"ix":1},"s":{"a":0,"k":[100,100],"ix":3},"r":{"a":0,"k":0,"ix":6},"o":{"a":0,"k":100,"ix":7},"sk":{"a":0,"k":0,"ix":4},"sa":{"a":0,"k":0,"ix":5},"nm":"Transform"}],"nm":"Group 2","np":2,"cix":2,"bm":0,"ix":2,"mn":"ADBE Vector Group","hd":false},{"ty":"gr","it":[{"ind":0,"ty":"sh","ix":1,"ks":{"a":0,"k":{"i":[[2.439,-0.062],[1.418,1.139],[0,0],[-0.043,6.838],[0.023,-3.443],[-0.008,0.904],[0.018,-3.467],[0.006,-0.844],[0.021,-3.434],[0.014,-1.988],[0.141,-3.43],[0.02,-4.141],[-6.484,0.166],[-8.688,5.316]],"o":[[-4.895,0.127],[-0.369,-0.299],[0.084,-3.375],[0.021,-3.44],[0.008,-0.865],[0.021,-3.438],[-0.006,0.928],[0.022,-3.432],[-0.006,0.734],[-0.125,-3.424],[-0.15,3.902],[-0.029,5.943],[14.1,-0.361],[1.076,-0.66]],"v":[[-193.691,273.447],[-200.443,277.213],[-200.672,274.859],[-200.484,260],[-205.525,260.033],[-205.506,257.383],[-210.543,257.414],[-210.563,260.062],[-215.6,260.096],[-215.627,264.502],[-220.066,264.607],[-220.467,280.588],[-210.674,291.809],[-191.299,275.934]],"c":true},"ix":2},"nm":"Path 1","mn":"ADBE Vector Shape - Group","hd":false},{"ty":"gf","o":{"a":0,"k":100,"ix":10},"r":1,"bm":0,"g":{"p":3,"k":{"a":0,"k":[0,1,0.682,0.173,0.121,1,0.735,0.212,0.588,1,0.788,0.251],"ix":9}},"s":{"a":0,"k":[-211.221,293.858],"ix":5},"e":{"a":0,"k":[-209.249,253.978],"ix":6},"t":1,"nm":"RHand1G","mn":"ADBE Vector Graphic - G-Fill","hd":false},{"ty":"tr","p":{"a":0,"k":[0,0],"ix":2},"a":{"a":0,"k":[0,0],"ix":1},"s":{"a":0,"k":[100,100],"ix":3},"r":{"a":0,"k":0,"ix":6},"o":{"a":0,"k":100,"ix":7},"sk":{"a":0,"k":0,"ix":4},"sa":{"a":0,"k":0,"ix":5},"nm":"Transform"}],"nm":"Group 3","np":2,"cix":2,"bm":0,"ix":3,"mn":"ADBE Vector Group","hd":false},{"ty":"tr","p":{"a":0,"k":[0,0],"ix":2},"a":{"a":0,"k":[0,0],"ix":1},"s":{"a":0,"k":[100,100],"ix":3},"r":{"a":0,"k":0,"ix":6},"o":{"a":0,"k":100,"ix":7},"sk":{"a":0,"k":0,"ix":4},"sa":{"a":0,"k":0,"ix":5},"nm":"Transform"}],"nm":"Group 1","np":3,"cix":2,"bm":0,"ix":1,"mn":"ADBE Vector Group","hd":false},{"ty":"gr","it":[{"ty":"gr","it":[{"ind":0,"ty":"sh","ix":1,"ks":{"a":0,"k":{"i":[[0.004,-1.34],[1.043,1.033],[0.479,1.895],[0,0],[0,-2.395],[0,2.109],[-0.756,1.365],[0.201,0.227]],"o":[[-1.109,1.166],[-0.01,-2.209],[0,0],[0.508,1.961],[0,2.109],[0,-1.184],[-0.197,-0.234],[-0.939,1.523]],"v":[[-203.91,298.555],[-216.365,298.547],[-217.275,287.793],[-218.168,287.793],[-217.213,298.754],[-203.065,298.754],[-202.141,289.115],[-202.738,288.426]],"c":true},"ix":2},"nm":"Path 1","mn":"ADBE Vector Shape - Group","hd":false},{"ty":"fl","c":{"a":0,"k":[0.858823529412,0.580392156863,0.176470588235,1],"ix":4},"o":{"a":0,"k":100,"ix":5},"r":1,"bm":0,"nm":"Fill 1","mn":"ADBE Vector Graphic - Fill","hd":false},{"ty":"tr","p":{"a":0,"k":[0,0],"ix":2},"a":{"a":0,"k":[0,0],"ix":1},"s":{"a":0,"k":[100,100],"ix":3},"r":{"a":0,"k":0,"ix":6},"o":{"a":0,"k":100,"ix":7},"sk":{"a":0,"k":0,"ix":4},"sa":{"a":0,"k":0,"ix":5},"nm":"Transform"}],"nm":"Group 1","np":2,"cix":2,"bm":0,"ix":1,"mn":"ADBE Vector Group","hd":false},{"ty":"gr","it":[{"ind":0,"ty":"sh","ix":1,"ks":{"a":0,"k":{"i":[[0,0],[0,-2.324],[0,1.666],[-0.824,1.416]],"o":[[0.496,1.928],[0,1.609],[0,-1.326],[-0.285,-0.332]],"v":[[-217.723,287.793],[-216.787,298.65],[-203.488,298.65],[-202.438,288.77]],"c":true},"ix":2},"nm":"Path 1","mn":"ADBE Vector Shape - Group","hd":false},{"ty":"gf","o":{"a":0,"k":100,"ix":10},"r":1,"bm":0,"g":{"p":3,"k":{"a":0,"k":[0,1,0.788,0.251,0.549,1,0.735,0.212,0.855,1,0.682,0.173],"ix":9}},"s":{"a":0,"k":[-209.625,300.029],"ix":5},"e":{"a":0,"k":[-210.273,288.507],"ix":6},"t":1,"nm":"RHand2G","mn":"ADBE Vector Graphic - G-Fill","hd":false},{"ty":"tr","p":{"a":0,"k":[0,0],"ix":2},"a":{"a":0,"k":[0,0],"ix":1},"s":{"a":0,"k":[100,100],"ix":3},"r":{"a":0,"k":0,"ix":6},"o":{"a":0,"k":100,"ix":7},"sk":{"a":0,"k":0,"ix":4},"sa":{"a":0,"k":0,"ix":5},"nm":"Transform"}],"nm":"Group 2","np":2,"cix":2,"bm":0,"ix":2,"mn":"ADBE Vector Group","hd":false},{"ty":"tr","p":{"a":0,"k":[0,0],"ix":2},"a":{"a":0,"k":[0,0],"ix":1},"s":{"a":0,"k":[100,100],"ix":3},"r":{"a":0,"k":0,"ix":6},"o":{"a":0,"k":100,"ix":7},"sk":{"a":0,"k":0,"ix":4},"sa":{"a":0,"k":0,"ix":5},"nm":"Transform"}],"nm":"Group 2","np":2,"cix":2,"bm":0,"ix":2,"mn":"ADBE Vector Group","hd":false}],"ip":11,"op":48,"st":0,"bm":0},{"ddd":0,"ind":5,"ty":4,"nm":"R_Hand","parent":1,"sr":1,"ks":{"o":{"a":1,"k":[{"i":{"x":[0.833],"y":[0.833]},"o":{"x":[0.167],"y":[0.167]},"t":0,"s":[100]},{"t":10,"s":[0]}],"ix":11},"r":{"a":0,"k":0,"ix":10},"p":{"a":0,"k":[-169.625,-125.166,0],"ix":2},"a":{"a":0,"k":[-205.672,300.336,0],"ix":1},"s":{"a":1,"k":[{"i":{"x":[0,0,0.667],"y":[1,1,1]},"o":{"x":[0.167,0.167,0.167],"y":[0,0,0]},"t":0,"s":[1150,1150,100]},{"t":21,"s":[1150,1150,100]}],"ix":6}},"ao":0,"shapes":[{"ty":"gr","it":[{"ty":"gr","it":[{"ind":0,"ty":"sh","ix":1,"ks":{"a":0,"k":{"i":[[3.176,0],[0.543,0.674],[-0.059,0.861],[-0.041,6.59],[1.732,-1.617],[0,0],[0,-4.098],[0,0],[0.018,-3.021],[0,0],[0.115,-2.857],[0.016,-4.215],[-4.951,-1.605],[-0.016,3.31],[-0.152,3.855],[-0.111,-2.768],[0,0],[0,0],[0,0],[0,0],[0,0],[0,-2.777],[0,0],[0,0],[0,0],[0,0],[0.014,-2.717],[0,0],[0,0],[0,0],[0,0],[0,0],[0,-2.779],[0.088,-3.525],[-0.373,-0.299],[-4.781,0.123],[0.582,-0.369],[8.186,-2.238],[-7.086,4.334]],"o":[[-4.711,0.123],[-0.154,-0.195],[0.088,-3.555],[0.018,-2.984],[0,0],[0,-4.07],[0,0],[-1.68,-1.572],[0,0],[-1.59,-1.541],[-0.154,3.863],[-0.018,3.285],[-3.715,-1.996],[0.02,-4.201],[0.111,-2.848],[0,0],[0,0],[0,0],[0,0],[0,0],[0,-2.816],[0,0],[0,0],[0,0],[0,0],[0.018,-2.904],[0,0],[0,0],[0,0],[0,0],[0,0],[0,-2.799],[0,6.582],[-0.104,1.533],[2,1.608],[2.023,0],[-7.512,4.752],[9.219,-1.695],[1.383,-0.846]],"v":[[-193.691,272.973],[-200.133,276.861],[-200.213,274.871],[-200.025,260.002],[-205.051,257.76],[-205.047,257.385],[-211,257.412],[-211.004,257.81],[-216.057,260.094],[-216.07,262.215],[-220.522,264.59],[-220.922,280.588],[-214.504,291.154],[-220.012,280.592],[-219.607,264.629],[-216.084,264.51],[-216.147,274.334],[-215.227,274.34],[-215.168,264.506],[-215.168,264.506],[-215.141,260.098],[-211.02,260.059],[-211.106,274.301],[-210.191,274.309],[-210.098,259.266],[-210.086,257.416],[-205.963,257.377],[-205.981,260.029],[-205.981,260.029],[-206.066,274.27],[-205.152,274.277],[-205.065,260.018],[-200.943,259.998],[-201.129,274.824],[-200.725,277.586],[-193.691,273.922],[-191.533,275.525],[-206.51,291.328],[-191.066,276.342]],"c":true},"ix":2},"nm":"Path 1","mn":"ADBE Vector Shape - Group","hd":false},{"ty":"fl","c":{"a":0,"k":[0.858823529412,0.580392156863,0.176470588235,1],"ix":4},"o":{"a":0,"k":100,"ix":5},"r":1,"bm":0,"nm":"Fill 1","mn":"ADBE Vector Graphic - Fill","hd":false},{"ty":"tr","p":{"a":0,"k":[0,0],"ix":2},"a":{"a":0,"k":[0,0],"ix":1},"s":{"a":0,"k":[100,100],"ix":3},"r":{"a":0,"k":0,"ix":6},"o":{"a":0,"k":100,"ix":7},"sk":{"a":0,"k":0,"ix":4},"sa":{"a":0,"k":0,"ix":5},"nm":"Transform"}],"nm":"Group 1","np":2,"cix":2,"bm":0,"ix":1,"mn":"ADBE Vector Group","hd":false},{"ty":"gr","it":[{"ind":0,"ty":"sh","ix":1,"ks":{"a":0,"k":{"i":[[0,0],[-0.178,-4.658],[-2.402,-0.016]],"o":[[-2.494,0.117],[0.324,-4.221],[0,0]],"v":[[-200.688,276.744],[-206.914,285.729],[-199.875,277.69]],"c":true},"ix":2},"nm":"Path 1","mn":"ADBE Vector Shape - Group","hd":false},{"ty":"fl","c":{"a":0,"k":[0.858823529412,0.580392156863,0.176470588235,1],"ix":4},"o":{"a":0,"k":100,"ix":5},"r":1,"bm":0,"nm":"Fill 1","mn":"ADBE Vector Graphic - Fill","hd":false},{"ty":"tr","p":{"a":0,"k":[0,0],"ix":2},"a":{"a":0,"k":[0,0],"ix":1},"s":{"a":0,"k":[100,100],"ix":3},"r":{"a":0,"k":0,"ix":6},"o":{"a":0,"k":100,"ix":7},"sk":{"a":0,"k":0,"ix":4},"sa":{"a":0,"k":0,"ix":5},"nm":"Transform"}],"nm":"Group 2","np":2,"cix":2,"bm":0,"ix":2,"mn":"ADBE Vector Group","hd":false},{"ty":"gr","it":[{"ind":0,"ty":"sh","ix":1,"ks":{"a":0,"k":{"i":[[2.439,-0.062],[1.418,1.139],[0,0],[-0.043,6.838],[0.023,-3.443],[-0.008,0.904],[0.018,-3.467],[0.006,-0.844],[0.021,-3.434],[0.014,-1.988],[0.141,-3.43],[0.02,-4.141],[-6.484,0.166],[-8.688,5.316]],"o":[[-4.895,0.127],[-0.369,-0.299],[0.084,-3.375],[0.021,-3.44],[0.008,-0.865],[0.021,-3.438],[-0.006,0.928],[0.022,-3.432],[-0.006,0.734],[-0.125,-3.424],[-0.15,3.902],[-0.029,5.943],[14.1,-0.361],[1.076,-0.66]],"v":[[-193.691,273.447],[-200.443,277.213],[-200.672,274.859],[-200.484,260],[-205.525,260.033],[-205.506,257.383],[-210.543,257.414],[-210.563,260.062],[-215.6,260.096],[-215.627,264.502],[-220.066,264.607],[-220.467,280.588],[-210.674,291.809],[-191.299,275.934]],"c":true},"ix":2},"nm":"Path 1","mn":"ADBE Vector Shape - Group","hd":false},{"ty":"gf","o":{"a":0,"k":100,"ix":10},"r":1,"bm":0,"g":{"p":3,"k":{"a":0,"k":[0,1,0.682,0.173,0.121,1,0.735,0.212,0.588,1,0.788,0.251],"ix":9}},"s":{"a":0,"k":[-211.221,293.858],"ix":5},"e":{"a":0,"k":[-209.249,253.978],"ix":6},"t":1,"nm":"RhandjajaG","mn":"ADBE Vector Graphic - G-Fill","hd":false},{"ty":"tr","p":{"a":0,"k":[0,0],"ix":2},"a":{"a":0,"k":[0,0],"ix":1},"s":{"a":0,"k":[100,100],"ix":3},"r":{"a":0,"k":0,"ix":6},"o":{"a":0,"k":100,"ix":7},"sk":{"a":0,"k":0,"ix":4},"sa":{"a":0,"k":0,"ix":5},"nm":"Transform"}],"nm":"Group 3","np":2,"cix":2,"bm":0,"ix":3,"mn":"ADBE Vector Group","hd":false},{"ty":"tr","p":{"a":0,"k":[0,0],"ix":2},"a":{"a":0,"k":[0,0],"ix":1},"s":{"a":0,"k":[100,100],"ix":3},"r":{"a":0,"k":0,"ix":6},"o":{"a":0,"k":100,"ix":7},"sk":{"a":0,"k":0,"ix":4},"sa":{"a":0,"k":0,"ix":5},"nm":"Transform"}],"nm":"Group 1","np":3,"cix":2,"bm":0,"ix":1,"mn":"ADBE Vector Group","hd":false},{"ty":"gr","it":[{"ty":"gr","it":[{"ind":0,"ty":"sh","ix":1,"ks":{"a":0,"k":{"i":[[0.004,-1.34],[1.043,1.033],[0.479,1.895],[0,0],[0,-2.395],[0,2.109],[-0.756,1.365],[0.201,0.227]],"o":[[-1.109,1.166],[-0.01,-2.209],[0,0],[0.508,1.961],[0,2.109],[0,-1.184],[-0.197,-0.234],[-0.939,1.523]],"v":[[-203.91,298.555],[-216.365,298.547],[-217.275,287.793],[-218.168,287.793],[-217.213,298.754],[-203.065,298.754],[-202.141,289.115],[-202.738,288.426]],"c":true},"ix":2},"nm":"Path 1","mn":"ADBE Vector Shape - Group","hd":false},{"ty":"fl","c":{"a":0,"k":[0.858823529412,0.580392156863,0.176470588235,1],"ix":4},"o":{"a":0,"k":100,"ix":5},"r":1,"bm":0,"nm":"Fill 1","mn":"ADBE Vector Graphic - Fill","hd":false},{"ty":"tr","p":{"a":0,"k":[0,0],"ix":2},"a":{"a":0,"k":[0,0],"ix":1},"s":{"a":0,"k":[100,100],"ix":3},"r":{"a":0,"k":0,"ix":6},"o":{"a":0,"k":100,"ix":7},"sk":{"a":0,"k":0,"ix":4},"sa":{"a":0,"k":0,"ix":5},"nm":"Transform"}],"nm":"Group 1","np":2,"cix":2,"bm":0,"ix":1,"mn":"ADBE Vector Group","hd":false},{"ty":"gr","it":[{"ind":0,"ty":"sh","ix":1,"ks":{"a":0,"k":{"i":[[0,0],[0,-2.324],[0,1.666],[-0.824,1.416]],"o":[[0.496,1.928],[0,1.609],[0,-1.326],[-0.285,-0.332]],"v":[[-217.723,287.793],[-216.787,298.65],[-203.488,298.65],[-202.438,288.77]],"c":true},"ix":2},"nm":"Path 1","mn":"ADBE Vector Shape - Group","hd":false},{"ty":"gf","o":{"a":0,"k":100,"ix":10},"r":1,"bm":0,"g":{"p":3,"k":{"a":0,"k":[0,1,0.788,0.251,0.549,1,0.735,0.212,0.855,1,0.682,0.173],"ix":9}},"s":{"a":0,"k":[-209.625,300.029],"ix":5},"e":{"a":0,"k":[-210.273,288.507],"ix":6},"t":1,"nm":"RhandG","mn":"ADBE Vector Graphic - G-Fill","hd":false},{"ty":"tr","p":{"a":0,"k":[0,0],"ix":2},"a":{"a":0,"k":[0,0],"ix":1},"s":{"a":0,"k":[100,100],"ix":3},"r":{"a":0,"k":0,"ix":6},"o":{"a":0,"k":100,"ix":7},"sk":{"a":0,"k":0,"ix":4},"sa":{"a":0,"k":0,"ix":5},"nm":"Transform"}],"nm":"Group 2","np":2,"cix":2,"bm":0,"ix":2,"mn":"ADBE Vector Group","hd":false},{"ty":"tr","p":{"a":0,"k":[0,0],"ix":2},"a":{"a":0,"k":[0,0],"ix":1},"s":{"a":0,"k":[100,100],"ix":3},"r":{"a":0,"k":0,"ix":6},"o":{"a":0,"k":100,"ix":7},"sk":{"a":0,"k":0,"ix":4},"sa":{"a":0,"k":0,"ix":5},"nm":"Transform"}],"nm":"Group 2","np":2,"cix":2,"bm":0,"ix":2,"mn":"ADBE Vector Group","hd":false}],"ip":0,"op":11,"st":0,"bm":0},{"ddd":0,"ind":6,"ty":4,"nm":"Particles","parent":1,"sr":1,"ks":{"o":{"a":1,"k":[{"i":{"x":[0.833],"y":[0.833]},"o":{"x":[0.167],"y":[0.167]},"t":24,"s":[100]},{"t":34,"s":[0]}],"ix":11},"r":{"a":0,"k":0,"ix":10},"p":{"a":0,"k":[0,-444.664,0],"ix":2},"a":{"a":0,"k":[-190.922,272.554,0],"ix":1},"s":{"a":1,"k":[{"i":{"x":[0,0,0.667],"y":[1,1,1]},"o":{"x":[0.167,0.167,0.167],"y":[0.167,0.167,0]},"t":16,"s":[0,0,100]},{"t":34,"s":[1150,1150,100]}],"ix":6}},"ao":0,"shapes":[{"ty":"gr","it":[{"ind":0,"ty":"sh","ix":1,"ks":{"a":0,"k":{"i":[[3.377,-5.85],[0,0],[-2.086,3.611]],"o":[[-2.084,3.609],[0,0],[3.377,-5.848]],"v":[[-182.188,245.6],[-184.922,254.336],[-178.723,247.6]],"c":true},"ix":2},"nm":"Path 1","mn":"ADBE Vector Shape - Group","hd":false},{"ty":"fl","c":{"a":0,"k":[0.058823529631,0.705882370472,0.831372559071,1],"ix":4},"o":{"a":0,"k":100,"ix":5},"r":1,"bm":0,"nm":"Fill 1","mn":"ADBE Vector Graphic - Fill","hd":false},{"ty":"tr","p":{"a":0,"k":[0,0],"ix":2},"a":{"a":0,"k":[0,0],"ix":1},"s":{"a":0,"k":[100,100],"ix":3},"r":{"a":0,"k":0,"ix":6},"o":{"a":0,"k":100,"ix":7},"sk":{"a":0,"k":0,"ix":4},"sa":{"a":0,"k":0,"ix":5},"nm":"Transform"}],"nm":"Group 1","np":2,"cix":2,"bm":0,"ix":1,"mn":"ADBE Vector Group","hd":false},{"ty":"gr","it":[{"ind":0,"ty":"sh","ix":1,"ks":{"a":0,"k":{"i":[[-3.375,-5.848],[0,0],[2.084,3.611]],"o":[[2.086,3.611],[0,0],[-3.379,-5.848]],"v":[[-203.123,247.598],[-196.922,254.336],[-199.656,245.598]],"c":true},"ix":2},"nm":"Path 1","mn":"ADBE Vector Shape - Group","hd":false},{"ty":"fl","c":{"a":0,"k":[0.058823529631,0.705882370472,0.831372559071,1],"ix":4},"o":{"a":0,"k":100,"ix":5},"r":1,"bm":0,"nm":"Fill 1","mn":"ADBE Vector Graphic - Fill","hd":false},{"ty":"tr","p":{"a":0,"k":[0,0],"ix":2},"a":{"a":0,"k":[0,0],"ix":1},"s":{"a":0,"k":[100,100],"ix":3},"r":{"a":0,"k":0,"ix":6},"o":{"a":0,"k":100,"ix":7},"sk":{"a":0,"k":0,"ix":4},"sa":{"a":0,"k":0,"ix":5},"nm":"Transform"}],"nm":"Group 2","np":2,"cix":2,"bm":0,"ix":2,"mn":"ADBE Vector Group","hd":false},{"ty":"gr","it":[{"ind":0,"ty":"sh","ix":1,"ks":{"a":0,"k":{"i":[[0,-6.752],[0,0],[0,4.17]],"o":[[0,4.17],[0,0],[0,-6.752]],"v":[[-192.895,245.4],[-190.895,254.336],[-188.895,245.4]],"c":true},"ix":2},"nm":"Path 1","mn":"ADBE Vector Shape - Group","hd":false},{"ty":"fl","c":{"a":0,"k":[0.058823529631,0.705882370472,0.831372559071,1],"ix":4},"o":{"a":0,"k":100,"ix":5},"r":1,"bm":0,"nm":"Fill 1","mn":"ADBE Vector Graphic - Fill","hd":false},{"ty":"tr","p":{"a":0,"k":[0,0],"ix":2},"a":{"a":0,"k":[0,0],"ix":1},"s":{"a":0,"k":[100,100],"ix":3},"r":{"a":0,"k":0,"ix":6},"o":{"a":0,"k":100,"ix":7},"sk":{"a":0,"k":0,"ix":4},"sa":{"a":0,"k":0,"ix":5},"nm":"Transform"}],"nm":"Group 3","np":2,"cix":2,"bm":0,"ix":3,"mn":"ADBE Vector Group","hd":false}],"ip":16,"op":34,"st":16,"bm":0}]}],"layers":[{"ddd":0,"ind":1,"ty":0,"nm":"raising_hands","parent":2,"refId":"comp_0","sr":1,"ks":{"o":{"a":0,"k":100,"ix":11},"r":{"a":0,"k":0,"ix":10},"p":{"a":0,"k":[512,512,0],"ix":2},"a":{"a":0,"k":[512,512,0],"ix":1},"s":{"a":0,"k":[100,100,100],"ix":6}},"ao":0,"w":1024,"h":1024,"ip":0,"op":23,"st":-25,"bm":0},{"ddd":0,"ind":2,"ty":0,"nm":"raising_hands","refId":"comp_0","sr":1,"ks":{"o":{"a":0,"k":100,"ix":11},"r":{"a":0,"k":0,"ix":10},"p":{"a":0,"k":[512,552,0],"ix":2},"a":{"a":0,"k":[512,512,0],"ix":1},"s":{"a":0,"k":[100,100,100],"ix":6}},"ao":0,"w":1024,"h":1024,"ip":23,"op":48,"st":23,"bm":0}],"markers":[]}