{"v":"5.6.2","fr":24,"ip":0,"op":48,"w":1024,"h":1024,"nm":"oncoming_fist","ddd":0,"assets":[{"id":"comp_0","layers":[{"ddd":0,"ind":1,"ty":3,"nm":"Null 151","sr":1,"ks":{"o":{"a":0,"k":0,"ix":11},"r":{"a":0,"k":0,"ix":10},"p":{"a":0,"k":[512,512,0],"ix":2},"a":{"a":0,"k":[0,0,0],"ix":1},"s":{"a":1,"k":[{"i":{"x":[0,0,0.667],"y":[1,1,1]},"o":{"x":[0.167,0.167,0.167],"y":[0.167,0.167,-1.235]},"t":0,"s":[100,100,100]},{"i":{"x":[0.833,0.833,0.833],"y":[0.833,0.833,0.002]},"o":{"x":[0.333,0.333,0.333],"y":[0,0,0]},"t":12,"s":[25,25,100]},{"i":{"x":[0,0,0.667],"y":[1,1,1]},"o":{"x":[0.167,0.167,0.167],"y":[0.167,0.167,0.236]},"t":16,"s":[139,139,100]},{"t":31,"s":[100,100,100]}],"ix":6}},"ao":0,"ip":0,"op":48,"st":0,"bm":0},{"ddd":0,"ind":2,"ty":4,"nm":"Line","parent":1,"sr":1,"ks":{"o":{"a":0,"k":100,"ix":11},"r":{"a":0,"k":0,"ix":10},"p":{"a":0,"k":[-33.568,-34.454,0],"ix":2},"a":{"a":0,"k":[-193.92,-352.886,0],"ix":1},"s":{"a":0,"k":[1176,1176,100],"ix":6}},"ao":0,"shapes":[{"ty":"gr","it":[{"ind":0,"ty":"sh","ix":1,"ks":{"a":0,"k":{"i":[[0.371,-3.922],[3.307,0],[0.904,1.023],[0,0],[-0.101,3.841],[0,0],[-0.085,-2.57],[0,0],[2.17,0],[0.018,0.025],[0,0],[-0.124,4.654],[0,0],[-0.011,-1.725],[0,0],[2.596,0],[0.739,2.2],[-0.048,1.787],[0,0],[-1.416,-4.709],[0.863,0],[0.773,0.901],[-1.999,12.924],[-2.435,0],[0,0],[-3.85,0],[-1.289,-0.722],[-2.47,0],[-2.843,-2.91],[-1.965,0],[-1.175,-3.516]],"o":[[-0.291,3.084],[-1.395,0],[0,0],[-0.092,-2.592],[0,0],[-0.105,3.948],[0,0],[-2.409,2.057],[-3.873,0],[0,0],[-0.012,-1.713],[0,0],[-0.125,4.693],[0,0],[-0.023,0.018],[-2.546,0],[-1.56,-4.641],[0,0],[-0.047,1.744],[-1.164,0.31],[-1.434,0],[-1.582,-1.846],[0.474,-3.055],[1.712,0],[1.264,-2.193],[1.922,0],[2.102,-2.714],[2.863,0],[1.669,-1.135],[2.348,0],[2.279,6.828]],"v":[[-169.007,-340.058],[-176.005,-334.057],[-179.47,-335.599],[-180.007,-336.208],[-181.286,-358.643],[-183.285,-358.695],[-182.003,-336.021],[-182.267,-335.796],[-189.167,-332.697],[-195.48,-336.13],[-196.025,-336.923],[-196.133,-359.46],[-198.132,-359.513],[-198.025,-336.833],[-198.333,-336.602],[-203.387,-334.796],[-208.631,-338.888],[-209.213,-356.763],[-211.212,-356.817],[-210.639,-338.612],[-213.667,-338.143],[-216.902,-339.464],[-217.95,-359.146],[-212.674,-364.685],[-209.046,-362.983],[-201.425,-369.608],[-196.218,-367.678],[-189.763,-373.075],[-182.165,-367.669],[-176.455,-370.32],[-171.71,-365.022]],"c":true},"ix":2},"nm":"Path 1","mn":"ADBE Vector Shape - Group","hd":false},{"ind":1,"ty":"sh","ix":2,"ks":{"a":0,"k":{"i":[[2.369,7.096],[3.199,0],[2.094,-1.424],[2.391,0],[2.557,-3.303],[1.462,0],[2.015,-3.497],[0.994,0],[0.638,-4.108],[-5.354,0],[-1.361,0.391],[-2.162,0],[0,0],[-5.031,0],[-3.123,2.665],[-1.818,0],[-0.408,4.32]],"o":[[-1.328,-3.974],[-1.551,0],[-3.02,-3.09],[-2.237,0],[-1.652,-0.924],[-3.434,0],[-0.945,-0.607],[-3.353,0],[-2.887,18.664],[1.256,0],[1.822,3.062],[3.333,0],[0,0],[2.316,0],[1.371,1.553],[4.169,0],[0.398,-4.215]],"v":[[-169.812,-365.655],[-176.455,-372.32],[-181.904,-370.265],[-189.762,-375.075],[-196.744,-370.265],[-201.425,-371.608],[-209.73,-365.802],[-212.673,-366.685],[-219.926,-359.452],[-213.667,-336.143],[-209.708,-336.788],[-203.387,-332.796],[-197.132,-335.003],[-189.167,-330.697],[-180.968,-334.274],[-176.005,-332.057],[-167.015,-339.87]],"c":true},"ix":2},"nm":"Path 2","mn":"ADBE Vector Shape - Group","hd":false},{"ty":"fl","c":{"a":0,"k":[0.858823529412,0.580392156863,0.176470588235,1],"ix":4},"o":{"a":0,"k":100,"ix":5},"r":1,"bm":0,"nm":"Fill 1","mn":"ADBE Vector Graphic - Fill","hd":false},{"ty":"tr","p":{"a":0,"k":[0,0],"ix":2},"a":{"a":0,"k":[0,0],"ix":1},"s":{"a":0,"k":[100,100],"ix":3},"r":{"a":0,"k":0,"ix":6},"o":{"a":0,"k":100,"ix":7},"sk":{"a":0,"k":0,"ix":4},"sa":{"a":0,"k":0,"ix":5},"nm":"Transform"}],"nm":"Group 1","np":3,"cix":2,"bm":0,"ix":1,"mn":"ADBE Vector Group","hd":false}],"ip":0,"op":48,"st":0,"bm":0},{"ddd":0,"ind":3,"ty":4,"nm":"Fill","parent":1,"sr":1,"ks":{"o":{"a":0,"k":100,"ix":11},"r":{"a":0,"k":0,"ix":10},"p":{"a":0,"k":[-33.914,-30.958,0],"ix":2},"a":{"a":0,"k":[-193.95,-352.589,0],"ix":1},"s":{"a":0,"k":[1176,1176,100],"ix":6}},"ao":0,"shapes":[{"ty":"gr","it":[{"ind":0,"ty":"sh","ix":1,"ks":{"a":0,"k":{"i":[[-0.213,5.347],[0.826,-5.328],[-7.166,2.053]],"o":[[-4.125,-2.652],[-3.564,23.043],[-0.233,-6.257]],"v":[[-209.587,-364.757],[-219.483,-359.486],[-209.733,-337.403]],"c":true},"ix":2},"nm":"Path 1","mn":"ADBE Vector Shape - Group","hd":false},{"ty":"gf","o":{"a":0,"k":100,"ix":10},"r":1,"bm":0,"g":{"p":3,"k":{"a":0,"k":[0.8,1,0.8,0.4,0.891,1,0.741,0.286,1,1,0.682,0.173],"ix":9}},"s":{"a":0,"k":[-206.597,-357.751],"ix":5},"e":{"a":0,"k":[-224.475,-358.656],"ix":6},"t":2,"h":{"a":0,"k":0,"ix":7},"a":{"a":0,"k":0,"ix":8},"nm":"fill_grad_01","mn":"ADBE Vector Graphic - G-Fill","hd":false},{"ty":"tr","p":{"a":0,"k":[0,0],"ix":2},"a":{"a":0,"k":[0,0],"ix":1},"s":{"a":0,"k":[100,100],"ix":3},"r":{"a":0,"k":0,"ix":6},"o":{"a":0,"k":100,"ix":7},"sk":{"a":0,"k":0,"ix":4},"sa":{"a":0,"k":0,"ix":5},"nm":"Transform"}],"nm":"Group 1","np":2,"cix":2,"bm":0,"ix":1,"mn":"ADBE Vector Group","hd":false},{"ty":"gr","it":[{"ind":0,"ty":"sh","ix":1,"ks":{"a":0,"k":{"i":[[-0.691,9.868],[2.873,-4.986],[-1.567,-1.673],[0,0]],"o":[[-5.529,-3.096],[-2.286,0.597],[4.635,7.785],[0,0]],"v":[[-196.525,-369.111],[-209.587,-364.757],[-209.733,-337.403],[-197.212,-335.632]],"c":true},"ix":2},"nm":"Path 1","mn":"ADBE Vector Shape - Group","hd":false},{"ty":"gf","o":{"a":0,"k":100,"ix":10},"r":1,"bm":0,"g":{"p":3,"k":{"a":0,"k":[0.8,1,0.8,0.4,0.891,1,0.741,0.286,1,1,0.682,0.173],"ix":9}},"s":{"a":0,"k":[-200.253,-360.578],"ix":5},"e":{"a":0,"k":[-194.695,-383.665],"ix":6},"t":2,"h":{"a":0,"k":0,"ix":7},"a":{"a":0,"k":0,"ix":8},"nm":"Fill_grad_02","mn":"ADBE Vector Graphic - G-Fill","hd":false},{"ty":"tr","p":{"a":0,"k":[0,0],"ix":2},"a":{"a":0,"k":[0,0],"ix":1},"s":{"a":0,"k":[100,100],"ix":3},"r":{"a":0,"k":0,"ix":6},"o":{"a":0,"k":100,"ix":7},"sk":{"a":0,"k":0,"ix":4},"sa":{"a":0,"k":0,"ix":5},"nm":"Transform"}],"nm":"Group 2","np":2,"cix":2,"bm":0,"ix":2,"mn":"ADBE Vector Group","hd":false},{"ty":"gr","it":[{"ind":0,"ty":"sh","ix":1,"ks":{"a":0,"k":{"i":[[1.871,7.118],[5.289,-6.832],[0,0],[-9.906,8.453]],"o":[[-5.844,-5.98],[-2.623,10.787],[0,0],[1.059,-10.361]],"v":[[-182.087,-369.528],[-196.525,-369.111],[-197.212,-335.632],[-181.025,-334.549]],"c":true},"ix":2},"nm":"Path 1","mn":"ADBE Vector Shape - Group","hd":false},{"ty":"gf","o":{"a":0,"k":100,"ix":10},"r":1,"bm":0,"g":{"p":3,"k":{"a":0,"k":[0.8,1,0.8,0.4,0.891,1,0.741,0.286,1,1,0.682,0.173],"ix":9}},"s":{"a":0,"k":[-189.889,-364.161],"ix":5},"e":{"a":0,"k":[-173.972,-388.148],"ix":6},"t":2,"h":{"a":0,"k":0,"ix":7},"a":{"a":0,"k":0,"ix":8},"nm":"fill_grad_03","mn":"ADBE Vector Graphic - G-Fill","hd":false},{"ty":"tr","p":{"a":0,"k":[0,0],"ix":2},"a":{"a":0,"k":[0,0],"ix":1},"s":{"a":0,"k":[100,100],"ix":3},"r":{"a":0,"k":0,"ix":6},"o":{"a":0,"k":100,"ix":7},"sk":{"a":0,"k":0,"ix":4},"sa":{"a":0,"k":0,"ix":5},"nm":"Transform"}],"nm":"Group 3","np":2,"cix":2,"bm":0,"ix":3,"mn":"ADBE Vector Group","hd":false},{"ty":"gr","it":[{"ind":0,"ty":"sh","ix":1,"ks":{"a":0,"k":{"i":[[2.369,7.096],[6.416,-4.361],[-2.691,-3.444],[-0.586,6.205]],"o":[[-1.971,-5.898],[-1.379,0.452],[4.518,5.109],[0.398,-4.215]],"v":[[-170.107,-365.466],[-182.087,-369.528],[-181.025,-334.549],[-167.483,-339.986]],"c":true},"ix":2},"nm":"Path 1","mn":"ADBE Vector Shape - Group","hd":false},{"ty":"gf","o":{"a":0,"k":100,"ix":10},"r":1,"bm":0,"g":{"p":3,"k":{"a":0,"k":[0.8,1,0.8,0.4,0.891,1,0.741,0.286,1,1,0.682,0.173],"ix":9}},"s":{"a":0,"k":[-183.337,-354.662],"ix":5},"e":{"a":0,"k":[-192.166,-375.513],"ix":6},"t":2,"h":{"a":0,"k":56.666,"ix":7},"a":{"a":0,"k":-11.647,"ix":8},"nm":"FillG1","mn":"ADBE Vector Graphic - G-Fill","hd":false},{"ty":"tr","p":{"a":0,"k":[0,0],"ix":2},"a":{"a":0,"k":[0,0],"ix":1},"s":{"a":0,"k":[100,100],"ix":3},"r":{"a":0,"k":0,"ix":6},"o":{"a":0,"k":100,"ix":7},"sk":{"a":0,"k":0,"ix":4},"sa":{"a":0,"k":0,"ix":5},"nm":"Transform"}],"nm":"Group 4","np":2,"cix":2,"bm":0,"ix":4,"mn":"ADBE Vector Group","hd":false}],"ip":0,"op":48,"st":0,"bm":0},{"ddd":0,"ind":4,"ty":4,"nm":"Line","parent":1,"sr":1,"ks":{"o":{"a":0,"k":100,"ix":11},"r":{"a":0,"k":0,"ix":10},"p":{"a":0,"k":[143.238,49.699,0],"ix":2},"a":{"a":0,"k":[-178.886,-345.73,0],"ix":1},"s":{"a":0,"k":[1176,1176,100],"ix":6}},"ao":0,"shapes":[{"ty":"gr","it":[{"ind":0,"ty":"sh","ix":1,"ks":{"a":0,"k":{"i":[[0,0],[0,0],[-3.926,1.45],[-2.732,0],[-3.684,-0.717],[2.708,4.434],[5.907,7.42]],"o":[[0,0],[-3.966,5.438],[3.999,-1.482],[2.678,0],[6.675,1.299],[-4.013,-6.567],[0,0]],"v":[[-170.738,-366.386],[-195.509,-336.099],[-189.833,-325.272],[-180.32,-327.31],[-171.328,-326.06],[-161.606,-341.208],[-170.738,-366.386]],"c":true},"ix":2},"nm":"Path 1","mn":"ADBE Vector Shape - Group","hd":false},{"ind":1,"ty":"sh","ix":2,"ks":{"a":0,"k":{"i":[[0,0],[-0.909,-4.067],[-1.924,-3.148],[1.79,-3.189],[1.842,0.359],[2.766,0],[4.09,-1.516],[-3.034,4.238],[0,0]],"o":[[2.018,3.486],[0.919,4.113],[0.753,1.233],[-1.949,3.477],[0,0],[-3.066,0],[-1.988,0.736],[0,0],[0,0]],"v":[[-170.884,-363.048],[-167.023,-351.311],[-163.312,-340.165],[-164.638,-332.56],[-170.947,-328.022],[-180.32,-329.31],[-190.529,-327.147],[-193.923,-334.878],[-170.884,-363.048]],"c":false},"ix":2},"nm":"Path 2","mn":"ADBE Vector Shape - Group","hd":false},{"ty":"fl","c":{"a":0,"k":[0.858823529412,0.580392156863,0.176470588235,1],"ix":4},"o":{"a":0,"k":100,"ix":5},"r":1,"bm":0,"nm":"Fill 1","mn":"ADBE Vector Graphic - Fill","hd":false},{"ty":"tr","p":{"a":0,"k":[0,0],"ix":2},"a":{"a":0,"k":[0,0],"ix":1},"s":{"a":0,"k":[100,100],"ix":3},"r":{"a":0,"k":0,"ix":6},"o":{"a":0,"k":100,"ix":7},"sk":{"a":0,"k":0,"ix":4},"sa":{"a":0,"k":0,"ix":5},"nm":"Transform"}],"nm":"Group 1","np":3,"cix":2,"bm":0,"ix":1,"mn":"ADBE Vector Group","hd":false}],"ip":0,"op":48,"st":0,"bm":0},{"ddd":0,"ind":5,"ty":4,"nm":"Fill","parent":1,"sr":1,"ks":{"o":{"a":0,"k":100,"ix":11},"r":{"a":0,"k":0,"ix":10},"p":{"a":0,"k":[140.917,50.323,0],"ix":2},"a":{"a":0,"k":[-179.083,-345.677,0],"ix":1},"s":{"a":0,"k":[1176,1176,100],"ix":6}},"ao":0,"shapes":[{"ty":"gr","it":[{"ind":0,"ty":"sh","ix":1,"ks":{"a":0,"k":{"i":[[0,0],[-3.939,1.459],[-7.439,-1.447],[2.707,4.432],[5.908,7.42]],"o":[[-3.939,5.402],[7.922,-2.936],[6.678,1.299],[-4.014,-6.567],[0,0]],"v":[[-195.025,-336.111],[-189.744,-325.799],[-171.244,-326.955],[-162.525,-341.268],[-171.056,-365.768]],"c":true},"ix":2},"nm":"Path 1","mn":"ADBE Vector Shape - Group","hd":false},{"ty":"fl","c":{"a":0,"k":[1,0.682352941176,0.172549019608,1],"ix":4},"o":{"a":0,"k":100,"ix":5},"r":1,"bm":0,"nm":"Fill 1","mn":"ADBE Vector Graphic - Fill","hd":false},{"ty":"tr","p":{"a":0,"k":[0,0],"ix":2},"a":{"a":0,"k":[0,0],"ix":1},"s":{"a":0,"k":[100,100],"ix":3},"r":{"a":0,"k":0,"ix":6},"o":{"a":0,"k":100,"ix":7},"sk":{"a":0,"k":0,"ix":4},"sa":{"a":0,"k":0,"ix":5},"nm":"Transform"}],"nm":"Group 1","np":2,"cix":2,"bm":0,"ix":1,"mn":"ADBE Vector Group","hd":false}],"ip":0,"op":48,"st":0,"bm":0}]}],"layers":[{"ddd":0,"ind":1,"ty":0,"nm":"oncoming_fist","refId":"comp_0","sr":1,"ks":{"o":{"a":0,"k":100,"ix":11},"r":{"a":0,"k":0,"ix":10},"p":{"a":0,"k":[512,512,0],"ix":2},"a":{"a":0,"k":[512,512,0],"ix":1},"s":{"a":0,"k":[100,100,100],"ix":6}},"ao":0,"w":1024,"h":1024,"ip":0,"op":48,"st":0,"bm":0}],"markers":[]}