{"v":"5.6.2","fr":24,"ip":0,"op":24,"w":1024,"h":1024,"nm":"backhand_index_pointing_up","ddd":0,"assets":[{"id":"comp_0","layers":[{"ddd":0,"ind":1,"ty":4,"nm":"Stroke","parent":2,"sr":1,"ks":{"o":{"a":0,"k":100,"ix":11},"r":{"a":0,"k":0,"ix":10},"p":{"a":0,"k":[-190.921,-347.574,0],"ix":2},"a":{"a":0,"k":[-190.921,-347.574,0],"ix":1},"s":{"a":0,"k":[100,100,100],"ix":6}},"ao":0,"shapes":[{"ty":"gr","it":[{"ind":0,"ty":"sh","ix":1,"ks":{"a":0,"k":{"i":[[3.354,-2.699],[0,0],[0,-5],[0,0],[0.881,0.752],[5.07,0],[-0.891,-0.502],[-5.67,-4.455],[-0.014,-2.426],[-1.777,1.57],[-0.967,6.76],[0.363,2.168],[1.988,-1.377],[4.418,-3.539]],"o":[[0,0],[0,-5],[0,0],[0,1.496],[-1.797,-1.539],[-3.148,0],[10.383,5.861],[2.506,1.969],[1.887,1.77],[0.027,-6.359],[0.275,-1.926],[-0.713,-4.256],[0,0],[-2.002,-2.438]],"v":[[-191.684,-354.092],[-191.684,-372.407],[-197.99,-372.407],[-197.99,-347.846],[-199.971,-346.903],[-209.742,-351.909],[-213.207,-348.553],[-196.264,-329.506],[-193.203,-320.278],[-171.984,-320.29],[-168.44,-337.721],[-169.061,-348.748],[-175.668,-352.153],[-183.328,-353.297]],"c":true},"ix":2},"nm":"Path 1","mn":"ADBE Vector Shape - Group","hd":false},{"ind":1,"ty":"sh","ix":2,"ks":{"a":0,"k":{"i":[[0,-6.891],[0,0],[-2.131,-1.951],[-2.252,-2.244],[-0.738,-4.4],[0.326,-2.275],[0,-6.529],[0,3.201],[2.104,1.652],[10.119,5.709],[-4.559,0],[-1.66,-1.506],[0,0]],"o":[[0,0],[2.375,-1.025],[2.65,-1.572],[3.02,-1.156],[0.334,1.998],[-1.066,7.473],[0,3.201],[0,-2.166],[-6.197,-4.871],[-2.363,-1.334],[5.316,0],[0,0],[0,-6.891]],"v":[[-190.244,-372.407],[-190.244,-356.608],[-183.109,-355.174],[-175.295,-353.917],[-167.639,-348.983],[-167.014,-337.52],[-170.545,-319.975],[-194.643,-319.975],[-197.158,-328.385],[-213.918,-347.309],[-209.742,-353.338],[-199.43,-348.36],[-199.43,-372.407]],"c":true},"ix":2},"nm":"Path 2","mn":"ADBE Vector Shape - Group","hd":false},{"ty":"fl","c":{"a":0,"k":[0.858823529412,0.580392156863,0.176470588235,1],"ix":4},"o":{"a":0,"k":100,"ix":5},"r":1,"bm":0,"nm":"Fill 1","mn":"ADBE Vector Graphic - Fill","hd":false},{"ty":"tr","p":{"a":0,"k":[0,0],"ix":2},"a":{"a":0,"k":[0,0],"ix":1},"s":{"a":0,"k":[100,100],"ix":3},"r":{"a":0,"k":0,"ix":6},"o":{"a":0,"k":100,"ix":7},"sk":{"a":0,"k":0,"ix":4},"sa":{"a":0,"k":0,"ix":5},"nm":"Transform"}],"nm":"Group 1","np":3,"cix":2,"bm":0,"ix":1,"mn":"ADBE Vector Group","hd":false}],"ip":0,"op":24,"st":0,"bm":0},{"ddd":0,"ind":2,"ty":4,"nm":"Fill","sr":1,"ks":{"o":{"a":0,"k":100,"ix":11},"r":{"a":0,"k":0,"ix":10},"p":{"a":1,"k":[{"i":{"x":0,"y":1},"o":{"x":0.333,"y":0},"t":0,"s":[511.078,570.427,0],"to":[0,-21.667,0],"ti":[0,0,0]},{"i":{"x":0,"y":1},"o":{"x":0.333,"y":0},"t":12,"s":[511.078,440.427,0],"to":[0,0,0],"ti":[0,-21.667,0]},{"t":24,"s":[511.078,570.427,0]}],"ix":2},"a":{"a":0,"k":[-190.922,-347.573,0],"ix":1},"s":{"a":0,"k":[1213,1213,100],"ix":6}},"ao":0,"shapes":[{"ty":"gr","it":[{"ind":0,"ty":"sh","ix":1,"ks":{"a":0,"k":{"i":[[-1.656,-0.935],[-5.992,-4.709],[0,-2.426],[0,2.443],[-1.043,7.305],[0.35,2.094],[2.643,-1.352],[4.307,-3.027],[4.352,-2.811],[0,4.48],[0,-5.963],[0,-1.904],[7.641,0]],"o":[[10.287,5.805],[2.23,1.752],[0,2.529],[0,-6.461],[0.299,-2.096],[-0.697,-4.166],[0,0],[0,0],[0,0],[0,-5.963],[0,6.59],[0,2.91],[-3.814,0]],"v":[[-213.563,-347.93],[-196.711,-328.946],[-193.924,-320.131],[-171.264,-320.131],[-167.727,-337.62],[-168.35,-348.866],[-175.475,-353.055],[-183.207,-354.258],[-190.963,-355.411],[-190.963,-372.407],[-198.709,-372.407],[-198.709,-347.846],[-209.742,-352.623]],"c":true},"ix":2},"nm":"Path 1","mn":"ADBE Vector Shape - Group","hd":false},{"ty":"gf","o":{"a":0,"k":100,"ix":10},"r":1,"bm":0,"g":{"p":3,"k":{"a":0,"k":[0.709,1,0.788,0.251,0.901,1,0.788,0.251,1,1,0.788,0.251],"ix":9}},"s":{"a":0,"k":[1989.713,-1002.469],"ix":5},"e":{"a":0,"k":[1959.781,-1009.971],"ix":6},"t":2,"h":{"a":0,"k":0,"ix":7},"a":{"a":0,"k":0,"ix":8},"nm":"FillG","mn":"ADBE Vector Graphic - G-Fill","hd":false},{"ty":"tr","p":{"a":0,"k":[0,0],"ix":2},"a":{"a":0,"k":[0,0],"ix":1},"s":{"a":0,"k":[100,100],"ix":3},"r":{"a":0,"k":0,"ix":6},"o":{"a":0,"k":100,"ix":7},"sk":{"a":0,"k":0,"ix":4},"sa":{"a":0,"k":0,"ix":5},"nm":"Transform"}],"nm":"Group 1","np":2,"cix":2,"bm":0,"ix":1,"mn":"ADBE Vector Group","hd":false}],"ip":0,"op":24,"st":0,"bm":0}]}],"layers":[{"ddd":0,"ind":1,"ty":0,"nm":"backhand_index_pointing_up","refId":"comp_0","sr":1,"ks":{"o":{"a":0,"k":100,"ix":11},"r":{"a":0,"k":0,"ix":10},"p":{"a":0,"k":[512,512,0],"ix":2},"a":{"a":0,"k":[512,512,0],"ix":1},"s":{"a":0,"k":[100,100,100],"ix":6}},"ao":0,"w":1024,"h":1024,"ip":0,"op":24,"st":0,"bm":0}],"markers":[]}