{"v":"5.6.2","fr":24,"ip":0,"op":48,"w":1024,"h":1024,"nm":"flexed_biceps","ddd":0,"assets":[{"id":"comp_0","layers":[{"ddd":0,"ind":1,"ty":3,"nm":"Scalecontrol","sr":1,"ks":{"o":{"a":0,"k":0,"ix":11},"r":{"a":1,"k":[{"i":{"x":[0],"y":[1]},"o":{"x":[0.333],"y":[0]},"t":21,"s":[0]},{"i":{"x":[0.833],"y":[0.833]},"o":{"x":[0.333],"y":[0]},"t":38,"s":[-17]},{"t":48,"s":[0]}],"ix":10},"p":{"a":0,"k":[782,760,0],"ix":2},"a":{"a":0,"k":[0,0,0],"ix":1},"s":{"a":0,"k":[1100,1100,100],"ix":6}},"ao":0,"ip":0,"op":48,"st":0,"bm":0},{"ddd":0,"ind":2,"ty":4,"nm":"Muscleoutline","parent":4,"sr":1,"ks":{"o":{"a":1,"k":[{"i":{"x":[0.667],"y":[1]},"o":{"x":[0.828],"y":[0]},"t":-10,"s":[0]},{"i":{"x":[0],"y":[1]},"o":{"x":[0.333],"y":[0]},"t":0,"s":[100]},{"i":{"x":[0.667],"y":[1]},"o":{"x":[0.333],"y":[0]},"t":21,"s":[100]},{"i":{"x":[0.833],"y":[0.833]},"o":{"x":[0.828],"y":[0]},"t":38,"s":[0]},{"t":48,"s":[100]}],"ix":11},"r":{"a":0,"k":0,"ix":10},"p":{"a":0,"k":[0,0,0],"ix":2},"a":{"a":0,"k":[0,0,0],"ix":1},"s":{"a":0,"k":[100,100,100],"ix":6}},"ao":0,"shapes":[{"ty":"gr","it":[{"ind":0,"ty":"sh","ix":1,"ks":{"a":1,"k":[{"i":{"x":0.284,"y":1},"o":{"x":0.333,"y":0},"t":-10,"s":[{"i":[[-3.696,-1.815],[-9.333,4.167]],"o":[[9.333,4.583],[8.693,-3.881]],"v":[[-9.417,16.5],[21,17.833]],"c":false}]},{"i":{"x":0,"y":1},"o":{"x":0.333,"y":0},"t":0,"s":[{"i":[[-2.486,-3.282],[-8.75,4.833]],"o":[[6.25,8.25],[8.333,-4.603]],"v":[[-5.75,14.583],[20.833,17.417]],"c":false}]},{"i":{"x":0.667,"y":1},"o":{"x":0.333,"y":0},"t":21,"s":[{"i":[[-2.486,-3.282],[-8.75,4.833]],"o":[[6.25,8.25],[8.333,-4.603]],"v":[[-5.75,14.583],[20.833,17.417]],"c":false}]},{"i":{"x":0.833,"y":0.833},"o":{"x":0.333,"y":0},"t":38,"s":[{"i":[[-3.696,-1.815],[-9.333,4.167]],"o":[[9.333,4.583],[8.693,-3.881]],"v":[[-9.417,16.5],[21,17.833]],"c":false}]},{"t":48,"s":[{"i":[[-2.486,-3.282],[-8.75,4.833]],"o":[[6.25,8.25],[8.333,-4.603]],"v":[[-5.75,14.583],[20.833,17.417]],"c":false}]}],"ix":2},"nm":"Path 1","mn":"ADBE Vector Shape - Group","hd":false},{"ty":"st","c":{"a":0,"k":[0.858823529412,0.580392156863,0.176470588235,1],"ix":3},"o":{"a":0,"k":100,"ix":4},"w":{"a":0,"k":1.5,"ix":5},"lc":2,"lj":1,"ml":4,"bm":0,"nm":"Stroke 1","mn":"ADBE Vector Graphic - Stroke","hd":false},{"ty":"tr","p":{"a":0,"k":[0,0],"ix":2},"a":{"a":0,"k":[0,0],"ix":1},"s":{"a":0,"k":[100,100],"ix":3},"r":{"a":0,"k":0,"ix":6},"o":{"a":0,"k":100,"ix":7},"sk":{"a":0,"k":0,"ix":4},"sa":{"a":0,"k":0,"ix":5},"nm":"Transform"}],"nm":"Shape 1","np":2,"cix":2,"bm":0,"ix":1,"mn":"ADBE Vector Group","hd":false}],"ip":0,"op":48,"st":-10,"bm":0},{"ddd":0,"ind":3,"ty":4,"nm":"Forearm","parent":4,"sr":1,"ks":{"o":{"a":0,"k":100,"ix":11},"r":{"a":1,"k":[{"i":{"x":[0.284],"y":[1]},"o":{"x":[0.333],"y":[0]},"t":-10,"s":[-31]},{"i":{"x":[0],"y":[1]},"o":{"x":[0.333],"y":[0]},"t":0,"s":[0]},{"i":{"x":[0.667],"y":[1]},"o":{"x":[0.333],"y":[0]},"t":21,"s":[-6]},{"i":{"x":[0.833],"y":[0.833]},"o":{"x":[0.333],"y":[0]},"t":38,"s":[-31]},{"t":48,"s":[0]}],"ix":10},"p":{"a":0,"k":[-22.571,16.857,0],"ix":2},"a":{"a":0,"k":[-22.571,16.857,0],"ix":1},"s":{"a":0,"k":[100,100,100],"ix":6}},"ao":0,"shapes":[{"ty":"gr","it":[{"ind":0,"ty":"sh","ix":1,"ks":{"a":1,"k":[{"i":{"x":0.257,"y":1},"o":{"x":0.333,"y":0},"t":-10,"s":[{"i":[[1.637,-1.619],[4.199,-7.172],[-1.275,-0.685],[-3.954,12.09],[-9.572,12.235]],"o":[[-20.758,20.506],[-3.611,6.17],[6.136,3.294],[3.954,-12.09],[1.68,0.715]],"v":[[-4.219,-25.936],[-28.064,10.277],[-24.886,20.539],[-7.71,6.09],[1.108,-20.336]],"c":false}]},{"i":{"x":0,"y":1},"o":{"x":0.333,"y":0},"t":0,"s":[{"i":[[1.637,-1.619],[4.199,-7.172],[-1.275,-0.685],[-3.954,12.09],[-9.572,12.235]],"o":[[-20.758,20.506],[-3.611,6.17],[6.136,3.294],[3.954,-12.09],[1.68,0.715]],"v":[[-4.219,-25.936],[-28.064,10.277],[-24.886,20.539],[-7.71,6.09],[0.138,-18.637]],"c":false}]},{"i":{"x":0.667,"y":1},"o":{"x":0.333,"y":0},"t":21,"s":[{"i":[[1.637,-1.619],[4.199,-7.172],[-1.275,-0.685],[-3.954,12.09],[-9.572,12.235]],"o":[[-20.758,20.506],[-3.611,6.17],[6.136,3.294],[3.954,-12.09],[1.68,0.715]],"v":[[-4.219,-25.936],[-28.064,10.277],[-24.886,20.539],[-7.71,6.09],[0.138,-18.637]],"c":false}]},{"i":{"x":0.833,"y":0.833},"o":{"x":0.333,"y":0},"t":38,"s":[{"i":[[1.637,-1.619],[4.199,-7.172],[-1.275,-0.685],[-3.954,12.09],[-9.572,12.235]],"o":[[-20.758,20.506],[-3.611,6.17],[6.136,3.294],[3.954,-12.09],[1.68,0.715]],"v":[[-4.219,-25.936],[-28.064,10.277],[-24.886,20.539],[-7.71,6.09],[1.108,-20.336]],"c":false}]},{"t":48,"s":[{"i":[[1.637,-1.619],[4.199,-7.172],[-1.275,-0.685],[-3.954,12.09],[-9.572,12.235]],"o":[[-20.758,20.506],[-3.611,6.17],[6.136,3.294],[3.954,-12.09],[1.68,0.715]],"v":[[-4.219,-25.936],[-28.064,10.277],[-24.886,20.539],[-7.71,6.09],[0.138,-18.637]],"c":false}]}],"ix":2},"nm":"Path 1","mn":"ADBE Vector Shape - Group","hd":false},{"ty":"st","c":{"a":0,"k":[0.858823529412,0.580392156863,0.176470588235,1],"ix":3},"o":{"a":0,"k":100,"ix":4},"w":{"a":0,"k":1.5,"ix":5},"lc":2,"lj":1,"ml":4,"bm":0,"nm":"Stroke 1","mn":"ADBE Vector Graphic - Stroke","hd":false},{"ty":"tm","s":{"a":0,"k":0,"ix":1},"e":{"a":0,"k":91,"ix":2},"o":{"a":1,"k":[{"i":{"x":[0.284],"y":[1]},"o":{"x":[0.333],"y":[0]},"t":-10,"s":[213]},{"i":{"x":[0],"y":[1]},"o":{"x":[0.333],"y":[0]},"t":0,"s":[227]},{"i":{"x":[0.667],"y":[1]},"o":{"x":[0.333],"y":[0]},"t":21,"s":[227]},{"i":{"x":[0.833],"y":[0.833]},"o":{"x":[0.333],"y":[0]},"t":38,"s":[213]},{"t":48,"s":[227]}],"ix":3},"m":1,"ix":3,"nm":"Trim Paths 1","mn":"ADBE Vector Filter - Trim","hd":false},{"ty":"tr","p":{"a":0,"k":[0,0],"ix":2},"a":{"a":0,"k":[0,0],"ix":1},"s":{"a":0,"k":[100,100],"ix":3},"r":{"a":0,"k":0,"ix":6},"o":{"a":0,"k":100,"ix":7},"sk":{"a":0,"k":0,"ix":4},"sa":{"a":0,"k":0,"ix":5},"nm":"Transform"}],"nm":"Forearm 2","np":3,"cix":2,"bm":0,"ix":1,"mn":"ADBE Vector Group","hd":false},{"ty":"gr","it":[{"ind":0,"ty":"sh","ix":1,"ks":{"a":0,"k":{"i":[[1.637,-1.619],[4.199,-7.172],[-1.404,-0.354],[-3.954,12.09],[-9.572,12.235]],"o":[[-20.758,20.506],[-3.611,6.17],[2.074,0.523],[3.954,-12.09],[1.68,0.715]],"v":[[-4.219,-25.936],[-28.064,10.277],[-24.886,20.539],[-7.71,6.09],[1.458,-20.272]],"c":false},"ix":2},"nm":"Path 1","mn":"ADBE Vector Shape - Group","hd":false},{"ty":"gf","o":{"a":0,"k":100,"ix":10},"r":1,"bm":0,"g":{"p":9,"k":{"a":0,"k":[0.412,1,0.8,0.4,0.547,0.998,0.796,0.394,0.683,0.996,0.792,0.388,0.766,0.988,0.782,0.373,0.85,0.98,0.773,0.357,0.92,0.967,0.753,0.327,0.989,0.953,0.733,0.298,0.995,0.951,0.731,0.296,1,0.949,0.729,0.294],"ix":9}},"s":{"a":0,"k":[0.884,-25.467],"ix":5},"e":{"a":0,"k":[0.884,29.533],"ix":6},"t":2,"h":{"a":0,"k":0,"ix":7},"a":{"a":0,"k":0,"ix":8},"nm":"forearmgradient","mn":"ADBE Vector Graphic - G-Fill","hd":false},{"ty":"tr","p":{"a":0,"k":[0,0],"ix":2},"a":{"a":0,"k":[0,0],"ix":1},"s":{"a":0,"k":[100,100],"ix":3},"r":{"a":0,"k":0,"ix":6},"o":{"a":0,"k":100,"ix":7},"sk":{"a":0,"k":0,"ix":4},"sa":{"a":0,"k":0,"ix":5},"nm":"Transform"}],"nm":"Forearm","np":2,"cix":2,"bm":0,"ix":2,"mn":"ADBE Vector Group","hd":false}],"ip":0,"op":48,"st":-10,"bm":0},{"ddd":0,"ind":4,"ty":4,"nm":"Arm","parent":1,"sr":1,"ks":{"o":{"a":0,"k":100,"ix":11},"r":{"a":0,"k":0,"ix":10},"p":{"a":0,"k":[-24.545,-22.182,0],"ix":2},"a":{"a":0,"k":[0,0,0],"ix":1},"s":{"a":0,"k":[100,100,100],"ix":6}},"ao":0,"shapes":[{"ty":"gr","it":[{"ind":0,"ty":"sh","ix":1,"ks":{"a":1,"k":[{"i":{"x":0.284,"y":1},"o":{"x":0.333,"y":0},"t":-10,"s":[{"i":[[0,0],[-21.015,6.528],[13.037,5.643],[7.71,-3.923]],"o":[[15.553,9.961],[1.509,-0.469],[-12.945,-5.603],[0,0]],"v":[[-24.886,20.539],[26.682,26.305],[20.279,7.603],[-15.21,8.423]],"c":true}]},{"i":{"x":0,"y":1},"o":{"x":0.333,"y":0},"t":0,"s":[{"i":[[0,0],[-28.767,5.982],[11.396,8.482],[8.344,-5.379]],"o":[[23.074,8.016],[1.547,-0.32],[-10.328,-7.688],[0,0]],"v":[[-24.886,20.539],[26.682,26.305],[22.112,6.436],[-7.71,6.09]],"c":true}]},{"i":{"x":0.667,"y":1},"o":{"x":0.333,"y":0},"t":21,"s":[{"i":[[0,0],[-28.767,5.982],[11.396,8.482],[8.344,-5.379]],"o":[[23.074,8.016],[1.547,-0.32],[-10.328,-7.688],[0,0]],"v":[[-24.886,20.539],[26.682,26.305],[21.748,7.527],[-8.074,7.181]],"c":true}]},{"i":{"x":0.833,"y":0.833},"o":{"x":0.333,"y":0},"t":38,"s":[{"i":[[0,0],[-21.015,6.528],[13.749,3.576],[5.028,-0.696]],"o":[[15.553,9.961],[1.509,-0.469],[-14.551,-3.785],[0,0]],"v":[[-24.886,20.539],[26.682,26.305],[19.097,7.603],[-15.21,8.423]],"c":true}]},{"t":48,"s":[{"i":[[0,0],[-28.767,5.982],[11.396,8.482],[8.344,-5.379]],"o":[[23.074,8.016],[1.547,-0.32],[-10.328,-7.688],[0,0]],"v":[[-24.886,20.539],[26.682,26.305],[22.112,6.436],[-7.71,6.09]],"c":true}]}],"ix":2},"nm":"Path 1","mn":"ADBE Vector Shape - Group","hd":false},{"ty":"st","c":{"a":0,"k":[0.858823529412,0.580392156863,0.176470588235,1],"ix":3},"o":{"a":0,"k":100,"ix":4},"w":{"a":0,"k":1.5,"ix":5},"lc":1,"lj":1,"ml":4,"bm":0,"nm":"Stroke 1","mn":"ADBE Vector Graphic - Stroke","hd":false},{"ty":"gf","o":{"a":0,"k":100,"ix":10},"r":1,"bm":0,"g":{"p":9,"k":{"a":0,"k":[0.412,1,0.8,0.4,0.547,0.998,0.796,0.394,0.683,0.996,0.792,0.388,0.766,0.988,0.782,0.373,0.85,0.98,0.773,0.357,0.92,0.967,0.753,0.327,0.989,0.953,0.733,0.298,0.995,0.951,0.731,0.296,1,0.949,0.729,0.294],"ix":9}},"s":{"a":0,"k":[0.884,-25.467],"ix":5},"e":{"a":0,"k":[0.884,29.533],"ix":6},"t":2,"h":{"a":0,"k":0,"ix":7},"a":{"a":0,"k":0,"ix":8},"nm":"armgradient","mn":"ADBE Vector Graphic - G-Fill","hd":false},{"ty":"tr","p":{"a":0,"k":[0,0],"ix":2},"a":{"a":0,"k":[0,0],"ix":1},"s":{"a":0,"k":[100,100],"ix":3},"r":{"a":0,"k":0,"ix":6},"o":{"a":0,"k":100,"ix":7},"sk":{"a":0,"k":0,"ix":4},"sa":{"a":0,"k":0,"ix":5},"nm":"Transform"}],"nm":"Arm","np":3,"cix":2,"bm":0,"ix":1,"mn":"ADBE Vector Group","hd":false}],"ip":0,"op":48,"st":-10,"bm":0},{"ddd":0,"ind":5,"ty":4,"nm":"Hand","parent":3,"sr":1,"ks":{"o":{"a":0,"k":100,"ix":11},"r":{"a":1,"k":[{"i":{"x":[0.667],"y":[1]},"o":{"x":[0.333],"y":[0]},"t":-48,"s":[-30]},{"i":{"x":[0.667],"y":[1]},"o":{"x":[0.333],"y":[0]},"t":-33,"s":[0]},{"i":{"x":[0.667],"y":[1]},"o":{"x":[0.333],"y":[0]},"t":-23,"s":[0]},{"i":{"x":[0.667],"y":[1]},"o":{"x":[0.333],"y":[0]},"t":-8,"s":[-30]},{"i":{"x":[0.383],"y":[1]},"o":{"x":[0.333],"y":[0]},"t":2,"s":[5]},{"i":{"x":[0.667],"y":[1]},"o":{"x":[0.333],"y":[0]},"t":18,"s":[0]},{"i":{"x":[0],"y":[1]},"o":{"x":[0.333],"y":[0]},"t":25,"s":[11]},{"i":{"x":[0.667],"y":[1]},"o":{"x":[0.333],"y":[0]},"t":38,"s":[-46]},{"t":52,"s":[5]}],"ix":10},"p":{"a":1,"k":[{"i":{"x":0,"y":1},"o":{"x":0.333,"y":0},"t":25,"s":[-2.571,-23.429,0],"to":[-0.099,0.164,0],"ti":[0,0,0]},{"i":{"x":0.667,"y":1},"o":{"x":0.333,"y":0},"t":38,"s":[-3.168,-22.445,0],"to":[0,0,0],"ti":[-0.099,0.164,0]},{"t":52,"s":[-2.571,-23.429,0]}],"ix":2},"a":{"a":0,"k":[-2.571,-23.429,0],"ix":1},"s":{"a":0,"k":[100,100,100],"ix":6}},"ao":0,"shapes":[{"ty":"gr","it":[{"ind":0,"ty":"sh","ix":1,"ks":{"a":0,"k":{"i":[[-23.328,18.256],[-2.861,0.865],[-0.241,0.013],[0.097,-1.464],[-0.172,-1.046],[0.304,-0.006],[0.182,0.884],[-0.174,-1.415],[0.315,0.066],[-0.32,3.152],[2.368,0.516],[0.262,-1.172],[2.463,0.501],[-0.238,1.781],[1.704,0.766],[-0.213,-0.64],[0.342,-0.334],[-0.309,1.551],[-0.168,0.057],[-0.997,0.207],[0.161,0.469],[-0.415,0.656],[0,0],[2.323,1.582]],"o":[[1.544,-1.209],[0.478,-0.083],[1.589,-0.093],[-0.127,1.951],[-0.116,0.098],[-0.034,-0.084],[-0.036,1.714],[0.041,0.339],[0.164,-3.197],[0.191,-1.905],[2.27,0.772],[-1.59,7.362],[0.375,-1.848],[0.211,-1.582],[1.582,0.944],[0.121,0.258],[-3.012,-0.479],[0.026,-0.009],[0.581,0.602],[-0.72,-0.182],[0.758,-0.368],[-1.728,1.78],[0,0],[-11.984,12.131]],"v":[[-4,-25.25],[4.732,-27.262],[12.463,-26.803],[15.048,-25.324],[17.523,-18.417],[16.656,-18.297],[15.219,-22.346],[15.819,-17.338],[14.396,-17.204],[14.626,-24.973],[10.04,-26.507],[14.07,-25.062],[11.434,-16.374],[12.134,-23.627],[7.884,-25.173],[11.606,-23.918],[10.104,-16.674],[6.582,-18.673],[7.155,-18.866],[9.506,-18.039],[8.111,-19.253],[9.912,-20.849],[2.793,-20.015],[-1.358,-20.023]],"c":false},"ix":2},"nm":"Path 1","mn":"ADBE Vector Shape - Group","hd":false},{"ind":1,"ty":"sh","ix":2,"ks":{"a":0,"k":{"i":[[-9.561,9.844],[-0.432,-0.05],[-0.668,0.381],[-0.542,-0.009],[-2.35,-0.402],[-0.586,0.908],[-0.393,1.144],[0.083,1.229],[-0.008,1.649],[2.759,-0.159],[0.952,-0.274],[2.062,-1.615]],"o":[[0.394,0.161],[1.214,0.141],[0.639,0.099],[-0.151,2.815],[1.147,0.55],[1.37,0.301],[0.853,-0.078],[-0.102,-1.54],[0.012,-2.332],[-0.251,0.008],[-3.552,1.026],[-23.501,18.393]],"v":[[-1.07,-18.178],[0.173,-17.861],[3.131,-18.43],[5.017,-18.292],[10.677,-15.062],[14.068,-15.74],[17.239,-16.82],[19.001,-18.555],[16.55,-25.318],[12.38,-28.301],[4.334,-28.709],[-4.682,-26.529]],"c":false},"ix":2},"nm":"Path 2","mn":"ADBE Vector Shape - Group","hd":false},{"ty":"fl","c":{"a":0,"k":[0.858823529412,0.580392156863,0.176470588235,1],"ix":4},"o":{"a":0,"k":100,"ix":5},"r":1,"bm":0,"nm":"Fill 1","mn":"ADBE Vector Graphic - Fill","hd":false},{"ty":"tr","p":{"a":0,"k":[0,0],"ix":2},"a":{"a":0,"k":[0,0],"ix":1},"s":{"a":0,"k":[100,100],"ix":3},"r":{"a":0,"k":0,"ix":6},"o":{"a":0,"k":100,"ix":7},"sk":{"a":0,"k":0,"ix":4},"sa":{"a":0,"k":0,"ix":5},"nm":"Transform"}],"nm":"Hand","np":3,"cix":2,"bm":0,"ix":1,"mn":"ADBE Vector Group","hd":false},{"ty":"gr","it":[{"ind":0,"ty":"sh","ix":1,"ks":{"a":0,"k":{"i":[[-10.917,11.052],[-0.797,0.576],[0,0],[-3.823,-0.659],[-0.107,1.348],[0.159,1.615],[0.067,0.976],[4.064,-0.236],[0.662,-0.199],[1.812,-1.42]],"o":[[1.587,0.904],[1.206,0.23],[-0.659,2.719],[0.603,0.365],[0.6,0.325],[0.618,-0.011],[-0.055,-0.828],[-0.59,0.034],[-3.446,1.038],[-22.98,17.981]],"v":[[-1.228,-19.089],[2.973,-19.218],[5.892,-19.045],[10.921,-15.782],[13.612,-16.675],[16.572,-17.545],[18.254,-18.504],[12.421,-27.55],[4.55,-27.987],[-4.219,-25.936]],"c":false},"ix":2},"nm":"Path 1","mn":"ADBE Vector Shape - Group","hd":false},{"ty":"gf","o":{"a":0,"k":100,"ix":10},"r":1,"bm":0,"g":{"p":9,"k":{"a":0,"k":[0.412,1,0.8,0.4,0.547,0.998,0.796,0.394,0.683,0.996,0.792,0.388,0.766,0.988,0.782,0.373,0.85,0.98,0.773,0.357,0.92,0.967,0.753,0.327,0.989,0.953,0.733,0.298,0.995,0.951,0.731,0.296,1,0.949,0.729,0.294],"ix":9}},"s":{"a":0,"k":[0.884,-25.467],"ix":5},"e":{"a":0,"k":[0.884,29.533],"ix":6},"t":2,"h":{"a":0,"k":0,"ix":7},"a":{"a":0,"k":0,"ix":8},"nm":"handgradient","mn":"ADBE Vector Graphic - G-Fill","hd":false},{"ty":"tr","p":{"a":0,"k":[0,0],"ix":2},"a":{"a":0,"k":[0,0],"ix":1},"s":{"a":0,"k":[100,100],"ix":3},"r":{"a":0,"k":0,"ix":6},"o":{"a":0,"k":100,"ix":7},"sk":{"a":0,"k":0,"ix":4},"sa":{"a":0,"k":0,"ix":5},"nm":"Transform"}],"nm":"Hand","np":2,"cix":2,"bm":0,"ix":2,"mn":"ADBE Vector Group","hd":false},{"ty":"gr","it":[{"ind":0,"ty":"sh","ix":1,"ks":{"a":0,"k":{"i":[[-0.486,-0.633],[-1.181,-0.275],[-3.221,-0.377],[1.787,1.324]],"o":[[3.259,4.246],[3.559,0.828],[4.473,0.523],[-4.529,-3.359]],"v":[[-0.199,-20.785],[5.982,-17.668],[13.16,-14.881],[14.269,-19.084]],"c":true},"ix":2},"nm":"Path 1","mn":"ADBE Vector Shape - Group","hd":false},{"ty":"fl","c":{"a":0,"k":[0.858823529412,0.580392156863,0.176470588235,1],"ix":4},"o":{"a":0,"k":100,"ix":5},"r":1,"bm":0,"nm":"Fill 1","mn":"ADBE Vector Graphic - Fill","hd":false},{"ty":"tr","p":{"a":0,"k":[0,0],"ix":2},"a":{"a":0,"k":[0,0],"ix":1},"s":{"a":0,"k":[100,100],"ix":3},"r":{"a":0,"k":0,"ix":6},"o":{"a":0,"k":100,"ix":7},"sk":{"a":0,"k":0,"ix":4},"sa":{"a":0,"k":0,"ix":5},"nm":"Transform"}],"nm":"Thumb","np":2,"cix":2,"bm":0,"ix":3,"mn":"ADBE Vector Group","hd":false},{"ty":"gr","it":[{"ind":0,"ty":"sh","ix":1,"ks":{"a":0,"k":{"i":[[0.547,-0.1],[3.381,0.397],[3.76,0.875],[1.877,1.526],[0.492,-0.238],[-0.918,-0.227],[-3.213,-0.377],[1.607,2.406]],"o":[[0.662,0.746],[-3.096,-0.361],[-1.098,-0.258],[-0.506,0.211],[2.626,2.506],[3.203,0.744],[3.564,0.412],[-0.544,0.11]],"v":[[14.453,-17.896],[13.248,-15.625],[6.152,-18.398],[2.181,-19.334],[0.683,-18.658],[5.811,-16.937],[13.073,-14.134],[16.089,-18.212]],"c":true},"ix":2},"nm":"Path 1","mn":"ADBE Vector Shape - Group","hd":false},{"ty":"fl","c":{"a":0,"k":[0.850980401039,0.65098041296,0.250980407,1],"ix":4},"o":{"a":0,"k":100,"ix":5},"r":1,"bm":0,"nm":"Fill 1","mn":"ADBE Vector Graphic - Fill","hd":false},{"ty":"tr","p":{"a":0,"k":[0,0],"ix":2},"a":{"a":0,"k":[0,0],"ix":1},"s":{"a":0,"k":[100,100],"ix":3},"r":{"a":0,"k":0,"ix":6},"o":{"a":0,"k":100,"ix":7},"sk":{"a":0,"k":0,"ix":4},"sa":{"a":0,"k":0,"ix":5},"nm":"Transform"}],"nm":"Thumboutline","np":2,"cix":2,"bm":0,"ix":4,"mn":"ADBE Vector Group","hd":false}],"ip":0,"op":48,"st":-10,"bm":0}]}],"layers":[{"ddd":0,"ind":1,"ty":0,"nm":"flexed_biceps","refId":"comp_0","sr":1,"ks":{"o":{"a":0,"k":100,"ix":11},"r":{"a":0,"k":0,"ix":10},"p":{"a":0,"k":[512,512,0],"ix":2},"a":{"a":0,"k":[512,512,0],"ix":1},"s":{"a":0,"k":[100,100,100],"ix":6}},"ao":0,"w":1024,"h":1024,"ip":0,"op":48,"st":0,"bm":0}],"markers":[]}