{"content":[{"id":"55a7669f","settings":{"content_width":{"unit":"px","size":1230,"sizes":[]},"shopengine_multistep_next_button_text":"Next","shopengine_multistep_previous_button_text":"Previous","background_background":"classic","padding":{"unit":"px","top":"120","right":"0","bottom":"40","left":"0","isLinked":false},"ekit_all_conditions_list":[{"_id":"0c18ff2"}],"ekit_section_parallax_multi_items":[],"padding_mobile":{"unit":"px","top":"80","right":"0","bottom":"30","left":"0","isLinked":false}},"elements":[{"id":"5ad31f7d","settings":{"_column_size":100,"_inline_size":null,"space_between_widgets":0,"padding":{"unit":"px","top":"0","right":"15","bottom":"0","left":"15","isLinked":false},"ekit_all_conditions_list":[{"_id":"7c4203b"}]},"elements":[{"id":"26ca1c05","settings":{"shopengine_checkout_coupon_form_info_link_color":"#CA0436","shopengine_checkout_coupon_form_info_link_hover_color":"","shopengine_checkout_coupon_form_info_bg_color":"","shopengine_checkout_coupon_form_info_border_border":"","shopengine_checkout_coupon_form_info_border_width":{"unit":"px","top":"1","right":"1","bottom":"1","left":"1","isLinked":true},"shopengine_checkout_coupon_form_info_border_color":"#BFC2CC","shopengine_checkout_coupon_form_info_padding":{"unit":"px","top":"15","right":"0","bottom":"15","left":"0","isLinked":false},"shopengine_coupon_form_button_background_color":"#CA0436","shopengine_coupon_form_border_color":"#00000000","_element_width":"initial","_element_custom_width":{"unit":"%","size":57.5,"sizes":[]},"ekit_all_conditions_list":[{"_id":"796780e"}],"ekit_adv_tooltip_content":"Tooltip Content.","shopengine_checkout_coupon_form_info_typography_font_size":{"unit":"px","size":14,"sizes":[]},"shopengine_checkout_coupon_form_description_color":"#575C65","shopengine_checkout_coupon_form_description_typography_font_size":{"unit":"px","size":14,"sizes":[]},"shopengine_checkout_coupon_form_description_typography_line_height":{"unit":"px","size":20,"sizes":[]},"shopengine_checkout_coupon_form_label_radius":{"unit":"px","top":"0","right":"0","bottom":"0","left":"0","isLinked":false},"shopengine_checkout_coupon_form_label_padding":{"unit":"px","top":"5","right":"15","bottom":"5","left":"26","isLinked":false},"shopengine_section_checkout_coupon_form_button_typography_line_height":{"unit":"px","size":19,"sizes":[]},"shopengine_coupon_form_border_radius":{"unit":"px","top":"0","right":"0","bottom":"0","left":"0","isLinked":false},"shopengine_coupon_form_button_padding":{"unit":"px","top":"15","right":"30","bottom":"14","left":"30","isLinked":false},"shopengine_coupon_form_font_family":"Inter","_element_custom_width_tablet":{"unit":"%","size":"","sizes":[]},"_element_custom_width_mobile":{"unit":"%","size":100,"sizes":[]},"shopengine_checkout_coupon_form_label_color":"#7E8084","shopengine_checkout_coupon_form_label_border_color":"#E9EBF1","shopengine_coupon_form_button_background_hover_color":"#B80532","shopengine_coupon_form_border_width":{"unit":"px","top":"0","right":"0","bottom":"0","left":"0","isLinked":true},"_padding":{"unit":"px","top":"0","right":"25","bottom":"0","left":"25","isLinked":false},"_background_background":"classic","_border_border":"dashed","_border_width":{"unit":"px","top":"1","right":"1","bottom":"1","left":"1","isLinked":true},"_border_color":"#BFC2CC"},"elements":[],"isInner":false,"widgetType":"shopengine-checkout-coupon-form","elType":"widget"}],"isInner":false,"elType":"column"}],"isInner":false,"elType":"section"},{"id":"7d75c2ac","settings":{"content_width":{"unit":"px","size":1230,"sizes":[]},"shopengine_multistep_next_button_text":"Next","shopengine_multistep_previous_button_text":"Previous","structure":"20","background_background":"classic","padding":{"unit":"px","top":"0","right":"0","bottom":"140","left":"0","isLinked":false},"ekit_all_conditions_list":[{"_id":"d4670a8"}],"ekit_section_parallax_multi_items":[],"padding_mobile":{"unit":"px","top":"0","right":"0","bottom":"100","left":"0","isLinked":false}},"elements":[{"id":"51d11a09","settings":{"_column_size":50,"_inline_size":58.3299999999999982946974341757595539093017578125,"space_between_widgets":0,"background_background":"classic","background_color":"#FFFFFF","margin":{"unit":"px","top":"0","right":"12","bottom":"0","left":"15","isLinked":false},"padding":{"unit":"px","top":"44","right":"40","bottom":"48","left":"40","isLinked":false},"ekit_all_conditions_list":[{"_id":"4e6f83b"}],"padding_tablet":{"unit":"px","top":"44","right":"15","bottom":"48","left":"15","isLinked":false},"padding_mobile":{"unit":"px","top":"44","right":"15","bottom":"15","left":"15","isLinked":false},"border_border":"solid","border_width":{"unit":"px","top":"2","right":"2","bottom":"2","left":"2","isLinked":true},"border_color":"#E9EBF1","margin_mobile":{"unit":"px","top":"0","right":"15","bottom":"30","left":"15","isLinked":false}},"elements":[{"id":"211cec4c","settings":{"title":"Billing Details","header_size":"h3","title_color":"#161C2D","typography_typography":"custom","typography_font_family":"Inter","typography_font_size":{"unit":"px","size":26,"sizes":[]},"typography_font_weight":"700","_margin":{"unit":"px","top":"0","right":"0","bottom":"30","left":"0","isLinked":false},"ekit_all_conditions_list":[{"_id":"026f0b6"}],"ekit_adv_tooltip_content":"Tooltip Content."},"elements":[],"isInner":false,"widgetType":"heading","elType":"widget"},{"id":"57c742f6","settings":{"shopengine_title_font_size":{"unit":"px","size":18,"sizes":[]},"shopengine_title_margin":{"unit":"px","top":"0","right":"0","bottom":"30","left":"0","isLinked":false},"shopengine_form_container_padding":{"unit":"px","top":"","right":"","bottom":"","left":"","isLinked":true},"shopengine_label_font_size":{"unit":"px","size":14,"sizes":[]},"shopengine_input_label_margin":{"unit":"px","top":"0","right":"0","bottom":"5","left":"0","isLinked":false},"shopengine_typography_primary_font_family":"Inter","shopengine_typography_primary_font_weight":"500","shopengine_typography_seconday_font_family":"Inter","ekit_all_conditions_list":[{"_id":"11ae93a"}],"ekit_adv_tooltip_content":"Tooltip Content.","shopengine_layout_heading_status":"","shopengine_form_container_background":"#00000000","shopengine_input_border_width":{"unit":"px","top":"2","right":"2","bottom":"2","left":"2","isLinked":true},"shopengine_input_border_color":"#E9EBF1","_background_background":"classic","shopengine_input_label_color":"#161C2D","shopengine_input_required_indicator_color":"#078861","shopengine_input_padding":{"unit":"px","top":"16","right":"15","bottom":"15","left":"15","isLinked":false},"shopengine_input_border_focus_border":"solid","shopengine_input_border_focus_width":{"unit":"px","top":"2","right":"2","bottom":"2","left":"2","isLinked":true},"shopengine_input_border_focus_color":"#DCDDE2","shopengine_typography_primary_text_transform":"capitalize","shopengine_checkout_form_billing_input_border_radius":{"unit":"px","top":"0","right":"0","bottom":"0","left":"0","isLinked":true}},"elements":[],"isInner":false,"widgetType":"shopengine-checkout-form-billing","elType":"widget"},{"id":"43cad4cd","settings":{"ekit_all_conditions_list":[{"_id":"417eb64"}],"ekit_adv_tooltip_content":"Tooltip Content.","shopengine_form_container_background":"#FFFFFF","shopengine_label_font_sizx":{"unit":"px","size":14,"sizes":[]},"shopengine_typography_primary_font_family":"Inter","shopengine_typography_primary_font_weight":"500","shopengine_typography_seconday_font_family":"Inter","shopengine_form_container_padding":{"unit":"px","top":"0","right":"0","bottom":"25","left":"0","isLinked":false},"shopengine_title_font_size":{"unit":"px","size":14,"sizes":[]},"shopengine_title_margin":{"unit":"px","top":"22","right":"0","bottom":"25","left":"0","isLinked":false},"shopengine_title_color":"#575C65","shopengine_input_label_color":"#161C2D","shopengine_input_label_margin":{"unit":"px","top":"0","right":"0","bottom":"5","left":"0","isLinked":false},"shopengine_input_color":"#586377","shopengine_input_border_width":{"unit":"px","top":"2","right":"2","bottom":"2","left":"2","isLinked":true},"shopengine_input_border_color":"#E9EBF1","shopengine_input_font_sizx":{"unit":"px","size":14,"sizes":[]},"shopengine_input_padding":{"unit":"px","top":"","right":"","bottom":"","left":"","isLinked":true},"shopengine_input_required_indicator_color":"#078861","shopengine_input_color_focus":"#7E8084","shopengine_input_border_focus_border":"solid","shopengine_input_border_focus_width":{"unit":"px","top":"2","right":"2","bottom":"2","left":"2","isLinked":true},"shopengine_input_border_focus_color":"#DCDDE2","shopengine_typography_primary_text_transform":"capitalize"},"elements":[],"isInner":false,"widgetType":"shopengine-checkout-form-shipping","elType":"widget"},{"id":"e1f5528","settings":{"shopengine_checkout_form_additional_heading":"","shopengine_orders_body_text_typography_font_weight":"500","shopengine_checkout_form_additional_label_line_height":{"unit":"px","size":6,"sizes":[]},"shopengine_checkout_form_additional_textarea_color":"#7E8084","shopengine_checkout_form_additional_textarea_placeholder_color":"#7E8084","shopengine_checkout_form_additional_textarea_typography_font_size":{"unit":"px","size":14,"sizes":[]},"shopengine_checkout_form_additional_textarea_typography_line_height":{"unit":"px","size":17,"sizes":[]},"shopengine_checkout_form_additional_textarea_height":{"unit":"px","size":204,"sizes":[]},"shopengine_checkout_form_additional_textarea_margin":{"unit":"px","top":"17","right":"17","bottom":"17","left":"17","isLinked":true},"shopengine_checkout_form_additional_border_color":"#E9EBF1","shopengine_checkout_form_additional_font_family":"Inter","ekit_all_conditions_list":[{"_id":"e94e393"}],"ekit_adv_tooltip_content":"Tooltip Content.","_background_background":"classic","_background_color":"#00000000","shopengine_checkout_form_additional_label_color":"#161C2D","shopengine_orders_body_text_typography_font_size":{"unit":"px","size":14,"sizes":[]},"shopengine_checkout_form_additional_border_width":{"unit":"px","top":"2","right":"2","bottom":"2","left":"2","isLinked":true},"shopengine_checkout_form_additional_border_radius":{"unit":"px","top":"0","right":"0","bottom":"0","left":"0","isLinked":true}},"elements":[],"isInner":false,"widgetType":"shopengine-checkout-form-additional","elType":"widget"}],"isInner":false,"elType":"column"},{"id":"47ea46c2","settings":{"_column_size":50,"_inline_size":41.6700000000000017053025658242404460906982421875,"space_between_widgets":0,"background_background":"classic","background_color":"#FFFFFF","margin":{"unit":"px","top":"0","right":"15","bottom":"0","left":"12","isLinked":false},"padding":{"unit":"px","top":"44","right":"50","bottom":"50","left":"50","isLinked":false},"ekit_all_conditions_list":[{"_id":"74f83c9"}],"padding_tablet":{"unit":"px","top":"44","right":"15","bottom":"50","left":"15","isLinked":false},"border_border":"solid","border_width":{"unit":"px","top":"2","right":"2","bottom":"2","left":"2","isLinked":true},"border_color":"#E9EBF1","margin_mobile":{"unit":"px","top":"0","right":"15","bottom":"0","left":"15","isLinked":false}},"elements":[{"id":"3ca03459","settings":{"title":"Your Order","header_size":"h3","title_color":"#161C2D","typography_typography":"custom","typography_font_family":"Inter","typography_font_size":{"unit":"px","size":26,"sizes":[]},"typography_font_weight":"700","_margin":{"unit":"px","top":"0","right":"0","bottom":"30","left":"0","isLinked":false},"ekit_all_conditions_list":[{"_id":"026f0b6"}],"ekit_adv_tooltip_content":"Tooltip Content."},"elements":[],"isInner":false,"widgetType":"heading","elType":"widget"},{"id":"a92a038","settings":{"shopengine_orders_header_text_typography_font_size":{"unit":"px","size":16,"sizes":[]},"shopengine_orders_header_text_typography_line_height":{"unit":"px","size":18,"sizes":[]},"shopengine_download_body_row_border_width":{"unit":"px","top":0,"right":0,"bottom":"0","left":0,"isLinked":true},"_background_color":"#00000000","ekit_all_conditions_list":[{"_id":"263cfc6"}],"ekit_adv_tooltip_content":"Tooltip Content.","shopengine_checkout_order_review_horizontial_padding":{"unit":"px","size":30,"sizes":[]},"shopengine_footer_color_border_width":{"unit":"px","top":0,"right":0,"bottom":"0","left":0,"isLinked":true},"shopengine_download_body_row_border_color":"","shopengine_orders_body_text_typography_font_family":"Rubik","shopengine_orders_body_text_typography_font_size":{"unit":"px","size":15,"sizes":[]},"shopengine_orders_body_text_typography_line_height":{"unit":"px","size":14,"sizes":[]},"shopengine_table_heading_data_padding":{"unit":"px","top":"0","right":"0","bottom":"18","left":"0","isLinked":false},"shopengine_table_heading_border_color":"#0000001A","shopengine_table_body_data_padding":{"unit":"px","top":"20","right":"0","bottom":"20","left":"0","isLinked":false},"shopengine_footer_row_border_color":"#0000001A","shopengine_footer_row_border_last_child":"","_background_background":"classic","shopengine_table_header_padding":{"unit":"px","top":"0","right":"0","bottom":"12","left":"0","isLinked":false},"shopengine_orders_body_background":"","shopengine_table_footer_data_padding":{"unit":"px","top":"15","right":"0","bottom":"15","left":"0","isLinked":false},"__globals__":{"shopengine_orders_body_background":""},"shopengine_footer_color_typography_font_size":{"unit":"px","size":15,"sizes":[]},"shopengine_footer_color_typography_font_weight":"500","shopengine_checkout_review_order_font_family":"Inter","shopengine_orders_body_price_typography_font_weight":"400","shopengine_footer_price_color":"#CA0436","shopengine_orders_header_color":"#161C2D","shopengine_table_body_text_color":"#575C65","shopengine_table_body_price_color":"#161C2D","shopengine_orders_items_border_color":"#E9EBF1","shopengine_footer_text_color":"#161C2D","shopengine_orders_footer_border_color":"#E9EBF1","shopengine_table_body_image_size":{"unit":"px","size":0,"sizes":[]},"shopengine_orders_header_border_color":"#E9EBF1"},"elements":[],"isInner":false,"widgetType":"shopengine-checkout-review-order","elType":"widget"},{"id":"4c012b8d","settings":{"shopengine_title_color":"#161C2D","shopengine_title_typography_font_size":{"unit":"px","size":15,"sizes":[]},"shopengine_title_typography_font_weight":"500","shopengine_payment_label_text_color":"#161C2D","shopengine_payment_label_typography_font_family":"Inter","shopengine_payment_label_typography_font_weight":"400","shopengine_payment_label_gap":{"unit":"px","size":8,"sizes":[],"size_units":"px"},"shopengine_payment_input_color":"#CA0436","shopengine_payment_methods_checkbox_margin":{"unit":"px","top":"0","right":"2","bottom":"0","left":"0","isLinked":false},"shopengine_checkout_shipping_methods_font_family":"Inter","_padding":{"unit":"px","top":"25","right":"0","bottom":"22","left":"0","isLinked":false},"ekit_all_conditions_list":[{"_id":"c96757a"}],"ekit_adv_tooltip_content":"Tooltip Content.","_border_border":"solid","_border_width":{"unit":"px","top":"1","right":"0","bottom":"1","left":"0","isLinked":false},"_border_color":"#E9EBF1"},"elements":[],"isInner":false,"widgetType":"shopengine-checkout-shipping-methods","elType":"widget"},{"id":"618f9479","settings":{"shopengine_payment_url_clr":"#F4505C","shopengine_payment_methods_list_padding":{"unit":"px","top":"7","right":"0","bottom":"13","left":"0","isLinked":false},"shopengine_payment_methods_description_padding":{"unit":"px","top":"8","right":"0","bottom":"0","left":"0","isLinked":false},"shopengine_payment_order_button_space_between":{"unit":"px","size":10,"sizes":[]},"shopengine_payment_order_button_tabs_normal_bg":"#CA0436","shopengine_payment_order_button_tabs_hover_clr":"#FFFFFF","shopengine_payment_order_button_tabs_hover_bg":"#B80532","shopengine_archive_products_font_family":"Inter","_margin":{"unit":"px","top":"25","right":"0","bottom":"0","left":"0","isLinked":false},"ekit_all_conditions_list":[{"_id":"9dc504d"}],"ekit_adv_tooltip_content":"Tooltip Content.","shopengine_payment_label_text_color":"#161C2D","shopengine_payment_description_text_color":"#575C65","shopengine_payment_label_typography_line_height":{"unit":"px","size":17,"sizes":[]},"shopengine_payment_content_typography_font_size":{"unit":"px","size":14,"sizes":[]},"shopengine_payment_content_typography_line_height":{"unit":"px","size":20,"sizes":[]},"shopengine_payment_order_button_typography_font_size":{"unit":"px","size":16,"sizes":[]},"shopengine_payment_order_button_typography_text_transform":"capitalize","shopengine_payment_label_typography_font_weight":"500","shopengine_payment_order_button_radius":{"unit":"px","top":"0","right":"0","bottom":"0","left":"0","isLinked":true},"shopengine_payment_order_button_padding":{"unit":"px","top":"16","right":"21","bottom":"15","left":"21","isLinked":false},"shopengine_payment_order_button_typography_line_height":{"unit":"px","size":19,"sizes":[]},"shopengine_payment_method_radio_input_color":"#CA0436"},"elements":[],"isInner":false,"widgetType":"shopengine-checkout-payment","elType":"widget"}],"isInner":false,"elType":"column"}],"isInner":false,"elType":"section"}],"page_settings":[],"version":"0.4","title":"Checkout design 3","type":"page"}