{"content":[{"id":"697076","settings":{"structure":"20","background_background":"classic","background_color":"#F7F9FB","padding":{"unit":"px","top":"120","right":"0","bottom":"120","left":"0","isLinked":false},"ekit_all_conditions_list":[{"_id":"8890559"}],"ekit_section_parallax_multi_items":[]},"elements":[{"id":"16f14137","settings":{"_column_size":50,"_inline_size":null,"space_between_widgets":0,"padding":{"unit":"px","top":"0","right":"50","bottom":"0","left":"15","isLinked":false},"ekit_all_conditions_list":[{"_id":"0e73a6f"}],"margin_mobile":{"unit":"px","top":"0","right":"0","bottom":"25","left":"0","isLinked":false}},"elements":[{"id":"35b28644","settings":{"shopengine_breadcrumbs_text_typography_font_family":"Barlow","shopengine_breadcrumbs_text_typography_font_size":{"unit":"px","size":14,"sizes":[]},"shopengine_breadcrumbs_text_typography_line_height":{"unit":"px","size":16,"sizes":[]},"_margin":{"unit":"px","top":"0","right":"0","bottom":"15","left":"0","isLinked":false},"ekit_all_conditions_list":[{"_id":"f816a52"}],"ekit_adv_tooltip_content":"Tooltip Content."},"elements":[],"isInner":false,"widgetType":"shopengine-breadcrumbs","elType":"widget"},{"id":"3f59f96a","settings":{"shopengine_lightbox_icon_color":"#000000","shopengine_lightbox_icon_border_color":"#FFFFFF","shopengine_lightbox_icon_radius":{"unit":"px","size":0,"sizes":[]},"ekit_all_conditions_list":[{"_id":"9ae27b4"}],"ekit_adv_tooltip_content":"Tooltip Content.","shopengine_sale_flash_status":"","shopengine_thumbs_margin_tablet":{"unit":"px","size":5,"sizes":[]},"shopengine_thumbs_margin_mobile":{"unit":"px","size":5,"sizes":[]}},"elements":[],"isInner":false,"widgetType":"shopengine-single-product-images","elType":"widget"}],"isInner":false,"elType":"column"},{"id":"181a82db","settings":{"_column_size":50,"_inline_size":null,"content_position":"center","space_between_widgets":0,"background_background":"classic","background_color":"#FFFFFF","box_shadow_box_shadow_type":"yes","box_shadow_box_shadow":{"horizontal":0,"vertical":0,"blur":30,"spread":0,"color":"rgba(0, 0, 0, 0.1)"},"padding":{"unit":"px","top":"60","right":"60","bottom":"60","left":"60","isLinked":true},"ekit_all_conditions_list":[{"_id":"ddbd127"}],"padding_tablet":{"unit":"px","top":"30","right":"30","bottom":"30","left":"30","isLinked":true}},"elements":[{"id":"4a429ffc","settings":{"_margin":{"unit":"px","top":"0","right":"0","bottom":"15","left":"0","isLinked":false},"ekit_all_conditions_list":[{"_id":"96fcab9"}],"ekit_adv_tooltip_content":"Tooltip Content."},"elements":[],"isInner":false,"widgetType":"shopengine-product-stock","elType":"widget"},{"id":"1024bdcf","settings":{"shopengine_product_title_header_size":"h2","shopengine_product_title_align":"","shopengine_product_title_typography_font_family":"Barlow","shopengine_product_title_typography_font_size":{"unit":"px","size":48,"sizes":[]},"shopengine_product_title_typography_line_height":{"unit":"px","size":46,"sizes":[]},"shopengine_product_title_typography_letter_spacing":{"unit":"px","size":-0.299999999999999988897769753748434595763683319091796875,"sizes":[]},"_margin":{"unit":"px","top":"0","right":"0","bottom":"15","left":"0","isLinked":false},"ekit_all_conditions_list":[{"_id":"1b438da"}],"ekit_adv_tooltip_content":"Tooltip Content.","shopengine_product_title_typography_font_size_tablet":{"unit":"px","size":30,"sizes":[]},"shopengine_product_title_typography_line_height_tablet":{"unit":"px","size":36,"sizes":[]}},"elements":[],"isInner":false,"widgetType":"shopengine-product-title","elType":"widget"},{"id":"6b6720f","settings":{"shopengine_rating_star_size":{"unit":"px","size":11,"sizes":[]},"_margin":{"unit":"px","top":"0","right":"0","bottom":"10","left":"0","isLinked":false},"ekit_all_conditions_list":[{"_id":"5ae1d46"}],"ekit_adv_tooltip_content":"Tooltip Content."},"elements":[],"isInner":false,"widgetType":"shopengine-product-rating","elType":"widget"},{"id":"3834a2cb","settings":{"text":"Size Guide","link":{"url":"https:\/\/wpmet.com\/plugin\/shopengine\/demos\/wp-content\/uploads\/sites\/2\/2021\/09\/furniture_3-min.png","is_external":"","nofollow":"","custom_attributes":""},"selected_icon":{"value":"fas fa-tape","library":"fa-solid"},"typography_typography":"custom","typography_font_family":"Barlow","typography_font_size":{"unit":"px","size":15,"sizes":[]},"typography_font_weight":"600","typography_text_transform":"uppercase","typography_line_height":{"unit":"px","size":17,"sizes":[]},"typography_letter_spacing":{"unit":"px","size":-0.1000000000000000055511151231257827021181583404541015625,"sizes":[]},"button_text_color":"#101010","background_color":"#00000000","hover_color":"#169BFC","border_radius":{"unit":"px","top":"0","right":"0","bottom":"0","left":"0","isLinked":true},"text_padding":{"unit":"px","top":"0","right":"0","bottom":"0","left":"0","isLinked":true},"ekit_all_conditions_list":[{"_id":"5954e4a"}],"ekit_adv_tooltip_content":"Tooltip Content."},"elements":[],"isInner":false,"widgetType":"button","elType":"widget"},{"id":"588346d9","settings":{"text":"Divider","color":"#F2F2F2","gap":{"unit":"px","size":30,"sizes":[]},"ekit_all_conditions_list":[{"_id":"b03420f"}],"ekit_adv_tooltip_content":"Tooltip Content."},"elements":[],"isInner":false,"widgetType":"divider","elType":"widget"},{"id":"4d962d4f","settings":{"shopengine_excerpt_typography_font_family":"Barlow","shopengine_excerpt_typography_font_size":{"unit":"px","size":15,"sizes":[]},"_margin":{"unit":"px","top":"0","right":"0","bottom":"30","left":"0","isLinked":false},"ekit_all_conditions_list":[{"_id":"0e09332"}],"ekit_adv_tooltip_content":"Tooltip Content."},"elements":[],"isInner":false,"widgetType":"shopengine-product-excerpt","elType":"widget"},{"id":"6da216d0","settings":{"shopengine_product_price_typography_font_family":"Barlow","shopengine_product_price_discount_badge_typography_font_family":"Barlow","shopengine_product_price_discount_badge_typography_font_weight":"500","shopengine_product_price_discount_badge_padding":{"unit":"px","top":"0","right":"5","bottom":"1","left":"5","isLinked":false},"_margin":{"unit":"px","top":"0","right":"0","bottom":"25","left":"0","isLinked":false},"ekit_all_conditions_list":[{"_id":"134159b"}],"ekit_adv_tooltip_content":"Tooltip Content."},"elements":[],"isInner":false,"widgetType":"shopengine-product-price","elType":"widget"},{"id":"299853e8","settings":{"shopengine_quantity_btn_position":"after","shopengine_add_to_cart_show_stock":"","shopengine_add_cart_button_typography_font_family":"Barlow","shopengine_add_cart_button_typography_line_height":{"unit":"px","size":17,"sizes":[]},"shopengine_add_cart_button_typography_letter_spacing":{"unit":"px","size":-0.1000000000000000055511151231257827021181583404541015625,"sizes":[]},"shopengine_add_cart_button_bg_color_normal":"#169BFC","shopengine_add_cart_button_bg_color_hover":"#101010","shopengine_add_cart_button_border_color_hover":"#101010","shopengine_add_cart_button_border_width":{"unit":"px","top":"2","right":"2","bottom":"2","left":"2","isLinked":true},"shopengine_add_cart_button_border_color":"#169BFC","shopengine_add_cart_button_border_radius":{"unit":"px","top":"0","right":"0","bottom":"0","left":"0","isLinked":true},"shopengine_add_cart_button_padding":{"unit":"px","top":"13","right":"25","bottom":"13","left":"25","isLinked":false},"shopengine_quick_checkout_button_typography_font_family":"Barlow","shopengine_quick_checkout_button_typography_line_height":{"unit":"px","size":17,"sizes":[]},"shopengine_quick_checkout_button_typography_letter_spacing":{"unit":"px","size":-0.1000000000000000055511151231257827021181583404541015625,"sizes":[]},"shopengine_quick_checkout_button_text_color_hover":"#101010","shopengine_quick_checkout_button_bg_color_hover":"#00000000","shopengine_quick_checkout_button_border_width":{"unit":"px","top":"2","right":"2","bottom":"2","left":"2","isLinked":true},"shopengine_quick_checkout_button_border_radius":{"unit":"px","top":"0","right":"0","bottom":"0","left":"0","isLinked":true},"shopengine_quick_checkout_button_padding":{"unit":"px","top":"13","right":"25","bottom":"13","left":"25","isLinked":false},"shopengine_add_cart_quantity_bg_color":"","shopengine_quantity_btn_tabs_normal_bg_clr":"","shopengine_quantity_btn_tabs_hover_bg_clr":"#00B0E5","shopengine_quantity_button_padding":{"unit":"px","top":"4","right":"10","bottom":"4","left":"10","isLinked":false},"shopengine_add_cart_quantity_padding":{"unit":"px","top":"11","right":"0","bottom":"11","left":"0","isLinked":false},"shopengine_add_cart_quantity_border_radius":{"unit":"px","top":"0","right":"0","bottom":"0","left":"0","isLinked":true},"shopengine_add_cart_wishlist_border_radius":{"unit":"px","top":"0","right":"0","bottom":"0","left":"0","isLinked":true},"shopengine_add_cart_wishlist_padding":{"unit":"px","top":"14","right":"16","bottom":"14","left":"16","isLinked":false},"shopengine_add_cart_compare_border_radius":{"unit":"px","top":"","right":"","bottom":"","left":"","isLinked":true},"shopengine_add_cart_compare_padding":{"unit":"px","top":"14","right":"16","bottom":"14","left":"16","isLinked":false},"shopengine_add_cart_compare_margin":{"unit":"px","top":"","right":"","bottom":"","left":"","isLinked":true},"_margin":{"unit":"px","top":"0","right":"0","bottom":"30","left":"0","isLinked":false},"ekit_all_conditions_list":[{"_id":"f9c8abf"}],"ekit_adv_tooltip_content":"Tooltip Content.","shopengine_add_cart_wishlist_button_bg_hover_color":"#169BFC","shopengine_add_cart_wishlist_button_border_color_hover":"#169BFC","shopengine_add_cart_compare_button_bg_hover_color":"#169BFC","shopengine_add_cart_compare_button_border_color_hover":"#169BFC","shopengine_add_to_cart_data_ordering_list":[{"list_title":"Quantitly","list_key":"quantity","_id":"5fccf8e"},{"list_title":"Add to Cart","list_key":"add_to_cart","_id":"eb93315"},{"list_title":"Buy Now\/Quick Checkout","list_key":"quick_checkout","_id":"3dcba11"},{"list_title":"Wishlist","list_key":"wishlist","_id":"f2312a4"},{"list_title":"Comparison","list_key":"comparison","_id":"af04ccc"},{"list_title":"Partial Payment","list_key":"partial_payment","_id":"31ae2ed"}]},"elements":[],"isInner":false,"widgetType":"shopengine-add-to-cart","elType":"widget"},{"id":"3baeb5d7","settings":{"shopengine_product_meta_typography_font_family":"Barlow","_margin":{"unit":"px","top":"0","right":"0","bottom":"30","left":"0","isLinked":false},"_padding":{"unit":"px","top":"0","right":"0","bottom":"17","left":"0","isLinked":false},"ekit_all_conditions_list":[{"_id":"3d145d7"}],"ekit_adv_tooltip_content":"Tooltip Content.","_border_border":"solid","_border_width":{"unit":"px","top":"0","right":"0","bottom":"1","left":"0","isLinked":false},"_border_color":"#F2F2F2"},"elements":[],"isInner":false,"widgetType":"shopengine-product-meta","elType":"widget"},{"id":"3b947e7e","settings":{"_element_width":"auto","ekit_all_conditions_list":[{"_id":"78ee841"}],"ekit_adv_tooltip_content":"Tooltip Content."},"elements":[],"isInner":false,"widgetType":"shopengine-product-share","elType":"widget"}],"isInner":false,"elType":"column"}],"isInner":false,"elType":"section"},{"id":"2be0ef01","settings":{"border_border":"solid","border_width":{"unit":"px","top":"1","right":"0","bottom":"1","left":"0","isLinked":false},"border_color":"#F2F2F2","padding":{"unit":"px","top":"80","right":"0","bottom":"80","left":"0","isLinked":false},"ekit_all_conditions_list":[{"_id":"a5bc875"}],"ekit_section_parallax_multi_items":[]},"elements":[{"id":"10f081e1","settings":{"_column_size":100,"_inline_size":null,"space_between_widgets":0,"padding":{"unit":"px","top":"0","right":"15","bottom":"0","left":"15","isLinked":false},"ekit_all_conditions_list":[{"_id":"18de146"}]},"elements":[{"id":"692403fd","settings":{"shopengine_product_nav_indicator_border":{"unit":"px","top":"0","right":0,"bottom":"3","left":0,"isLinked":false},"shopengine_tab_nav_box_shadow_box_shadow":{"horizontal":0,"vertical":7,"blur":30,"spread":0,"color":"rgba(0, 0, 0, 0.05)"},"shopengine_nav_line_width":{"unit":"px","top":"0","right":0,"bottom":"1","left":0,"isLinked":false},"shopengine_product_tab_content_title_hide":"yes","shopengine_product_tab_content_wrap_padding":{"unit":"px","top":"60","right":"0","bottom":"0","left":"0","isLinked":false},"shopengine_download_button_box_shadow_box_shadow_type":"yes","ekit_all_conditions_list":[{"_id":"d7d5b08"}],"ekit_adv_tooltip_content":"Tooltip Content.","shopengine_product_nav_typography_text_transform":"uppercase","shopengine_nav_menu_spacing":{"unit":"px","size":40,"sizes":[]},"custom_css":"selector .single-product .shopengine-product-tabs p {rn    font-size: 18px;rn    line-height: 25px;rn    color: #101010;rn    font-family: 'Rubik', sans-serif;rn}rnrn\/* rnproduct details additional info - rakibul css - start rn*\/rnselector .shopengine-product-tabs .woocommerce-Tabs-panel--additional_information table th,rnselector .shopengine-product-tabs .woocommerce-Tabs-panel--additional_information table td {rntbackground-color: transparent;rntborder: none !important;rntpadding: 0px !important;rntpadding-bottom: 12px !important;rntposition: relative;rntline-height: 1;rn}rnselector .woocommerce-Tabs-panel--additional_information table td {rntline-height: 1;rntbackground-color: transparent;rntpadding-right: 30px !important;rntpadding-left: 30px !important;rn}rnselector .shopengine-widget .shopengine-product-tabs .woocommerce-Tabs-panel--additional_information table tr:not(:last-child) {rntborder: none;rn}rnselector .woocommerce-Tabs-panel--additional_information table th:before {rntposition: absolute;rnttop: 0;rntright: 0px;rntcolor: #101010;rntcontent: ':';rn}rnrnselector .single-product .woocommerce-Reviews .comment-reply-title {rnttext-transform: uppercase;rn}rnselector #review_form #respond p {rntmargin: 0 0 25px;rn}rnselector .comment-form .comment-notes {rntcolor: #444444;rn}rnselector .shopengine-widget .shopengine-product-tabs #review_form_wrapper .comment-form input:not(#wp-comment-cookies-consent) {rntmin-height: 44px;rntpadding: 0px 20px;rn}rnselector .woocommerce-Reviews .comment-form p textarea {rntmin-height: 140px;rn}rnselector .shopengine-product-tabs .form-submit .submit {rntwidth: 100%;rntdisplay: block;rn}rnselector .shopengine-product-tabs .woocommerce-Tabs-panel--additional_information table th, selector .shopengine-product-tabs .woocommerce-Tabs-panel--additional_information table td {rn    line-height: 26px !important;rn}rnselector .shopengine-product-tabs .woocommerce-Tabs-panel--additional_information table td {rn    padding-left: 30px !important;rn}rnselector .shopengine .commentlist .review .comment-text p {rn    margin-bottom: 15px !important;rn}rnselector .shopengine-product-tabs .description p {rn    color: #444 !important;rn}rnselector .woocommerce-Reviews .commentlist {rn    background-color: transparent;rn     border-bottom: #EFEFEF;rn     border-radius: 0px;rn}rnselector .single-product .shopengine .commentlist .review {rn    padding: 55px 0 40px!important;rn}rn.single-product .shopengine .commentlist .review:last-child {rn        border-bottom-width:  0 !important;rn}rn","shopengine_product_tab_label_clr":"#101010","shopengine_review_form_label_input_typography_line_height":{"unit":"px","size":19,"sizes":[]},"shopengine_download_button_padding":{"unit":"px","top":"13","right":"20","bottom":"13","left":"20","isLinked":false},"shopengine_download_button_padding_radius":{"unit":"px","top":"0","right":"0","bottom":"0","left":"0","isLinked":true},"shopengine_download_button_padding_typography_font_family":"Barlow","shopengine_download_button_padding_typography_font_size":{"unit":"px","size":16,"sizes":[]},"shopengine_download_button_padding_typography_font_weight":"600","shopengine_nav_line_color":"#F2F2F2","shopengine_product_nav_typography_font_size_mobile":{"unit":"px","size":20,"sizes":[]},"shopengine_product_tabs_font_family":"Barlow","shopengine_nav_menu_spacing_tablet":{"unit":"px","size":20,"sizes":[]},"shopengine_product_tab_ainfo_typography_font_size":{"unit":"px","size":16,"sizes":[]},"shopengine_product_nav_typography_line_height":{"unit":"px","size":22,"sizes":[]},"shopengine_product_tab_submit_button_border_radius":{"unit":"px","top":"0","right":"0","bottom":"0","left":"0","isLinked":true},"shopengine_product_tab_ainfo_typography_font_style":"normal","shopengine_product_tab_ainfo_typography_font_weight":"500","shopengine_product_tab_ainfo_label_color":"#101010","shopengine_product_tab_label_typography_font_weight":"500","shopengine_product_tab_input_clr":"#101010","shopengine_review_label_input_typography_font_weight":"400","shopengine_product_tab_content_title_show":"","shopengine_product_nav_active_color":"#101010","shopengine_product_nav_indicator_color":"#169BFC","shopengine_nav_menu_spacing_mobile":{"unit":"px","size":10,"sizes":[]},"shopengine_product_tab_content_wrap_padding_mobile":{"unit":"px","top":"30","right":"0","bottom":"0","left":"0","isLinked":false},"shopengine_product_tab_ainfo_tcell_divider_color":"#F2F2F2","shopengine_tab_nav_padding":{"unit":"px","top":"0","right":"0","bottom":"25","left":"0","isLinked":false}},"elements":[],"isInner":false,"widgetType":"shopengine-product-tabs","elType":"widget"}],"isInner":false,"elType":"column"}],"isInner":false,"elType":"section"},{"id":"1da2a5c6","settings":{"background_background":"classic","background_color":"#F7F9FB","margin":{"unit":"px","top":"0","right":0,"bottom":"-50","left":0,"isLinked":false},"padding":{"unit":"px","top":"80","right":"0","bottom":"170","left":"0","isLinked":false},"ekit_all_conditions_list":[{"_id":"4f5fe6a"}],"ekit_section_parallax_multi_items":[]},"elements":[{"id":"77e808f1","settings":{"_column_size":100,"_inline_size":null,"space_between_widgets":0,"padding":{"unit":"px","top":"0","right":"15","bottom":"0","left":"15","isLinked":false},"ekit_all_conditions_list":[{"_id":"461d90a"}]},"elements":[{"id":"26ead75f","settings":{"title":"You May Also Like","align":"center","title_color":"#04092D","typography_typography":"custom","typography_font_family":"Barlow","typography_font_size":{"unit":"px","size":30,"sizes":[]},"typography_font_weight":"700","typography_line_height":{"unit":"px","size":32,"sizes":[]},"typography_letter_spacing":{"unit":"px","size":-0.1000000000000000055511151231257827021181583404541015625,"sizes":[]},"_margin":{"unit":"px","top":"0","right":"0","bottom":"8","left":"0","isLinked":false},"ekit_all_conditions_list":[{"_id":"bbe7b15"}],"ekit_adv_tooltip_content":"Tooltip Content."},"elements":[],"isInner":false,"widgetType":"heading","elType":"widget"},{"id":"4854d4da","settings":{"editor":"<p>So I said nice one the full monty James Bond haggle arse.<\/p>","align":"center","text_color":"#676870","typography_typography":"custom","typography_font_family":"Barlow","typography_font_size":{"unit":"px","size":16,"sizes":[]},"typography_font_weight":"400","typography_line_height":{"unit":"px","size":19,"sizes":[]},"_margin":{"unit":"px","top":"0","right":"0","bottom":"55","left":"0","isLinked":false},"ekit_all_conditions_list":[{"_id":"a81dacd"}],"ekit_adv_tooltip_content":"Tooltip Content."},"elements":[],"isInner":false,"widgetType":"text-editor","elType":"widget"},{"id":"a661a30","settings":{"products_per_page":4,"product_order":"ASC","column":4,"term_list":["75","115","94","82","57","56"],"badge_position":"custom","badge_position_x_axis":{"unit":"px","size":-15,"sizes":[]},"badge_position_y_axis":{"unit":"px","size":-15,"sizes":[]},"show_off_price_tag":"","show_category":"","product_item_bg_color":"#FFFFFF","product_wrap_padding":{"unit":"px","top":"25","right":"25","bottom":"25","left":"25","isLinked":true},"product_image_margin":{"unit":"px","top":"0","right":"0","bottom":"20","left":"0","isLinked":false},"product_badge_bg":"#169BFC","product_title_typography_font_size":{"unit":"px","size":16,"sizes":[]},"product_title_typography_line_height":{"unit":"px","size":22,"sizes":[]},"product_title_color":"#04092D","product_title_hover_color":"#169BFC","product_title_padding":{"unit":"px","top":"0","right":"0","bottom":"12","left":"0","isLinked":false},"product_price_price_color":"#04092D","product_price_typography_font_size":{"unit":"px","size":18,"sizes":[]},"product_price_typography_line_height":{"unit":"px","size":24,"sizes":[]},"product_price_discount_badge_typography_typography":"","product_price_discount_badge_typography_font_size":{"unit":"px","size":16,"sizes":[]},"product_price_discount_badge_typography_font_weight":"500","product_price_wrap_padding":{"unit":"px","top":"0","right":"0","bottom":"0","left":"0","isLinked":true},"product_hover_overlay_hover_color":"#169BFC","product_hover_overlay_border_radius":{"unit":"px","top":"5","right":"5","bottom":"5","left":"5","isLinked":true},"shopengine_product_list_font_family":"Roboto","ekit_all_conditions_list":[{"_id":"ec0fe27"}],"ekit_adv_tooltip_content":"Tooltip Content.","badge_border_radius":{"unit":"px","top":"0","right":"0","bottom":"0","left":"0","isLinked":true}},"elements":[],"isInner":false,"widgetType":"shopengine-product-list","elType":"widget"}],"isInner":false,"elType":"column"}],"isInner":false,"elType":"section"}],"page_settings":[],"version":"0.4","title":"single 10","type":"page"}