{"content":[{"id":"110b2e7b","settings":{"structure":"20","padding":{"unit":"px","top":"100","right":"0","bottom":"100","left":"0","isLinked":false},"ekit_all_conditions_list":[{"_id":"3f7fec6"}],"ekit_section_parallax_multi_items":[],"margin_tablet":{"unit":"%","top":"0","right":0,"bottom":"0","left":0,"isLinked":false},"padding_tablet":{"unit":"px","top":"70","right":"0","bottom":"70","left":"0","isLinked":false},"padding_mobile":{"unit":"px","top":"50","right":"0","bottom":"50","left":"0","isLinked":false}},"elements":[{"id":"46270f85","settings":{"_column_size":50,"_inline_size":20,"ekit_all_conditions_list":[{"_id":"0be1e6e"}],"_inline_size_tablet":30,"margin":{"unit":"px","top":"0","right":"0","bottom":"0","left":"0","isLinked":false},"margin_tablet":{"unit":"px","top":"0","right":"0","bottom":"0","left":"0","isLinked":false},"margin_mobile":{"unit":"px","top":"0","right":"0","bottom":"30","left":"0","isLinked":false},"padding":{"unit":"px","top":"0","right":"15","bottom":"0","left":"0","isLinked":false},"padding_tablet":{"unit":"px","top":"0","right":"15","bottom":"0","left":"15","isLinked":false},"padding_mobile":{"unit":"px","top":"0","right":"15","bottom":"0","left":"15","isLinked":false}},"elements":[{"id":"19fe5e2b","settings":{"ekit_all_conditions_list":[{"_id":"00a9cce"}],"ekit_adv_tooltip_content":"Tooltip Content.","shopengine_account_navigation_list_color":"#9C9C9C","shopengine_account_navigation_list_active_bg":"#F5F5F5","shopengine_account_navigation_list_Typography_font_size":{"unit":"px","size":18,"sizes":[]},"shopengine_account_navigation_list_Typography_font_weight":"500","shopengine_account_navigation_list_Typography_line_height":{"unit":"px","size":48,"sizes":[]},"shopengine_account_navigation_box_shadow_box_shadow_type":"yes","shopengine_account_navigation_box_shadow_box_shadow":{"horizontal":0,"vertical":0,"blur":0,"spread":0,"color":"rgba(0,0,0,0.08)"},"_margin":{"unit":"px","top":"0","right":"0","bottom":"0","left":"0","isLinked":false},"_margin_tablet":{"unit":"px","top":"0","right":"0","bottom":"0","left":"0","isLinked":false},"_padding":{"unit":"px","top":"0","right":"0","bottom":"0","left":"0","isLinked":false},"_padding_tablet":{"unit":"px","top":"0","right":"0","bottom":"0","left":"0","isLinked":false}},"elements":[],"isInner":false,"widgetType":"shopengine-account-navigation","elType":"widget"}],"isInner":false,"elType":"column"},{"id":"390be3cb","settings":{"_column_size":50,"_inline_size":80,"ekit_all_conditions_list":[{"_id":"23499c2"}],"_inline_size_tablet":70,"margin":{"unit":"px","top":"0","right":"0","bottom":"0","left":"0","isLinked":false},"margin_tablet":{"unit":"px","top":"0","right":"15","bottom":"0","left":"15","isLinked":false},"padding":{"unit":"px","top":"0","right":"0","bottom":"0","left":"15","isLinked":false},"padding_tablet":{"unit":"px","top":"0","right":"0","bottom":"0","left":"0","isLinked":false}},"elements":[{"id":"2284fab3","settings":{"shopengine_orders_header_text_typography_font_size_tablet":{"unit":"px","size":16,"sizes":[]},"shopengine_orders_header_text_typography_line_height":{"unit":"px","size":55,"sizes":[]},"shopengine_orders_header_text_typography_line_height_tablet":{"unit":"em","size":55,"sizes":[]},"ekit_all_conditions_list":[{"_id":"748510b"}],"ekit_adv_tooltip_content":"Tooltip Content.","_css_classes":"account-download-topbar"},"elements":[],"isInner":false,"widgetType":"shopengine-account-downloads","elType":"widget"}],"isInner":false,"elType":"column"}],"isInner":false,"elType":"section"}],"page_settings":[],"version":"0.4","title":"Account Download Design 1","type":"page"}