{
  "align": "center",
  "content_position": "after",
  "social_platforms": {
    "facebook": "true",
    "twitter": "true",
    "whatsapp": "true",
    "gmail": "true",
    "linkedin": "true",
    "pinterest": "true",
    "messenger": "true",
    "reddit": "true",
    "telegram": "true",
    "tumblr": "true",
    "vkontakte": "true",
    "email": "true"
  },
  "social_labels": {
    "facebook": "Facebook",
    "twitter": "Twitter",
    "whatsapp": "Whatsapp",
    "gmail": "Gmail",
    "linkedin": "Linkedin",
    "pinterest": "Pinterest",
    "messenger": "Messenger",
    "reddit": "Reddit",
    "telegram": "Telegram",
    "tumblr": "Tumblr",
    "vkontakte": "VKontakte",
    "email": "Email"
  },
  "post_types_deploy_auto": ["post"],
  "post_types_deploy_manual": []
}