{"content":[{"id":"c910737","settings":{"padding":{"unit":"px","top":"30","right":"0","bottom":"0","left":"0","isLinked":false},"ekit_all_conditions_list":[{"_id":"7807a3e"}],"ekit_section_parallax_multi_items":[]},"elements":[{"id":"71f1944b","settings":{"_column_size":100,"_inline_size":null,"ekit_all_conditions_list":[{"_id":"b849261"}]},"elements":[{"id":"52e5b906","settings":{"ekit_all_conditions_list":[{"_id":"ae9824a"}],"ekit_adv_tooltip_content":"Tooltip Content."},"elements":[],"isInner":false,"widgetType":"shopengine-notice","elType":"widget"}],"isInner":false,"elType":"column"}],"isInner":false,"elType":"section"},{"id":"56e4dbc8","settings":{"structure":"20","ekit_all_conditions_list":[{"_id":"08abe88"}],"ekit_section_parallax_multi_items":[],"overflow":"hidden","margin":{"unit":"px","top":"","right":0,"bottom":"","left":0,"isLinked":true},"padding":{"unit":"px","top":"75","right":"0","bottom":"10","left":"0","isLinked":false}},"elements":[{"id":"197a823f","settings":{"_column_size":50,"_inline_size":null,"ekit_all_conditions_list":[{"_id":"831bf52"}],"margin_mobile":{"unit":"px","top":"0","right":"0","bottom":"30","left":"0","isLinked":false},"padding":{"unit":"px","top":"0","right":"20","bottom":"0","left":"15","isLinked":false},"padding_tablet":{"unit":"px","top":"0","right":"15","bottom":"0","left":"15","isLinked":false},"space_between_widgets":0},"elements":[{"id":"164b8a00","settings":{"ekit_all_conditions_list":[{"_id":"85e0957"}],"ekit_adv_tooltip_content":"Tooltip Content.","shopengine_flash_sale_background":"#101010","shopengine_lightbox_icon_border_color":"#FFFFFF"},"elements":[],"isInner":false,"widgetType":"shopengine-single-product-images","elType":"widget"}],"isInner":false,"elType":"column"},{"id":"54c263d5","settings":{"_column_size":50,"_inline_size":null,"ekit_all_conditions_list":[{"_id":"bed6830"}],"margin_tablet":{"unit":"px","top":"0","right":"0","bottom":"0","left":"0","isLinked":true},"padding":{"unit":"px","top":"0","right":"70","bottom":"0","left":"20","isLinked":false},"padding_tablet":{"unit":"px","top":"0","right":"15","bottom":"0","left":"15","isLinked":false},"space_between_widgets":0},"elements":[{"id":"3e4ec807","settings":{"shopengine_breadcrumbs_text_typography_font_family":"Barlow","ekit_all_conditions_list":[{"_id":"3506bf4"}],"ekit_adv_tooltip_content":"Tooltip Content.","shopengine_breadcrumbs_text_typography_line_height":{"unit":"px","size":17,"sizes":[]},"_margin":{"unit":"px","top":"0","right":"0","bottom":"25","left":"0","isLinked":false}},"elements":[],"isInner":false,"widgetType":"shopengine-breadcrumbs","elType":"widget"},{"id":"4e078e1","settings":{"shopengine_product_title_typography_letter_spacing":{"unit":"px","size":-0.1000000000000000055511151231257827021181583404541015625,"sizes":[]},"shopengine_product_title_typography_line_height_mobile":{"unit":"em","size":"","sizes":[]},"ekit_all_conditions_list":[{"_id":"85bad44"}],"ekit_adv_tooltip_content":"Tooltip Content.","shopengine_product_title_typography_font_family":"Barlow","shopengine_product_title_header_size":"h2","_margin":{"unit":"px","top":"0","right":"0","bottom":"20","left":"0","isLinked":false}},"elements":[],"isInner":false,"widgetType":"shopengine-product-title","elType":"widget"},{"id":"6b92ad9c","settings":{"ekit_all_conditions_list":[{"_id":"c895b0f"}],"ekit_adv_tooltip_content":"Tooltip Content.","shopengine_excerpt_typography_font_family":"Barlow","shopengine_excerpt_typography_font_size":{"unit":"px","size":15,"sizes":[]},"shopengine_excerpt_color":"#666666","shopengine_excerpt_typography_line_height":{"unit":"px","size":22,"sizes":[]},"_margin":{"unit":"px","top":"0","right":"0","bottom":"25","left":"0","isLinked":false}},"elements":[],"isInner":false,"widgetType":"shopengine-product-excerpt","elType":"widget"},{"id":"48fba45","settings":{"shopengine_product_price_sale_price_typography_font_size":{"unit":"px","size":36,"sizes":[]},"shopengine_product_price_sale_price_typography_font_weight":"700","ekit_all_conditions_list":[{"_id":"b4be3a2"}],"ekit_adv_tooltip_content":"Tooltip Content.","shopengine_product_price_sale_price_color":"#000000","shopengine_product_price_sale_price_typography_letter_spacing":{"unit":"px","size":-0.1000000000000000055511151231257827021181583404541015625,"sizes":[]},"_margin":{"unit":"px","top":"0","right":"0","bottom":"30","left":"0","isLinked":false},"shopengine_product_price_sale_price_typography_font_size_mobile":{"unit":"px","size":24,"sizes":[]},"shopengine_product_price_typography_font_size":{"unit":"px","size":36,"sizes":[]},"shopengine_product_price_typography_font_family":"Barlow","shopengine_product_price_typography_font_weight":"700","shopengine_product_price_price_color":"#000000","shopengine_product_price_discount_badge_padding":{"unit":"px","top":"2","right":"8","bottom":"2","left":"8","isLinked":false}},"elements":[],"isInner":false,"widgetType":"shopengine-product-price","elType":"widget"},{"id":"13442a7b","settings":{"shopengine_add_cart_quantity_margin":{"unit":"px","top":"0","right":"10","bottom":"0","left":"0","isLinked":false},"shopengine_add_to_cart_price_color":"#000000","shopengine_add_to_cart_hide_stock":"","shopengine_add_cart_button_padding":{"unit":"px","top":"13","right":"25","bottom":"13","left":"25","isLinked":false},"ekit_all_conditions_list":[{"_id":"951a23b"}],"ekit_adv_tooltip_content":"Tooltip Content.","shopengine_add_cart_button_bg_color_hover":"#5642C7","shopengine_add_cart_button_border_color_hover":"#5642C7","shopengine_add_cart_button_typography_font_family":"Barlow","shopengine_quantity_btn_position":"both","shopengine_add_to_cart_show_stock":"","_css_classes":"xs-cart-wishlist","shopengine_add_cart_button_typography_letter_spacing":{"unit":"px","size":-0.40000000000000002220446049250313080847263336181640625,"sizes":[]},"shopengine_add_cart_quantity_padding":{"unit":"px","top":"11","right":"0","bottom":"11","left":"0","isLinked":false},"custom_css":"@media(max-width: 575px) {n    selector.xs-cart-wishlist .shopengine-swatches .cart .button {n        width: 100%;n        margin: 0 0 10px 0 !important;n    }nselector .shopengine-swatches .shopengine-wishlist {n        width: 100% !important;n    }n}","shopengine_add_to_cart_data_ordering_quantity_position":-2,"shopengine_add_to_cart_data_ordering_add_to_cart_position":-1,"shopengine_add_to_cart_data_ordering_quick_checkout_position":"","shopengine_add_to_cart_data_ordering_wishlist_position":"","shopengine_add_to_cart_data_ordering_comparison_position":"","shopengine_quick_checkout_button_text_color_normal":"#101010","shopengine_quick_checkout_button_bg_color_hover":"#101010","shopengine_quick_checkout_button_border_color_hover":"#101010","shopengine_quick_checkout_button_border_color":"#F2F2F2","shopengine_add_to_cart_variation_price_discount_badge_font_size":{"unit":"px","size":10,"sizes":[]},"shopengine_add_to_cart_variation_dropdown_border_color":"#A0A0A0","shopengine_add_to_cart_variation_swatch_color_width":{"unit":"px","size":18,"sizes":[]},"shopengine_add_to_cart_variation_swatch_color_height":{"unit":"px","size":18,"sizes":[]},"shopengine_add_to_cart_variation_label_border_selected_color":"#5642C7","__globals__":{"shopengine_add_cart_wishlist_button_bg_color":"","shopengine_quick_checkout_button_bg_color_normal":""},"shopengine_quick_checkout_button_border_width":{"unit":"px","top":"2","right":"2","bottom":"2","left":"2","isLinked":true},"shopengine_add_to_cart_variation_wrap_margin":{"unit":"px","top":"0","right":"0","bottom":"20","left":"0","isLinked":false},"shopengine_add_to_cart_variation_label_border_width":{"unit":"px","top":"0","right":"0","bottom":"0","left":"0","isLinked":true},"shopengine_add_cart_wishlist_padding":{"unit":"px","top":"14","right":"25","bottom":"14","left":"25","isLinked":false},"shopengine_add_cart_compare_padding":{"unit":"px","top":"14","right":"25","bottom":"14","left":"25","isLinked":false},"_margin":{"unit":"px","top":"0","right":"0","bottom":"30","left":"0","isLinked":false},"shopengine_add_to_cart_data_ordering_list":[{"list_title":"Quantitly","list_key":"quantity","_id":"1502c0c"},{"list_title":"Add to Cart","list_key":"add_to_cart","_id":"1e01c91"},{"list_title":"Buy Now\/Quick Checkout","list_key":"quick_checkout","_id":"6f443ec"},{"list_title":"Wishlist","list_key":"wishlist","_id":"b0a8dd8"},{"list_title":"Comparison","list_key":"comparison","_id":"55f3931"},{"list_title":"Partial Payment","list_key":"partial_payment","_id":"922cc8e"}],"shopengine_quick_checkout_button_bg_color_normal":"#FFFFFF"},"elements":[],"isInner":false,"widgetType":"shopengine-add-to-cart","elType":"widget"},{"id":"48c99615","settings":{"ekit_all_conditions_list":[{"_id":"f567b35"}],"ekit_adv_tooltip_content":"Tooltip Content.","shopengine_product_meta_typography_font_family":"Barlow","shopengine_meta_value_color":"#A0A0A0","_margin":{"unit":"px","top":"0","right":"0","bottom":"20","left":"0","isLinked":false},"shopengine_product_meta_typography_line_height":{"unit":"px","size":22,"sizes":[]},"shopengine_meta_tag_hide":""},"elements":[],"isInner":false,"widgetType":"shopengine-product-meta","elType":"widget"}],"isInner":false,"elType":"column"}],"isInner":false,"elType":"section"},{"id":"5a2ffde8","settings":{"ekit_all_conditions_list":[{"_id":"b005686"}],"ekit_section_parallax_multi_items":[],"padding":{"unit":"px","top":"60","right":"0","bottom":"120","left":"0","isLinked":false},"padding_tablet":{"unit":"px","top":"30","right":"0","bottom":"0","left":"0","isLinked":false},"margin_mobile":{"unit":"px","top":"","right":0,"bottom":"","left":0,"isLinked":true},"overflow":"hidden"},"elements":[{"id":"44cea126","settings":{"_column_size":100,"_inline_size":null,"ekit_all_conditions_list":[{"_id":"bf4d3c0"}],"margin_mobile":{"unit":"px","top":"0","right":"15","bottom":"0","left":"15","isLinked":false},"padding":{"unit":"px","top":"0","right":"150","bottom":"0","left":"15","isLinked":false},"padding_mobile":{"unit":"px","top":"0","right":"0","bottom":"0","left":"0","isLinked":false},"space_between_widgets":0,"padding_tablet":{"unit":"px","top":"0","right":"15","bottom":"0","left":"15","isLinked":false}},"elements":[{"id":"18a78ffb","settings":{"shopengine_product_nav_indicator_border":{"unit":"px","top":"0","right":0,"bottom":"3","left":0,"isLinked":false},"shopengine_tab_nav_box_shadow_box_shadow":{"horizontal":0,"vertical":7,"blur":30,"spread":0,"color":"rgba(0, 0, 0, 0.05)"},"shopengine_nav_line_width":{"unit":"px","top":"1","right":0,"bottom":"1","left":0,"isLinked":true},"shopengine_product_tab_content_title_hide":"yes","shopengine_product_tab_content_wrap_padding":{"unit":"px","top":"60","right":"0","bottom":"0","left":"0","isLinked":false},"shopengine_download_button_box_shadow_box_shadow_type":"yes","ekit_all_conditions_list":[{"_id":"d7d5b08"}],"ekit_adv_tooltip_content":"Tooltip Content.","shopengine_product_nav_typography_text_transform":"uppercase","shopengine_nav_menu_spacing":{"unit":"px","size":40,"sizes":[]},"custom_css":"selector .single-product .shopengine-product-tabs p {rn    font-size: 18px;rn    line-height: 25px;rn    color: #101010;rn    font-family: 'Rubik', sans-serif;rn}rnrn\/* rnproduct details additional info - rakibul css - start rn*\/rnselector .shopengine-product-tabs .woocommerce-Tabs-panel--additional_information table th,rnselector .shopengine-product-tabs .woocommerce-Tabs-panel--additional_information table td {rntbackground-color: transparent;rntborder: none !important;rntpadding: 0px !important;rntpadding-bottom: 12px !important;rntposition: relative;rntline-height: 1;rn}rnselector .woocommerce-Tabs-panel--additional_information table td {rntline-height: 1;rntbackground-color: transparent;rntpadding-right: 30px !important;rntpadding-left: 30px !important;rn}rnselector .shopengine-widget .shopengine-product-tabs .woocommerce-Tabs-panel--additional_information table tr:not(:last-child) {rntborder: none;rn}rnselector .woocommerce-Tabs-panel--additional_information table th:before {rntposition: absolute;rnttop: 0;rntright: 0px;rntcolor: #101010;rntcontent: ':';rn}rnrnselector .single-product .woocommerce-Reviews .comment-reply-title {rnttext-transform: uppercase;rn}rnselector #review_form #respond p {rntmargin: 0 0 25px;rn}rnselector .comment-form .comment-notes {rntcolor: #444444;rn}rnselector .shopengine-widget .shopengine-product-tabs #review_form_wrapper .comment-form input:not(#wp-comment-cookies-consent) {rntmin-height: 44px;rntpadding: 0px 20px;rn}rnselector .woocommerce-Reviews .comment-form p textarea {rntmin-height: 140px;rn}rnselector .shopengine-product-tabs .form-submit .submit {rntwidth: 100%;rntdisplay: block;rn}rnselector .shopengine-product-tabs .woocommerce-Tabs-panel--additional_information table th, selector .shopengine-product-tabs .woocommerce-Tabs-panel--additional_information table td {rn    line-height: 26px !important;rn}rnselector .shopengine-product-tabs .woocommerce-Tabs-panel--additional_information table td {rn    padding-left: 30px !important;rn}rnselector .shopengine .commentlist .review .comment-text p {rn    margin-bottom: 15px !important;rn}rnselector .shopengine-product-tabs .description p {rn    color: #444 !important;rn}rnselector .woocommerce-Reviews .commentlist {rn    background-color: transparent;rn     border-bottom: #EFEFEF;rn     border-radius: 0px;rn}rnselector .single-product .shopengine .commentlist .review {rn    padding: 55px 0 40px!important;rn}rn.single-product .shopengine .commentlist .review:last-child {rn        border-bottom-width:  0 !important;rn}rn","shopengine_product_tab_label_clr":"#101010","shopengine_review_form_label_input_typography_line_height":{"unit":"px","size":19,"sizes":[]},"shopengine_download_button_padding":{"unit":"px","top":"13","right":"20","bottom":"13","left":"20","isLinked":false},"shopengine_download_button_padding_radius":{"unit":"px","top":"0","right":"0","bottom":"0","left":"0","isLinked":true},"shopengine_download_button_padding_typography_font_family":"Barlow","shopengine_download_button_padding_typography_font_size":{"unit":"px","size":16,"sizes":[]},"shopengine_download_button_padding_typography_font_weight":"600","shopengine_nav_line_color":"#F2F2F2","shopengine_product_nav_typography_font_size_mobile":{"unit":"px","size":20,"sizes":[]},"shopengine_product_tabs_font_family":"Barlow","shopengine_nav_menu_spacing_tablet":{"unit":"px","size":20,"sizes":[]},"shopengine_product_tab_ainfo_typography_font_size":{"unit":"px","size":16,"sizes":[]},"shopengine_product_nav_typography_line_height":{"unit":"px","size":22,"sizes":[]},"shopengine_product_tab_submit_button_border_radius":{"unit":"px","top":"0","right":"0","bottom":"0","left":"0","isLinked":true},"shopengine_product_tab_ainfo_typography_font_style":"normal","shopengine_product_tab_ainfo_typography_font_weight":"500","shopengine_product_tab_ainfo_label_color":"#101010","shopengine_product_tab_label_typography_font_weight":"500","shopengine_product_tab_input_clr":"#101010","shopengine_review_label_input_typography_font_weight":"400","shopengine_product_tab_content_title_show":"","shopengine_product_nav_active_color":"#101010","shopengine_product_nav_indicator_color":"#101010","shopengine_nav_menu_spacing_mobile":{"unit":"px","size":10,"sizes":[]},"shopengine_product_tab_content_wrap_padding_mobile":{"unit":"px","top":"30","right":"0","bottom":"0","left":"0","isLinked":false},"shopengine_product_tab_ainfo_tcell_divider_color":"#F2F2F2"},"elements":[],"isInner":false,"widgetType":"shopengine-product-tabs","elType":"widget"}],"isInner":false,"elType":"column"}],"isInner":false,"elType":"section"}],"page_settings":[],"version":"0.4","title":"Single product design 2","type":"page"}