{"content":[{"id":"3fc93f82","settings":{"content_width":{"unit":"px","size":1230,"sizes":[]},"background_background":"classic","background_image":{"url":"https:\/\/wpmet.com\/plugin\/shopengine\/demos\/wp-content\/uploads\/sites\/2\/2021\/09\/shop_bg_01.jpg","id":5278,"alt":"","source":"library"},"background_position":"center center","background_repeat":"no-repeat","background_size":"cover","background_overlay_background":"classic","background_overlay_image":{"url":"","id":"","alt":"","source":"library"},"background_overlay_position":"initial","background_overlay_repeat":"no-repeat","background_overlay_opacity":{"unit":"px","size":0.90000000000000002220446049250313080847263336181640625,"sizes":[]},"padding":{"unit":"px","top":"185","right":"0","bottom":"60","left":"0","isLinked":false},"ekit_all_conditions_list":[{"_id":"fd3d54b"}],"ekit_section_parallax_multi_items":[],"background_overlay_ypos":{"unit":"px","size":-76,"sizes":[]},"background_attachment":"scroll","background_overlay_color":"#363E83","ekit_section_parallax_bg":"yes"},"elements":[{"id":"7ba099a7","settings":{"_column_size":100,"_inline_size":null,"space_between_widgets":0,"padding":{"unit":"px","top":"0","right":"15","bottom":"0","left":"15","isLinked":false},"ekit_all_conditions_list":[{"_id":"08903e0"}]},"elements":[{"id":"637a4eb8","settings":{"layout":"full_width","ekit_all_conditions_list":[{"_id":"99bb715"}],"ekit_section_parallax_multi_items":[]},"elements":[{"id":"545bbf34","settings":{"_column_size":100,"_inline_size":null,"space_between_widgets":0,"padding":{"unit":"px","top":"0","right":"0","bottom":"0","left":"0","isLinked":true},"ekit_all_conditions_list":[{"_id":"960d583"}],"align_tablet":"center"},"elements":[{"id":"4cca65d0","settings":{"title":"Shop Grid","header_size":"h1","align":"center","title_color":"#FFFFFF","typography_typography":"custom","typography_font_family":"Inter","typography_font_size":{"unit":"px","size":60,"sizes":[]},"typography_font_weight":"700","typography_line_height":{"unit":"px","size":73,"sizes":[]},"ekit_all_conditions_list":[{"_id":"e1fe894"}],"ekit_adv_tooltip_content":"Tooltip Content."},"elements":[],"isInner":false,"widgetType":"heading","elType":"widget"},{"id":"6f12091e","settings":{"view":"inline","icon_list":[{"text":"Home","selected_icon":{"value":"","library":""},"_id":"62f6f27","link":{"url":"https:\/\/wpmet.com\/plugin\/shopengine\/","is_external":"","nofollow":"","custom_attributes":""}},{"_id":"db998f8","text":"Shop Grid","selected_icon":{"value":"fas fa-circle","library":"fa-solid"}}],"space_between":{"unit":"px","size":10,"sizes":[]},"icon_align":"center","icon_color":"#FFFFFF","icon_size":{"unit":"px","size":4,"sizes":[]},"icon_self_align":"center","text_color":"#FFFFFF","text_indent":{"unit":"px","size":10,"sizes":[]},"icon_typography_typography":"custom","icon_typography_font_family":"Inter","icon_typography_font_size":{"unit":"px","size":14,"sizes":[]},"icon_typography_font_weight":"500","icon_typography_line_height":{"unit":"px","size":17,"sizes":[]},"_margin":{"unit":"px","top":"6","right":"0","bottom":"57","left":"0","isLinked":false},"ekit_all_conditions_list":[{"_id":"0ad817e"}],"ekit_adv_tooltip_content":"Tooltip Content."},"elements":[],"isInner":false,"widgetType":"icon-list","elType":"widget"}],"isInner":true,"elType":"column"}],"isInner":true,"elType":"section"}],"isInner":false,"elType":"column"}],"isInner":false,"elType":"section"},{"id":"39f05df2","settings":{"margin":{"unit":"px","top":"","right":0,"bottom":"","left":0,"isLinked":true},"padding":{"unit":"px","top":"80","right":"0","bottom":"24","left":"0","isLinked":false},"ekit_all_conditions_list":[{"_id":"459563f"}],"ekit_section_parallax_multi_items":[],"content_width":{"unit":"px","size":1230,"sizes":[]}},"elements":[{"id":"65cc5c68","settings":{"_column_size":100,"_inline_size":null,"ekit_all_conditions_list":[{"_id":"29a8c5e"}],"padding":{"unit":"px","top":"0","right":"15","bottom":"0","left":"15","isLinked":false}},"elements":[{"id":"1bcf2e99","settings":{"shopengine_advanced_search_title_all":"All Categories","ekit_all_conditions_list":[{"_id":"a2c69be"}],"ekit_adv_tooltip_content":"Tooltip Content.","shopengine_custom_ordering_list":[{"list_title":"Search Box","list_key":"search-box","_id":"385f6b5"},{"list_title":"Search Input","list_key":"search-input","_id":"367a227"},{"list_title":"Category Selector","list_key":"category-selector","_id":"2627fa5"}]},"elements":[],"isInner":false,"widgetType":"shopengine-advanced-search","elType":"widget"}],"isInner":false,"elType":"column"}],"isInner":false,"elType":"section"},{"id":"293a3e54","settings":{"ekit_all_conditions_list":[{"_id":"57a83d8"}],"ekit_section_parallax_multi_items":[],"content_position":"middle","padding":{"unit":"px","top":"0","right":"0","bottom":"0","left":"0","isLinked":false},"background_background":"classic","margin":{"unit":"px","top":"0","right":0,"bottom":"0","left":0,"isLinked":false},"content_width":{"unit":"px","size":1230,"sizes":[]}},"elements":[{"id":"6671716c","settings":{"_column_size":100,"_inline_size":null,"ekit_all_conditions_list":[{"_id":"14942ff"}],"_inline_size_mobile":99,"align":"space-between","background_background":"classic","background_color":"#F7F9FB","margin":{"unit":"px","top":"0","right":"15","bottom":"40","left":"15","isLinked":false},"padding":{"unit":"px","top":"25","right":"30","bottom":"25","left":"30","isLinked":false},"content_position":"center"},"elements":[{"id":"7d84594d","settings":{"gap":"no","content_position":"middle","structure":"30","ekit_all_conditions_list":[{"_id":"ab4a8f9"}],"ekit_section_parallax_multi_items":[]},"elements":[{"id":"437a6e9f","settings":{"_column_size":33,"_inline_size":40,"ekit_all_conditions_list":[{"_id":"c497b35"}]},"elements":[{"id":"5a48c1b5","settings":{"ekit_all_conditions_list":[{"_id":"54deeb2"}],"ekit_adv_tooltip_content":"Tooltip Content.","shopengine_result_count_align_mobile":"right","shopengine_result_count_color":"#3A3A3A","shopengine_result_count_font_font_family":"Barlow","shopengine_result_count_font_font_weight":"500","shopengine_result_count_font_line_height":{"unit":"px","size":19,"sizes":[]},"_margin_mobile":{"unit":"px","top":"0","right":"0","bottom":"20","left":"0","isLinked":false},"_padding_mobile":{"unit":"px","top":"0","right":"0","bottom":"0","left":"0","isLinked":false},"shopengine_result_count_align":"","shopengine_result_count_font_font_size":{"unit":"px","size":16,"sizes":[]},"_element_width":"auto"},"elements":[],"isInner":false,"widgetType":"shopengine-archive-result-count","elType":"widget"}],"isInner":true,"elType":"column"},{"id":"312dce29","settings":{"_column_size":33,"_inline_size":35,"align":"flex-end","ekit_all_conditions_list":[{"_id":"393ffe8"}],"content_position":"center","align_mobile":"flex-start","_inline_size_tablet":30,"align_tablet":"center"},"elements":[{"id":"358fee0d","settings":{"shopengine_ppp_list":"8, 12, 18, 24","shopengine_ppp_alignment":"flex-end","ekit_all_conditions_list":[{"_id":"7053a8a"}],"ekit_adv_tooltip_content":"Tooltip Content.","shopengine_ppp_font_font_family":"Barlow","shopengine_ppp_font_font_weight":"600","shopengine_ppp_color":"#A7A7A7","shopengine_ppp_active_color":"#3A3A3A","_margin_mobile":{"unit":"px","top":"0","right":"0","bottom":"20","left":"0","isLinked":false},"_padding_mobile":{"unit":"px","top":"0","right":"0","bottom":"0","left":"0","isLinked":false},"shopengine_ppp_alignment_mobile":"start","_margin":{"unit":"px","top":"0","right":"0","bottom":"0","left":"0","isLinked":false},"_element_width":"initial","_element_vertical_align_mobile":"center","_offset_orientation_h":"end","_offset_x_end":{"unit":"px","size":300,"sizes":[]},"_offset_y":{"unit":"px","size":32,"sizes":[]},"_element_custom_width":{"unit":"px","size":135,"sizes":[]}},"elements":[],"isInner":false,"widgetType":"shopengine-filter-products-per-page","elType":"widget"}],"isInner":true,"elType":"column"},{"id":"41d67331","settings":{"_column_size":33,"_inline_size":24.556000000000000937916411203332245349884033203125,"_inline_size_tablet":30,"align":"flex-end","ekit_all_conditions_list":[{"_id":"767d303"}]},"elements":[{"id":"3414efb0","settings":{"ekit_all_conditions_list":[{"_id":"1dccd14"}],"ekit_adv_tooltip_content":"Tooltip Content.","_element_width":"initial","_margin_mobile":{"unit":"px","top":"0","right":"0","bottom":"0","left":"0","isLinked":true},"_element_width_mobile":"inherit","_element_custom_width":{"unit":"px","size":250,"sizes":[]}},"elements":[],"isInner":false,"widgetType":"shopengine-filter-orderby","elType":"widget"}],"isInner":true,"elType":"column"}],"isInner":true,"elType":"section"}],"isInner":false,"elType":"column"}],"isInner":false,"elType":"section"},{"id":"4082c3f7","settings":{"ekit_all_conditions_list":[{"_id":"d8894cd"}],"ekit_section_parallax_multi_items":[],"padding":{"unit":"px","top":"0","right":"0","bottom":"115","left":"0","isLinked":false},"background_background":"classic","content_width":{"unit":"px","size":1230,"sizes":[]}},"elements":[{"id":"4d6cee0a","settings":{"_column_size":100,"_inline_size":null,"ekit_all_conditions_list":[{"_id":"56f7a51"}],"space_between_widgets":0,"padding":{"unit":"px","top":"0","right":"15","bottom":"0","left":"15","isLinked":false}},"elements":[{"id":"6bbe9d52","settings":{"shopengine_use_layout":"yes","shopengine_rows":{"unit":"px","size":3,"sizes":[]},"shopengine_show_sale_flash":"","shopengine_show_regular_price":"","shopengine_group_btns":"yes","shopengine_pagination_prev_text":"Previous","shopengine_pagination_next_text":"Next","shopengine_pagination_loadmore_text":"Load More","shopengine_add_to_cart_data_ordering_enable":"","shopengine_background":"#FFFFFF","shopengine__border_border":"solid","shopengine__border_width":{"unit":"px","top":"1","right":"1","bottom":"1","left":"1","isLinked":true},"shopengine__border_color":"#F2F2F2","shopengine_margin":{"unit":"px","size":30,"sizes":[]},"shopengine_archive_products_container_row_spacing":{"unit":"px","size":0,"sizes":[]},"shopengine_padding":{"unit":"px","top":"0","right":"0","bottom":"5","left":"0","isLinked":false},"shopengine_image_bg_color":"#F7F9FB","shopengine_cats_spacing":{"unit":"px","top":"18","right":"0","bottom":"0","left":"20","isLinked":false},"shopengine_title_color_typography_font_size":{"unit":"px","size":15,"sizes":[]},"shopengine_title_color_typography_font_weight":"400","shopengine_title_color_typography_line_height":{"unit":"px","size":19,"sizes":[]},"shopengine_title_padding":{"unit":"px","top":"10","right":"20","bottom":"1","left":"20","isLinked":false},"shopengine_product_price_typography_line_height":{"unit":"px","size":20,"sizes":[]},"shopengine_price_padding":{"unit":"px","top":"8","right":"20","bottom":"16","left":"20","isLinked":false},"product_price_discount_badge_padding":{"unit":"px","top":"0","right":"5","bottom":"1","left":"5","isLinked":false},"shopengine_archvie_btn_padding":{"unit":"px","top":"0","right":"0","bottom":"0","left":"0","isLinked":false},"shopengine_archvie_btn_radius":{"unit":"px","top":"0","right":"0","bottom":"0","left":"0","isLinked":true},"shopengine_archvie_btn_typography_font_size":{"unit":"px","size":0,"sizes":[]},"shopengine_product_rating_gap":{"unit":"px","size":4,"sizes":[]},"shopengine_product_star_padding":{"unit":"px","top":"0","right":"0","bottom":"0","left":"20","isLinked":false},"shopengine_button_group_btn_padding":{"unit":"px","top":"","right":"","bottom":"","left":"","isLinked":true},"shopengine_pagi_font_typography":"custom","shopengine_pagi_font_font_weight":"600","shopengine_pagi_top_space":{"unit":"px","size":20,"sizes":[]},"shopengine_pagi_n_color":"#505255","shopengine_pagi_n_bd_border":"solid","shopengine_pagi_n_bd_width":{"unit":"px","top":"1","right":"1","bottom":"1","left":"1","isLinked":true},"shopengine_pagi_n_bd_color":"#F2F2F2","shopengine_pagi_h_color":"#3A3A3A","shopengine_pagi_h_bdc":"#3A3A3A","shopengine_pagi_radius":{"unit":"%","size":50,"sizes":[]},"ekit_all_conditions_list":[{"_id":"ab87cc3"}],"ekit_adv_tooltip_content":"Tooltip Content.","shopengine_columns_tablet":{"unit":"px","size":2,"sizes":[]},"shopengine_columns_mobile":{"unit":"px","size":1,"sizes":[]},"shopengine_custom_ordering_list":[{"list_title":"Quick View","list_key":"quick-view","_id":"214a046"},{"list_title":"Wishlist","list_key":"wishlist","_id":"1208be2"},{"list_title":"Add to Cart","list_key":"add-to-cart","_id":"660318a"},{"list_title":"Comparison","list_key":"comparison","_id":"40b3e06"}]},"elements":[],"isInner":false,"widgetType":"shopengine-archive-products","elType":"widget"}],"isInner":false,"elType":"column"}],"isInner":false,"elType":"section"},{"id":"501831c","settings":{"padding":{"unit":"px","top":"0","right":"0","bottom":"120","left":"0","isLinked":false},"ekit_all_conditions_list":[{"_id":"0bbd866"}],"ekit_section_parallax_multi_items":[],"content_width":{"unit":"px","size":1230,"sizes":[]}},"elements":[{"id":"7e51d8f4","settings":{"_column_size":100,"_inline_size":null,"ekit_all_conditions_list":[{"_id":"80a3bbb"}],"padding":{"unit":"px","top":"0","right":"15","bottom":"0","left":"15","isLinked":false}},"elements":[{"id":"78090495","settings":{"title":"Recently Viewed Products","typography_typography":"custom","typography_font_family":"Roboto","typography_font_size_mobile":{"unit":"px","size":26,"sizes":[]},"typography_font_weight":"600","_padding":{"unit":"px","top":"0","right":"0","bottom":"20","left":"0","isLinked":false},"ekit_all_conditions_list":[{"_id":"04fda30"}],"ekit_adv_tooltip_content":"Tooltip Content.","__globals__":{"title_color":""},"title_color":"#161C2D"},"elements":[],"isInner":false,"widgetType":"heading","elType":"widget"},{"id":"765bccdc","settings":{"products_per_page":12,"column_mobile":2,"ekit_all_conditions_list":[{"_id":"8c68c7f"}],"ekit_adv_tooltip_content":"Tooltip Content."},"elements":[],"isInner":false,"widgetType":"shopengine-recently-viewed-products","elType":"widget"}],"isInner":false,"elType":"column"}],"isInner":false,"elType":"section"}],"page_settings":{"eael_ext_toc_title":"Table of Contents"},"version":"0.4","title":"Shop design 1","type":"page"}