{"content":[{"id":"7f809be9","settings":{"ekit_all_conditions_list":[{"_id":"ca87791"}],"ekit_section_parallax_multi_items":[],"margin":{"unit":"px","top":"0","right":0,"bottom":"0","left":0,"isLinked":false},"margin_tablet":{"unit":"px","top":"0","right":0,"bottom":"0","left":0,"isLinked":false},"padding":{"unit":"px","top":"100","right":"0","bottom":"0","left":"0","isLinked":false},"padding_tablet":{"unit":"px","top":"70","right":"0","bottom":"0","left":"0","isLinked":false},"padding_mobile":{"unit":"px","top":"50","right":"0","bottom":"0","left":"0","isLinked":false},"background_background":"classic","background_color":"#FFFFFF"},"elements":[{"id":"50c95d7","settings":{"_column_size":100,"_inline_size":null,"ekit_all_conditions_list":[{"_id":"b3af7a1"}]},"elements":[{"id":"5d67decf","settings":{"ekit_all_conditions_list":[{"_id":"ca1bc34"}],"ekit_section_parallax_multi_items":[],"margin":{"unit":"px","top":"0","right":0,"bottom":"0","left":0,"isLinked":false},"padding":{"unit":"px","top":"0","right":"0","bottom":"0","left":"0","isLinked":false}},"elements":[{"id":"253ac6a1","settings":{"_column_size":100,"_inline_size":null,"ekit_all_conditions_list":[{"_id":"6951170"}]},"elements":[{"id":"4943b386","settings":{"title":"Checkout","align":"center","title_color":"#505255","typography_typography":"custom","typography_font_family":"Roboto","typography_font_size":{"unit":"px","size":38,"sizes":[]},"typography_font_weight":"600","typography_text_transform":"uppercase","typography_line_height":{"unit":"em","size":1.625,"sizes":[]},"typography_letter_spacing":{"unit":"px","size":0.200000000000000011102230246251565404236316680908203125,"sizes":[]},"_padding":{"unit":"px","top":"0","right":"0","bottom":"20","left":"0","isLinked":false},"ekit_all_conditions_list":[{"_id":"f42fbbe"}],"ekit_adv_tooltip_content":"Tooltip Content."},"elements":[],"isInner":false,"widgetType":"heading","elType":"widget"}],"isInner":true,"elType":"column"}],"isInner":true,"elType":"section"}],"isInner":false,"elType":"column"}],"isInner":false,"elType":"section"},{"id":"755b4718","settings":{"structure":"20","ekit_all_conditions_list":[{"_id":"2421c3a"}],"ekit_section_parallax_multi_items":[],"margin":{"unit":"px","top":"0","right":0,"bottom":"0","left":0,"isLinked":false},"margin_tablet":{"unit":"px","top":"0","right":0,"bottom":"0","left":0,"isLinked":false},"margin_mobile":{"unit":"px","top":"0","right":0,"bottom":"0","left":0,"isLinked":false},"padding":{"unit":"px","top":"0","right":"0","bottom":"100","left":"0","isLinked":false},"padding_tablet":{"unit":"px","top":"0","right":"0","bottom":"70","left":"0","isLinked":false},"padding_mobile":{"unit":"px","top":"0","right":"0","bottom":"50","left":"0","isLinked":false},"background_background":"classic","background_color":"#FFFFFF"},"elements":[{"id":"5eacb1d8","settings":{"_column_size":50,"_inline_size":null,"ekit_all_conditions_list":[{"_id":"b84cd32"}],"padding_tablet":{"unit":"px","top":"0","right":"15","bottom":"0","left":"15","isLinked":false},"space_between_widgets":0,"padding_mobile":{"unit":"px","top":"0","right":"0","bottom":"0","left":"0","isLinked":true}},"elements":[{"id":"53643f4f","settings":{"shopengine_title_margin":{"unit":"px","top":"0","right":"0","bottom":"17","left":"0","isLinked":false},"shopengine_form_container_background":"","shopengine_form_container_padding":{"unit":"px","top":"0","right":"0","bottom":"0","left":"0","isLinked":true},"shopengine_input_padding":{"unit":"px","top":"10","right":"16","bottom":"10","left":"16","isLinked":false},"shopengine_input_margin":{"unit":"px","top":"0","right":"0","bottom":"0","left":"0","isLinked":false},"_margin":{"unit":"px","top":"0","right":"0","bottom":"0","left":"0","isLinked":false},"_padding":{"unit":"px","top":"0","right":"0","bottom":"0","left":"0","isLinked":false},"ekit_all_conditions_list":[{"_id":"8283a80"}],"ekit_adv_tooltip_content":"Tooltip Content.","shopengine_label_font_size":{"unit":"px","size":15,"sizes":[]},"shopengine_typography_primary_font_size":{"unit":"px","size":15,"sizes":[]},"shopengine_typography_primary_font_weight":"500","shopengine_title_font_size":{"unit":"px","size":18,"sizes":[]},"shopengine_form_container_padding_mobile":{"unit":"px","top":"20","right":"20","bottom":"20","left":"20","isLinked":true},"shopengine_typography_primary_line_height":{"unit":"px","size":18,"sizes":[]},"shopengine_title_margin_mobile":{"unit":"px","top":"0","right":"0","bottom":"0","left":"18","isLinked":false}},"elements":[],"isInner":false,"widgetType":"shopengine-checkout-form-billing","elType":"widget"}],"isInner":false,"elType":"column"},{"id":"1b63cb3a","settings":{"_column_size":50,"_inline_size":null,"ekit_all_conditions_list":[{"_id":"4b704ea"}],"background_background":"classic","padding_tablet":{"unit":"px","top":"0","right":"15","bottom":"0","left":"15","isLinked":false},"margin_mobile":{"unit":"px","top":"20","right":"0","bottom":"0","left":"0","isLinked":false},"space_between_widgets":0,"padding_mobile":{"unit":"px","top":"0","right":"0","bottom":"0","left":"0","isLinked":true}},"elements":[{"id":"2f29cf29","settings":{"shopengine_orders_header_text_typography_font_size":{"unit":"px","size":15,"sizes":[]},"shopengine_orders_header_text_typography_font_weight":"500","shopengine_orders_header_text_typography_line_height":{"unit":"px","size":18,"sizes":[]},"shopengine_download_body_row_border_width":{"unit":"px","top":0,"right":0,"bottom":"0","left":0,"isLinked":true},"_background_color":"#F7F8FB","ekit_all_conditions_list":[{"_id":"263cfc6"}],"ekit_adv_tooltip_content":"Tooltip Content.","shopengine_checkout_order_review_horizontial_padding":{"unit":"px","size":30,"sizes":[]},"shopengine_footer_color_border_width":{"unit":"px","top":0,"right":0,"bottom":"0","left":0,"isLinked":true},"shopengine_download_body_row_border_color":"","shopengine_orders_body_text_typography_font_family":"Rubik","shopengine_orders_body_text_typography_font_size":{"unit":"px","size":14,"sizes":[]},"shopengine_orders_body_text_typography_line_height":{"unit":"px","size":30,"sizes":[]},"_padding":{"unit":"px","top":"30","right":"30","bottom":"0","left":"30","isLinked":false},"shopengine_table_heading_data_padding":{"unit":"px","top":"0","right":"0","bottom":"18","left":"0","isLinked":false},"shopengine_table_heading_border_color":"#0000001A","shopengine_table_body_data_padding":{"unit":"px","top":"0","right":"15","bottom":"0","left":"15","isLinked":false},"shopengine_footer_price_color":"#E70042","shopengine_footer_row_border_color":"#0000001A","shopengine_footer_row_border_last_child":"","_background_background":"classic","shopengine_orders_body_background":"","shopengine_table_body_spacing":{"unit":"px","size":0,"sizes":[]}},"elements":[],"isInner":false,"widgetType":"shopengine-checkout-review-order","elType":"widget"},{"id":"79250fd8","settings":{"shopengine_payment_divider_clr":"#F7F8FB","shopengine_checkout_payment_container_bg":"#F7F8FB","ekit_all_conditions_list":[{"_id":"83cb1c5"}],"ekit_adv_tooltip_content":"Tooltip Content.","shopengine_checkout_payment_container_padding":{"unit":"px","top":"10","right":"30","bottom":"30","left":"30","isLinked":false},"_padding":{"unit":"px","top":"30","right":"30","bottom":"30","left":"30","isLinked":true},"shopengine_payment_order_button_radius":{"unit":"px","top":"0","right":"0","bottom":"0","left":"0","isLinked":true},"shopengine_payment_checkbox_normal_color":"#505255","shopengine_payment_checkbox_checked_color":"#3A3A3A","shopengine_payment_order_button_tabs_normal_clr":"#FFFFFF","shopengine_payment_order_button_padding":{"unit":"px","top":"16","right":"15","bottom":"16","left":"15","isLinked":false},"shopengine_payment_label_typography_font_size":{"unit":"px","size":14,"sizes":[]},"shopengine_payment_content_typography_font_size":{"unit":"px","size":13,"sizes":[]},"shopengine_payment_label_typography_font_family":"Barlow","shopengine_payment_label_typography_font_weight":"400","shopengine_payment_content_typography_line_height":{"unit":"px","size":16,"sizes":[]},"shopengine_payment_methods_list_padding":{"unit":"px","top":"0","right":"0","bottom":"15","left":"0","isLinked":false},"shopengine_payment_order_button_typography_font_family":"Barlow","shopengine_payment_order_button_typography_font_size":{"unit":"px","size":16,"sizes":[]},"shopengine_payment_order_button_typography_text_transform":"capitalize","shopengine_payment_order_button_shadow_box_shadow_type":"yes","shopengine_payment_order_button_shadow_box_shadow":{"horizontal":0,"vertical":0,"blur":"","spread":0,"color":"rgba(0,0,0,0.5)"},"shopengine_payment_order_button_wrap_margin":{"unit":"px","top":"0","right":"0","bottom":"0","left":"0","isLinked":true},"_background_background":"classic","_background_color":"#F7F8FB","custom_css":"selector .shopengine-widget .shopengine-checkout-payment #payment .wc_payment_method label img,rnselector .shopengine-widget .shopengine-checkout-payment #payment .woocommerce-terms-and-conditions-wrapper label img {rn  display: none;rn}","shopengine_payment_methods_checkbox_position_y":{"unit":"px","size":1,"sizes":[]}},"elements":[],"isInner":false,"widgetType":"shopengine-checkout-payment","elType":"widget"}],"isInner":false,"elType":"column"}],"isInner":false,"elType":"section"}],"page_settings":[],"version":"0.4","title":"Quick Checkout Design 1","type":"page"}