{"content":[{"id":"709dd67c","settings":{"structure":"20","ekit_all_conditions_list":[{"_id":"08abe88"}],"ekit_section_parallax_multi_items":[],"overflow":"hidden","padding_mobile":{"unit":"px","top":"80","right":"0","bottom":"80","left":"0","isLinked":false},"margin":{"unit":"px","top":"0","right":0,"bottom":"0","left":0,"isLinked":false},"padding":{"unit":"px","top":"100","right":"0","bottom":"100","left":"0","isLinked":false}},"elements":[{"id":"2ed5f0a1","settings":{"_column_size":50,"_inline_size":null,"ekit_all_conditions_list":[{"_id":"831bf52"}],"margin_mobile":{"unit":"px","top":"0","right":"0","bottom":"30","left":"0","isLinked":false},"padding":{"unit":"px","top":"0","right":"20","bottom":"0","left":"15","isLinked":false},"padding_tablet":{"unit":"px","top":"0","right":"15","bottom":"0","left":"15","isLinked":false},"space_between_widgets":0},"elements":[{"id":"3fd2cf92","settings":{"ekit_all_conditions_list":[{"_id":"85e0957"}],"ekit_adv_tooltip_content":"Tooltip Content.","shopengine_flash_sale_background":"#101010"},"elements":[],"isInner":false,"widgetType":"shopengine-single-product-images","elType":"widget"}],"isInner":false,"elType":"column"},{"id":"834e07a","settings":{"_column_size":50,"_inline_size":null,"ekit_all_conditions_list":[{"_id":"bed6830"}],"margin_tablet":{"unit":"px","top":"0","right":"0","bottom":"0","left":"0","isLinked":true},"padding":{"unit":"px","top":"0","right":"15","bottom":"0","left":"20","isLinked":false},"padding_tablet":{"unit":"px","top":"0","right":"15","bottom":"0","left":"15","isLinked":false},"space_between_widgets":0},"elements":[{"id":"186a07dd","settings":{"shopengine_breadcrumbs_text_typography_font_family":"Barlow","_padding":{"unit":"px","top":"0","right":"0","bottom":"0","left":"0","isLinked":false},"ekit_all_conditions_list":[{"_id":"3506bf4"}],"ekit_adv_tooltip_content":"Tooltip Content.","shopengine_breadcrumbs_text_typography_line_height":{"unit":"px","size":17,"sizes":[]},"_margin":{"unit":"px","top":"0","right":"0","bottom":"24","left":"0","isLinked":false}},"elements":[],"isInner":false,"widgetType":"shopengine-breadcrumbs","elType":"widget"},{"id":"bd2a8c5","settings":{"shopengine_product_title_typography_letter_spacing":{"unit":"px","size":-0.1000000000000000055511151231257827021181583404541015625,"sizes":[]},"_padding":{"unit":"px","top":"0","right":"0","bottom":"23","left":"0","isLinked":false},"shopengine_product_title_typography_line_height_mobile":{"unit":"em","size":"","sizes":[]},"ekit_all_conditions_list":[{"_id":"85bad44"}],"ekit_adv_tooltip_content":"Tooltip Content.","shopengine_product_title_typography_font_family":"Barlow","shopengine_product_title_header_size":"h2"},"elements":[],"isInner":false,"widgetType":"shopengine-product-title","elType":"widget"},{"id":"24ec7311","settings":{"shopengine_rating_star_size":{"unit":"px","size":11,"sizes":[]},"shopengine_rating_text_typography_font_family":"Barlow","_margin":{"unit":"px","top":"0","right":"0","bottom":"25","left":"0","isLinked":false},"ekit_all_conditions_list":[{"_id":"c333400"}],"ekit_adv_tooltip_content":"Tooltip Content."},"elements":[],"isInner":false,"widgetType":"shopengine-product-rating","elType":"widget"},{"id":"1cc32d1e","settings":{"ekit_all_conditions_list":[{"_id":"c895b0f"}],"ekit_adv_tooltip_content":"Tooltip Content.","shopengine_excerpt_typography_font_family":"Barlow","shopengine_excerpt_typography_font_size":{"unit":"px","size":15,"sizes":[]},"shopengine_excerpt_color":"#666666","shopengine_excerpt_typography_line_height":{"unit":"px","size":18,"sizes":[]},"_padding":{"unit":"px","top":"0","right":"0","bottom":"20","left":"0","isLinked":false}},"elements":[],"isInner":false,"widgetType":"shopengine-product-excerpt","elType":"widget"},{"id":"dd0567d","settings":{"shopengine_product_price_sale_price_typography_font_size":{"unit":"px","size":36,"sizes":[]},"shopengine_product_price_sale_price_typography_font_weight":"700","ekit_all_conditions_list":[{"_id":"b4be3a2"}],"ekit_adv_tooltip_content":"Tooltip Content.","shopengine_product_price_sale_price_typography_letter_spacing":{"unit":"px","size":-0.1000000000000000055511151231257827021181583404541015625,"sizes":[]},"_margin":{"unit":"px","top":"0","right":"0","bottom":"28","left":"0","isLinked":false},"shopengine_product_price_sale_price_typography_font_size_mobile":{"unit":"px","size":24,"sizes":[]},"shopengine_product_price_typography_font_family":"Barlow","shopengine_product_price_typography_font_size":{"unit":"px","size":36,"sizes":[]},"shopengine_product_price_typography_font_weight":"700","shopengine_product_price_price_color":"#000000","shopengine_product_price_sale_price_color":"#000000","shopengine_product_price_text_align_mobile":"flex-start","shopengine_product_price_typography_line_height_mobile":{"unit":"px","size":52,"sizes":[]},"shopengine_product_price_space_between_mobile":{"unit":"px","size":9,"sizes":[]},"shopengine_product_price_discount_badge_typography_font_size_mobile":{"unit":"px","size":13,"sizes":[]},"shopengine_product_price_discount_badge_typography_line_height_mobile":{"unit":"em","size":2,"sizes":[]},"shopengine_product_price_discount_badge_padding":{"unit":"px","top":"0","right":"10","bottom":"0","left":"10","isLinked":false}},"elements":[],"isInner":false,"widgetType":"shopengine-product-price","elType":"widget"},{"id":"c1cf3d3","settings":{"shopengine_add_cart_quantity_margin":{"unit":"px","top":"0","right":"10","bottom":"0","left":"0","isLinked":false},"shopengine_add_to_cart_price_color":"#000000","shopengine_add_to_cart_hide_stock":"","shopengine_add_cart_button_padding":{"unit":"px","top":"13","right":"25","bottom":"13","left":"25","isLinked":false},"ekit_all_conditions_list":[{"_id":"951a23b"}],"ekit_adv_tooltip_content":"Tooltip Content.","shopengine_add_cart_button_bg_color_hover":"#F03D3F","shopengine_add_cart_button_border_color_hover":"#F03D3F","shopengine_add_cart_button_typography_font_family":"Barlow","shopengine_quantity_btn_position":"both","shopengine_add_to_cart_show_stock":"","_css_classes":"xs-cart-wishlist","shopengine_add_cart_button_typography_letter_spacing":{"unit":"px","size":-0.40000000000000002220446049250313080847263336181640625,"sizes":[]},"shopengine_add_cart_quantity_padding":{"unit":"px","top":"13.5","right":"0","bottom":"13.5","left":"0","isLinked":false},"_margin":{"unit":"px","top":"0","right":"0","bottom":"27","left":"0","isLinked":false},"custom_css":"@media(max-width: 575px) {n    selector.xs-cart-wishlist .shopengine-swatches .cart .button {n        width: 100%;n        margin: 0 0 10px 0 !important;n    }nselector .shopengine-swatches .shopengine-wishlist {n        width: 100% !important;n    }n}","shopengine_add_cart_quantity_typography_font_family":"Barlow","shopengine_add_to_cart_data_ordering_list":[{"list_title":"Quantitly","list_key":"quantity","_id":"ecd43e8"},{"list_title":"Add to Cart","list_key":"add_to_cart","_id":"12d6c64"},{"list_title":"Buy Now\/Quick Checkout","list_key":"quick_checkout","_id":"3f03498"},{"list_title":"Wishlist","list_key":"wishlist","_id":"7138fcb"},{"list_title":"Comparison","list_key":"comparison","_id":"3fd4e8e"},{"list_title":"Partial Payment","list_key":"partial_payment","_id":"8831798"}]},"elements":[],"isInner":false,"widgetType":"shopengine-add-to-cart","elType":"widget"},{"id":"668ff54c","settings":{"ekit_all_conditions_list":[{"_id":"f567b35"}],"ekit_adv_tooltip_content":"Tooltip Content.","shopengine_product_meta_typography_font_family":"Barlow","shopengine_meta_value_color":"#A0A0A0","_margin":{"unit":"px","top":"0","right":"0","bottom":"17","left":"0","isLinked":false}},"elements":[],"isInner":false,"widgetType":"shopengine-product-meta","elType":"widget"},{"id":"5fa24bb7","settings":{"title":"Social Share:","title_color":"#101010","typography_typography":"custom","typography_font_family":"Barlow","typography_font_size":{"unit":"px","size":14,"sizes":[]},"typography_font_weight":"500","typography_text_transform":"uppercase","typography_line_height":{"unit":"px","size":17,"sizes":[]},"_margin":{"unit":"px","top":"13","right":"10","bottom":"0","left":"0","isLinked":false},"_element_width":"auto","ekit_all_conditions_list":[{"_id":"e01b652"}],"ekit_adv_tooltip_content":"Tooltip Content."},"elements":[],"isInner":false,"widgetType":"heading","elType":"widget"},{"id":"7cec072d","settings":{"_element_width":"auto","ekit_all_conditions_list":[{"_id":"e473f53"}],"ekit_adv_tooltip_content":"Tooltip Content."},"elements":[],"isInner":false,"widgetType":"shopengine-product-share","elType":"widget"}],"isInner":false,"elType":"column"}],"isInner":false,"elType":"section"}],"page_settings":{"eael_ext_toc_title":"Table of Contents"},"version":"0.4","title":"Quick view design 1","type":"page"}