{"content":[{"id":"7a43eeed","settings":{"layout":"full_width","stretch_section":"section-stretched","background_background":"classic","margin":{"unit":"px","top":"0","right":0,"bottom":"0","left":0,"isLinked":false},"padding":{"unit":"px","top":"143","right":"0","bottom":"0","left":"0","isLinked":false},"ekit_all_conditions_list":[{"_id":"ce02ac7"}],"ekit_section_parallax_multi_items":[],"margin_tablet":{"unit":"px","top":"0","right":0,"bottom":"0","left":0,"isLinked":false},"margin_mobile":{"unit":"px","top":"0","right":0,"bottom":"0","left":0,"isLinked":false},"padding_tablet":{"unit":"px","top":"50","right":"0","bottom":"50","left":"0","isLinked":false},"padding_mobile":{"unit":"px","top":"50","right":"0","bottom":"50","left":"0","isLinked":false}},"elements":[{"id":"3e035a50","settings":{"_column_size":100,"_inline_size":100,"ekit_all_conditions_list":[{"_id":"0193f82"}],"padding":{"unit":"px","top":"0","right":"15","bottom":"0","left":"15","isLinked":false},"space_between_widgets":0},"elements":[{"id":"342cf9b1","settings":{"image":{"url":"https:\/\/wpmet.com\/plugin\/shopengine\/demos\/wp-content\/uploads\/sites\/2\/2021\/09\/thankyou.png","id":191,"alt":"","source":"library"},"_margin":{"unit":"px","top":"0","right":"0","bottom":"20","left":"0","isLinked":false},"_padding":{"unit":"px","top":"0","right":"0","bottom":"0","left":"0","isLinked":false},"ekit_all_conditions_list":[{"_id":"5d626f0"}],"ekit_adv_tooltip_content":"Tooltip Content."},"elements":[],"isInner":false,"widgetType":"image","elType":"widget"},{"id":"2bcc2bc0","settings":{"shopengine_thankyou_align":"center","shopengine_thankyou_font_family":"","_padding":{"unit":"px","top":"0","right":"0","bottom":"50","left":"0","isLinked":false},"ekit_all_conditions_list":[{"_id":"ca176fc"}],"ekit_adv_tooltip_content":"Tooltip Content.","_border_border":"solid","_border_width":{"unit":"px","top":"0","right":"0","bottom":"1","left":"0","isLinked":false},"_border_color":"#EDEDED"},"elements":[],"isInner":false,"widgetType":"shopengine-thankyou-thankyou","elType":"widget"}],"isInner":false,"elType":"column"}],"isInner":false,"elType":"section"},{"id":"429273c3","settings":{"structure":"20","padding":{"unit":"px","top":"50","right":"0","bottom":"150","left":"0","isLinked":false},"ekit_all_conditions_list":[{"_id":"c606e90"}],"ekit_section_parallax_multi_items":[]},"elements":[{"id":"bdea166","settings":{"_column_size":50,"_inline_size":null,"space_between_widgets":0,"padding":{"unit":"px","top":"0","right":"30","bottom":"0","left":"15","isLinked":false},"padding_tablet":{"unit":"px","top":"0","right":"15","bottom":"0","left":"15","isLinked":false},"ekit_all_conditions_list":[{"_id":"261d081"}]},"elements":[{"id":"412ff75a","settings":{"shopengine_thankyou_order_confirm_table_body_typography_line_height":{"unit":"px","size":19,"sizes":[]},"_margin":{"unit":"px","top":"0","right":"0","bottom":"60","left":"0","isLinked":false},"ekit_all_conditions_list":[{"_id":"6c2e616"}],"ekit_adv_tooltip_content":"Tooltip Content."},"elements":[],"isInner":false,"widgetType":"shopengine-thankyou-order-confirm","elType":"widget"},{"id":"425c0617","settings":{"shopengine_thankyou_order_thead_padding":{"unit":"px","top":"13","right":"35","bottom":"13","left":"35","isLinked":false},"shopengine_related_header__margin":{"unit":"px","top":"0","right":"0","bottom":"15","left":"0","isLinked":false},"shopengine_thankyou_order_typography__primary_line_height":{"unit":"px","size":19,"sizes":[]},"_margin":{"unit":"px","top":"0","right":"0","bottom":"56","left":"0","isLinked":false},"ekit_all_conditions_list":[{"_id":"45167df"}],"ekit_adv_tooltip_content":"Tooltip Content.","shopengine_thankyou_order_color":"#3A3A3A","shopengine_thankyou_order_thead_padding_mobile":{"unit":"px","top":"15","right":"15","bottom":"15","left":"15","isLinked":true},"shopengine_thankyou_order_body__padding":{"unit":"px","top":"13","right":"35","bottom":"13","left":"35","isLinked":false},"shopengine_thankyou_order_body__padding_mobile":{"unit":"px","top":"15","right":"15","bottom":"15","left":"15","isLinked":true},"shopengine_thankyou_order_typography__secondary_line_height":{"unit":"px","size":18,"sizes":[]},"_margin_mobile":{"unit":"px","top":"0","right":"0","bottom":"30","left":"0","isLinked":false},"custom_css":"selector .shopengine-thankyou-order-details .woocommerce-order-details__title {n    line-height: 1;n    font-weight: 600;n}","shopengine_thankyou_order_typography__primary_font_weight":"500"},"elements":[],"isInner":false,"widgetType":"shopengine-thankyou-order-details","elType":"widget"},{"id":"31fb19","settings":{"shopengine_thankyou_address_hide_icon":"","_margin":{"unit":"px","top":"0","right":"0","bottom":"-30","left":"0","isLinked":false},"ekit_all_conditions_list":[{"_id":"1c6cbdb"}],"ekit_adv_tooltip_content":"Tooltip Content.","shopengine_thankyou_address_address_typography_line_height":{"unit":"px","size":19,"sizes":[]},"custom_css":"@media screen and (max-width: 767px) {rntselector .woocommerce-column--shipping-address {rnt    margin-top: 25px;rnt}rn}","shopengine_thankyou_address_address_typography_font_family":"Barlow","shopengine_thankyou_address_address_typography_text_transform":"capitalize"},"elements":[],"isInner":false,"widgetType":"shopengine-thankyou-address-details","elType":"widget"}],"isInner":false,"elType":"column"},{"id":"46d64da1","settings":{"_column_size":50,"_inline_size":null,"space_between_widgets":0,"padding":{"unit":"px","top":"0","right":"15","bottom":"0","left":"30","isLinked":false},"padding_tablet":{"unit":"px","top":"0","right":"15","bottom":"0","left":"15","isLinked":false},"ekit_all_conditions_list":[{"_id":"c38b413"}],"margin_mobile":{"unit":"px","top":"30","right":"0","bottom":"0","left":"0","isLinked":false}},"elements":[{"id":"1c6c5af7","settings":{"ekit_heading_title":"\u0645\u0643\u0627\u0646 \u0627\u0644\u0634\u062d\u0646","ekit_heading_sub_title":"\u0644\u0642\u062f \u062a\u063a\u064a\u0631 \u0627\u0644\u0648\u0642\u062a","shadow_text_content":"bussiness","ekit_heading_show_seperator":"","ekit_heading_title_margin":{"unit":"px","top":"0","right":"0","bottom":"25","left":"0","isLinked":false},"ekit_heading_title_typography_typography":"custom","ekit_heading_title_typography_font_size":{"unit":"px","size":22,"sizes":[]},"ekit_heading_title_typography_font_weight":"600","ekit_heading_title_typography_line_height":{"unit":"px","size":22,"sizes":[]},"_margin":{"unit":"px","top":"0","right":"0","bottom":"-10","left":"0","isLinked":false},"_padding":{"unit":"px","top":"0","right":"0","bottom":"0","left":"0","isLinked":false},"ekit_all_conditions_list":[{"_id":"7fdf36d"}],"ekit_adv_tooltip_content":"Tooltip Content.","ekit_heading_title_tag":"h3","title_float_left":"","ekit_heading_sub_title_show":"","ekit_heading_title_align":"text_right"},"elements":[],"isInner":false,"widgetType":"elementskit-heading","elType":"widget"},{"id":"5b3cf5c2","settings":{"address":"Coca-Cola london Eye","ekit_all_conditions_list":[{"_id":"07af109"}],"ekit_adv_tooltip_content":"Tooltip Content.","custom_css":"selector iframe {rn    height: 760px;rn}rnrn@media screen and (max-width: 767px) {rn    selector iframe {rn        height: 300px;rn    }rn}","zoom":{"unit":"px","size":50,"sizes":[]},"css_filters_css_filter":"custom","css_filters_saturate":{"unit":"px","size":4,"sizes":[]}},"elements":[],"isInner":false,"widgetType":"google_maps","elType":"widget"}],"isInner":false,"elType":"column"}],"isInner":false,"elType":"section"}],"page_settings":[],"version":"0.4","title":"content.json","type":"page"}