{"content":[{"id":"5c4cebdd","settings":{"structure":"21","padding":{"unit":"px","top":"100","right":"0","bottom":"100","left":"0","isLinked":false},"ekit_all_conditions_list":[{"_id":"3f7fec6"}],"ekit_section_parallax_multi_items":[],"margin_tablet":{"unit":"%","top":"0","right":0,"bottom":"0","left":0,"isLinked":false},"padding_tablet":{"unit":"px","top":"70","right":"0","bottom":"70","left":"0","isLinked":false},"padding_mobile":{"unit":"px","top":"50","right":"0","bottom":"50","left":"0","isLinked":false}},"elements":[{"id":"5ca8c31b","settings":{"_column_size":33,"_inline_size":25,"ekit_all_conditions_list":[{"_id":"0be1e6e"}],"_inline_size_tablet":30,"margin":{"unit":"px","top":"0","right":"0","bottom":"0","left":"0","isLinked":false},"margin_tablet":{"unit":"px","top":"0","right":"0","bottom":"0","left":"0","isLinked":false},"margin_mobile":{"unit":"px","top":"0","right":"0","bottom":"30","left":"0","isLinked":false},"padding":{"unit":"px","top":"0","right":"15","bottom":"0","left":"0","isLinked":false},"padding_tablet":{"unit":"px","top":"0","right":"0","bottom":"0","left":"15","isLinked":false},"padding_mobile":{"unit":"px","top":"0","right":"15","bottom":"0","left":"15","isLinked":false}},"elements":[{"id":"16d801d0","settings":{"ekit_all_conditions_list":[{"_id":"00a9cce"}],"ekit_adv_tooltip_content":"Tooltip Content.","shopengine_account_navigation_list_color":"#9C9C9C","shopengine_account_navigation_list_active_bg":"#F5F5F5","shopengine_account_navigation_list_Typography_font_size":{"unit":"px","size":18,"sizes":[]},"shopengine_account_navigation_list_Typography_font_weight":"500","shopengine_account_navigation_list_Typography_line_height":{"unit":"px","size":48,"sizes":[]},"shopengine_account_navigation_box_shadow_box_shadow_type":"yes","shopengine_account_navigation_box_shadow_box_shadow":{"horizontal":0,"vertical":0,"blur":0,"spread":0,"color":"rgba(0,0,0,0.08)"},"_margin":{"unit":"px","top":"0","right":"0","bottom":"0","left":"0","isLinked":false},"_padding":{"unit":"px","top":"0","right":"0","bottom":"0","left":"0","isLinked":false}},"elements":[],"isInner":false,"widgetType":"shopengine-account-navigation","elType":"widget"}],"isInner":false,"elType":"column"},{"id":"4c39a860","settings":{"_column_size":66,"_inline_size":74.66599999999999681676854379475116729736328125,"ekit_all_conditions_list":[{"_id":"23499c2"}],"_inline_size_tablet":70,"margin":{"unit":"px","top":"0","right":"0","bottom":"0","left":"0","isLinked":false},"margin_tablet":{"unit":"px","top":"0","right":"0","bottom":"0","left":"0","isLinked":false},"margin_mobile":{"unit":"px","top":"0","right":"0","bottom":"0","left":"0","isLinked":false},"padding":{"unit":"px","top":"0","right":"0","bottom":"0","left":"15","isLinked":false},"padding_tablet":{"unit":"px","top":"0","right":"15","bottom":"0","left":"15","isLinked":false},"padding_mobile":{"unit":"px","top":"0","right":"15","bottom":"0","left":"15","isLinked":false}},"elements":[{"id":"4c034d8a","settings":{"ekit_all_conditions_list":[{"_id":"cf369f8"}],"ekit_adv_tooltip_content":"Tooltip Content."},"elements":[],"isInner":false,"widgetType":"shopengine-account-dashboard","elType":"widget"}],"isInner":false,"elType":"column"}],"isInner":false,"elType":"section"}],"page_settings":{"eael_ext_toc_title":"Table of Contents"},"version":"0.4","title":"Account Dashboard Design 1","type":"page"}