{"content":[{"id":"2637cc29","settings":{"content_width":{"unit":"px","size":1230,"sizes":[]},"height":"min-height","custom_height":{"unit":"px","size":"","sizes":[]},"custom_height_tablet":{"unit":"px","size":400,"sizes":[]},"shopengine_multistep_next_button_text":"Next","shopengine_multistep_previous_button_text":"Previous","background_background":"gradient","background_color":"#F0F3FC","ekit_all_conditions_list":[{"_id":"f9a7444"}],"ekit_section_parallax_multi_items":[],"background_color_stop":{"unit":"%","size":44.60000000000000142108547152020037174224853515625,"sizes":[]},"background_color_b":"#00000000","background_color_b_stop":{"unit":"%","size":0,"sizes":[]},"margin":{"unit":"px","top":"","right":0,"bottom":"","left":0,"isLinked":true},"padding":{"unit":"px","top":"144","right":"0","bottom":"106","left":"0","isLinked":false},"padding_mobile":{"unit":"px","top":"90","right":"0","bottom":"80","left":"0","isLinked":false},"padding_tablet":{"unit":"px","top":"120","right":"0","bottom":"50","left":"0","isLinked":false}},"elements":[{"id":"1856d29b","settings":{"_column_size":100,"_inline_size":null,"space_between_widgets":0,"padding":{"unit":"px","top":"0","right":"15","bottom":"0","left":"15","isLinked":false},"ekit_all_conditions_list":[{"_id":"2bd982d"}]},"elements":[{"id":"6e32f931","settings":{"layout":"full_width","shopengine_multistep_next_button_text":"Next","shopengine_multistep_previous_button_text":"Previous","structure":"20","background_background":"classic","background_color":"#FFFFFF","box_shadow_box_shadow_type":"yes","box_shadow_box_shadow":{"horizontal":0,"vertical":30,"blur":50,"spread":0,"color":"rgba(22, 28.000000000000004, 45, 0.1)"},"padding":{"unit":"px","top":"25","right":"25","bottom":"25","left":"25","isLinked":true},"padding_tablet":{"unit":"px","top":"25","right":"15","bottom":"25","left":"15","isLinked":false},"padding_mobile":{"unit":"px","top":"30","right":"15","bottom":"30","left":"15","isLinked":false},"ekit_all_conditions_list":[{"_id":"229e98c"}],"ekit_section_parallax_multi_items":[]},"elements":[{"id":"5aeebd5f","settings":{"_column_size":50,"_inline_size":58.3299999999999982946974341757595539093017578125,"space_between_widgets":0,"padding":{"unit":"px","top":"25","right":"25","bottom":"25","left":"25","isLinked":true},"padding_tablet":{"unit":"px","top":"15","right":"15","bottom":"15","left":"15","isLinked":true},"padding_mobile":{"unit":"px","top":"0","right":"0","bottom":"0","left":"0","isLinked":true},"ekit_all_conditions_list":[{"_id":"bbb44e5"}]},"elements":[{"id":"49f18bad","settings":{"title":"Your Informattion","header_size":"h3","title_color":"#161C2D","typography_typography":"custom","typography_font_family":"Inter","typography_font_size":{"unit":"px","size":26,"sizes":[]},"typography_font_weight":"700","_margin":{"unit":"px","top":"0","right":"0","bottom":"15","left":"0","isLinked":false},"ekit_all_conditions_list":[{"_id":"d5548b4"}],"ekit_adv_tooltip_content":"Tooltip Content."},"elements":[],"isInner":false,"widgetType":"heading","elType":"widget"},{"id":"74d38932","settings":{"shopengine_title_color":"#161C2D","shopengine_title_font_size":{"unit":"px","size":26,"sizes":[]},"shopengine_title_margin":{"unit":"px","top":"0","right":"0","bottom":"0","left":"0","isLinked":false},"shopengine_continer_alignment":"left","shopengine_form_container_padding":{"unit":"px","top":"25","right":"0","bottom":"0","left":"0","isLinked":false},"shopengine_input_label_color":"#161C2D","shopengine_input_required_indicator_color":"#CA0436","shopengine_label_font_size":{"unit":"px","size":14,"sizes":[]},"shopengine_input_color":"#586377","shopengine_input_font_size":{"unit":"px","size":14,"sizes":[]},"shopengine_input_border_width":{"unit":"px","top":"2","right":"2","bottom":"2","left":"2","isLinked":true},"shopengine_input_border_color":"#F5F5F5","shopengine_input_padding":{"unit":"px","top":"13","right":"16","bottom":"14","left":"16","isLinked":false},"shopengine_typography_primary_font_family":"Inter","shopengine_typography_primary_font_weight":"600","ekit_all_conditions_list":[{"_id":"010fd79"}],"ekit_adv_tooltip_content":"Tooltip Content.","shopengine_form_container_background":"#FFFFFF","shopengine_input_background":"#F5F5F5","shopengine_input_border_focus_border":"solid","shopengine_input_border_focus_width":{"unit":"px","top":"2","right":"2","bottom":"2","left":"2","isLinked":true},"shopengine_input_border_focus_color":"#EAEAEA","shopengine_typography_seconday_font_family":"Inter","shopengine_layout_heading_status":"","shopengine_hide_billing_company_field":"yes","shopengine_hide_billing_address_2_field":"yes","shopengine_hide_billing_state_field":"yes","shopengine_typography_primary_text_transform":"capitalize","shopengine_input_color_placeholder":"#586377","shopengine_checkout_form_billing_input_border_radius":{"unit":"px","top":"0","right":"0","bottom":"0","left":"0","isLinked":true}},"elements":[],"isInner":false,"widgetType":"shopengine-checkout-form-billing","elType":"widget"},{"id":"520f735a","settings":{"_padding":{"unit":"px","top":"25","right":"0","bottom":"0","left":"0","isLinked":false},"ekit_all_conditions_list":[{"_id":"417eb64"}],"ekit_adv_tooltip_content":"Tooltip Content.","shopengine_form_container_background":"#FFFFFF","shopengine_label_font_sizx":{"unit":"px","size":15,"sizes":[]},"shopengine_typography_primary_font_family":"Inter","shopengine_typography_primary_font_weight":"600","shopengine_typography_seconday_font_family":"Inter","shopengine_form_container_padding":{"unit":"px","top":"","right":"","bottom":"","left":"","isLinked":true},"shopengine_title_font_size":{"unit":"px","size":14,"sizes":[]},"shopengine_input_color":"#7E8084","shopengine_input_background":"#F5F5F5","shopengine_input_border_width":{"unit":"px","top":"","right":"","bottom":"","left":"","isLinked":true},"shopengine_input_border_color":"#00000000","shopengine_title_color":"#575C65","shopengine_hide_shipping_first_name_field":"yes","shopengine_hide_shipping_last_name_field":"yes","shopengine_hide_shipping_company_field":"yes","shopengine_hide_shipping_country_field":"yes","shopengine_hide_shipping_address_1_field":"yes","shopengine_hide_shipping_address_2_field":"yes","shopengine_hide_shipping_city_field":"yes","shopengine_hide_shipping_state_field":"yes","shopengine_hide_shipping_postcode_field":"yes","shopengine_typography_primary_text_transform":"capitalize"},"elements":[],"isInner":false,"widgetType":"shopengine-checkout-form-shipping","elType":"widget"},{"id":"320910bc","settings":{"shopengine_payment_label_text_color":"#161C2D","shopengine_payment_url_clr":"#2851F3","shopengine_payment_description_text_color":"#575C65","shopengine_payment_label_typography_font_size":{"unit":"px","size":16,"sizes":[]},"shopengine_payment_label_typography_line_height":{"unit":"px","size":16,"sizes":[]},"shopengine_payment_content_typography_font_size":{"unit":"px","size":14,"sizes":[]},"shopengine_payment_content_typography_line_height":{"unit":"px","size":22,"sizes":[]},"shopengine_payment_method_radio_input_color":"#0170B9","shopengine_payment_order_button_radius":{"unit":"px","top":"0","right":"0","bottom":"0","left":"0","isLinked":true},"shopengine_payment_order_button_typography_font_size":{"unit":"px","size":16,"sizes":[]},"shopengine_payment_order_button_typography_text_transform":"capitalize","shopengine_payment_order_button_typography_line_height":{"unit":"px","size":22,"sizes":[]},"shopengine_payment_order_button_tabs_normal_bg":"#2851F3","shopengine_payment_order_button_tabs_hover_clr":"#FFFFFF","shopengine_payment_order_button_tabs_hover_bg":"#2851F3","shopengine_archive_products_font_family":"Inter","_margin":{"unit":"px","top":"15","right":"0","bottom":"60","left":"0","isLinked":false},"ekit_all_conditions_list":[{"_id":"6943fa2"}],"ekit_adv_tooltip_content":"Tooltip Content."},"elements":[],"isInner":false,"widgetType":"shopengine-checkout-payment","elType":"widget"},{"id":"5df8c97b","settings":{"selected_icon":{"value":{"url":"https:\/\/wpmet.com\/plugin\/shopengine\/demos\/wp-content\/uploads\/sites\/2\/2022\/05\/icon_checkout_1.svg","id":3721},"library":"svg"},"title_text":"We Protect<br>Your Privacy","description_text":"","icon_size":{"unit":"px","size":39,"sizes":[]},"text_align":"left","content_vertical_alignment":"middle","title_bottom_space":{"unit":"px","size":0,"sizes":[]},"title_color":"#161C2D","title_typography_typography":"custom","title_typography_font_family":"Inter","title_typography_font_size":{"unit":"px","size":15,"sizes":[]},"title_typography_font_weight":"500","title_typography_line_height":{"unit":"px","size":20,"sizes":[]},"_padding":{"unit":"px","top":"0","right":"70","bottom":"0","left":"0","isLinked":false},"ekit_all_conditions_list":[{"_id":"57d5263"}],"ekit_adv_tooltip_content":"Tooltip Content.","_background_color":"#FFFFFF","_border_radius":{"unit":"px","top":"6","right":"6","bottom":"6","left":"6","isLinked":true},"_box_shadow_box_shadow":{"horizontal":0,"vertical":1,"blur":3,"spread":0,"color":"rgba(22, 28.000000000000004, 45, 0.14)"},"_element_width":"auto","primary_color":"#161C2D","position_tablet":"top","_element_width_tablet":"inherit","_element_vertical_align_tablet":"center","position":"top"},"elements":[],"isInner":false,"widgetType":"icon-box","elType":"widget"},{"id":"3a3eca8f","settings":{"selected_icon":{"value":{"url":"https:\/\/wpmet.com\/plugin\/shopengine\/demos\/wp-content\/uploads\/sites\/2\/2022\/05\/icon_checkout_2.svg","id":3722},"library":"svg"},"title_text":"100% <br>Satisfaction","description_text":"","icon_size":{"unit":"px","size":39,"sizes":[]},"text_align":"left","content_vertical_alignment":"middle","title_bottom_space":{"unit":"px","size":0,"sizes":[]},"title_color":"#161C2D","title_typography_typography":"custom","title_typography_font_family":"Inter","title_typography_font_size":{"unit":"px","size":15,"sizes":[]},"title_typography_font_weight":"500","title_typography_line_height":{"unit":"px","size":20,"sizes":[]},"_padding":{"unit":"px","top":"0","right":"70","bottom":"0","left":"70","isLinked":false},"ekit_all_conditions_list":[{"_id":"57d5263"}],"ekit_adv_tooltip_content":"Tooltip Content.","_background_color":"#FFFFFF","_box_shadow_box_shadow":{"horizontal":0,"vertical":1,"blur":3,"spread":0,"color":"rgba(22, 28.000000000000004, 45, 0.14)"},"_element_width":"auto","primary_color":"#2851F3","_element_width_tablet":"inherit","_border_border":"solid","_border_width":{"unit":"px","top":"0","right":"1","bottom":"0","left":"1","isLinked":false},"_border_color":"#E7E7E7"},"elements":[],"isInner":false,"widgetType":"icon-box","elType":"widget"},{"id":"22101013","settings":{"selected_icon":{"value":{"url":"https:\/\/wpmet.com\/plugin\/shopengine\/demos\/wp-content\/uploads\/sites\/2\/2022\/05\/icon_checkout_3.svg","id":3723},"library":"svg"},"title_text":"Your Data is<br>Safe With Us","description_text":"","icon_size":{"unit":"px","size":39,"sizes":[]},"text_align":"left","content_vertical_alignment":"middle","title_bottom_space":{"unit":"px","size":0,"sizes":[]},"title_color":"#161C2D","title_typography_typography":"custom","title_typography_font_family":"Inter","title_typography_font_size":{"unit":"px","size":15,"sizes":[]},"title_typography_font_weight":"500","title_typography_line_height":{"unit":"px","size":20,"sizes":[]},"_padding":{"unit":"px","top":"0","right":"0","bottom":"0","left":"70","isLinked":false},"ekit_all_conditions_list":[{"_id":"57d5263"}],"ekit_adv_tooltip_content":"Tooltip Content.","_background_color":"#FFFFFF","_border_radius":{"unit":"px","top":"6","right":"6","bottom":"6","left":"6","isLinked":true},"_box_shadow_box_shadow":{"horizontal":0,"vertical":1,"blur":3,"spread":0,"color":"rgba(22, 28.000000000000004, 45, 0.14)"},"_element_width":"auto","primary_color":"#2851F3","_element_width_tablet":"inherit"},"elements":[],"isInner":false,"widgetType":"icon-box","elType":"widget"}],"isInner":true,"elType":"column"},{"id":"682b8074","settings":{"_column_size":50,"_inline_size":41.6700000000000017053025658242404460906982421875,"space_between_widgets":0,"padding":{"unit":"px","top":"25","right":"25","bottom":"25","left":"25","isLinked":true},"padding_tablet":{"unit":"px","top":"15","right":"15","bottom":"15","left":"15","isLinked":true},"padding_mobile":{"unit":"px","top":"0","right":"0","bottom":"0","left":"0","isLinked":false},"ekit_all_conditions_list":[{"_id":"7f9f200"}]},"elements":[{"id":"53ff7ec8","settings":{"title":"Your order","header_size":"h3","title_color":"#161C2D","typography_typography":"custom","typography_font_family":"Inter","typography_font_size":{"unit":"px","size":26,"sizes":[]},"typography_font_weight":"700","_margin":{"unit":"px","top":"0","right":"0","bottom":"20","left":"0","isLinked":false},"ekit_all_conditions_list":[{"_id":"d5548b4"}],"ekit_adv_tooltip_content":"Tooltip Content."},"elements":[],"isInner":false,"widgetType":"heading","elType":"widget"},{"id":"967beae","settings":{"shopengine_orders_header_color":"#161C2D","shopengine_table_header_padding":{"unit":"px","top":"0","right":"0","bottom":"17","left":"0","isLinked":false},"shopengine_table_body_text_color":"#575C65","shopengine_orders_body_background":"#FFFFFF","shopengine_table_body_price_color":"#161C2D","shopengine_orders_body_price_typography_font_weight":"400","shopengine_orders_body_text_typography_font_size":{"unit":"px","size":15,"sizes":[]},"shopengine_orders_body_text_typography_line_height":{"unit":"px","size":"","sizes":[]},"shopengine_table_body_spacing":{"unit":"px","size":21,"sizes":[]},"shopengine_footer_text_color":"#161C2D","shopengine_footer_price_color":"#2851F3","shopengine_orders_footer_border_color":"#D3D3D3","shopengine_footer_color_typography_font_size":{"unit":"px","size":15,"sizes":[]},"shopengine_footer_color_typography_font_weight":"500","shopengine_table_footer_data_padding":{"unit":"px","top":"15","right":"0","bottom":"15","left":"0","isLinked":false},"shopengine_checkout_review_order_font_family":"Inter","ekit_all_conditions_list":[{"_id":"9a45b02"}],"ekit_adv_tooltip_content":"Tooltip Content.","shopengine_table_header_spacing":{"unit":"px","size":12,"sizes":[]},"shopengine_table_body_image_size":{"unit":"px","size":0,"sizes":[]},"shopengine_orders_items_border_color":"#D3D3D3","shopengine_table_body_data_padding":{"unit":"px","top":"0","right":"0","bottom":"20","left":"0","isLinked":false},"shopengine_orders_header_border_color":"#D3D3D3"},"elements":[],"isInner":false,"widgetType":"shopengine-checkout-review-order","elType":"widget"},{"id":"5af4a7f3","settings":{"title":"Why buy from us","title_color":"#161C2D","typography_typography":"custom","typography_font_family":"Inter","typography_font_size":{"unit":"px","size":26,"sizes":[]},"typography_font_weight":"700","typography_line_height":{"unit":"px","size":31,"sizes":[]},"_margin":{"unit":"px","top":"30","right":"0","bottom":"28","left":"0","isLinked":false},"ekit_all_conditions_list":[{"_id":"06806eb"}],"ekit_adv_tooltip_content":"Tooltip Content.","typography_text_transform":"capitalize"},"elements":[],"isInner":false,"widgetType":"heading","elType":"widget"},{"id":"6b5fbd98","settings":{"selected_icon":{"value":{"url":"https:\/\/wpmet.com\/plugin\/shopengine\/demos\/wp-content\/uploads\/sites\/2\/2022\/05\/icon_plus.svg","id":3729},"library":"svg"},"title_text":"100% Safe and Secure Shopping","description_text":"All the information that you submit here is 100% encrypted. This is 120 bit SSL encrypted payment.","position":"left","primary_color":"#00000000","icon_space":{"unit":"px","size":10,"sizes":[]},"icon_size":{"unit":"px","size":24,"sizes":[]},"text_align":"left","title_bottom_space":{"unit":"px","size":15,"sizes":[]},"title_color":"#161C2D","title_typography_typography":"custom","title_typography_font_family":"Inter","title_typography_font_size":{"unit":"px","size":16,"sizes":[]},"title_typography_font_weight":"600","title_typography_line_height":{"unit":"px","size":9,"sizes":[]},"title_typography_line_height_tablet":{"unit":"px","size":"","sizes":[]},"title_typography_line_height_mobile":{"unit":"px","size":"","sizes":[]},"description_color":"#575C65","description_typography_typography":"custom","description_typography_font_family":"Inter","description_typography_font_size":{"unit":"px","size":14,"sizes":[]},"description_typography_font_weight":"400","description_typography_line_height":{"unit":"px","size":22,"sizes":[]},"_margin":{"unit":"px","top":"0","right":"20","bottom":"45","left":"0","isLinked":false},"ekit_all_conditions_list":[{"_id":"95c8318"}],"ekit_adv_tooltip_content":"Tooltip Content."},"elements":[],"isInner":false,"widgetType":"icon-box","elType":"widget"},{"id":"565ab9fd","settings":{"selected_icon":{"value":{"url":"https:\/\/wpmet.com\/plugin\/shopengine\/demos\/wp-content\/uploads\/sites\/2\/2022\/05\/icon_plus.svg","id":3729},"library":"svg"},"title_text":"Best Prices","description_text":"We ensure product quality at highly competitve prices, We have 95% customer satisfaction rate.","position":"left","primary_color":"#00000000","icon_space":{"unit":"px","size":10,"sizes":[]},"icon_size":{"unit":"px","size":24,"sizes":[]},"text_align":"left","title_bottom_space":{"unit":"px","size":15,"sizes":[]},"title_color":"#161C2D","title_typography_typography":"custom","title_typography_font_family":"Inter","title_typography_font_size":{"unit":"px","size":16,"sizes":[]},"title_typography_font_weight":"600","title_typography_line_height":{"unit":"px","size":9,"sizes":[]},"title_typography_line_height_tablet":{"unit":"px","size":"","sizes":[]},"title_typography_line_height_mobile":{"unit":"px","size":"","sizes":[]},"description_color":"#575C65","description_typography_typography":"custom","description_typography_font_family":"Inter","description_typography_font_size":{"unit":"px","size":14,"sizes":[]},"description_typography_font_weight":"400","description_typography_line_height":{"unit":"px","size":22,"sizes":[]},"_margin":{"unit":"px","top":"0","right":"20","bottom":"45","left":"0","isLinked":false},"ekit_all_conditions_list":[{"_id":"95c8318"}],"ekit_adv_tooltip_content":"Tooltip Content."},"elements":[],"isInner":false,"widgetType":"icon-box","elType":"widget"},{"id":"5111e0cf","settings":{"selected_icon":{"value":{"url":"https:\/\/wpmet.com\/plugin\/shopengine\/demos\/wp-content\/uploads\/sites\/2\/2022\/05\/icon_plus.svg","id":3729},"library":"svg"},"title_text":"Fast Shipping","description_text":"We work hard to ensure that you get on time delievery. And adhere to our estimated shipping dates.","position":"left","primary_color":"#00000000","icon_space":{"unit":"px","size":10,"sizes":[]},"icon_size":{"unit":"px","size":24,"sizes":[]},"text_align":"left","title_bottom_space":{"unit":"px","size":15,"sizes":[]},"title_color":"#161C2D","title_typography_typography":"custom","title_typography_font_family":"Inter","title_typography_font_size":{"unit":"px","size":16,"sizes":[]},"title_typography_font_weight":"600","title_typography_line_height":{"unit":"px","size":9,"sizes":[]},"title_typography_line_height_tablet":{"unit":"px","size":"","sizes":[]},"title_typography_line_height_mobile":{"unit":"px","size":"","sizes":[]},"description_color":"#575C65","description_typography_typography":"custom","description_typography_font_family":"Inter","description_typography_font_size":{"unit":"px","size":14,"sizes":[]},"description_typography_font_weight":"400","description_typography_line_height":{"unit":"px","size":22,"sizes":[]},"_margin":{"unit":"px","top":"0","right":"20","bottom":"45","left":"0","isLinked":false},"ekit_all_conditions_list":[{"_id":"95c8318"}],"ekit_adv_tooltip_content":"Tooltip Content."},"elements":[],"isInner":false,"widgetType":"icon-box","elType":"widget"}],"isInner":true,"elType":"column"}],"isInner":true,"elType":"section"}],"isInner":false,"elType":"column"}],"isInner":false,"elType":"section"},{"id":"1d3daeb8","settings":{"ekit_all_conditions_list":[{"_id":"fe988b7"}],"ekit_section_parallax_multi_items":[],"padding":{"unit":"px","top":"0","right":"0","bottom":"122","left":"0","isLinked":false},"padding_tablet":{"unit":"px","top":"70","right":"0","bottom":"70","left":"0","isLinked":false},"padding_mobile":{"unit":"px","top":"20","right":"0","bottom":"50","left":"0","isLinked":false},"content_width":{"unit":"px","size":1250,"sizes":[]},"shopengine_multistep_next_button_text":"Next","shopengine_multistep_previous_button_text":"Previous"},"elements":[{"id":"7ce18806","settings":{"_column_size":100,"_inline_size":null,"ekit_all_conditions_list":[{"_id":"16bec7d"}],"space_between_widgets":0,"padding":{"unit":"px","top":"0","right":"15","bottom":"0","left":"15","isLinked":false}},"elements":[{"id":"6ea240a6","settings":{"ekit_heading_title":"Here\u2019s what our other challengers Have to say:","ekit_heading_focused_title":"","ekit_heading_sub_title":"Time has changed","ekit_heading_title_align":"text_center","_margin":{"unit":"px","top":"0","right":"0","bottom":"27","left":"0","isLinked":""},"ekit_heading_seperator_width":{"unit":"px","size":"40","sizes":[]},"ekit_heading_title_tag":"h3","ekit_heading_section_extra_title_show":"","ekit_heading_extra_title":"<p><span style=\"font-weight: 400\">Another 3 grids style testimonial design with company logo to convince your audience. Let your audience fall in love with your products or services.<\/span><\/p>","shadow_text_content":"bussiness","ekit_all_conditions_list":[{"_id":"23d2947"}],"ekit_heading_seperator_image":{"id":"3738","url":"https:\/\/wpmet.com\/plugin\/shopengine\/demos\/wp-content\/uploads\/sites\/2\/2022\/05\/placeholder-33.png"},"ekit_heading_show_seperator":"","ekit_heading_title_color":"#161C2D","ekit_heading_title_shadow_text_shadow":{"horizontal":0,"vertical":0,"blur":0,"color":"rgba(0,0,0,0.3)"},"ekit_heading_title_typography_typography":"custom","ekit_heading_title_typography_font_family":"Inter","ekit_heading_title_typography_font_size":{"unit":"px","size":34,"sizes":[]},"ekit_heading_title_typography_font_weight":"700","ekit_heading_title_typography_line_height":{"unit":"px","size":44,"sizes":[]},"_element_custom_width":{"unit":"px","size":585,"sizes":[]},"ekit_adv_tooltip_content":"Tooltip Content.","ekit_heading_title_typography_font_size_mobile":{"unit":"px","size":32,"sizes":[]},"ekit_heading_title_typography_line_height_mobile":{"unit":"px","size":38,"sizes":[]},"_padding":{"unit":"px","top":"0","right":"300","bottom":"0","left":"300","isLinked":false},"_padding_tablet":{"unit":"px","top":"0","right":"50","bottom":"0","left":"50","isLinked":false},"_padding_mobile":{"unit":"px","top":"0","right":"0","bottom":"0","left":"0","isLinked":false},"_element_vertical_align":"center"},"elements":[],"isInner":false,"widgetType":"elementskit-heading","elType":"widget"},{"id":"91d2e57","settings":{"shopengine_multistep_next_button_text":"Next","shopengine_multistep_previous_button_text":"Previous","structure":"30","ekit_all_conditions_list":[{"_id":"64ce029"}],"ekit_section_parallax_multi_items":[]},"elements":[{"id":"29244d9a","settings":{"_column_size":33,"_inline_size":null,"ekit_all_conditions_list":[{"_id":"6b77656"}],"space_between_widgets":0,"padding_tablet":{"unit":"px","top":"0","right":"0","bottom":"0","left":"10","isLinked":false},"background_background":"classic","background_hover_background":"classic","background_hover_color":"#FFFFFF","background_hover_transition":{"unit":"px","size":0.40000000000000002220446049250313080847263336181640625,"sizes":[]},"box_shadow_box_shadow_type":"yes","box_shadow_box_shadow":{"horizontal":0,"vertical":1,"blur":3,"spread":0,"color":"rgba(22, 28.000000000000004, 45, 0.14)"},"box_shadow_hover_box_shadow_type":"yes","box_shadow_hover_box_shadow":{"horizontal":0,"vertical":20,"blur":20,"spread":0,"color":"rgba(22, 28.000000000000004, 45, 0.14)"},"margin":{"unit":"px","top":"0","right":"12","bottom":"0","left":"12","isLinked":false},"padding":{"unit":"px","top":"26","right":"40","bottom":"32","left":"40","isLinked":false}},"elements":[{"id":"1a5268f","settings":{"align":"left","primary_color":"#FFA928","size":{"unit":"px","size":12,"sizes":[]},"_margin":{"unit":"px","top":"2","right":"4","bottom":"-2","left":"0","isLinked":false},"_element_width":"auto","ekit_all_conditions_list":[{"_id":"35e04aa"}],"ekit_adv_tooltip_content":"Tooltip Content."},"elements":[],"isInner":false,"widgetType":"icon","elType":"widget"},{"id":"79aa8741","settings":{"align":"left","primary_color":"#FFA928","size":{"unit":"px","size":12,"sizes":[]},"_margin":{"unit":"px","top":"2","right":"4","bottom":"-2","left":"0","isLinked":false},"_element_width":"auto","ekit_all_conditions_list":[{"_id":"35e04aa"}],"ekit_adv_tooltip_content":"Tooltip Content."},"elements":[],"isInner":false,"widgetType":"icon","elType":"widget"},{"id":"6408519e","settings":{"align":"left","primary_color":"#FFA928","size":{"unit":"px","size":12,"sizes":[]},"_margin":{"unit":"px","top":"2","right":"4","bottom":"-2","left":"0","isLinked":false},"_element_width":"auto","ekit_all_conditions_list":[{"_id":"35e04aa"}],"ekit_adv_tooltip_content":"Tooltip Content."},"elements":[],"isInner":false,"widgetType":"icon","elType":"widget"},{"id":"692833f8","settings":{"align":"left","primary_color":"#FFA928","size":{"unit":"px","size":12,"sizes":[]},"_margin":{"unit":"px","top":"2","right":"4","bottom":"-2","left":"0","isLinked":false},"_element_width":"auto","ekit_all_conditions_list":[{"_id":"35e04aa"}],"ekit_adv_tooltip_content":"Tooltip Content."},"elements":[],"isInner":false,"widgetType":"icon","elType":"widget"},{"id":"2ac280d6","settings":{"align":"left","primary_color":"#FFA928","size":{"unit":"px","size":12,"sizes":[]},"_margin":{"unit":"px","top":"2","right":"4","bottom":"-2","left":"0","isLinked":false},"_element_width":"auto","ekit_all_conditions_list":[{"_id":"35e04aa"}],"ekit_adv_tooltip_content":"Tooltip Content."},"elements":[],"isInner":false,"widgetType":"icon","elType":"widget"},{"id":"48beb659","settings":{"editor":"The wireless hotpot amongst boot the monty happy day william cupa blow butty pardon.","text_color":"#586377","typography_typography":"custom","typography_font_family":"Inter","typography_font_size":{"unit":"px","size":15,"sizes":[]},"typography_font_weight":"400","typography_line_height":{"unit":"px","size":24,"sizes":[]},"ekit_all_conditions_list":[{"_id":"722f193"}],"ekit_adv_tooltip_content":"Tooltip Content.","_margin":{"unit":"px","top":"5","right":"0","bottom":"20","left":"0","isLinked":false}},"elements":[],"isInner":false,"widgetType":"text-editor","elType":"widget"},{"id":"68e8efd4","settings":{"title":"- Samuel Serif","title_color":"#161C2D","typography_typography":"custom","typography_font_family":"Inter","typography_font_size":{"unit":"px","size":14,"sizes":[]},"typography_font_weight":"600","typography_line_height":{"unit":"px","size":17,"sizes":[]},"_element_width":"auto","ekit_all_conditions_list":[{"_id":"ba21870"}],"ekit_adv_tooltip_content":"Tooltip Content.","header_size":"h6"},"elements":[],"isInner":false,"widgetType":"heading","elType":"widget"}],"isInner":true,"elType":"column"},{"id":"b9ae75d","settings":{"_column_size":33,"_inline_size":null,"ekit_all_conditions_list":[{"_id":"6b77656"}],"space_between_widgets":0,"padding_tablet":{"unit":"px","top":"0","right":"0","bottom":"0","left":"10","isLinked":false},"background_background":"classic","background_hover_background":"classic","background_hover_color":"#FFFFFF","background_hover_transition":{"unit":"px","size":0.40000000000000002220446049250313080847263336181640625,"sizes":[]},"box_shadow_box_shadow_type":"yes","box_shadow_box_shadow":{"horizontal":0,"vertical":1,"blur":3,"spread":0,"color":"rgba(22, 28.000000000000004, 45, 0.14)"},"box_shadow_hover_box_shadow_type":"yes","box_shadow_hover_box_shadow":{"horizontal":0,"vertical":20,"blur":20,"spread":0,"color":"rgba(22, 28.000000000000004, 45, 0.14)"},"margin":{"unit":"px","top":"0","right":"12","bottom":"0","left":"12","isLinked":false},"padding":{"unit":"px","top":"26","right":"40","bottom":"32","left":"40","isLinked":false}},"elements":[{"id":"242eb323","settings":{"align":"left","primary_color":"#FFA928","size":{"unit":"px","size":12,"sizes":[]},"_margin":{"unit":"px","top":"2","right":"4","bottom":"-2","left":"0","isLinked":false},"_element_width":"auto","ekit_all_conditions_list":[{"_id":"35e04aa"}],"ekit_adv_tooltip_content":"Tooltip Content."},"elements":[],"isInner":false,"widgetType":"icon","elType":"widget"},{"id":"5593a791","settings":{"align":"left","primary_color":"#FFA928","size":{"unit":"px","size":12,"sizes":[]},"_margin":{"unit":"px","top":"2","right":"4","bottom":"-2","left":"0","isLinked":false},"_element_width":"auto","ekit_all_conditions_list":[{"_id":"35e04aa"}],"ekit_adv_tooltip_content":"Tooltip Content."},"elements":[],"isInner":false,"widgetType":"icon","elType":"widget"},{"id":"71cd34c4","settings":{"align":"left","primary_color":"#FFA928","size":{"unit":"px","size":12,"sizes":[]},"_margin":{"unit":"px","top":"2","right":"4","bottom":"-2","left":"0","isLinked":false},"_element_width":"auto","ekit_all_conditions_list":[{"_id":"35e04aa"}],"ekit_adv_tooltip_content":"Tooltip Content."},"elements":[],"isInner":false,"widgetType":"icon","elType":"widget"},{"id":"6b3a06a9","settings":{"align":"left","primary_color":"#FFA928","size":{"unit":"px","size":12,"sizes":[]},"_margin":{"unit":"px","top":"2","right":"4","bottom":"-2","left":"0","isLinked":false},"_element_width":"auto","ekit_all_conditions_list":[{"_id":"35e04aa"}],"ekit_adv_tooltip_content":"Tooltip Content."},"elements":[],"isInner":false,"widgetType":"icon","elType":"widget"},{"id":"61459306","settings":{"align":"left","primary_color":"#FFA928","size":{"unit":"px","size":12,"sizes":[]},"_margin":{"unit":"px","top":"2","right":"4","bottom":"-2","left":"0","isLinked":false},"_element_width":"auto","ekit_all_conditions_list":[{"_id":"35e04aa"}],"ekit_adv_tooltip_content":"Tooltip Content."},"elements":[],"isInner":false,"widgetType":"icon","elType":"widget"},{"id":"4588a6c6","settings":{"editor":"The wireless hotpot amongst boot the monty happy day william cupa blow butty pardon.","text_color":"#586377","typography_typography":"custom","typography_font_family":"Inter","typography_font_size":{"unit":"px","size":15,"sizes":[]},"typography_font_weight":"400","typography_line_height":{"unit":"px","size":24,"sizes":[]},"ekit_all_conditions_list":[{"_id":"722f193"}],"ekit_adv_tooltip_content":"Tooltip Content.","_margin":{"unit":"px","top":"5","right":"0","bottom":"20","left":"0","isLinked":false}},"elements":[],"isInner":false,"widgetType":"text-editor","elType":"widget"},{"id":"562c10c1","settings":{"title":"- Jim S\u00e9chen","title_color":"#161C2D","typography_typography":"custom","typography_font_family":"Inter","typography_font_size":{"unit":"px","size":14,"sizes":[]},"typography_font_weight":"600","typography_line_height":{"unit":"px","size":17,"sizes":[]},"_element_width":"auto","ekit_all_conditions_list":[{"_id":"ba21870"}],"ekit_adv_tooltip_content":"Tooltip Content.","header_size":"h6"},"elements":[],"isInner":false,"widgetType":"heading","elType":"widget"}],"isInner":true,"elType":"column"},{"id":"339df0ad","settings":{"_column_size":33,"_inline_size":null,"ekit_all_conditions_list":[{"_id":"6b77656"}],"space_between_widgets":0,"padding_tablet":{"unit":"px","top":"0","right":"0","bottom":"0","left":"10","isLinked":false},"background_background":"classic","background_hover_background":"classic","background_hover_color":"#FFFFFF","background_hover_transition":{"unit":"px","size":0.40000000000000002220446049250313080847263336181640625,"sizes":[]},"box_shadow_box_shadow_type":"yes","box_shadow_box_shadow":{"horizontal":0,"vertical":1,"blur":3,"spread":0,"color":"rgba(22, 28.000000000000004, 45, 0.14)"},"box_shadow_hover_box_shadow_type":"yes","box_shadow_hover_box_shadow":{"horizontal":0,"vertical":20,"blur":20,"spread":0,"color":"rgba(22, 28.000000000000004, 45, 0.14)"},"margin":{"unit":"px","top":"0","right":"12","bottom":"0","left":"12","isLinked":false},"padding":{"unit":"px","top":"26","right":"40","bottom":"32","left":"40","isLinked":false}},"elements":[{"id":"8e1c545","settings":{"align":"left","primary_color":"#FFA928","size":{"unit":"px","size":12,"sizes":[]},"_margin":{"unit":"px","top":"2","right":"4","bottom":"-2","left":"0","isLinked":false},"_element_width":"auto","ekit_all_conditions_list":[{"_id":"35e04aa"}],"ekit_adv_tooltip_content":"Tooltip Content."},"elements":[],"isInner":false,"widgetType":"icon","elType":"widget"},{"id":"454d4cfb","settings":{"align":"left","primary_color":"#FFA928","size":{"unit":"px","size":12,"sizes":[]},"_margin":{"unit":"px","top":"2","right":"4","bottom":"-2","left":"0","isLinked":false},"_element_width":"auto","ekit_all_conditions_list":[{"_id":"35e04aa"}],"ekit_adv_tooltip_content":"Tooltip Content."},"elements":[],"isInner":false,"widgetType":"icon","elType":"widget"},{"id":"2ebdbea9","settings":{"align":"left","primary_color":"#FFA928","size":{"unit":"px","size":12,"sizes":[]},"_margin":{"unit":"px","top":"2","right":"4","bottom":"-2","left":"0","isLinked":false},"_element_width":"auto","ekit_all_conditions_list":[{"_id":"35e04aa"}],"ekit_adv_tooltip_content":"Tooltip Content."},"elements":[],"isInner":false,"widgetType":"icon","elType":"widget"},{"id":"42368ded","settings":{"align":"left","primary_color":"#FFA928","size":{"unit":"px","size":12,"sizes":[]},"_margin":{"unit":"px","top":"2","right":"4","bottom":"-2","left":"0","isLinked":false},"_element_width":"auto","ekit_all_conditions_list":[{"_id":"35e04aa"}],"ekit_adv_tooltip_content":"Tooltip Content."},"elements":[],"isInner":false,"widgetType":"icon","elType":"widget"},{"id":"a6f2508","settings":{"align":"left","primary_color":"#FFA928","size":{"unit":"px","size":12,"sizes":[]},"_margin":{"unit":"px","top":"2","right":"4","bottom":"-2","left":"0","isLinked":false},"_element_width":"auto","ekit_all_conditions_list":[{"_id":"35e04aa"}],"ekit_adv_tooltip_content":"Tooltip Content."},"elements":[],"isInner":false,"widgetType":"icon","elType":"widget"},{"id":"e08c75b","settings":{"editor":"The wireless hotpot amongst boot the monty happy day william cupa blow butty pardon.","text_color":"#586377","typography_typography":"custom","typography_font_family":"Inter","typography_font_size":{"unit":"px","size":15,"sizes":[]},"typography_font_weight":"400","typography_line_height":{"unit":"px","size":24,"sizes":[]},"ekit_all_conditions_list":[{"_id":"722f193"}],"ekit_adv_tooltip_content":"Tooltip Content.","_margin":{"unit":"px","top":"5","right":"0","bottom":"20","left":"0","isLinked":false}},"elements":[],"isInner":false,"widgetType":"text-editor","elType":"widget"},{"id":"7cef5fab","settings":{"title":"- Cody Fisher","title_color":"#161C2D","typography_typography":"custom","typography_font_family":"Inter","typography_font_size":{"unit":"px","size":14,"sizes":[]},"typography_font_weight":"600","typography_line_height":{"unit":"px","size":17,"sizes":[]},"_element_width":"auto","ekit_all_conditions_list":[{"_id":"ba21870"}],"ekit_adv_tooltip_content":"Tooltip Content.","header_size":"h6"},"elements":[],"isInner":false,"widgetType":"heading","elType":"widget"}],"isInner":true,"elType":"column"}],"isInner":true,"elType":"section"}],"isInner":false,"elType":"column"}],"isInner":false,"elType":"section"},{"id":"37abe097","settings":{"content_width":{"unit":"px","size":1230,"sizes":[]},"shopengine_multistep_next_button_text":"Next","shopengine_multistep_previous_button_text":"Previous","ekit_all_conditions_list":[{"_id":"6d28845"}],"ekit_section_parallax_multi_items":[],"padding":{"unit":"px","top":"0","right":"0","bottom":"190","left":"0","isLinked":false},"padding_tablet":{"unit":"px","top":"0","right":"0","bottom":"140","left":"0","isLinked":false},"padding_mobile":{"unit":"px","top":"0","right":"0","bottom":"100","left":"0","isLinked":false}},"elements":[{"id":"3e5d0a6a","settings":{"_column_size":100,"_inline_size":null,"space_between_widgets":0,"padding":{"unit":"px","top":"0","right":"15","bottom":"0","left":"15","isLinked":false},"ekit_all_conditions_list":[{"_id":"d8a911a"}]},"elements":[{"id":"6cabee29","settings":{"layout":"full_width","shopengine_multistep_next_button_text":"Next","shopengine_multistep_previous_button_text":"Previous","background_background":"gradient","background_color":"#6C8AFF","background_color_b":"#2851F3","background_overlay_background":"classic","background_overlay_image":{"url":"https:\/\/wpmet.com\/plugin\/shopengine\/demos\/wp-content\/uploads\/sites\/2\/2022\/05\/money_back_overlay_img.jpg","id":3878,"alt":"","source":"library"},"overlay_blend_mode":"luminosity","box_shadow_box_shadow_type":"yes","box_shadow_box_shadow":{"horizontal":0,"vertical":30,"blur":50,"spread":0,"color":"rgba(14.999999999999996, 50.000000000000135, 187, 0.2)"},"padding":{"unit":"px","top":"42","right":"103","bottom":"42","left":"103","isLinked":false},"ekit_all_conditions_list":[{"_id":"bee74c2"}],"ekit_section_parallax_multi_items":[],"padding_tablet":{"unit":"px","top":"33","right":"33","bottom":"33","left":"33","isLinked":true},"padding_mobile":{"unit":"px","top":"30","right":"15","bottom":"30","left":"15","isLinked":false},"background_overlay_position":"initial","background_overlay_xpos":{"unit":"%","size":50,"sizes":[]},"background_overlay_xpos_tablet":{"unit":"%","size":0,"sizes":[]},"background_overlay_xpos_mobile":{"unit":"%","size":0,"sizes":[]},"background_overlay_ypos":{"unit":"px","size":-570,"sizes":[]},"background_overlay_repeat":"no-repeat","background_overlay_size":"auto","background_overlay_opacity":{"unit":"px","size":0.299999999999999988897769753748434595763683319091796875,"sizes":[]}},"elements":[{"id":"3a264f78","settings":{"_column_size":100,"_inline_size":null,"content_position":"center","space_between_widgets":0,"padding":{"unit":"px","top":"0","right":"0","bottom":"0","left":"0","isLinked":false},"ekit_all_conditions_list":[{"_id":"0c380fc"}],"align_mobile":"center"},"elements":[{"id":"4cfb2f7e","settings":{"image":{"url":"https:\/\/wpmet.com\/plugin\/shopengine\/demos\/wp-content\/uploads\/sites\/2\/2022\/05\/refund_logo.png","id":4096,"alt":"","source":"library"},"title_text":"Money Back Guarantee","description_text":"We are here to provide you the whole package, that will make your site lighter, faster, better.","position":"left","image_space":{"unit":"px","size":0,"sizes":[]},"image_size":{"unit":"%","size":32,"sizes":[]},"text_align":"left","content_vertical_alignment":"middle","title_bottom_space":{"unit":"px","size":8,"sizes":[]},"title_color":"#FFFFFF","title_typography_typography":"custom","title_typography_font_family":"Inter","title_typography_font_size":{"unit":"px","size":40,"sizes":[]},"title_typography_font_weight":"700","title_typography_line_height":{"unit":"px","size":48,"sizes":[]},"description_color":"#FFFFFF","description_typography_typography":"custom","description_typography_font_family":"Inter","description_typography_font_size":{"unit":"px","size":18,"sizes":[]},"description_typography_font_weight":"400","description_typography_line_height":{"unit":"px","size":26,"sizes":[]},"_margin":{"unit":"px","top":"0","right":"150","bottom":"0","left":"0","isLinked":false},"ekit_all_conditions_list":[{"_id":"4e6d90f"}],"ekit_adv_tooltip_content":"Tooltip Content."},"elements":[],"isInner":false,"widgetType":"image-box","elType":"widget"}],"isInner":true,"elType":"column"}],"isInner":true,"elType":"section"}],"isInner":false,"elType":"column"}],"isInner":false,"elType":"section"}],"page_settings":[],"version":"0.4","title":"Checkout2","type":"page"}